# Вариант 3. Скорость 600 об/мин, задание тока 15 А, углы 10/150 эл. град, Udc 540 В, R фазы 0,6 Ом (паспорт)
# t_s,theta_mech_sensor_rad,ia_A,ib_A,ic_A,ua_V,ub_V,uc_V
0.000000,0.06545,0.487,-0.023,0.039,540,0,540
0.000020,0.06671,1.442,0.027,0.139,540,0,540
0.000040,0.06796,2.252,0.043,0.205,540,0,540
0.000060,0.06922,3.195,-0.052,0.397,540,0,540
0.000080,0.07048,4.007,0.046,0.415,540,0,540
0.000100,0.07173,4.931,-0.009,0.558,540,0,540
0.000120,0.07299,5.830,-0.049,0.669,540,0,540
0.000140,0.07425,6.693,0.062,0.743,540,0,540
0.000160,0.07550,7.568,0.023,0.922,540,0,540
0.000180,0.07676,8.486,0.001,0.913,540,0,540
0.000200,0.07802,9.513,0.106,1.062,540,0,540
0.000220,0.07927,10.319,-0.042,1.173,540,0,540
0.000240,0.08053,11.193,0.006,1.285,540,0,540
0.000260,0.08179,11.959,-0.013,1.290,540,0,540
0.000280,0.08304,12.958,-0.037,1.584,540,0,540
0.000300,0.08430,13.895,-0.065,1.546,540,0,540
0.000320,0.08556,14.776,-0.048,1.740,540,0,540
0.000340,0.08681,15.583,0.001,1.810,540,0,540
0.000360,0.08807,16.084,0.058,1.930,0,0,540
0.000380,0.08933,15.996,-0.026,2.058,0,0,540
0.000400,0.09058,15.997,0.001,2.266,0,0,540
0.000420,0.09184,16.033,-0.033,2.276,0,0,540
0.000440,0.09310,15.957,0.001,2.425,0,0,540
0.000460,0.09435,16.018,0.102,2.441,0,0,540
0.000480,0.09561,16.009,-0.008,2.669,0,0,540
0.000500,0.09687,16.005,0.077,2.656,0,0,540
0.000520,0.09812,15.894,-0.055,2.830,0,0,540
0.000540,0.09938,15.913,-0.004,3.031,0,0,540
0.000560,0.10064,15.875,0.041,3.050,0,0,540
0.000580,0.10189,15.865,-0.053,3.209,0,0,540
0.000600,0.10315,15.885,-0.040,3.264,0,0,540
0.000620,0.10441,15.892,0.059,3.519,0,0,540
0.000640,0.10566,15.834,0.004,3.585,0,0,540
0.000660,0.10692,15.778,0.023,3.659,0,0,540
0.000680,0.10818,15.858,0.080,3.822,0,0,540
0.000700,0.10943,15.698,0.083,4.002,0,0,540
0.000720,0.11069,15.711,-0.061,3.896,0,0,540
0.000740,0.11195,15.686,0.064,4.210,0,0,540
0.000760,0.11320,15.726,-0.068,4.292,0,0,540
0.000780,0.11446,15.729,-0.015,4.454,0,0,540
0.000800,0.11572,15.750,0.029,4.581,0,0,540
0.000820,0.11697,15.687,0.048,4.663,0,0,540
0.000840,0.11823,15.638,0.066,4.801,0,0,540
0.000860,0.11949,15.669,-0.054,5.078,0,0,540
0.000880,0.12074,15.645,0.024,5.064,0,0,540
0.000900,0.12200,15.643,0.026,5.231,0,0,540
0.000920,0.12326,15.643,0.025,5.404,0,0,540
0.000940,0.12451,15.615,-0.020,5.558,0,0,540
0.000960,0.12577,15.575,-0.012,5.693,0,0,540
0.000980,0.12703,15.542,0.050,5.928,0,0,540
0.001000,0.12828,15.502,0.095,5.967,0,0,540
0.001020,0.12954,15.507,-0.024,6.071,0,0,540
0.001040,0.13079,15.447,-0.027,6.228,0,0,540
0.001060,0.13205,15.487,-0.068,6.097,0,0,-540
0.001080,0.13331,15.488,-0.000,6.001,0,0,-540
0.001100,0.13456,15.453,-0.054,5.846,0,0,-540
0.001120,0.13582,15.356,0.050,5.642,0,0,-540
0.001140,0.13708,15.470,-0.043,5.466,0,0,-540
0.001160,0.13833,15.418,0.007,5.288,0,0,-540
0.001180,0.13959,15.397,-0.018,5.167,0,0,-540
0.001200,0.14085,15.334,0.011,5.048,0,0,-540
0.001220,0.14210,15.367,-0.022,4.917,0,0,-540
0.001240,0.14336,15.287,-0.003,4.784,0,0,-540
0.001260,0.14462,15.299,-0.153,4.503,0,0,-540
0.001280,0.14587,15.376,0.024,4.385,0,0,-540
0.001300,0.14713,15.191,-0.049,4.312,0,0,-540
0.001320,0.14839,15.259,-0.043,4.094,0,0,-540
0.001340,0.14964,15.266,-0.024,4.012,0,0,-540
0.001360,0.15090,15.195,0.009,3.902,0,0,-540
0.001380,0.15216,15.186,-0.093,3.730,0,0,-540
0.001400,0.15341,15.168,0.047,3.695,0,0,-540
0.001420,0.15467,15.140,-0.021,3.486,0,0,-540
0.001440,0.15593,15.074,0.074,3.421,0,0,-540
0.001460,0.15718,15.190,0.062,3.307,0,0,-540
0.001480,0.15844,15.143,0.067,3.130,0,0,-540
0.001500,0.15970,15.105,-0.015,3.049,0,0,-540
0.001520,0.16095,15.102,0.008,2.998,0,0,-540
0.001540,0.16221,14.998,-0.003,2.862,0,0,-540
0.001560,0.16347,14.917,-0.061,2.706,0,0,-540
0.001580,0.16472,14.993,0.069,2.548,0,0,-540
0.001600,0.16598,14.947,0.056,2.325,0,0,-540
0.001620,0.16724,14.916,0.061,2.353,0,0,-540
0.001640,0.16849,14.785,0.023,2.218,0,0,-540
0.001660,0.16975,14.857,0.064,2.079,0,0,-540
0.001680,0.17101,14.905,-0.011,1.972,0,0,-540
0.001700,0.17226,14.802,-0.034,1.940,0,0,-540
0.001720,0.17352,14.885,0.004,1.758,0,0,-540
0.001740,0.17478,14.868,-0.036,1.745,0,0,-540
0.001760,0.17603,14.763,-0.031,1.544,0,0,-540
0.001780,0.17729,14.753,0.085,1.455,0,0,-540
0.001800,0.17855,14.765,-0.095,1.283,0,0,-540
0.001820,0.17980,14.671,-0.023,1.161,0,0,-540
0.001840,0.18106,14.607,-0.026,1.146,0,0,-540
0.001860,0.18232,14.652,-0.040,1.040,0,0,-540
0.001880,0.18357,14.662,0.025,0.931,0,0,-540
0.001900,0.18483,14.610,-0.005,0.842,0,0,-540
0.001920,0.18609,14.676,0.049,0.700,0,0,-540
0.001940,0.18734,14.588,0.047,0.612,0,0,-540
0.001960,0.18860,14.627,0.061,0.644,0,0,-540
0.001980,0.18986,14.500,0.039,0.417,0,0,-540
0.002000,0.19111,14.493,0.035,0.307,0,0,-540
0.002020,0.19237,14.474,0.060,0.428,0,0,0
0.002040,0.19363,14.411,-0.015,0.305,0,0,0
0.002060,0.19488,14.396,0.070,0.245,0,0,0
0.002080,0.19614,14.430,0.023,0.260,0,0,0
0.002100,0.19740,14.392,-0.015,0.186,0,0,0
0.002120,0.19865,14.295,0.029,0.301,0,0,0
0.002140,0.19991,14.333,0.005,0.287,0,0,0
0.002160,0.20117,14.334,-0.076,0.211,0,0,0
0.002180,0.20242,14.232,-0.006,0.285,0,0,0
0.002200,0.20368,14.090,0.011,0.171,0,0,0
0.002220,0.20494,14.125,-0.003,0.156,0,0,0
0.002240,0.20619,15.027,0.085,0.209,540,0,-540
0.002260,0.20745,15.822,0.006,0.263,540,0,0
0.002280,0.20871,15.890,-0.009,0.166,0,0,0
0.002300,0.20996,15.919,-0.077,0.205,0,0,0
0.002320,0.21122,15.828,0.046,0.238,0,0,0
0.002340,0.21248,15.603,0.005,0.253,0,0,0
0.002360,0.21373,15.766,-0.059,0.212,0,0,0
0.002380,0.21499,15.665,0.106,0.180,0,0,0
0.002400,0.21625,15.636,0.122,0.226,0,0,0
0.002420,0.21750,15.655,0.086,0.190,0,0,0
0.002440,0.21876,15.468,-0.037,0.177,0,0,0
0.002460,0.22002,15.510,-0.137,0.196,0,0,0
0.002480,0.22127,15.486,-0.029,0.192,0,0,0
0.002500,0.22253,15.412,-0.007,0.266,0,0,0
0.002520,0.22379,15.424,0.014,0.176,0,0,0
0.002540,0.22504,15.368,0.030,0.280,0,0,0
0.002560,0.22630,15.310,-0.030,0.214,0,0,0
0.002580,0.22756,15.231,-0.019,0.263,0,0,0
0.002600,0.22881,15.260,-0.060,0.217,0,0,0
0.002620,0.23007,15.175,-0.029,0.058,0,0,0
0.002640,0.23133,15.155,-0.020,0.226,0,0,0
0.002660,0.23258,15.010,0.059,0.146,0,0,0
0.002680,0.23384,14.952,-0.065,0.158,0,0,0
0.002700,0.23510,14.970,0.013,0.216,0,0,0
0.002720,0.23635,14.995,0.038,0.194,0,0,0
0.002740,0.23761,14.956,-0.052,0.299,0,0,0
0.002760,0.23887,14.879,-0.030,0.166,0,0,0
0.002780,0.24012,14.815,-0.001,0.224,0,0,0
0.002800,0.24138,14.672,0.066,0.203,0,0,0
0.002820,0.24264,14.751,0.016,0.136,0,0,0
0.002840,0.24389,14.616,0.091,0.178,0,0,0
0.002860,0.24515,14.626,-0.022,0.184,0,0,0
0.002880,0.24641,14.566,0.030,0.206,0,0,0
0.002900,0.24766,14.514,0.019,0.154,0,0,0
0.002920,0.24892,14.386,0.086,0.185,0,0,0
0.002940,0.25018,14.304,-0.124,0.108,0,0,0
0.002960,0.25143,14.347,0.053,0.240,0,0,0
0.002980,0.25269,14.201,-0.062,0.059,0,0,0
0.003000,0.25395,15.047,-0.022,0.223,540,0,0
0.003020,0.25520,15.840,-0.042,0.127,540,0,0
0.003040,0.25646,15.690,0.017,0.113,0,0,0
0.003060,0.25772,15.727,0.009,0.255,0,0,0
0.003080,0.25897,15.642,-0.037,0.135,0,0,0
0.003100,0.26023,15.565,-0.006,0.144,0,0,0
0.003120,0.26149,15.510,-0.025,0.122,0,0,0
0.003140,0.26274,15.463,-0.059,0.122,0,0,0
0.003160,0.26400,15.466,0.027,0.131,0,0,0
0.003180,0.26526,15.344,0.005,0.125,0,0,0
0.003200,0.26651,15.180,0.016,0.229,0,0,0
0.003220,0.26777,15.106,-0.016,0.193,0,0,0
0.003240,0.26903,15.178,-0.046,0.132,0,0,0
0.003260,0.27028,15.012,0.039,0.115,0,0,0
0.003280,0.27154,14.994,-0.093,0.120,0,0,0
0.003300,0.27279,14.824,-0.044,0.168,0,0,0
0.003320,0.27405,14.839,-0.004,0.083,0,0,0
0.003340,0.27531,14.706,-0.019,0.189,0,0,0
0.003360,0.27656,14.605,-0.020,0.173,0,0,0
0.003380,0.27782,14.526,-0.029,0.148,0,0,0
0.003400,0.27908,14.499,-0.007,0.101,0,0,0
0.003420,0.28033,14.340,-0.037,0.128,0,0,0
0.003440,0.28159,14.275,-0.034,0.172,0,0,0
0.003460,0.28285,14.219,-0.036,0.115,0,0,0
0.003480,0.28410,14.110,0.003,0.118,0,0,0
0.003500,0.28536,14.846,0.022,0.087,540,0,0
0.003520,0.28662,15.604,0.041,0.092,540,0,0
0.003540,0.28787,15.931,0.023,0.099,0,0,0
0.003560,0.28913,15.786,0.063,0.267,0,0,0
0.003580,0.29039,15.769,0.020,0.245,0,0,0
0.003600,0.29164,15.537,0.065,0.163,0,0,0
0.003620,0.29290,15.519,0.039,0.092,0,0,0
0.003640,0.29416,15.439,0.006,0.130,0,0,0
0.003660,0.29541,15.341,0.039,0.070,0,0,0
0.003680,0.29667,15.282,-0.006,0.153,0,0,0
0.003700,0.29793,15.241,-0.013,0.080,0,0,0
0.003720,0.29918,15.072,0.037,0.130,0,0,0
0.003740,0.30044,14.951,0.106,0.143,0,0,0
0.003760,0.30170,14.796,-0.029,0.144,0,0,0
0.003780,0.30295,14.706,-0.044,0.164,0,0,0
0.003800,0.30421,14.623,0.053,0.073,0,0,0
0.003820,0.30547,14.559,0.037,0.168,0,0,0
0.003840,0.30672,14.402,-0.019,0.189,0,0,0
0.003860,0.30798,14.295,0.013,0.047,0,0,-540
0.003880,0.30924,14.186,0.076,0.077,0,0,0
0.003900,0.31049,14.486,-0.045,0.074,540,0,0
0.003920,0.31175,15.147,-0.026,0.090,540,0,0
0.003940,0.31301,15.856,0.008,0.102,540,0,0
0.003960,0.31426,16.062,-0.096,0.199,0,0,0
0.003980,0.31552,15.975,0.080,0.007,0,0,0
0.004000,0.31678,15.789,0.089,0.115,0,0,0
0.004020,0.31803,15.739,-0.018,0.102,0,0,0
0.004040,0.31929,15.564,-0.090,0.065,0,0,0
0.004060,0.32055,15.298,0.031,0.094,0,0,0
0.004080,0.32180,15.302,0.036,0.098,0,0,0
0.004100,0.32306,15.096,0.058,0.143,0,0,0
0.004120,0.32432,14.939,0.012,0.092,0,0,0
0.004140,0.32557,14.872,-0.037,0.096,0,0,0
0.004160,0.32683,14.698,0.093,0.052,0,0,0
0.004180,0.32809,14.570,-0.016,0.112,0,0,0
0.004200,0.32934,14.486,-0.002,0.129,0,0,0
0.004220,0.33060,14.330,0.000,0.122,0,0,0
0.004240,0.33186,14.212,0.020,0.157,0,0,0
0.004260,0.33311,14.391,-0.014,0.042,540,0,0
0.004280,0.33437,15.100,-0.057,0.059,540,0,0
0.004300,0.33563,15.596,-0.099,0.084,540,0,0
0.004320,0.33688,15.778,0.023,0.055,0,0,0
0.004340,0.33814,15.718,0.076,0.089,0,0,0
0.004360,0.33940,15.635,-0.036,0.089,0,0,0
0.004380,0.34065,15.409,-0.040,0.104,0,0,0
0.004400,0.34191,15.266,-0.030,0.169,0,0,0
0.004420,0.34317,15.051,-0.019,0.059,0,0,0
0.004440,0.34442,14.880,0.036,0.060,0,0,0
0.004460,0.34568,14.748,0.095,0.173,0,0,0
0.004480,0.34694,14.667,-0.007,0.100,0,0,0
0.004500,0.34819,14.430,0.051,0.118,0,0,0
0.004520,0.34945,14.350,0.021,0.142,0,0,0
0.004540,0.35071,14.222,0.050,0.088,0,0,0
0.004560,0.35196,14.718,0.022,0.103,540,0,0
0.004580,0.35322,15.203,-0.073,0.063,540,0,0
0.004600,0.35448,15.627,0.030,0.126,540,0,0
0.004620,0.35573,15.871,0.009,0.115,0,0,0
0.004640,0.35699,15.735,-0.010,0.144,0,0,0
0.004660,0.35825,15.603,-0.021,0.062,0,0,0
0.004680,0.35950,15.351,0.008,0.107,0,0,0
0.004700,0.36076,15.270,-0.024,0.082,0,0,0
0.004720,0.36202,15.061,-0.018,0.188,0,0,0
0.004740,0.36327,14.806,0.076,0.066,0,0,0
0.004760,0.36453,14.627,0.056,0.113,0,0,0
0.004780,0.36579,14.522,0.032,0.122,0,0,0
0.004800,0.36704,14.376,-0.005,0.140,0,0,0
0.004820,0.36830,14.185,0.056,0.085,0,0,0
0.004840,0.36956,14.657,-0.029,0.106,540,0,0
0.004860,0.37081,15.100,-0.012,0.087,540,0,0
0.004880,0.37207,15.585,0.023,0.092,540,0,0
0.004900,0.37333,15.732,0.034,0.171,0,0,0
0.004920,0.37458,15.520,0.024,0.056,0,0,0
0.004940,0.37584,15.358,-0.013,0.162,0,0,0
0.004960,0.37710,15.133,-0.011,0.062,0,0,0
0.004980,0.37835,15.021,-0.006,0.139,0,0,0
0.005000,0.37961,14.802,0.120,0.055,0,0,0
0.005020,0.38087,14.619,0.108,0.049,0,0,0
0.005040,0.38212,14.451,-0.080,0.115,0,0,0
0.005060,0.38338,14.152,0.004,0.164,0,0,0
0.005080,0.38464,14.325,0.016,0.093,540,0,0
0.005100,0.38589,14.780,-0.023,0.088,540,0,0
0.005120,0.38715,15.159,-0.018,0.172,540,0,0
0.005140,0.38841,15.561,0.042,0.138,540,0,0
0.005160,0.38966,16.044,-0.033,0.101,540,0,0
0.005180,0.39092,15.841,0.040,0.113,0,0,0
0.005200,0.39218,15.547,0.062,0.107,0,0,0
0.005220,0.39343,15.471,0.040,0.128,0,0,0
0.005240,0.39469,15.163,-0.007,0.046,0,0,0
0.005260,0.39595,15.060,-0.029,0.201,0,0,0
0.005280,0.39720,14.836,0.044,0.113,0,0,0
0.005300,0.39846,14.563,0.046,0.127,0,0,0
0.005320,0.39972,14.435,-0.031,0.194,0,0,0
0.005340,0.40097,14.247,-0.079,0.043,0,0,0
0.005360,0.40223,14.340,-0.025,0.145,540,0,0
0.005380,0.40349,14.772,-0.013,0.041,540,0,0
0.005400,0.40474,15.078,-0.010,0.102,540,0,0
0.005420,0.40600,15.413,-0.043,0.046,540,0,0
0.005440,0.40726,15.785,-0.101,0.116,540,0,0
0.005460,0.40851,15.567,-0.034,0.137,0,0,0
0.005480,0.40977,15.379,0.007,0.138,0,0,0
0.005500,0.41103,15.125,0.037,0.169,0,0,0
0.005520,0.41228,14.940,0.065,0.108,0,0,0
0.005540,0.41354,14.824,-0.007,0.087,0,0,0
0.005560,0.41479,14.563,0.012,0.120,0,0,0
0.005580,0.41605,14.447,0.011,0.025,0,0,0
0.005600,0.41731,14.212,0.044,0.162,0,0,0
0.005620,0.41856,14.462,0.051,0.136,540,0,0
0.005640,0.41982,14.840,0.046,0.209,540,0,0
0.005660,0.42108,15.207,0.018,0.172,540,0,0
0.005680,0.42233,15.415,-0.043,0.101,540,0,0
0.005700,0.42359,15.815,-0.037,0.100,540,0,0
0.005720,0.42485,15.518,-0.050,0.117,0,0,0
0.005740,0.42610,15.429,0.028,0.014,0,0,0
0.005760,0.42736,15.165,0.078,0.097,0,0,0
0.005780,0.42862,14.949,0.072,0.025,0,0,0
0.005800,0.42987,14.731,0.021,0.235,0,0,0
0.005820,0.43113,14.700,0.029,0.160,0,0,0
0.005840,0.43239,14.472,-0.069,0.011,0,0,0
0.005860,0.43364,14.171,0.003,0.080,0,0,0
0.005880,0.43490,14.489,0.041,0.028,540,0,0
0.005900,0.43616,14.701,0.014,0.136,540,0,0
0.005920,0.43741,15.031,-0.023,0.042,540,0,0
0.005940,0.43867,15.315,-0.038,0.148,540,0,0
0.005960,0.43993,15.667,0.063,0.156,540,0,0
0.005980,0.44118,15.762,0.020,0.078,0,0,0
0.006000,0.44244,15.505,0.002,0.038,0,0,0
0.006020,0.44370,15.381,-0.003,0.155,0,0,0
0.006040,0.44495,15.264,-0.016,0.093,0,0,0
0.006060,0.44621,14.973,-0.006,0.115,0,0,0
0.006080,0.44747,14.787,-0.067,0.059,0,0,0
0.006100,0.44872,14.567,-0.039,0.022,0,0,0
0.006120,0.44998,14.382,0.048,0.079,0,0,0
0.006140,0.45124,14.128,0.042,0.116,0,0,0
0.006160,0.45249,14.306,0.002,0.142,540,0,0
0.006180,0.45375,14.506,0.059,0.166,540,0,0
0.006200,0.45501,14.713,0.012,0.127,540,0,0
0.006220,0.45626,15.066,-0.036,0.026,540,0,0
0.006240,0.45752,15.332,-0.008,0.085,540,0,0
0.006260,0.45878,15.531,0.015,0.001,540,0,0
0.006280,0.46003,15.875,0.011,0.123,540,0,0
0.006300,0.46129,15.590,-0.010,0.133,0,0,0
0.006320,0.46255,15.461,-0.047,0.024,0,0,0
0.006340,0.46380,15.278,-0.018,0.109,0,0,0
0.006360,0.46506,15.108,-0.004,0.096,0,0,0
0.006380,0.46632,15.015,0.006,0.100,0,0,0
0.006400,0.46757,14.715,0.033,0.091,0,0,0
0.006420,0.46883,14.535,-0.061,0.071,0,0,0
0.006440,0.47009,14.398,0.081,0.067,0,0,0
0.006460,0.47134,14.303,-0.057,0.122,0,0,0
0.006480,0.47260,14.515,0.016,0.114,540,0,0
0.006500,0.47386,14.751,-0.003,0.198,540,0,0
0.006520,0.47511,14.958,0.067,0.196,540,0,0
0.006540,0.47637,15.191,0.031,0.130,540,0,0
0.006560,0.47763,15.457,-0.023,0.124,540,0,0
0.006580,0.47888,15.754,-0.032,0.137,540,0,0
0.006600,0.48014,15.658,-0.003,0.108,0,0,0
0.006620,0.48140,15.540,-0.068,0.037,0,0,0
0.006640,0.48265,15.474,0.102,0.096,0,0,0
0.006660,0.48391,15.243,0.033,0.107,0,0,0
0.006680,0.48517,15.113,0.019,0.063,0,0,0
0.006700,0.48642,14.861,0.077,0.102,0,0,0
0.006720,0.48768,14.677,-0.063,0.084,0,0,0
0.006740,0.48894,14.565,-0.045,0.217,0,0,0
0.006760,0.49019,14.462,-0.025,0.049,0,0,0
0.006780,0.49145,14.303,-0.112,0.031,0,0,0
0.006800,0.49271,14.241,0.015,0.047,0,0,0
0.006820,0.49396,14.316,0.019,0.167,540,0,0
0.006840,0.49522,14.537,-0.050,0.030,540,0,0
0.006860,0.49648,14.713,-0.022,0.134,540,0,0
0.006880,0.49773,14.885,0.113,0.165,540,0,0
0.006900,0.49899,15.193,0.011,-0.006,540,0,0
0.006920,0.50025,15.416,0.094,0.140,540,0,0
0.006940,0.50150,15.665,0.041,0.199,540,0,0
0.006960,0.50276,15.922,-0.091,0.121,540,0,0
0.006980,0.50402,15.811,-0.061,0.045,0,0,0
0.007000,0.50527,15.581,0.039,0.075,0,0,0
0.007020,0.50653,15.429,-0.015,0.102,0,0,0
0.007040,0.50779,15.332,0.029,0.056,0,0,0
0.007060,0.50904,15.151,0.018,0.152,0,0,0
0.007080,0.51030,15.053,-0.040,0.100,0,0,0
0.007100,0.51156,14.955,-0.085,0.093,0,0,0
0.007120,0.51281,14.783,0.021,0.079,0,0,0
0.007140,0.51407,14.724,0.057,0.122,0,0,0
0.007160,0.51533,14.573,0.021,0.100,0,0,0
0.007180,0.51658,14.504,-0.085,0.179,0,0,0
0.007200,0.51784,14.376,0.122,0.137,0,0,0
0.007220,0.51910,14.220,0.073,0.070,0,0,0
0.007240,0.52035,14.544,0.030,0.114,540,0,0
0.007260,0.52161,14.687,0.043,0.091,540,0,0
0.007280,0.52287,14.862,0.020,0.107,540,0,0
0.007300,0.52412,15.140,0.064,0.111,540,0,0
0.007320,0.52538,15.363,0.061,0.060,540,0,0
0.007340,0.52664,15.722,0.103,0.046,540,0,0
0.007360,0.52789,15.974,-0.002,0.173,540,0,0
0.007380,0.52915,15.770,0.108,0.104,0,0,0
0.007400,0.53041,15.695,-0.010,0.100,0,0,0
0.007420,0.53166,15.562,-0.054,0.195,0,0,0
0.007440,0.53292,15.368,-0.096,0.090,0,0,0
0.007460,0.53418,15.352,-0.014,0.161,0,0,0
0.007480,0.53543,15.248,0.051,0.049,0,0,0
0.007500,0.53669,15.099,0.110,0.142,0,0,0
0.007520,0.53795,15.017,-0.025,0.124,0,0,0
0.007540,0.53920,14.914,-0.062,0.076,0,0,0
0.007560,0.54046,14.855,0.006,0.145,0,0,0
0.007580,0.54172,14.685,-0.008,0.160,0,0,0
0.007600,0.54297,14.544,0.014,0.127,0,0,0
0.007620,0.54423,14.459,-0.044,0.117,0,0,0
0.007640,0.54549,14.419,0.014,0.099,0,0,0
0.007660,0.54674,14.340,0.028,0.073,0,0,0
0.007680,0.54800,14.265,-0.051,0.157,0,0,0
0.007700,0.54926,14.335,0.059,0.162,540,0,0
0.007720,0.55051,14.622,0.058,0.176,540,0,0
0.007740,0.55177,14.867,0.016,0.178,540,0,0
0.007760,0.55303,14.964,-0.020,0.144,540,0,0
0.007780,0.55428,15.291,0.069,0.022,540,0,0
0.007800,0.55554,15.676,-0.090,0.132,540,0,0
0.007820,0.55679,15.763,-0.079,0.185,540,0,0
0.007840,0.55805,15.880,0.086,0.157,0,0,0
0.007860,0.55931,15.806,0.013,-0.004,0,0,0
0.007880,0.56056,15.654,0.078,0.132,0,0,0
0.007900,0.56182,15.652,0.009,0.128,0,0,0
0.007920,0.56308,15.622,-0.102,0.184,0,0,0
0.007940,0.56433,15.487,-0.027,0.167,0,0,0
0.007960,0.56559,15.332,-0.061,0.119,0,0,0
0.007980,0.56685,15.258,-0.013,0.171,0,0,0
0.008000,0.56810,15.237,0.977,0.092,0,540,0
0.008020,0.56936,15.289,1.800,0.089,0,540,0
0.008040,0.57062,15.092,2.669,0.155,0,540,0
0.008060,0.57187,15.025,3.623,0.052,0,540,0
0.008080,0.57313,14.948,4.539,0.123,0,540,0
0.008100,0.57439,14.935,5.410,0.067,0,540,0
0.008120,0.57564,14.891,6.296,0.092,0,540,0
0.008140,0.57690,14.716,7.215,0.157,0,540,0
0.008160,0.57816,14.622,8.101,0.128,0,540,0
0.008180,0.57941,14.508,9.072,0.080,0,540,0
0.008200,0.58067,14.521,9.726,0.081,0,540,0
0.008220,0.58193,14.466,10.751,0.132,0,540,0
0.008240,0.58318,14.460,11.631,0.180,0,540,0
0.008260,0.58444,14.413,12.435,0.159,0,540,0
0.008280,0.58570,14.356,13.422,0.148,0,540,0
0.008300,0.58695,14.275,14.322,0.125,0,540,0
0.008320,0.58821,14.530,15.215,0.113,540,540,0
0.008340,0.58947,14.753,16.103,0.113,540,540,0
0.008360,0.59072,15.094,16.053,0.018,540,0,0
0.008380,0.59198,15.309,16.010,0.127,540,0,0
0.008400,0.59324,15.686,16.037,0.123,540,0,0
0.008420,0.59449,15.884,16.040,0.150,540,0,0
0.008440,0.59575,15.771,16.028,0.150,0,0,0
0.008460,0.59701,15.609,15.967,0.017,0,0,0
0.008480,0.59826,15.636,15.994,0.181,0,0,0
0.008500,0.59952,15.645,15.924,0.105,0,0,0
0.008520,0.60078,15.596,15.958,0.101,0,0,0
0.008540,0.60203,15.630,15.943,0.102,0,0,0
0.008560,0.60329,15.441,15.874,0.122,0,0,0
0.008580,0.60455,15.403,15.875,0.102,0,0,0
0.008600,0.60580,15.436,15.898,0.136,0,0,0
0.008620,0.60706,15.317,15.873,0.076,0,0,0
0.008640,0.60832,15.286,15.802,-0.015,0,0,0
0.008660,0.60957,15.168,15.779,0.034,0,0,0
0.008680,0.61083,15.225,15.829,0.049,0,0,0
0.008700,0.61209,15.210,15.752,0.145,0,0,0
0.008720,0.61334,15.106,15.795,0.071,0,0,0
0.008740,0.61460,15.094,15.742,0.084,0,0,0
0.008760,0.61586,15.036,15.850,0.243,0,0,0
0.008780,0.61711,14.982,15.677,0.120,0,0,0
0.008800,0.61837,14.914,15.673,0.074,0,0,0
0.008820,0.61963,14.867,15.654,0.224,0,0,0
0.008840,0.62088,14.937,15.735,0.077,0,0,0
0.008860,0.62214,14.789,15.620,0.274,0,0,0
0.008880,0.62340,14.705,15.532,0.111,0,0,0
0.008900,0.62465,14.782,15.593,0.089,0,0,0
0.008920,0.62591,14.715,15.631,0.139,0,0,0
0.008940,0.62717,14.691,15.605,0.097,0,0,0
0.008960,0.62842,14.639,15.745,0.085,0,0,0
0.008980,0.62968,14.686,15.626,0.098,0,0,0
0.009000,0.63094,14.543,15.593,0.066,0,0,0
0.009020,0.63219,14.628,15.477,0.204,0,0,0
0.009040,0.63345,14.522,15.554,0.122,0,0,0
0.009060,0.63471,14.461,15.411,0.156,0,0,0
0.009080,0.63596,14.496,15.565,0.050,0,0,0
0.009100,0.63722,14.497,15.437,0.023,0,0,0
0.009120,0.63848,14.303,15.429,0.133,0,0,0
0.009140,0.63973,14.327,15.462,0.154,0,0,0
0.009160,0.64099,14.357,15.424,0.125,0,0,0
0.009180,0.64225,14.301,15.397,0.134,0,0,0
0.009200,0.64350,14.356,15.342,0.173,0,0,0
0.009220,0.64476,14.292,15.386,0.179,0,0,0
0.009240,0.64602,14.249,15.345,0.065,0,0,0
0.009260,0.64727,14.196,15.377,0.235,0,0,0
0.009280,0.64853,14.146,15.327,0.104,0,0,0
0.009300,0.64979,14.402,15.250,0.191,540,0,0
0.009320,0.65104,14.700,15.322,0.146,540,0,0
0.009340,0.65230,15.067,15.253,0.120,540,0,0
0.009360,0.65356,15.166,15.309,0.183,540,0,0
0.009380,0.65481,15.236,15.204,0.165,-540,0,0
0.009400,0.65607,14.894,15.197,0.161,-540,0,0
0.009420,0.65733,14.571,15.237,0.206,-540,0,0
0.009440,0.65858,14.299,15.176,0.082,-540,0,0
0.009460,0.65984,14.023,15.195,0.160,-540,0,0
0.009480,0.66110,13.678,15.118,0.013,-540,0,0
0.009500,0.66235,13.425,15.129,0.158,-540,0,0
0.009520,0.66361,13.177,15.060,0.146,-540,0,0
0.009540,0.66487,12.906,15.087,0.120,-540,0,0
0.009560,0.66612,12.643,15.087,0.148,-540,0,0
0.009580,0.66738,12.270,15.012,0.047,-540,0,0
0.009600,0.66864,12.128,15.054,0.146,-540,0,0
0.009620,0.66989,11.769,14.936,0.139,-540,0,0
0.009640,0.67115,11.552,14.970,0.108,-540,0,0
0.009660,0.67241,11.274,14.985,0.175,-540,0,0
0.009680,0.67366,11.028,15.059,0.121,-540,0,0
0.009700,0.67492,10.835,14.878,0.150,-540,0,0
0.009720,0.67618,10.639,14.923,0.161,-540,0,0
0.009740,0.67743,10.347,14.854,0.106,-540,0,0
0.009760,0.67869,10.138,14.926,0.147,-540,0,0
0.009780,0.67995,9.828,14.889,0.117,-540,0,0
0.009800,0.68120,9.826,14.853,0.094,-540,0,0
0.009820,0.68246,9.486,14.888,0.117,-540,0,0
0.009840,0.68372,9.261,14.918,0.168,-540,0,0
0.009860,0.68497,8.977,14.765,0.100,-540,0,0
0.009880,0.68623,8.905,14.748,0.216,-540,0,0
0.009900,0.68749,8.849,14.715,0.216,-540,0,0
0.009920,0.68874,8.526,14.646,0.087,-540,0,0
0.009940,0.69000,8.358,14.704,0.167,-540,0,0
0.009960,0.69126,8.085,14.681,0.097,-540,0,0
0.009980,0.69251,7.911,14.698,0.165,-540,0,0
0.010000,0.69377,7.849,14.630,0.177,-540,0,0
0.010020,0.69503,7.692,14.574,0.163,-540,0,0
0.010040,0.69628,7.446,14.490,0.067,-540,0,0
0.010060,0.69754,7.211,14.643,0.162,-540,0,0
0.010080,0.69879,7.057,14.580,0.131,-540,0,0
0.010100,0.70005,6.872,14.556,0.154,-540,0,0
0.010120,0.70131,6.745,14.500,0.093,-540,0,0
0.010140,0.70256,6.579,14.481,0.147,-540,0,0
0.010160,0.70382,6.403,14.478,0.214,-540,0,0
0.010180,0.70508,6.282,14.404,0.228,-540,0,0
0.010200,0.70633,6.095,14.385,0.122,-540,0,0
0.010220,0.70759,5.878,14.397,0.137,-540,0,0
0.010240,0.70885,5.812,14.345,0.182,-540,0,0
0.010260,0.71010,5.621,14.297,0.151,-540,0,0
0.010280,0.71136,5.556,14.334,0.250,-540,0,0
0.010300,0.71262,5.284,14.317,0.127,-540,0,0
0.010320,0.71387,5.215,14.222,0.103,-540,0,0
0.010340,0.71513,5.078,14.154,0.235,-540,0,0
0.010360,0.71639,4.793,15.079,0.117,-540,540,0
0.010380,0.71764,4.786,16.036,0.243,-540,540,0
0.010400,0.71890,4.697,15.906,0.223,-540,0,0
0.010420,0.72016,4.466,15.914,0.168,-540,0,0
0.010440,0.72141,4.309,15.900,0.248,-540,0,0
0.010460,0.72267,4.275,15.884,0.116,-540,0,0
0.010480,0.72393,4.131,15.825,0.159,-540,0,0
0.010500,0.72518,3.973,15.815,0.188,-540,0,0
0.010520,0.72644,3.835,15.843,0.152,-540,0,0
0.010540,0.72770,3.791,15.709,0.228,-540,0,0
0.010560,0.72895,3.690,15.741,0.167,-540,0,0
0.010580,0.73021,3.579,15.777,0.233,-540,0,0
0.010600,0.73147,3.369,15.733,0.181,-540,0,0
0.010620,0.73272,3.228,15.596,0.221,-540,0,0
0.010640,0.73398,3.154,15.495,0.185,-540,0,0
0.010660,0.73524,3.056,15.482,0.248,-540,0,0
0.010680,0.73649,2.985,15.438,0.115,-540,0,0
0.010700,0.73775,2.776,15.329,0.254,-540,0,0
0.010720,0.73901,2.705,15.367,0.259,-540,0,0
0.010740,0.74026,2.629,15.357,0.309,-540,0,0
0.010760,0.74152,2.391,15.331,0.261,-540,0,0
0.010780,0.74278,2.337,15.216,0.175,-540,0,0
0.010800,0.74403,2.243,15.202,0.269,-540,0,0
0.010820,0.74529,2.109,15.180,0.191,-540,0,0
0.010840,0.74655,1.939,15.111,0.176,-540,0,0
0.010860,0.74780,1.901,15.228,0.120,-540,0,0
0.010880,0.74906,1.780,15.123,0.164,-540,0,0
0.010900,0.75032,1.667,15.027,0.199,-540,0,0
0.010920,0.75157,1.607,15.006,0.211,-540,0,0
0.010940,0.75283,1.524,14.942,0.199,-540,0,0
0.010960,0.75409,1.325,15.000,0.236,-540,0,0
0.010980,0.75534,1.273,14.879,0.281,-540,0,0
0.011000,0.75660,1.201,14.876,0.168,-540,0,0
0.011020,0.75786,1.088,14.741,0.300,-540,0,0
0.011040,0.75911,0.982,14.713,0.217,-540,0,0
0.011060,0.76037,0.781,14.629,0.155,-540,0,0
0.011080,0.76163,0.700,14.679,0.175,-540,0,0
0.011100,0.76288,0.607,14.683,0.113,-540,0,-540
0.011120,0.76414,0.595,14.561,0.069,-540,0,0
0.011140,0.76540,0.531,14.514,0.162,-540,0,0
0.011160,0.76665,0.324,14.336,0.065,-540,0,0
0.011180,0.76791,0.314,14.367,0.120,-540,0,0
0.011200,0.76917,0.258,14.282,0.100,0,0,0
0.011220,0.77042,0.236,14.343,0.189,0,0,0
0.011240,0.77168,0.077,14.156,0.124,0,0,0
0.011260,0.77294,0.200,14.574,0.198,0,540,0
0.011280,0.77419,0.267,15.389,0.128,-540,540,0
0.011300,0.77545,0.177,16.174,0.117,0,540,0
0.011320,0.77671,0.104,16.148,0.067,-540,0,0
0.011340,0.77796,0.096,16.071,0.229,0,0,0
0.011360,0.77922,0.139,15.952,0.178,0,0,0
0.011380,0.78048,0.167,15.834,0.157,0,0,0
0.011400,0.78173,0.188,15.916,0.093,0,0,0
0.011420,0.78299,0.130,15.853,0.140,0,0,0
0.011440,0.78425,0.161,15.736,0.165,0,0,0
0.011460,0.78550,0.160,15.598,0.231,0,0,0
0.011480,0.78676,0.162,15.647,0.236,0,0,0
0.011500,0.78802,0.100,15.535,0.180,0,0,0
0.011520,0.78927,0.121,15.479,0.167,0,0,0
0.011540,0.79053,0.215,15.395,0.205,0,0,0
0.011560,0.79179,0.188,15.362,0.207,0,0,0
0.011580,0.79304,0.131,15.212,0.241,0,0,0
0.011600,0.79430,0.096,15.300,0.253,0,0,0
0.011620,0.79556,0.148,14.977,0.198,0,0,0
0.011640,0.79681,0.153,15.068,0.159,0,0,0
0.011660,0.79807,0.160,14.915,0.165,0,0,0
0.011680,0.79933,0.192,14.802,0.183,0,0,0
0.011700,0.80058,0.154,14.708,0.160,0,0,0
0.011720,0.80184,0.114,14.752,0.240,0,0,0
0.011740,0.80310,0.141,14.653,0.183,0,0,0
0.011760,0.80435,0.205,14.511,0.200,0,0,0
0.011780,0.80561,0.218,14.453,0.116,0,0,0
0.011800,0.80687,0.096,14.413,0.156,0,0,0
0.011820,0.80812,0.130,14.268,0.186,0,0,0
0.011840,0.80938,0.136,14.663,0.207,0,540,0
0.011860,0.81064,0.233,15.321,0.061,0,540,0
0.011880,0.81189,0.081,16.055,0.335,0,540,0
0.011900,0.81315,0.070,15.939,0.164,0,0,0
0.011920,0.81441,0.165,15.927,0.313,0,0,0
0.011940,0.81566,0.166,15.720,0.079,0,0,0
0.011960,0.81692,0.192,15.709,0.086,0,0,0
0.011980,0.81818,0.120,15.631,0.054,0,0,0
0.012000,0.81943,0.176,15.465,-0.017,0,0,0
0.012020,0.82069,0.190,15.287,-0.007,0,0,0
0.012040,0.82195,0.229,15.234,0.084,0,0,0
0.012060,0.82320,0.143,15.154,-0.011,0,0,0
0.012080,0.82446,0.175,15.105,0.074,0,0,0
0.012100,0.82572,0.138,14.960,0.033,0,0,0
0.012120,0.82697,0.196,14.744,0.030,0,0,0
0.012140,0.82823,0.168,14.777,-0.000,0,0,0
0.012160,0.82949,0.103,14.692,0.040,0,0,0
0.012180,0.83074,0.138,14.530,0.034,0,0,0
0.012200,0.83200,0.112,14.341,0.096,0,0,0
0.012220,0.83326,0.054,14.363,-0.013,0,0,0
0.012240,0.83451,0.126,14.648,-0.015,0,540,0
0.012260,0.83577,0.186,15.268,0.106,0,540,0
0.012280,0.83703,0.141,15.836,0.011,0,540,0
0.012300,0.83828,0.067,15.742,-0.018,0,0,0
0.012320,0.83954,0.145,15.661,0.011,0,0,0
0.012340,0.84079,0.153,15.483,0.021,0,0,0
0.012360,0.84205,0.188,15.338,0.062,0,0,0
0.012380,0.84331,0.163,15.297,0.014,0,0,0
0.012400,0.84456,0.106,15.161,0.101,0,0,0
0.012420,0.84582,0.167,15.052,-0.007,0,0,0
0.012440,0.84708,0.154,14.872,-0.016,0,0,0
0.012460,0.84833,0.135,14.691,0.026,0,0,0
0.012480,0.84959,0.116,14.659,-0.001,0,0,0
0.012500,0.85085,0.139,14.441,0.036,0,0,0
0.012520,0.85210,0.147,14.298,0.079,0,0,0
0.012540,0.85336,0.047,14.205,0.034,0,0,0
0.012560,0.85462,0.180,14.470,-0.067,0,540,0
0.012580,0.85587,0.094,15.078,0.002,0,540,0
0.012600,0.85713,0.153,15.702,0.137,0,540,0
0.012620,0.85839,0.104,15.924,0.084,0,0,0
0.012640,0.85964,0.144,15.648,0.094,0,0,0
0.012660,0.86090,0.113,15.554,-0.023,0,0,0
0.012680,0.86216,0.161,15.364,-0.023,0,0,0
0.012700,0.86341,0.142,15.290,0.102,0,0,0
0.012720,0.86467,0.114,15.118,0.024,0,0,0
0.012740,0.86593,0.180,14.960,0.127,0,0,0
0.012760,0.86718,0.127,14.801,0.064,0,0,0
0.012780,0.86844,0.155,14.742,0.082,0,0,0
0.012800,0.86970,0.173,14.529,0.041,0,0,0
0.012820,0.87095,0.206,14.474,0.046,0,0,0
0.012840,0.87221,0.227,14.305,0.063,0,0,0
0.012860,0.87347,0.112,14.788,0.075,0,540,0
0.012880,0.87472,0.215,15.278,0.092,0,540,0
0.012900,0.87598,0.225,15.889,0.017,0,540,0
0.012920,0.87724,0.134,15.647,0.068,0,0,0
0.012940,0.87849,0.110,15.399,0.129,0,0,0
0.012960,0.87975,0.183,15.271,0.026,0,0,0
0.012980,0.88101,0.160,15.082,0.109,0,0,0
0.013000,0.88226,0.118,14.949,0.037,0,0,0
0.013020,0.88352,0.129,14.768,0.096,0,0,0
0.013040,0.88478,0.094,14.528,0.072,0,0,0
0.013060,0.88603,0.151,14.489,-0.001,-540,0,0
0.013080,0.88729,0.069,14.296,-0.013,0,0,0
0.013100,0.88855,0.017,14.101,0.034,0,0,0
0.013120,0.88980,-0.005,14.690,0.019,0,540,0
0.013140,0.89106,0.074,15.017,0.038,0,540,0
0.013160,0.89232,0.090,15.496,0.104,0,540,0
0.013180,0.89357,0.157,15.758,-0.032,0,0,0
0.013200,0.89483,0.120,15.483,0.085,0,0,0
0.013220,0.89609,0.146,15.330,0.172,0,0,0
0.013240,0.89734,0.107,15.091,0.091,0,0,0
0.013260,0.89860,0.100,14.935,0.117,0,0,0
0.013280,0.89986,0.145,14.816,0.058,0,0,0
0.013300,0.90111,0.140,14.466,0.104,0,0,0
0.013320,0.90237,0.130,14.364,0.038,0,0,0
0.013340,0.90363,0.162,14.303,0.076,0,0,0
0.013360,0.90488,0.183,14.328,0.112,0,540,0
0.013380,0.90614,0.122,14.765,0.156,0,540,0
0.013400,0.90740,0.115,15.162,0.099,0,540,0
0.013420,0.90865,0.109,15.671,0.056,0,540,0
0.013440,0.90991,0.190,15.712,0.027,0,0,0
0.013460,0.91117,0.109,15.580,0.059,0,0,0
0.013480,0.91242,0.089,15.337,0.047,0,0,0
0.013500,0.91368,0.039,15.081,0.053,0,0,0
0.013520,0.91494,0.118,14.844,0.005,0,0,0
0.013540,0.91619,0.174,14.672,0.114,0,0,0
0.013560,0.91745,0.068,14.593,0.082,0,0,0
0.013580,0.91871,0.101,14.389,0.073,0,0,0
0.013600,0.91996,0.138,14.178,0.089,0,0,0
0.013620,0.92122,0.057,14.523,0.041,0,540,0
0.013640,0.92248,0.111,15.004,0.087,0,540,0
0.013660,0.92373,0.092,15.306,0.163,0,540,0
0.013680,0.92499,0.118,15.729,0.128,0,540,0
0.013700,0.92625,0.035,15.826,0.076,0,0,0
0.013720,0.92750,0.094,15.682,-0.031,0,0,0
0.013740,0.92876,0.197,15.345,0.019,0,0,0
0.013760,0.93002,0.107,15.191,0.015,0,0,0
0.013780,0.93127,0.089,14.958,0.097,0,0,0
0.013800,0.93253,0.056,14.774,0.071,0,0,0
0.013820,0.93379,0.095,14.608,0.074,0,0,0
0.013840,0.93504,0.139,14.448,0.050,0,0,0
0.013860,0.93630,0.156,14.235,0.092,0,0,0
0.013880,0.93756,0.120,14.543,0.034,0,540,0
0.013900,0.93881,0.093,14.798,0.000,0,540,0
0.013920,0.94007,0.015,15.246,0.053,0,540,0
0.013940,0.94133,0.106,15.569,0.018,0,540,0
0.013960,0.94258,0.067,15.882,0.019,0,540,0
0.013980,0.94384,0.101,15.643,0.022,0,0,0
0.014000,0.94510,0.081,15.507,0.113,0,0,0
0.014020,0.94635,0.108,15.364,-0.016,0,0,0
0.014040,0.94761,0.163,15.039,0.082,0,0,0
0.014060,0.94887,0.105,14.905,0.013,0,0,0
0.014080,0.95012,0.097,14.636,0.138,0,0,0
0.014100,0.95138,0.151,14.479,0.010,0,0,0
0.014120,0.95264,0.154,14.231,0.065,0,0,0
0.014140,0.95389,0.145,14.186,0.076,0,0,0
0.014160,0.95515,0.029,14.400,0.038,0,540,0
0.014180,0.95641,0.170,14.620,-0.026,0,540,0
0.014200,0.95766,0.176,14.991,0.125,0,540,0
0.014220,0.95892,0.055,15.284,0.108,0,540,0
0.014240,0.96018,0.152,15.619,0.086,0,540,0
0.014260,0.96143,0.112,15.939,0.035,0,540,0
0.014280,0.96269,0.156,15.718,0.092,0,0,0
0.014300,0.96395,0.086,15.524,0.100,0,0,0
0.014320,0.96520,0.049,15.272,0.044,0,0,0
0.014340,0.96646,0.148,15.089,0.048,0,0,0
0.014360,0.96772,0.109,14.814,0.061,0,0,0
0.014380,0.96897,0.100,14.752,0.095,0,0,0
0.014400,0.97023,0.042,14.620,0.056,0,0,0
0.014420,0.97149,0.082,14.368,0.120,0,0,0
0.014440,0.97274,0.102,14.157,0.125,0,0,0
0.014460,0.97400,0.169,14.134,0.173,0,540,0
0.014480,0.97526,0.139,14.444,0.077,0,540,0
0.014500,0.97651,0.164,14.681,0.061,0,540,0
0.014520,0.97777,0.078,14.998,-0.000,0,540,0
0.014540,0.97902,0.207,15.253,0.055,0,540,0
0.014560,0.98028,0.122,15.395,0.079,0,540,0
0.014580,0.98154,0.151,15.775,0.075,0,540,0
0.014600,0.98279,0.081,15.851,0.066,0,0,0
0.014620,0.98405,0.158,15.650,-0.020,0,0,0
0.014640,0.98531,0.115,15.484,0.058,0,0,0
0.014660,0.98656,0.107,15.331,0.121,0,0,0
0.014680,0.98782,0.140,14.974,0.007,0,0,0
0.014700,0.98908,0.090,14.960,0.057,0,0,0
0.014720,0.99033,0.187,14.766,0.098,0,0,0
0.014740,0.99159,0.138,14.575,0.101,0,0,0
0.014760,0.99285,0.128,14.349,0.044,0,0,0
0.014780,0.99410,0.010,14.261,0.188,0,0,0
0.014800,0.99536,0.069,14.034,0.058,0,0,0
0.014820,0.99662,0.092,14.365,0.106,0,540,0
0.014840,0.99787,0.182,14.578,0.047,0,540,0
0.014860,0.99913,0.097,14.750,-0.009,0,540,0
0.014880,1.00039,0.027,15.117,0.115,0,540,0
0.014900,1.00164,0.118,15.308,0.048,0,540,0
0.014920,1.00290,0.126,15.567,0.064,0,540,0
0.014940,1.00416,0.078,15.889,0.123,0,540,0
0.014960,1.00541,0.238,15.890,0.095,0,0,0
0.014980,1.00667,0.109,15.665,0.019,0,0,0
0.015000,1.00793,0.044,15.475,0.016,0,0,0
0.015020,1.00918,0.145,15.321,0.146,0,0,0
0.015040,1.01044,0.121,15.171,-0.020,0,0,0
0.015060,1.01170,0.145,15.120,0.022,0,0,0
0.015080,1.01295,0.098,14.852,0.077,0,0,0
0.015100,1.01421,-0.003,14.678,-0.000,0,0,0
0.015120,1.01547,0.196,14.621,0.025,0,0,0
0.015140,1.01672,0.134,14.331,0.050,0,0,0
0.015160,1.01798,0.088,14.292,-0.028,0,0,0
0.015180,1.01924,0.083,14.578,0.081,0,540,0
0.015200,1.02049,0.054,14.790,0.071,0,540,0
0.015220,1.02175,0.148,15.030,0.118,0,540,0
0.015240,1.02301,0.024,15.199,-0.020,0,540,0
0.015260,1.02426,0.095,15.562,0.099,0,540,0
0.015280,1.02552,0.205,15.677,0.038,0,540,0
0.015300,1.02678,0.047,15.679,0.126,0,0,0
0.015320,1.02803,0.080,15.607,0.066,0,0,0
0.015340,1.02929,0.187,15.517,0.063,0,0,0
0.015360,1.03055,0.100,15.347,0.093,0,0,0
0.015380,1.03180,0.191,15.218,0.099,0,0,0
0.015400,1.03306,0.136,15.054,0.049,0,0,0
0.015420,1.03432,0.180,14.850,0.071,0,0,0
0.015440,1.03557,0.118,14.857,0.034,0,0,0
0.015460,1.03683,0.117,14.699,0.088,0,0,0
0.015480,1.03809,0.056,14.495,0.016,0,0,0
0.015500,1.03934,0.041,14.516,0.106,0,0,0
0.015520,1.04060,0.104,14.312,0.047,0,0,0
0.015540,1.04186,0.036,14.284,0.040,0,0,0
0.015560,1.04311,0.078,14.105,0.069,0,540,0
0.015580,1.04437,0.072,14.515,0.083,0,540,0
0.015600,1.04563,0.167,14.744,0.146,0,540,0
0.015620,1.04688,0.112,14.936,0.214,0,540,0
0.015640,1.04814,0.009,15.154,0.098,0,540,0
0.015660,1.04940,0.199,15.417,0.028,0,540,0
0.015680,1.05065,0.122,15.699,0.070,0,540,0
0.015700,1.05191,0.077,15.890,-0.019,0,540,0
0.015720,1.05317,0.123,15.759,0.048,0,0,0
0.015740,1.05442,0.090,15.804,0.010,0,0,0
0.015760,1.05568,0.207,15.616,0.033,0,0,0
0.015780,1.05694,0.118,15.469,0.126,0,0,0
0.015800,1.05819,0.116,15.270,0.061,0,0,0
0.015820,1.05945,0.127,15.228,0.107,0,0,0
0.015840,1.06071,0.169,15.150,0.044,0,0,0
0.015860,1.06196,0.120,15.056,0.028,0,0,0
0.015880,1.06322,0.125,14.974,0.049,0,0,0
0.015900,1.06448,0.128,14.797,0.053,0,0,0
0.015920,1.06573,0.112,14.626,0.066,0,0,0
0.015940,1.06699,0.094,14.756,0.088,0,0,0
0.015960,1.06825,0.219,14.527,0.041,0,0,0
0.015980,1.06950,0.150,14.548,-0.002,0,0,0
0.016000,1.07076,0.161,14.377,0.020,0,0,0
0.016020,1.07202,0.124,14.308,0.103,0,0,0
0.016040,1.07327,0.097,14.176,0.016,0,0,0
0.016060,1.07453,0.073,14.447,0.046,0,540,0
0.016080,1.07579,0.098,14.657,0.028,0,540,0
0.016100,1.07704,0.198,14.840,-0.028,0,540,0
0.016120,1.07830,0.151,15.210,0.118,0,540,0
0.016140,1.07956,0.160,15.429,0.065,0,540,0
0.016160,1.08081,0.130,15.714,0.017,0,540,0
0.016180,1.08207,0.083,15.937,0.187,0,540,0
0.016200,1.08333,0.128,15.872,0.162,0,0,0
0.016220,1.08458,0.147,15.741,0.094,0,0,0
0.016240,1.08584,0.164,15.726,0.096,0,0,0
0.016260,1.08710,0.152,15.597,0.082,0,0,0
0.016280,1.08835,0.123,15.487,0.039,0,0,0
0.016300,1.08961,0.087,15.400,0.112,0,0,0
0.016320,1.09087,0.065,15.355,0.571,0,0,540
0.016340,1.09212,0.154,15.249,1.409,0,0,540
0.016360,1.09338,0.068,15.185,2.375,0,0,540
0.016380,1.09464,0.060,15.126,3.241,0,0,540
0.016400,1.09589,0.104,15.057,4.071,0,0,540
0.016420,1.09715,0.097,14.939,5.064,0,0,540
0.016440,1.09841,0.157,14.892,5.871,0,0,540
0.016460,1.09966,0.144,14.907,6.839,0,0,540
0.016480,1.10092,0.147,14.755,7.655,0,0,540
0.016500,1.10218,0.029,14.784,8.568,0,0,540
0.016520,1.10343,0.121,14.709,9.443,0,0,540
0.016540,1.10469,0.063,14.674,10.376,0,0,540
0.016560,1.10595,0.071,14.552,11.258,0,0,540
0.016580,1.10720,0.077,14.376,12.238,0,0,540
0.016600,1.10846,0.066,14.413,12.994,0,0,540
0.016620,1.10972,0.068,14.421,13.891,0,0,540
0.016640,1.11097,0.066,14.425,14.775,0,0,540
0.016660,1.11223,0.114,14.336,15.635,0,0,540
0.016680,1.11349,0.193,14.304,16.077,0,0,0
0.016700,1.11474,0.132,14.209,16.120,0,0,0
0.016720,1.11600,0.110,14.373,16.096,0,540,0
0.016740,1.11726,0.113,14.681,16.113,0,540,0
0.016760,1.11851,0.035,14.940,16.095,0,540,0
0.016780,1.11977,0.128,15.170,16.057,0,540,0
0.016800,1.12102,0.049,15.438,16.051,0,540,0
0.016820,1.12228,0.148,15.691,15.965,0,540,0
0.016840,1.12354,0.173,15.873,16.051,0,0,0
0.016860,1.12479,0.003,15.792,15.969,0,0,0
0.016880,1.12605,0.132,15.755,15.920,0,0,0
0.016900,1.12731,0.160,15.630,15.960,0,0,0
0.016920,1.12856,0.189,15.574,15.871,0,0,0
0.016940,1.12982,0.080,15.567,15.887,0,0,0
0.016960,1.13108,0.048,15.409,15.984,0,0,0
0.016980,1.13233,0.084,15.427,15.902,0,0,0
0.017000,1.13359,0.052,15.513,15.841,0,0,0
0.017020,1.13485,0.116,15.370,15.848,0,0,0
0.017040,1.13610,0.123,15.253,15.822,0,0,0
0.017060,1.13736,0.109,15.274,15.769,0,0,0
0.017080,1.13862,0.144,15.229,15.776,0,0,0
0.017100,1.13987,0.075,15.055,15.642,0,0,0
0.017120,1.14113,0.202,15.227,15.792,0,0,0
0.017140,1.14239,0.127,15.134,15.715,0,0,0
0.017160,1.14364,0.066,15.069,15.763,0,0,0
0.017180,1.14490,0.200,15.106,15.659,0,0,0
0.017200,1.14616,0.022,15.001,15.697,0,0,0
0.017220,1.14741,0.070,14.981,15.658,0,0,0
0.017240,1.14867,0.183,14.987,15.640,0,0,0
0.017260,1.14993,0.157,14.923,15.660,0,0,0
0.017280,1.15118,0.093,14.848,15.574,0,0,0
0.017300,1.15244,0.139,14.797,15.666,0,0,0
0.017320,1.15370,0.131,14.803,15.540,0,0,0
0.017340,1.15495,0.096,14.731,15.563,0,0,0
0.017360,1.15621,0.153,14.690,15.698,0,0,0
0.017380,1.15747,0.160,14.672,15.568,0,0,0
0.017400,1.15872,0.124,14.705,15.588,0,0,0
0.017420,1.15998,0.063,14.683,15.545,0,0,0
0.017440,1.16124,0.158,14.632,15.520,0,0,0
0.017460,1.16249,0.095,14.537,15.413,0,0,0
0.017480,1.16375,0.137,14.554,15.492,0,0,0
0.017500,1.16501,0.139,14.458,15.456,0,0,0
0.017520,1.16626,0.073,14.561,15.455,0,0,0
0.017540,1.16752,0.155,14.454,15.440,0,0,0
0.017560,1.16878,0.147,14.552,15.408,0,0,0
0.017580,1.17003,0.134,14.487,15.413,0,0,0
0.017600,1.17129,0.082,14.431,15.240,0,0,0
0.017620,1.17255,0.136,14.327,15.394,0,0,0
0.017640,1.17380,0.105,14.338,15.348,0,0,0
0.017660,1.17506,0.203,14.295,15.314,0,0,0
0.017680,1.17632,0.140,14.259,15.372,0,0,0
0.017700,1.17757,0.065,14.253,15.283,0,0,0
0.017720,1.17883,0.277,14.029,15.296,0,-540,0
0.017740,1.18009,0.227,13.774,15.201,0,-540,0
0.017760,1.18134,0.194,13.370,15.257,0,-540,0
0.017780,1.18260,0.038,13.138,15.206,0,-540,0
0.017800,1.18386,0.077,12.792,15.191,0,-540,0
0.017820,1.18511,0.065,12.624,15.244,0,-540,0
0.017840,1.18637,0.203,12.207,15.240,0,-540,0
0.017860,1.18763,0.176,12.025,15.188,0,-540,0
0.017880,1.18888,0.095,11.738,15.149,0,-540,0
0.017900,1.19014,0.081,11.443,15.094,0,-540,0
0.017920,1.19140,0.142,11.277,15.132,0,-540,0
0.017940,1.19265,0.199,11.024,15.047,0,-540,0
0.017960,1.19391,0.176,10.839,15.090,0,-540,0
0.017980,1.19517,0.221,10.506,15.050,0,-540,0
0.018000,1.19642,0.158,10.294,15.147,0,-540,0
0.018020,1.19768,0.156,10.086,15.010,0,-540,0
0.018040,1.19894,0.156,9.956,14.922,0,-540,0
0.018060,1.20019,0.112,9.763,15.005,0,-540,0
0.018080,1.20145,0.079,9.498,14.931,0,-540,0
0.018100,1.20271,0.149,9.202,14.919,0,-540,0
0.018120,1.20396,0.197,9.084,14.969,0,-540,0
0.018140,1.20522,0.227,8.957,14.882,0,-540,0
0.018160,1.20648,0.124,8.721,14.886,0,-540,0
0.018180,1.20773,0.086,8.432,14.759,0,-540,0
0.018200,1.20899,0.101,8.368,14.751,0,-540,0
0.018220,1.21025,0.111,8.154,14.868,0,-540,0
0.018240,1.21150,0.165,7.888,14.863,0,-540,0
0.018260,1.21276,0.140,7.744,14.744,0,-540,0
0.018280,1.21402,0.190,7.555,14.809,0,-540,0
0.018300,1.21527,0.104,7.217,14.671,0,-540,0
0.018320,1.21653,0.149,7.242,14.682,0,-540,0
0.018340,1.21779,0.132,7.035,14.669,0,-540,0
0.018360,1.21904,0.196,6.882,14.660,0,-540,0
0.018380,1.22030,0.121,6.692,14.684,0,-540,0
0.018400,1.22156,0.174,6.443,14.633,0,-540,0
0.018420,1.22281,0.162,6.439,14.625,0,-540,0
0.018440,1.22407,0.307,6.209,14.612,0,-540,0
0.018460,1.22533,0.260,6.034,14.574,0,-540,0
0.018480,1.22658,0.195,5.881,14.559,0,-540,0
0.018500,1.22784,0.120,5.788,14.442,0,-540,0
0.018520,1.22910,0.182,5.585,14.485,0,-540,0
0.018540,1.23035,0.239,5.470,14.444,0,-540,0
0.018560,1.23161,0.146,5.342,14.423,0,-540,0
0.018580,1.23287,0.217,5.240,14.448,0,-540,0
0.018600,1.23412,0.168,5.065,14.354,0,-540,0
0.018620,1.23538,0.192,4.844,14.269,0,-540,0
0.018640,1.23664,0.198,4.903,14.317,0,-540,0
0.018660,1.23789,0.177,4.632,14.336,0,-540,0
0.018680,1.23915,0.224,4.523,14.229,0,-540,0
0.018700,1.24041,0.177,4.406,14.299,0,-540,0
0.018720,1.24166,0.209,4.167,14.224,0,-540,0
0.018740,1.24292,0.165,4.104,14.705,0,-540,540
0.018760,1.24418,0.167,3.909,15.474,0,-540,540
0.018780,1.24543,0.238,3.888,15.868,0,-540,0
0.018800,1.24669,0.167,3.702,15.840,0,-540,0
0.018820,1.24795,0.188,3.594,15.794,0,-540,0
0.018840,1.24920,0.186,3.418,15.898,0,-540,0
0.018860,1.25046,0.075,3.419,15.804,0,-540,0
0.018880,1.25172,0.102,3.265,15.853,0,-540,0
0.018900,1.25297,0.151,3.138,15.783,0,-540,0
0.018920,1.25423,0.095,2.867,15.680,0,-540,0
0.018940,1.25549,0.112,2.794,15.703,0,-540,0
0.018960,1.25674,0.164,2.685,15.642,0,-540,0
0.018980,1.25800,0.186,2.615,15.660,0,-540,0
0.019000,1.25926,0.111,2.485,15.566,0,-540,0
0.019020,1.26051,0.093,2.367,15.530,0,-540,0
0.019040,1.26177,0.115,2.368,15.467,0,-540,0
0.019060,1.26302,0.142,2.180,15.498,0,-540,0
0.019080,1.26428,0.153,2.013,15.444,0,-540,0
0.019100,1.26554,0.199,1.967,15.334,0,-540,0
0.019120,1.26679,0.117,1.922,15.337,0,-540,0
0.019140,1.26805,-0.010,1.840,15.325,0,-540,0
0.019160,1.26931,0.138,1.595,15.238,0,-540,0
0.019180,1.27056,0.089,1.574,15.233,0,-540,0
0.019200,1.27182,0.019,1.377,15.132,0,-540,0
0.019220,1.27308,0.117,1.341,15.115,0,-540,0
0.019240,1.27433,0.117,1.318,15.068,0,-540,0
0.019260,1.27559,0.054,1.189,15.008,0,-540,0
0.019280,1.27685,0.158,1.011,14.953,0,-540,0
0.019300,1.27810,0.115,0.895,14.967,0,-540,0
0.019320,1.27936,0.251,0.823,14.805,0,-540,0
0.019340,1.28062,0.155,0.714,14.852,0,-540,0
0.019360,1.28187,0.112,0.617,14.810,0,-540,0
0.019380,1.28313,0.108,0.467,14.738,0,-540,0
0.019400,1.28439,0.123,0.377,14.792,0,-540,0
0.019420,1.28564,0.087,0.399,14.749,0,-540,0
0.019440,1.28690,0.164,0.273,14.654,0,-540,0
0.019460,1.28816,0.108,0.244,14.564,0,0,0
0.019480,1.28941,0.138,0.199,14.546,0,0,0
0.019500,1.29067,0.168,0.210,14.391,0,0,0
0.019520,1.29193,0.171,0.200,14.367,0,0,0
0.019540,1.29318,0.105,0.198,14.386,0,0,0
0.019560,1.29444,0.098,0.281,14.310,0,0,0
0.019580,1.29570,0.203,0.196,14.268,0,0,0
0.019600,1.29695,0.141,0.306,14.703,0,0,540
0.019620,1.29821,0.180,0.254,15.362,0,0,540
0.019640,1.29947,0.109,0.268,16.318,0,0,540
0.019660,1.30072,0.181,0.252,16.186,0,0,0
0.019680,1.30198,0.127,0.287,16.138,0,0,0
0.019700,1.30324,0.142,0.211,16.006,0,0,0
0.019720,1.30449,0.111,0.192,15.991,0,0,0
0.019740,1.30575,0.141,0.190,15.912,0,0,0
0.019760,1.30701,0.199,0.136,15.873,0,0,0
0.019780,1.30826,0.252,0.197,15.725,0,0,0
0.019800,1.30952,0.146,0.216,15.724,0,0,0
0.019820,1.31078,0.254,0.358,15.735,0,0,0
0.019840,1.31203,0.206,0.270,15.586,0,0,0
0.019860,1.31329,0.138,0.202,15.457,0,0,0
0.019880,1.31455,0.197,0.231,15.366,0,0,0
0.019900,1.31580,0.164,0.213,15.346,0,0,0
0.019920,1.31706,0.162,0.150,15.287,0,0,0
0.019940,1.31832,0.113,0.207,15.221,0,0,0
0.019960,1.31957,0.146,0.200,15.104,0,0,0
0.019980,1.32083,0.223,0.129,15.018,0,0,0
0.020000,1.32209,0.276,0.179,14.988,0,0,0
0.020020,1.32334,0.169,0.205,14.884,0,0,0
0.020040,1.32460,0.178,0.181,14.764,0,0,0
0.020060,1.32586,0.253,0.133,14.696,0,0,0
0.020080,1.32711,0.132,0.249,14.694,0,0,0
0.020100,1.32837,0.222,0.164,14.541,0,0,0
0.020120,1.32963,0.213,0.112,14.493,0,0,0
0.020140,1.33088,0.155,0.203,14.446,0,0,0
0.020160,1.33214,0.172,0.106,14.219,0,0,0
0.020180,1.33340,0.202,0.230,14.252,0,0,0
0.020200,1.33465,0.135,0.253,15.040,0,0,540
0.020220,1.33591,0.297,0.175,15.671,0,0,540
0.020240,1.33717,0.299,0.194,15.985,0,0,0
0.020260,1.33842,0.189,0.173,15.901,0,0,0
0.020280,1.33968,0.219,0.197,15.801,0,0,0
0.020300,1.34094,-0.060,0.304,15.707,0,0,0
0.020320,1.34219,0.049,0.267,15.614,0,0,0
0.020340,1.34345,0.039,0.090,15.481,0,0,0
0.020360,1.34471,-0.040,0.163,15.440,0,0,0
0.020380,1.34596,0.100,0.127,15.317,0,0,0
0.020400,1.34722,0.036,0.193,15.265,0,0,0
0.020420,1.34848,0.112,0.149,14.969,0,0,0
0.020440,1.34973,-0.013,0.246,14.968,0,0,0
0.020460,1.35099,0.066,0.058,14.905,0,0,0
0.020480,1.35225,0.015,0.093,14.798,0,0,0
0.020500,1.35350,0.008,0.134,14.641,0,0,0
0.020520,1.35476,0.144,0.167,14.563,0,0,0
0.020540,1.35602,0.079,0.103,14.361,0,0,0
0.020560,1.35727,0.068,0.176,14.363,0,0,0
0.020580,1.35853,0.006,0.218,14.145,0,0,0
0.020600,1.35979,-0.019,0.120,14.534,0,0,540
0.020620,1.36104,0.006,0.109,15.084,0,0,540
0.020640,1.36230,0.097,0.157,15.756,0,0,540
0.020660,1.36356,0.037,0.160,16.040,0,0,0
0.020680,1.36481,-0.074,0.079,15.993,0,0,0
0.020700,1.36607,0.119,0.130,15.880,0,0,0
0.020720,1.36733,0.034,0.214,15.675,0,0,0
0.020740,1.36858,0.045,0.148,15.462,0,0,0
0.020760,1.36984,-0.042,0.088,15.376,0,0,0
0.020780,1.37110,0.063,0.245,15.312,0,0,0
0.020800,1.37235,-0.011,0.211,15.097,0,0,0
0.020820,1.37361,0.016,0.124,14.910,0,0,0
0.020840,1.37487,-0.028,0.215,14.819,0,0,0
0.020860,1.37612,0.069,0.254,14.678,0,0,0
0.020880,1.37738,-0.024,0.165,14.571,0,0,0
0.020900,1.37864,0.053,0.189,14.473,0,0,0
0.020920,1.37989,0.075,0.208,14.320,0,0,0
0.020940,1.38115,0.064,0.066,14.548,0,0,540
0.020960,1.38241,0.001,0.153,15.097,0,0,540
0.020980,1.38366,0.024,0.190,15.747,0,0,540
0.021000,1.38492,-0.006,0.200,15.870,0,0,0
0.021020,1.38618,0.031,0.209,15.775,0,0,0
0.021040,1.38743,-0.002,0.190,15.579,0,0,0
0.021060,1.38869,0.025,0.205,15.475,0,0,0
0.021080,1.38995,0.088,0.262,15.242,0,0,0
0.021100,1.39120,0.039,0.218,15.184,0,0,0
0.021120,1.39246,0.068,0.214,15.037,0,0,0
0.021140,1.39372,0.115,0.218,14.796,0,0,0
0.021160,1.39497,0.093,0.102,14.607,0,0,0
0.021180,1.39623,0.061,0.229,14.536,0,0,0
0.021200,1.39749,0.065,0.138,14.414,0,0,0
0.021220,1.39874,-0.021,0.194,14.253,0,0,0
0.021240,1.40000,0.108,0.215,14.396,0,0,540
0.021260,1.40126,0.076,0.146,14.847,0,0,540
0.021280,1.40251,0.038,0.189,15.520,0,0,540
0.021300,1.40377,0.084,0.152,15.864,0,0,540
0.021320,1.40502,0.052,0.036,15.930,0,0,0
0.021340,1.40628,0.102,0.253,15.628,0,0,0
0.021360,1.40754,0.069,0.130,15.472,0,0,0
0.021380,1.40879,0.039,0.233,15.191,0,0,0
0.021400,1.41005,0.057,0.242,15.124,0,0,0
0.021420,1.41131,0.088,0.153,15.014,0,0,0
0.021440,1.41256,0.110,0.237,14.800,0,0,0
0.021460,1.41382,0.091,0.181,14.524,0,0,0
0.021480,1.41508,-0.003,0.128,14.372,0,0,0
0.021500,1.41633,-0.059,0.086,14.242,0,0,0
0.021520,1.41759,0.033,0.231,14.842,0,0,540
0.021540,1.41885,0.059,0.168,15.120,0,0,540
0.021560,1.42010,0.064,0.157,15.651,0,0,540
0.021580,1.42136,-0.023,0.206,15.896,0,0,0
0.021600,1.42262,0.131,0.100,15.620,0,0,0
0.021620,1.42387,0.056,0.157,15.332,0,0,0
0.021640,1.42513,0.094,0.266,15.193,0,0,0
0.021660,1.42639,0.097,0.210,15.080,0,0,0
0.021680,1.42764,0.135,0.196,14.824,0,0,0
0.021700,1.42890,0.037,0.193,14.617,0,0,0
0.021720,1.43016,-0.067,0.183,14.473,0,0,0
0.021740,1.43141,0.064,0.235,14.342,0,0,0
0.021760,1.43267,0.153,0.103,14.078,0,0,0
0.021780,1.43393,-0.016,0.166,14.504,0,0,540
0.021800,1.43518,0.015,0.166,14.866,0,0,540
0.021820,1.43644,0.039,0.204,15.319,0,0,540
0.021840,1.43770,0.047,0.245,15.687,0,0,540
0.021860,1.43895,0.064,0.177,15.866,0,0,0
0.021880,1.44021,0.137,0.198,15.698,0,0,0
0.021900,1.44147,0.034,0.124,15.404,0,0,0
0.021920,1.44272,-0.057,0.120,15.311,0,0,0
0.021940,1.44398,0.095,0.216,15.013,0,0,0
0.021960,1.44524,0.047,0.126,14.884,0,0,0
0.021980,1.44649,0.092,0.160,14.613,0,0,0
0.022000,1.44775,0.069,0.253,14.467,0,0,0
0.022020,1.44901,0.078,0.112,14.226,0,0,0
0.022040,1.45026,0.009,0.101,14.093,0,0,0
0.022060,1.45152,0.118,0.188,14.504,0,0,540
0.022080,1.45278,0.071,0.077,14.841,0,0,540
0.022100,1.45403,0.122,0.203,15.141,0,0,540
0.022120,1.45529,0.139,0.218,15.507,0,0,540
0.022140,1.45655,0.044,0.142,15.928,0,0,540
0.022160,1.45780,0.156,0.213,15.654,0,0,0
0.022180,1.45906,0.125,0.123,15.433,0,0,0
0.022200,1.46032,0.070,0.142,15.425,0,0,0
0.022220,1.46157,-0.037,0.146,15.045,0,0,0
0.022240,1.46283,0.061,0.147,14.901,0,0,0
0.022260,1.46409,0.087,0.104,14.664,0,0,0
0.022280,1.46534,0.128,0.126,14.472,0,0,0
0.022300,1.46660,0.092,0.081,14.264,0,0,0
0.022320,1.46786,0.087,0.188,14.104,0,0,0
0.022340,1.46911,0.173,0.214,14.441,0,0,540
0.022360,1.47037,0.090,0.168,14.643,0,0,540
0.022380,1.47163,0.036,0.163,15.041,0,0,540
0.022400,1.47288,0.098,0.155,15.355,0,0,540
0.022420,1.47414,0.090,0.176,15.707,0,0,540
0.022440,1.47540,0.021,0.213,15.994,0,0,540
0.022460,1.47665,0.105,0.190,15.797,0,0,0
0.022480,1.47791,-0.002,0.257,15.669,0,0,0
0.022500,1.47917,0.142,0.326,15.441,0,0,0
0.022520,1.48042,-0.067,0.165,15.157,0,0,0
0.022540,1.48168,0.052,0.163,14.897,0,0,0
0.022560,1.48294,0.055,0.201,14.809,0,0,0
0.022580,1.48419,0.091,0.160,14.575,0,0,0
0.022600,1.48545,0.021,0.135,14.410,0,0,0
0.022620,1.48671,0.050,0.123,14.168,0,0,0
0.022640,1.48796,0.058,0.178,14.252,0,0,540
0.022660,1.48922,0.109,0.154,14.550,0,0,540
0.022680,1.49048,0.022,0.147,14.847,0,0,540
0.022700,1.49173,0.125,0.240,15.056,0,0,540
0.022720,1.49299,0.015,0.186,15.354,0,0,540
0.022740,1.49425,0.084,0.244,15.641,0,0,540
0.022760,1.49550,0.076,0.105,15.880,0,-540,540
0.022780,1.49676,0.034,0.141,15.763,0,0,0
0.022800,1.49802,0.033,0.145,15.604,0,0,0
0.022820,1.49927,0.040,0.140,15.264,0,0,0
0.022840,1.50053,0.177,0.196,15.133,0,0,0
0.022860,1.50179,-0.004,0.125,14.965,0,0,0
0.022880,1.50304,0.155,0.144,14.771,0,0,0
0.022900,1.50430,0.069,0.175,14.636,0,0,0
0.022920,1.50556,0.055,0.113,14.462,0,0,0
0.022940,1.50681,0.119,0.045,14.262,0,0,0
0.022960,1.50807,0.085,0.142,14.435,0,0,540
0.022980,1.50933,0.140,0.109,14.584,0,0,540
0.023000,1.51058,0.135,0.166,14.809,0,0,540
0.023020,1.51184,-0.004,0.094,15.019,0,0,540
0.023040,1.51310,0.052,0.160,15.370,0,0,540
0.023060,1.51435,0.059,0.222,15.598,0,0,540
0.023080,1.51561,0.194,0.201,15.889,0,0,540
0.023100,1.51687,0.126,0.051,15.850,0,0,0
0.023120,1.51812,0.025,0.072,15.712,0,0,0
0.023140,1.51938,0.126,0.141,15.646,0,0,0
0.023160,1.52064,0.009,0.089,15.330,0,0,0
0.023180,1.52189,0.125,0.142,15.085,0,0,0
0.023200,1.52315,-0.017,0.074,14.986,0,0,0
0.023220,1.52441,-0.051,0.062,14.716,0,0,0
0.023240,1.52566,0.064,0.106,14.683,0,0,0
0.023260,1.52692,0.113,0.069,14.630,0,0,0
0.023280,1.52818,0.075,0.192,14.336,0,0,0
0.023300,1.52943,0.028,0.042,14.173,0,0,0
0.023320,1.53069,-0.027,0.173,14.426,0,0,540
0.023340,1.53195,0.064,0.131,14.714,0,0,540
0.023360,1.53320,0.112,0.146,14.911,0,0,540
0.023380,1.53446,0.070,0.192,15.159,0,0,540
0.023400,1.53572,0.067,0.132,15.416,0,0,540
0.023420,1.53697,0.146,0.075,15.547,0,0,540
0.023440,1.53823,0.107,0.036,15.827,0,0,540
0.023460,1.53949,-0.035,0.183,15.740,0,0,0
0.023480,1.54074,0.046,0.143,15.572,0,0,0
0.023500,1.54200,-0.003,0.112,15.432,0,0,0
0.023520,1.54326,0.034,0.145,15.360,0,0,0
0.023540,1.54451,0.007,0.205,15.208,0,0,0
0.023560,1.54577,0.028,0.117,14.920,0,0,0
0.023580,1.54702,0.095,0.161,14.789,0,0,0
0.023600,1.54828,0.142,0.187,14.686,0,0,0
0.023620,1.54954,0.106,0.131,14.561,0,0,0
0.023640,1.55079,0.121,0.183,14.401,0,0,0
0.023660,1.55205,0.059,0.137,14.268,0,0,0
0.023680,1.55331,0.120,0.024,14.144,0,0,0
0.023700,1.55456,0.156,0.191,14.297,0,0,540
0.023720,1.55582,0.076,0.080,14.604,0,0,540
0.023740,1.55708,0.096,0.131,14.791,0,0,540
0.023760,1.55833,0.118,0.092,15.019,0,0,540
0.023780,1.55959,0.101,0.071,15.358,0,0,540
0.023800,1.56085,0.062,0.179,15.534,0,0,540
0.023820,1.56210,0.068,0.104,15.673,0,0,0
0.023840,1.56336,0.174,0.190,15.487,0,0,0
0.023860,1.56462,0.078,0.039,15.272,0,0,0
0.023880,1.56587,0.174,0.059,15.174,0,0,0
0.023900,1.56713,0.043,0.161,15.076,0,0,0
0.023920,1.56839,0.129,0.117,14.910,0,0,0
0.023940,1.56964,-0.065,0.168,14.878,0,0,0
0.023960,1.57090,0.177,0.118,14.807,0,0,0
0.023980,1.57216,0.022,0.129,14.564,0,0,0
0.024000,1.57341,0.019,0.135,14.499,0,0,0
0.024020,1.57467,0.125,0.204,14.442,0,0,0
0.024040,1.57593,-0.031,0.110,14.352,0,0,0
0.024060,1.57718,0.020,0.094,14.159,0,0,0
0.024080,1.57844,0.125,0.107,14.451,0,0,540
0.024100,1.57970,0.087,0.055,14.719,0,0,540
0.024120,1.58095,0.040,0.085,15.011,0,0,540
0.024140,1.58221,0.111,0.155,15.190,0,0,540
0.024160,1.58347,0.092,0.085,15.437,0,0,540
0.024180,1.58472,0.162,0.080,15.632,0,0,540
0.024200,1.58598,0.093,0.125,15.877,0,0,540
0.024220,1.58724,0.105,0.062,15.706,0,0,0
0.024240,1.58849,0.074,0.052,15.709,0,0,0
0.024260,1.58975,0.002,0.176,15.582,0,0,0
0.024280,1.59101,0.029,0.216,15.449,0,0,0
0.024300,1.59226,0.080,0.190,15.384,0,0,0
0.024320,1.59352,0.047,0.085,15.336,0,0,0
0.024340,1.59478,0.149,0.119,15.196,0,0,0
0.024360,1.59603,-0.002,0.079,15.150,0,0,0
0.024380,1.59729,0.104,0.134,14.883,0,0,0
0.024400,1.59855,0.001,0.167,14.900,0,0,0
0.024420,1.59980,0.094,0.153,14.822,0,0,0
0.024440,1.60106,0.099,0.191,14.700,0,0,0
0.024460,1.60232,0.078,0.165,14.586,0,0,0
0.024480,1.60357,0.042,0.292,14.616,0,0,0
0.024500,1.60483,0.104,0.098,14.514,0,0,0
0.024520,1.60609,0.040,0.155,14.488,0,0,0
0.024540,1.60734,0.102,0.118,14.365,0,0,0
0.024560,1.60860,0.055,0.141,14.335,0,0,0
0.024580,1.60986,-0.006,0.124,14.286,0,0,540
0.024600,1.61111,0.100,0.122,14.744,0,0,540
0.024620,1.61237,0.099,0.106,14.877,0,0,540
0.024640,1.61363,0.140,0.084,15.151,0,0,540
0.024660,1.61488,0.497,0.154,15.339,540,0,540
0.024680,1.61614,1.448,0.133,15.615,540,0,540
0.024700,1.61740,2.315,0.151,15.965,540,0,540
0.024720,1.61865,3.264,0.138,15.740,540,0,0
0.024740,1.61991,4.022,0.201,15.798,540,0,0
0.024760,1.62117,5.006,0.135,15.641,540,0,0
0.024780,1.62242,5.923,0.091,15.550,540,0,0
0.024800,1.62368,6.917,0.084,15.444,540,0,0
0.024820,1.62494,7.693,0.127,15.398,540,0,0
0.024840,1.62619,8.560,0.143,15.323,540,0,0
0.024860,1.62745,9.380,0.157,15.361,540,0,0
0.024880,1.62871,10.423,0.224,15.227,540,0,0
0.024900,1.62996,11.227,0.147,15.178,540,0,0
0.024920,1.63122,12.032,0.175,15.126,540,0,0
0.024940,1.63248,13.030,0.115,15.038,540,0,0
0.024960,1.63373,13.896,0.263,14.924,540,0,0
0.024980,1.63499,14.768,0.065,14.844,540,0,0
0.025000,1.63625,15.698,0.192,14.908,540,0,0
0.025020,1.63750,16.121,0.108,14.803,0,0,0
0.025040,1.63876,16.016,0.147,14.782,0,0,0
0.025060,1.64002,16.136,0.153,14.650,0,0,0
0.025080,1.64127,16.085,0.019,14.557,0,0,0
0.025100,1.64253,16.060,0.252,14.580,0,0,0
0.025120,1.64379,16.053,0.181,14.617,0,0,0
0.025140,1.64504,16.045,0.191,14.467,0,0,0
0.025160,1.64630,16.016,0.084,14.499,0,0,0
0.025180,1.64756,16.031,0.070,14.332,0,0,0
0.025200,1.64881,15.964,0.098,14.314,0,0,0
0.025220,1.65007,15.928,0.179,14.279,0,0,0
0.025240,1.65133,15.971,0.126,14.269,0,0,0
0.025260,1.65258,15.883,0.119,14.263,0,0,540
0.025280,1.65384,15.840,0.149,14.673,0,0,540
0.025300,1.65510,15.968,0.190,14.913,0,0,540
0.025320,1.65635,15.949,0.110,15.203,0,0,540
0.025340,1.65761,15.852,0.141,15.367,0,0,540
0.025360,1.65887,15.871,0.110,15.676,0,0,540
0.025380,1.66012,15.827,0.151,15.844,0,0,0
0.025400,1.66138,15.852,0.137,15.745,0,0,0
0.025420,1.66264,15.786,0.108,15.760,0,0,0
0.025440,1.66389,15.784,0.106,15.664,0,0,0
0.025460,1.66515,15.875,0.157,15.625,0,0,0
0.025480,1.66641,15.719,0.199,15.623,0,0,0
0.025500,1.66766,15.700,0.170,15.516,0,0,0
0.025520,1.66892,15.792,0.087,15.485,0,0,0
0.025540,1.67018,15.694,0.170,15.460,0,0,0
0.025560,1.67143,15.700,0.120,15.373,0,0,0
0.025580,1.67269,15.717,0.126,15.474,0,0,0
0.025600,1.67395,15.669,0.218,15.418,0,0,0
0.025620,1.67520,15.611,0.106,15.225,0,0,0
0.025640,1.67646,15.641,0.148,15.330,0,0,0
0.025660,1.67772,15.601,0.226,15.226,0,0,0
0.025680,1.67897,15.546,0.139,15.228,0,0,0
0.025700,1.68023,15.568,0.202,15.227,0,0,0
0.025720,1.68149,15.571,0.162,15.235,0,0,0
0.025740,1.68274,15.536,0.259,15.136,0,0,0
0.025760,1.68400,15.526,0.181,15.212,0,0,0
0.025780,1.68526,15.563,0.262,15.138,0,0,0
0.025800,1.68651,15.510,0.077,15.067,0,0,0
0.025820,1.68777,15.545,0.182,14.959,0,0,0
0.025840,1.68902,15.471,0.101,14.971,0,0,0
0.025860,1.69028,15.468,0.111,15.058,0,0,0
0.025880,1.69154,15.497,0.089,14.970,0,0,0
0.025900,1.69279,15.398,0.125,15.015,0,0,0
0.025920,1.69405,15.429,0.170,14.844,0,0,0
0.025940,1.69531,15.436,0.167,14.860,0,0,0
0.025960,1.69656,15.386,0.174,14.799,0,0,0
0.025980,1.69782,15.338,0.205,14.817,0,0,0
0.026000,1.69908,15.267,0.171,14.771,0,0,0
0.026020,1.70033,15.243,0.090,14.729,0,0,0
0.026040,1.70159,15.269,0.184,14.706,0,0,0
0.026060,1.70285,15.321,0.191,14.430,0,0,-540
0.026080,1.70410,15.252,0.227,14.115,0,0,-540
0.026100,1.70536,15.207,0.176,13.831,0,0,-540
0.026120,1.70662,15.194,0.198,13.571,0,0,-540
0.026140,1.70787,15.203,0.190,13.135,0,0,-540
0.026160,1.70913,15.305,0.185,12.974,0,0,-540
0.026180,1.71039,15.153,0.132,12.697,0,0,-540
0.026200,1.71164,15.129,0.161,12.369,0,0,-540
0.026220,1.71290,15.112,0.150,12.147,0,0,-540
0.026240,1.71416,15.094,0.170,11.890,0,0,-540
0.026260,1.71541,15.103,0.291,11.675,0,0,-540
0.026280,1.71667,15.112,0.172,11.385,0,0,-540
0.026300,1.71793,15.149,0.240,11.138,0,0,-540
0.026320,1.71918,15.110,0.122,10.912,0,0,-540
0.026340,1.72044,14.994,0.155,10.795,0,0,-540
0.026360,1.72170,14.992,0.104,10.488,0,0,-540
0.026380,1.72295,15.000,0.130,10.310,0,0,-540
0.026400,1.72421,14.984,0.209,9.986,0,0,-540
0.026420,1.72547,14.943,0.167,9.817,0,0,-540
0.026440,1.72672,14.890,0.195,9.601,0,0,-540
0.026460,1.72798,14.988,0.316,9.415,0,0,-540
0.026480,1.72924,14.864,0.202,9.137,0,0,-540
0.026500,1.73049,14.888,0.318,8.949,0,0,-540
0.026520,1.73175,14.961,0.179,8.732,0,0,-540
0.026540,1.73301,14.859,0.166,8.597,0,0,-540
0.026560,1.73426,14.763,0.112,8.399,0,0,-540
0.026580,1.73552,14.769,0.226,8.195,0,0,-540
0.026600,1.73678,14.799,0.167,8.000,0,0,-540
0.026620,1.73803,14.741,0.154,7.818,0,0,-540
0.026640,1.73929,14.765,0.218,7.718,0,0,-540
0.026660,1.74055,14.666,0.144,7.545,0,0,-540
0.026680,1.74180,14.799,0.192,7.296,0,0,-540
0.026700,1.74306,14.656,0.206,7.132,0,0,-540
0.026720,1.74432,14.561,0.186,6.995,0,0,-540
0.026740,1.74557,14.627,0.309,6.796,0,0,-540
0.026760,1.74683,14.574,0.161,6.505,0,0,-540
0.026780,1.74809,14.533,0.238,6.388,0,0,-540
0.026800,1.74934,14.583,0.206,6.315,0,0,-540
0.026820,1.75060,14.507,0.195,6.146,0,0,-540
0.026840,1.75186,14.472,0.194,6.055,0,0,-540
0.026860,1.75311,14.524,0.229,5.831,0,0,-540
0.026880,1.75437,14.392,0.232,5.735,0,0,-540
0.026900,1.75563,14.444,0.160,5.515,0,0,-540
0.026920,1.75688,14.409,0.240,5.369,0,0,-540
0.026940,1.75814,14.412,0.311,5.262,0,0,-540
0.026960,1.75940,14.346,0.217,5.196,0,0,-540
0.026980,1.76065,14.438,0.214,4.991,0,0,-540
0.027000,1.76191,14.341,0.171,4.797,0,0,-540
0.027020,1.76317,14.212,0.178,4.707,0,0,-540
0.027040,1.76442,14.246,0.188,4.529,0,0,-540
0.027060,1.76568,14.212,0.187,4.447,0,0,-540
0.027080,1.76694,15.089,0.192,4.396,540,0,-540
0.027100,1.76819,15.978,0.084,4.089,540,0,-540
0.027120,1.76945,15.972,0.098,3.993,0,0,-540
0.027140,1.77071,15.856,0.161,3.872,0,0,-540
0.027160,1.77196,15.878,0.195,3.746,0,0,-540
0.027180,1.77322,15.833,0.143,3.621,0,0,-540
0.027200,1.77448,15.785,0.180,3.533,0,0,-540
0.027220,1.77573,15.755,0.184,3.390,0,0,-540
0.027240,1.77699,15.741,0.092,3.316,0,0,-540
0.027260,1.77825,15.700,0.102,3.140,0,0,-540
0.027280,1.77950,15.621,0.182,3.027,0,0,-540
0.027300,1.78076,15.565,0.172,2.940,0,0,-540
0.027320,1.78202,15.584,0.158,2.823,0,0,-540
0.027340,1.78327,15.544,0.196,2.699,0,0,-540
0.027360,1.78453,15.592,0.064,2.660,0,0,-540
0.027380,1.78579,15.380,0.202,2.446,0,0,-540
0.027400,1.78704,15.456,0.111,2.378,0,0,-540
0.027420,1.78830,15.392,0.136,2.285,0,0,-540
0.027440,1.78956,15.374,0.181,2.111,0,0,-540
0.027460,1.79081,15.275,0.137,2.067,0,0,-540
0.027480,1.79207,15.333,0.183,1.888,0,0,-540
0.027500,1.79333,15.288,0.096,1.820,0,0,-540
0.027520,1.79458,15.176,0.114,1.634,0,0,-540
0.027540,1.79584,15.089,0.103,1.587,0,0,-540
0.027560,1.79710,15.048,0.187,1.496,0,0,-540
0.027580,1.79835,15.061,0.201,1.371,0,0,-540
0.027600,1.79961,15.056,0.118,1.300,0,0,-540
0.027620,1.80087,15.001,0.154,1.174,0,0,-540
0.027640,1.80212,14.887,0.181,1.021,0,0,-540
0.027660,1.80338,14.834,0.203,1.042,0,0,-540
0.027680,1.80464,14.855,0.121,0.869,0,0,-540
0.027700,1.80589,14.832,0.116,0.822,0,0,-540
0.027720,1.80715,14.676,0.082,0.733,0,0,-540
0.027740,1.80841,14.716,0.144,0.669,0,0,-540
0.027760,1.80966,14.599,0.199,0.463,0,0,-540
0.027780,1.81092,14.631,0.273,0.438,0,0,-540
0.027800,1.81218,14.503,0.112,0.262,0,0,-540
0.027820,1.81343,14.472,0.202,0.184,0,0,-540
0.027840,1.81469,14.395,0.207,0.179,0,0,0
0.027860,1.81595,14.379,0.165,0.190,0,0,0
0.027880,1.81720,14.355,0.228,0.232,0,0,0
0.027900,1.81846,14.354,0.153,0.221,0,0,0
0.027920,1.81972,14.235,0.155,0.241,0,0,0
0.027940,1.82097,15.026,0.165,0.285,540,0,0
0.027960,1.82223,15.858,0.248,0.146,540,0,0
0.027980,1.82349,15.810,0.217,0.240,0,0,0
0.028000,1.82474,15.707,0.255,0.281,0,0,0
0.028020,1.82600,15.578,0.225,0.169,0,0,-540
0.028040,1.82726,15.585,0.196,0.158,0,0,0
0.028060,1.82851,15.578,0.246,0.251,0,0,0
0.028080,1.82977,15.512,0.088,0.119,0,0,0
0.028100,1.83102,15.351,0.073,0.067,0,0,0
0.028120,1.83228,15.356,0.089,0.160,0,0,0
0.028140,1.83354,15.224,0.176,0.178,0,0,0
0.028160,1.83479,15.162,0.124,0.189,0,0,0
0.028180,1.83605,15.155,0.071,0.150,0,0,0
0.028200,1.83731,15.011,0.051,0.140,0,0,0
0.028220,1.83856,14.895,0.094,0.138,0,0,0
0.028240,1.83982,14.880,0.016,0.229,0,0,0
0.028260,1.84108,14.865,0.132,0.110,0,0,0
0.028280,1.84233,14.715,0.108,0.083,0,0,0
0.028300,1.84359,14.623,0.127,0.130,0,0,0
0.028320,1.84485,14.589,0.057,0.221,0,0,0
0.028340,1.84610,14.598,0.146,0.168,0,0,0
0.028360,1.84736,14.496,0.104,0.131,0,0,0
0.028380,1.84862,14.382,0.202,0.101,0,0,0
0.028400,1.84987,14.365,0.121,0.171,0,0,0
0.028420,1.85113,14.259,0.056,0.186,0,0,0
0.028440,1.85239,14.539,0.031,0.140,540,0,0
0.028460,1.85364,15.316,0.175,0.212,540,0,0
0.028480,1.85490,16.004,0.073,0.157,540,0,0
0.028500,1.85616,15.938,0.107,0.114,0,0,0
0.028520,1.85741,15.861,0.026,0.206,0,0,0
0.028540,1.85867,15.721,0.124,0.210,0,0,0
0.028560,1.85993,15.683,0.104,0.220,0,0,0
0.028580,1.86118,15.606,0.091,0.155,0,0,0
0.028600,1.86244,15.430,0.115,0.207,0,0,0
0.028620,1.86370,15.406,0.111,0.211,0,0,0
0.028640,1.86495,15.244,0.140,0.271,0,0,0
0.028660,1.86621,15.105,0.075,0.207,0,0,0
0.028680,1.86747,15.025,0.216,0.210,0,0,0
0.028700,1.86872,15.008,0.133,0.186,0,0,0
0.028720,1.86998,14.904,0.166,0.216,0,0,0
0.028740,1.87124,14.754,0.087,0.133,0,0,0
0.028760,1.87249,14.663,0.181,0.103,0,0,0
0.028780,1.87375,14.562,0.181,0.044,0,0,0
0.028800,1.87501,14.489,0.038,0.218,0,0,0
0.028820,1.87626,14.387,0.131,0.184,0,0,0
0.028840,1.87752,14.166,0.168,0.149,0,0,0
0.028860,1.87878,14.485,0.119,0.175,540,0,0
0.028880,1.88003,15.195,0.222,0.195,540,0,0
0.028900,1.88129,15.844,0.129,0.215,540,0,0
0.028920,1.88255,15.728,0.177,0.155,0,0,0
0.028940,1.88380,15.558,0.142,0.231,0,0,0
0.028960,1.88506,15.436,0.242,0.154,0,0,0
0.028980,1.88632,15.459,0.196,0.154,0,0,0
0.029000,1.88757,15.202,0.287,0.090,0,0,0
0.029020,1.88883,15.022,0.202,0.145,0,0,0
0.029040,1.89009,14.998,0.110,0.054,0,0,0
0.029060,1.89134,14.938,0.142,0.152,0,0,0
0.029080,1.89260,14.710,0.255,0.214,0,0,0
0.029100,1.89386,14.481,0.154,0.104,0,0,0
0.029120,1.89511,14.481,0.081,0.056,0,0,-540
0.029140,1.89637,14.462,0.146,0.204,0,0,0
0.029160,1.89763,14.635,0.213,0.086,540,0,0
0.029180,1.89888,15.195,0.219,0.129,540,0,0
0.029200,1.90014,15.802,0.191,0.124,540,0,0
0.029220,1.90140,16.067,0.210,0.046,0,0,0
0.029240,1.90265,15.917,0.161,0.119,0,0,0
0.029260,1.90391,15.739,0.197,0.130,0,0,0
0.029280,1.90517,15.651,0.103,0.081,0,0,0
0.029300,1.90642,15.459,0.176,0.171,0,0,0
0.029320,1.90768,15.286,0.162,0.142,0,0,0
0.029340,1.90894,15.172,0.158,0.119,0,0,0
0.029360,1.91019,14.968,0.104,0.135,0,0,0
0.029380,1.91145,14.890,0.172,0.149,0,0,0
0.029400,1.91271,14.692,0.201,0.125,0,0,0
0.029420,1.91396,14.511,0.157,0.095,0,0,0
0.029440,1.91522,14.393,0.086,0.075,0,0,0
0.029460,1.91648,14.323,0.154,0.096,0,0,0
0.029480,1.91773,14.172,0.082,0.140,0,0,0
0.029500,1.91899,14.647,0.191,0.120,540,0,0
0.029520,1.92025,15.095,0.164,0.047,540,0,0
0.029540,1.92150,15.698,0.232,0.164,540,0,0
0.029560,1.92276,15.913,0.254,0.272,0,0,0
0.029580,1.92402,15.751,0.153,0.099,0,0,0
0.029600,1.92527,15.589,0.251,0.128,0,0,0
0.029620,1.92653,15.375,0.231,0.124,0,0,0
0.029640,1.92779,15.292,0.139,0.195,0,0,0
0.029660,1.92904,14.989,0.191,0.221,0,0,0
0.029680,1.93030,14.937,0.186,0.087,0,0,0
0.029700,1.93156,14.733,0.236,0.139,0,0,0
0.029720,1.93281,14.592,0.116,0.080,0,0,0
0.029740,1.93407,14.423,0.230,0.060,0,0,0
0.029760,1.93533,14.225,0.226,0.090,0,0,0
0.029780,1.93658,14.434,0.182,0.218,540,0,0
0.029800,1.93784,14.839,-0.049,0.119,540,0,0
0.029820,1.93910,15.269,-0.038,0.104,540,0,0
0.029840,1.94035,15.738,-0.035,0.181,540,0,0
0.029860,1.94161,16.029,-0.004,0.137,0,0,0
0.029880,1.94287,15.827,-0.044,0.132,0,0,0
0.029900,1.94412,15.595,-0.067,0.097,0,0,0
0.029920,1.94538,15.439,0.046,0.179,0,0,0
0.029940,1.94664,15.201,0.028,0.112,0,0,0
0.029960,1.94789,15.057,-0.006,0.141,0,0,0
0.029980,1.94915,14.829,-0.139,0.208,0,0,0
0.030000,1.95041,14.567,-0.059,0.163,0,0,0
0.030020,1.95166,14.534,0.035,0.133,0,0,0
0.030040,1.95292,14.252,0.026,0.091,0,0,0
0.030060,1.95418,14.438,0.072,0.145,540,0,0
0.030080,1.95543,14.745,-0.091,0.166,540,0,0
0.030100,1.95669,15.216,0.013,0.250,540,0,0
0.030120,1.95795,15.708,-0.012,0.056,540,0,0
0.030140,1.95920,15.779,-0.050,0.188,0,0,0
0.030160,1.96046,15.684,0.031,0.069,0,0,0
0.030180,1.96172,15.440,-0.077,0.156,0,0,0
0.030200,1.96297,15.189,0.035,0.119,0,0,0
0.030220,1.96423,14.926,-0.067,0.089,0,0,0
0.030240,1.96549,14.846,-0.025,0.113,0,0,0
0.030260,1.96674,14.584,0.028,0.090,0,0,0
0.030280,1.96800,14.460,0.071,0.081,0,0,0
0.030300,1.96925,14.335,-0.001,0.137,0,0,0
0.030320,1.97051,14.550,0.040,0.155,540,0,0
0.030340,1.97177,14.994,-0.089,0.151,540,0,0
0.030360,1.97302,15.351,-0.020,0.120,540,0,0
0.030380,1.97428,15.693,0.053,0.145,540,0,0
0.030400,1.97554,15.720,-0.033,0.062,0,0,0
0.030420,1.97679,15.568,-0.015,0.076,0,0,0
0.030440,1.97805,15.406,-0.047,0.131,0,0,0
0.030460,1.97931,15.254,0.010,0.084,0,0,0
0.030480,1.98056,15.002,0.056,0.116,0,0,0
0.030500,1.98182,14.731,0.049,0.177,0,0,0
0.030520,1.98308,14.507,-0.027,0.178,0,0,0
0.030540,1.98433,14.405,0.063,0.149,0,0,0
0.030560,1.98559,14.254,0.046,0.142,0,0,0
0.030580,1.98685,14.351,-0.050,0.098,540,0,0
0.030600,1.98810,14.628,0.015,0.161,540,0,0
0.030620,1.98936,14.907,-0.024,0.095,540,0,0
0.030640,1.99062,15.248,-0.144,0.148,540,0,0
0.030660,1.99187,15.560,-0.009,0.152,540,0,0
0.030680,1.99313,15.982,-0.040,0.204,540,0,0
0.030700,1.99439,15.756,0.061,0.120,0,0,0
0.030720,1.99564,15.493,0.030,0.190,0,0,0
0.030740,1.99690,15.299,0.030,0.192,0,0,0
0.030760,1.99816,15.071,-0.025,0.048,0,0,0
0.030780,1.99941,14.956,0.001,0.123,0,0,0
0.030800,2.00067,14.686,-0.031,0.213,0,0,0
0.030820,2.00193,14.569,0.028,0.157,0,0,0
0.030840,2.00318,14.217,-0.015,0.071,0,0,0
0.030860,2.00444,14.332,0.118,0.166,540,0,0
0.030880,2.00570,14.695,0.096,0.259,540,0,0
0.030900,2.00695,14.989,-0.044,0.141,540,0,0
0.030920,2.00821,15.104,0.015,0.101,540,0,0
0.030940,2.00947,15.468,-0.028,0.089,540,0,0
0.030960,2.01072,15.846,-0.017,0.080,540,0,0
0.030980,2.01198,15.601,0.066,0.065,0,0,0
0.031000,2.01324,15.407,0.013,0.096,0,0,0
0.031020,2.01449,15.208,-0.021,0.152,0,0,0
0.031040,2.01575,15.102,0.017,0.142,0,0,0
0.031060,2.01701,14.791,0.043,0.198,0,0,0
0.031080,2.01826,14.694,0.029,0.127,0,0,0
0.031100,2.01952,14.529,0.038,0.088,0,0,0
0.031120,2.02078,14.372,0.048,0.033,0,0,0
0.031140,2.02203,14.145,0.033,0.102,0,0,0
0.031160,2.02329,14.406,-0.006,0.148,540,0,0
0.031180,2.02455,14.598,-0.049,0.051,540,0,0
0.031200,2.02580,14.855,-0.001,0.214,540,0,0
0.031220,2.02706,15.075,0.016,0.079,540,0,0
0.031240,2.02832,15.469,-0.063,0.169,540,0,0
0.031260,2.02957,15.792,0.086,0.150,540,0,0
0.031280,2.03083,15.895,0.087,0.187,540,0,0
0.031300,2.03209,15.775,0.008,0.094,0,0,0
0.031320,2.03334,15.517,-0.084,0.151,0,0,0
0.031340,2.03460,15.413,0.068,-0.005,0,0,0
0.031360,2.03586,15.256,0.010,0.141,0,0,0
0.031380,2.03711,15.056,-0.050,0.145,0,0,0
0.031400,2.03837,14.892,-0.015,0.119,0,0,0
0.031420,2.03963,14.654,-0.042,0.151,0,0,0
0.031440,2.04088,14.559,-0.010,0.105,0,0,0
0.031460,2.04214,14.434,-0.054,0.061,0,0,0
0.031480,2.04340,14.170,-0.054,0.160,0,0,0
0.031500,2.04465,14.302,0.095,0.169,540,0,0
0.031520,2.04591,14.428,-0.029,0.121,540,0,0
0.031540,2.04717,14.725,-0.011,0.175,540,0,0
0.031560,2.04842,15.007,-0.032,0.171,540,0,0
0.031580,2.04968,15.186,0.042,0.093,540,0,0
0.031600,2.05094,15.431,0.019,0.203,540,0,0
0.031620,2.05219,15.724,0.003,0.117,540,0,0
0.031640,2.05345,15.710,0.015,0.142,0,0,0
0.031660,2.05471,15.546,0.010,0.158,0,0,0
0.031680,2.05596,15.460,0.021,0.136,0,0,0
0.031700,2.05722,15.232,0.036,0.177,0,0,0
0.031720,2.05848,15.162,0.049,0.052,0,0,0
0.031740,2.05973,14.934,-0.036,0.160,0,0,0
0.031760,2.06099,14.792,0.040,0.135,0,0,0
0.031780,2.06225,14.595,0.032,0.124,0,0,0
0.031800,2.06350,14.451,-0.004,0.140,0,0,0
0.031820,2.06476,14.282,0.027,0.072,0,0,0
0.031840,2.06602,14.333,0.087,0.338,0,0,0
0.031860,2.06727,14.289,0.021,0.148,540,0,0
0.031880,2.06853,14.495,-0.016,0.225,540,0,0
0.031900,2.06979,14.766,0.060,0.189,540,0,0
0.031920,2.07104,14.982,-0.018,0.037,540,0,0
0.031940,2.07230,15.270,-0.008,0.121,540,0,0
0.031960,2.07356,15.482,0.049,0.124,540,0,0
0.031980,2.07481,15.742,0.001,0.080,540,0,0
0.032000,2.07607,15.732,0.085,0.154,0,0,0
0.032020,2.07733,15.674,0.005,0.088,0,0,0
0.032040,2.07858,15.349,-0.024,0.150,0,0,0
0.032060,2.07984,15.371,0.029,0.070,0,0,0
0.032080,2.08110,15.244,0.049,0.105,0,0,0
0.032100,2.08235,15.055,-0.087,0.227,0,0,0
0.032120,2.08361,14.946,0.022,0.164,0,0,0
0.032140,2.08487,14.848,-0.013,0.109,0,0,0
0.032160,2.08612,14.678,-0.054,0.080,0,0,0
0.032180,2.08738,14.493,-0.002,0.145,0,0,0
0.032200,2.08864,14.433,0.001,0.116,0,0,0
0.032220,2.08989,14.292,0.010,0.141,0,0,0
0.032240,2.09115,14.137,0.007,0.190,0,0,0
0.032260,2.09241,14.021,0.021,0.178,0,0,0
0.032280,2.09366,14.328,-0.036,0.115,540,0,0
0.032300,2.09492,14.574,0.050,0.179,540,0,0
0.032320,2.09618,14.773,0.009,0.130,540,0,0
0.032340,2.09743,15.042,-0.035,0.165,540,0,0
0.032360,2.09869,15.299,-0.005,0.155,540,0,0
0.032380,2.09995,15.533,-0.099,0.097,540,0,0
0.032400,2.10120,15.738,-0.016,0.227,540,0,0
0.032420,2.10246,15.794,-0.015,0.082,0,0,0
0.032440,2.10372,15.703,-0.048,0.141,0,0,0
0.032460,2.10497,15.517,0.007,0.197,0,0,0
0.032480,2.10623,15.518,0.026,0.099,0,0,0
0.032500,2.10749,15.358,-0.084,0.127,0,0,0
0.032520,2.10874,15.272,0.006,0.169,0,0,0
0.032540,2.11000,15.150,0.001,0.046,0,0,0
0.032560,2.11125,15.089,0.030,0.090,0,0,0
0.032580,2.11251,14.930,0.012,0.136,0,0,0
0.032600,2.11377,14.886,-0.015,0.225,0,0,0
0.032620,2.11502,14.715,-0.058,0.097,0,0,0
0.032640,2.11628,14.695,-0.056,0.135,0,0,0
0.032660,2.11754,14.673,-0.128,0.104,0,0,0
0.032680,2.11879,14.547,-0.061,0.141,0,0,0
0.032700,2.12005,14.436,-0.036,0.114,0,0,0
0.032720,2.12131,14.286,0.138,0.128,0,0,0
0.032740,2.12256,14.216,-0.050,0.113,0,0,0
0.032760,2.12382,14.177,-0.085,0.047,0,0,0
0.032780,2.12508,14.200,-0.005,0.100,540,0,0
0.032800,2.12633,14.424,0.034,0.142,540,0,0
0.032820,2.12759,14.649,0.035,0.155,540,0,0
0.032840,2.12885,14.978,0.018,0.213,540,0,0
0.032860,2.13010,15.166,0.002,0.145,540,0,0
0.032880,2.13136,15.549,-0.034,0.070,540,0,0
0.032900,2.13262,15.739,-0.006,0.083,540,0,0
0.032920,2.13387,15.912,0.037,0.175,540,0,0
0.032940,2.13513,15.918,-0.038,0.147,0,0,0
0.032960,2.13639,15.845,-0.041,0.155,0,0,0
0.032980,2.13764,15.718,0.072,0.177,0,0,0
0.033000,2.13890,15.664,0.884,0.164,0,540,0
0.033020,2.14016,15.537,1.769,0.125,0,540,0
0.033040,2.14141,15.474,2.696,0.235,0,540,0
0.033060,2.14267,15.376,3.535,0.086,0,540,0
0.033080,2.14393,15.391,4.418,0.104,0,540,0
0.033100,2.14518,15.251,5.311,0.123,0,540,0
0.033120,2.14644,15.190,6.330,0.096,0,540,0
0.033140,2.14770,15.210,7.146,0.015,0,540,0
0.033160,2.14895,15.165,8.090,0.155,0,540,0
0.033180,2.15021,15.004,8.884,0.096,0,540,0
0.033200,2.15147,14.973,9.828,0.146,0,540,0
0.033220,2.15272,14.828,10.724,0.170,0,540,0
0.033240,2.15398,14.889,11.672,0.142,0,540,0
0.033260,2.15524,14.682,12.475,0.168,0,540,0
0.033280,2.15649,14.717,13.329,0.138,0,540,0
0.033300,2.15775,14.697,14.343,0.124,0,540,0
0.033320,2.15901,14.557,15.204,0.183,0,540,0
0.033340,2.16026,14.609,15.968,0.143,0,540,0
0.033360,2.16152,14.565,16.053,0.172,0,0,0
0.033380,2.16278,14.480,15.995,0.104,0,0,0
0.033400,2.16403,14.451,16.007,0.148,0,0,0
0.033420,2.16529,14.363,15.984,0.129,0,0,0
0.033440,2.16655,14.208,15.995,0.160,0,0,0
0.033460,2.16780,14.222,15.991,0.162,0,0,0
0.033480,2.16906,14.235,15.950,0.206,0,0,0
0.033500,2.17032,14.363,15.916,0.222,540,0,0
0.033520,2.17157,14.628,15.913,0.115,540,0,0
0.033540,2.17283,14.844,15.917,0.238,540,0,0
0.033560,2.17409,15.262,15.892,0.198,540,0,0
0.033580,2.17534,15.398,15.802,0.173,540,0,0
0.033600,2.17660,15.810,15.930,0.116,540,0,0
0.033620,2.17786,15.867,15.847,0.085,0,0,0
0.033640,2.17911,15.798,15.801,0.138,0,0,0
0.033660,2.18037,15.684,15.746,0.129,0,0,0
0.033680,2.18163,15.653,15.730,0.133,0,0,0
0.033700,2.18288,15.762,15.737,0.124,0,0,0
0.033720,2.18414,15.624,15.793,0.155,0,0,0
0.033740,2.18540,15.621,15.777,0.113,0,0,0
0.033760,2.18665,15.604,15.758,0.064,0,0,0
0.033780,2.18791,15.573,15.695,0.223,0,0,0
0.033800,2.18917,15.501,15.716,0.133,0,0,0
0.033820,2.19042,15.471,15.674,0.160,0,0,0
0.033840,2.19168,15.417,15.636,0.114,0,0,0
0.033860,2.19294,15.313,15.667,0.215,0,0,0
0.033880,2.19419,15.402,15.644,0.129,0,0,0
0.033900,2.19545,15.287,15.583,0.180,0,0,0
0.033920,2.19671,15.283,15.625,0.176,0,0,0
0.033940,2.19796,15.160,15.646,0.118,0,0,0
0.033960,2.19922,15.183,15.591,0.112,0,0,0
0.033980,2.20048,15.182,15.479,0.199,0,0,0
0.034000,2.20173,15.049,15.518,0.235,0,0,0
0.034020,2.20299,15.038,15.507,0.105,0,0,0
0.034040,2.20425,15.017,15.482,0.093,0,0,0
0.034060,2.20550,15.010,15.428,0.235,0,0,0
0.034080,2.20676,14.926,15.497,0.100,0,0,0
0.034100,2.20802,14.950,15.505,0.082,0,0,0
0.034120,2.20927,14.898,15.431,0.242,0,0,0
0.034140,2.21053,14.852,15.419,0.137,0,0,0
0.034160,2.21179,14.840,15.384,0.039,0,0,0
0.034180,2.21304,14.860,15.355,0.228,0,0,0
0.034200,2.21430,14.788,15.370,0.139,0,0,0
0.034220,2.21556,14.746,15.368,0.091,0,0,0
0.034240,2.21681,14.680,15.465,0.129,0,0,0
0.034260,2.21807,14.676,15.278,0.161,0,0,0
0.034280,2.21933,14.717,15.343,0.058,0,0,0
0.034300,2.22058,14.692,15.285,0.116,0,0,0
0.034320,2.22184,14.595,15.273,0.108,0,0,0
0.034340,2.22310,14.654,15.204,0.216,0,0,0
0.034360,2.22435,14.597,15.213,0.199,0,0,0
0.034380,2.22561,14.474,15.288,0.181,-540,0,0
0.034400,2.22687,14.031,15.097,0.240,-540,0,0
0.034420,2.22812,13.782,15.233,0.215,-540,0,0
0.034440,2.22938,13.537,15.115,0.198,-540,0,0
0.034460,2.23064,13.255,15.104,0.147,-540,0,0
0.034480,2.23189,13.002,15.132,0.149,-540,0,0
0.034500,2.23315,12.714,15.110,0.086,-540,0,0
0.034520,2.23441,12.421,15.169,0.191,-540,0,0
0.034540,2.23566,12.208,15.015,0.204,-540,0,0
0.034560,2.23692,11.938,15.080,0.242,-540,0,0
0.034580,2.23818,11.652,15.127,0.232,-540,0,0
0.034600,2.23943,11.286,14.907,0.156,-540,0,0
0.034620,2.24069,11.200,14.954,0.136,-540,0,0
0.034640,2.24195,10.912,14.960,0.235,-540,0,0
0.034660,2.24320,10.661,15.016,0.217,-540,0,0
0.034680,2.24446,10.429,14.922,0.215,-540,0,0
0.034700,2.24572,10.231,15.064,0.214,-540,0,0
0.034720,2.24697,9.991,14.962,0.194,-540,0,0
0.034740,2.24823,9.919,14.923,0.144,-540,0,0
0.034760,2.24949,9.646,14.826,0.200,-540,0,0
0.034780,2.25074,9.362,14.984,0.116,-540,0,0
0.034800,2.25200,9.195,14.840,0.139,-540,0,0
0.034820,2.25325,8.942,14.790,0.077,-540,0,0
0.034840,2.25451,8.848,14.842,0.247,-540,0,0
0.034860,2.25577,8.625,14.790,0.109,-540,0,0
0.034880,2.25702,8.428,14.753,0.221,-540,0,0
0.034900,2.25828,8.200,14.752,0.245,-540,0,0
0.034920,2.25954,7.919,14.819,0.245,-540,0,0
0.034940,2.26079,7.816,14.768,0.131,-540,0,0
0.034960,2.26205,7.598,14.630,0.215,-540,0,0
0.034980,2.26331,7.468,14.690,0.085,-540,0,0
0.035000,2.26456,7.337,14.618,0.221,-540,0,0
0.035020,2.26582,7.113,14.684,0.220,-540,0,0
0.035040,2.26708,6.952,14.604,0.225,-540,0,0
0.035060,2.26833,6.815,14.689,0.223,-540,0,0
0.035080,2.26959,6.564,14.530,0.271,-540,0,0
0.035100,2.27085,6.531,14.582,0.188,-540,0,0
0.035120,2.27210,6.344,14.536,0.147,-540,0,0
0.035140,2.27336,6.137,14.497,0.188,-540,0,0
0.035160,2.27462,5.903,14.425,0.178,-540,0,0
0.035180,2.27587,5.820,14.473,0.249,-540,0,0
0.035200,2.27713,5.593,14.398,0.133,-540,0,0
0.035220,2.27839,5.566,14.423,0.153,-540,0,0
0.035240,2.27964,5.445,14.429,0.156,-540,0,0
0.035260,2.28090,5.233,14.270,0.146,-540,0,0
0.035280,2.28216,5.122,14.292,0.126,-540,0,0
0.035300,2.28341,4.986,14.302,0.066,-540,0,0
0.035320,2.28467,4.766,14.342,0.167,-540,0,0
0.035340,2.28593,4.636,14.207,0.082,-540,0,0
0.035360,2.28718,4.616,14.191,0.077,-540,0,0
0.035380,2.28844,4.433,14.623,0.251,-540,540,0
0.035400,2.28970,4.333,15.450,0.149,-540,540,0
0.035420,2.29095,4.191,15.947,0.138,-540,0,0
0.035440,2.29221,4.019,15.854,0.141,-540,0,0
0.035460,2.29347,3.871,15.810,0.131,-540,0,0
0.035480,2.29472,3.739,15.787,0.166,-540,0,0
0.035500,2.29598,3.656,15.802,0.100,-540,0,0
0.035520,2.29724,3.607,15.754,0.064,-540,0,0
0.035540,2.29849,3.353,15.733,0.123,-540,0,0
0.035560,2.29975,3.310,15.681,0.212,-540,0,0
0.035580,2.30101,3.099,15.725,0.180,-540,0,0
0.035600,2.30226,2.998,15.605,0.224,-540,0,0
0.035620,2.30352,2.946,15.549,0.212,-540,0,0
0.035640,2.30478,2.760,15.636,0.050,-540,0,0
0.035660,2.30603,2.672,15.501,0.149,-540,0,0
0.035680,2.30729,2.616,15.446,0.226,-540,0,0
0.035700,2.30855,2.446,15.414,0.209,-540,0,0
0.035720,2.30980,2.369,15.404,0.197,-540,0,0
0.035740,2.31106,2.216,15.315,0.181,-540,0,0
0.035760,2.31232,2.241,15.296,0.212,-540,0,0
0.035780,2.31357,2.056,15.195,0.205,-540,0,0
0.035800,2.31483,1.940,15.245,0.292,-540,0,0
0.035820,2.31609,1.855,15.258,0.221,-540,0,0
0.035840,2.31734,1.737,15.146,0.196,-540,0,0
0.035860,2.31860,1.512,15.110,0.103,-540,0,0
0.035880,2.31986,1.520,15.132,0.178,-540,0,0
0.035900,2.32111,1.368,15.071,0.182,-540,0,0
0.035920,2.32237,1.263,14.970,0.140,-540,0,0
0.035940,2.32363,1.146,14.889,0.244,-540,0,0
0.035960,2.32488,1.112,14.861,0.050,-540,0,0
0.035980,2.32614,0.970,14.782,0.108,-540,0,0
0.036000,2.32740,0.813,14.782,0.270,-540,0,0
0.036020,2.32865,0.733,14.724,0.110,-540,0,0
0.036040,2.32991,0.651,14.686,0.153,-540,0,0
0.036060,2.33117,0.655,14.637,0.217,-540,0,0
0.036080,2.33242,0.614,14.648,0.179,-540,0,0
0.036100,2.33368,0.322,14.644,0.182,-540,0,0
0.036120,2.33494,0.343,14.505,0.186,-540,0,0
0.036140,2.33619,0.226,14.367,0.301,-540,0,0
0.036160,2.33745,0.295,14.420,0.208,0,0,0
0.036180,2.33871,0.171,14.359,0.256,0,0,0
0.036200,2.33996,0.276,14.250,0.271,0,0,0
0.036220,2.34122,0.170,14.260,0.178,0,0,0
0.036240,2.34248,0.200,14.194,0.267,0,0,0
0.036260,2.34373,0.180,14.967,0.262,0,540,0
0.036280,2.34499,0.187,15.836,0.308,0,540,0
0.036300,2.34625,0.247,16.173,0.247,0,0,0
0.036320,2.34750,0.240,16.146,0.265,0,0,0
0.036340,2.34876,0.211,16.064,0.189,0,0,0
0.036360,2.35002,0.132,16.110,0.206,0,0,0
0.036380,2.35127,0.194,15.881,0.252,0,0,0
0.036400,2.35253,0.201,15.792,0.309,0,0,0
0.036420,2.35379,0.116,15.846,0.233,0,0,0
0.036440,2.35504,0.225,15.743,0.114,0,0,0
0.036460,2.35630,0.242,15.710,0.104,0,0,0
0.036480,2.35756,0.098,15.658,0.092,-540,0,0
0.036500,2.35881,0.033,15.504,0.109,0,0,0
0.036520,2.36007,0.107,15.451,0.167,0,0,0
0.036540,2.36133,0.086,15.387,0.249,0,0,0
0.036560,2.36258,0.161,15.363,0.081,0,0,0
0.036580,2.36384,0.131,15.303,0.068,0,0,0
0.036600,2.36510,0.156,15.196,0.115,0,0,0
0.036620,2.36635,0.098,15.106,0.030,0,0,0
0.036640,2.36761,0.071,14.954,0.104,0,0,0
0.036660,2.36887,0.113,14.830,0.118,0,0,0
0.036680,2.37012,0.111,14.841,0.114,0,0,0
0.036700,2.37138,0.125,14.788,0.064,0,0,0
0.036720,2.37264,0.137,14.744,0.077,0,0,0
0.036740,2.37389,0.186,14.554,0.042,0,0,0
0.036760,2.37515,0.162,14.562,0.093,0,0,0
0.036780,2.37641,0.185,14.447,0.175,0,0,0
0.036800,2.37766,0.196,14.340,0.110,0,0,0
0.036820,2.37892,0.162,14.224,0.155,0,0,0
0.036840,2.38018,0.089,14.513,0.072,0,540,0
0.036860,2.38143,0.031,15.270,0.124,0,540,0
0.036880,2.38269,0.084,16.079,0.137,0,540,0
0.036900,2.38395,0.019,15.970,0.092,0,0,0
0.036920,2.38520,0.163,15.927,0.016,0,0,0
0.036940,2.38646,0.100,15.713,0.129,0,0,0
0.036960,2.38772,0.194,15.636,0.028,0,0,0
0.036980,2.38897,0.099,15.625,0.140,0,0,0
0.037000,2.39023,0.198,15.459,0.227,0,0,0
0.037020,2.39149,0.169,15.314,0.155,0,0,0
0.037040,2.39274,0.036,15.275,0.159,0,0,0
0.037060,2.39400,0.047,15.134,0.083,0,0,0
0.037080,2.39525,0.171,15.087,0.254,0,0,0
0.037100,2.39651,0.143,14.982,0.175,0,0,0
0.037120,2.39777,0.137,14.919,0.135,0,0,0
0.037140,2.39902,0.078,14.769,0.198,0,0,0
0.037160,2.40028,0.164,14.647,0.082,0,0,0
0.037180,2.40154,0.149,14.538,0.174,0,0,0
0.037200,2.40279,0.179,14.373,0.101,0,0,0
0.037220,2.40405,0.131,14.315,0.138,0,0,0
0.037240,2.40531,0.196,14.131,0.180,0,0,0
0.037260,2.40656,0.017,14.417,0.111,0,540,0
0.037280,2.40782,0.248,15.066,0.238,0,540,0
0.037300,2.40908,0.076,15.826,0.189,0,540,0
0.037320,2.41033,0.057,16.001,0.108,0,0,0
0.037340,2.41159,0.105,15.955,0.159,0,0,0
0.037360,2.41285,0.047,15.683,0.149,0,0,0
0.037380,2.41410,0.115,15.540,0.222,0,0,0
0.037400,2.41536,0.156,15.572,0.192,0,0,0
0.037420,2.41662,0.176,15.366,0.162,0,0,0
0.037440,2.41787,0.162,15.223,0.215,0,0,0
0.037460,2.41913,0.158,15.097,0.125,0,0,0
0.037480,2.42039,0.147,14.961,0.286,0,0,0
0.037500,2.42164,0.125,14.878,0.120,0,0,0
0.037520,2.42290,0.154,14.695,0.185,0,0,0
0.037540,2.42416,0.147,14.665,0.188,0,0,0
0.037560,2.42541,0.171,14.379,0.228,0,0,0
0.037580,2.42667,0.097,14.270,0.012,0,0,-540
0.037600,2.42793,0.181,14.173,0.015,0,0,0
0.037620,2.42918,0.257,14.745,-0.050,0,540,0
0.037640,2.43044,0.124,15.464,-0.009,0,540,0
0.037660,2.43170,0.104,15.935,0.112,0,540,0
0.037680,2.43295,0.255,15.791,0.037,0,0,0
0.037700,2.43421,0.117,15.653,0.090,0,0,0
0.037720,2.43547,0.112,15.532,0.014,0,0,0
0.037740,2.43672,0.072,15.367,0.010,0,0,0
0.037760,2.43798,0.212,15.098,0.037,0,0,0
0.037780,2.43924,0.083,15.053,0.009,0,0,0
0.037800,2.44049,0.100,14.819,0.009,0,0,0
0.037820,2.44175,0.095,14.724,-0.005,0,0,0
0.037840,2.44301,0.148,14.562,-0.029,0,0,0
0.037860,2.44426,0.124,14.387,0.006,0,0,0
0.037880,2.44552,0.221,14.269,0.047,0,0,0
0.037900,2.44678,0.133,14.427,0.001,0,540,0
0.037920,2.44803,0.161,14.915,0.081,0,540,0
0.037940,2.44929,0.031,15.416,0.007,0,540,0
0.037960,2.45055,0.080,15.959,0.083,0,540,0
0.037980,2.45180,0.133,15.845,-0.016,0,0,0
0.038000,2.45306,0.140,15.711,0.063,0,0,0
0.038020,2.45432,0.146,15.594,-0.033,0,0,0
0.038040,2.45557,0.097,15.219,-0.028,0,0,0
0.038060,2.45683,0.231,15.113,-0.005,0,0,0
0.038080,2.45809,0.148,14.784,-0.013,0,0,0
0.038100,2.45934,0.140,14.692,0.000,0,0,0
0.038120,2.46060,0.187,14.674,0.084,0,0,0
0.038140,2.46186,0.080,14.455,-0.001,0,0,0
0.038160,2.46311,0.147,14.329,0.027,0,0,0
0.038180,2.46437,0.081,14.037,-0.011,0,0,0
0.038200,2.46563,0.233,14.578,0.005,0,540,0
0.038220,2.46688,0.115,14.924,-0.012,0,540,0
0.038240,2.46814,0.118,15.506,0.144,0,540,0
0.038260,2.46940,0.172,15.954,-0.017,0,540,0
0.038280,2.47065,0.087,15.733,-0.011,0,0,0
0.038300,2.47191,0.113,15.505,0.026,0,0,0
0.038320,2.47317,0.158,15.360,-0.022,0,0,0
0.038340,2.47442,0.136,15.132,-0.052,0,0,0
0.038360,2.47568,0.199,14.965,0.001,0,0,0
0.038380,2.47694,0.184,14.800,0.091,0,0,0
0.038400,2.47819,0.042,14.506,0.023,0,0,0
0.038420,2.47945,0.147,14.322,-0.050,0,0,0
0.038440,2.48071,0.147,14.155,-0.051,0,0,0
0.038460,2.48196,0.072,14.278,0.009,0,540,0
0.038480,2.48322,0.119,14.833,-0.123,0,540,0
0.038500,2.48448,0.198,15.169,-0.056,0,540,0
0.038520,2.48573,0.097,15.505,0.064,0,540,0
0.038540,2.48699,0.195,15.919,0.017,0,540,0
0.038560,2.48825,0.153,15.750,-0.017,0,0,0
0.038580,2.48950,0.101,15.612,-0.063,0,0,0
0.038600,2.49076,0.205,15.396,0.017,0,0,0
0.038620,2.49202,0.091,15.164,0.089,0,0,0
0.038640,2.49327,0.165,14.965,-0.053,0,0,0
0.038660,2.49453,0.168,14.768,0.038,0,0,0
0.038680,2.49579,0.149,14.569,0.026,0,0,0
0.038700,2.49704,0.097,14.321,0.008,0,0,0
0.038720,2.49830,0.204,14.125,-0.050,0,0,0
0.038740,2.49956,0.175,14.602,0.062,0,540,0
0.038760,2.50081,0.139,14.956,-0.038,0,540,0
0.038780,2.50207,0.063,15.318,-0.059,0,540,0
0.038800,2.50333,0.105,15.581,-0.018,0,540,0
0.038820,2.50458,0.084,15.909,-0.069,0,540,0
0.038840,2.50584,0.151,15.810,-0.037,0,0,0
0.038860,2.50710,0.148,15.516,0.079,0,0,0
0.038880,2.50835,0.100,15.272,0.027,0,0,0
0.038900,2.50961,0.174,15.067,-0.012,0,0,0
0.038920,2.51087,0.105,14.867,0.086,0,0,0
0.038940,2.51212,0.087,14.768,0.018,0,0,0
0.038960,2.51338,0.170,14.532,0.003,0,0,0
0.038980,2.51464,0.133,14.477,0.022,0,0,0
0.039000,2.51589,0.134,14.197,-0.033,0,0,0
0.039020,2.51715,0.176,14.301,-0.087,0,540,0
0.039040,2.51841,0.101,14.517,-0.099,0,540,0
0.039060,2.51966,0.172,14.806,0.088,0,540,0
0.039080,2.52092,0.103,15.262,-0.052,0,540,0
0.039100,2.52218,0.099,15.469,0.009,0,540,0
0.039120,2.52343,0.119,15.770,0.018,0,540,0
0.039140,2.52469,0.173,15.822,0.007,0,0,0
0.039160,2.52595,0.118,15.628,0.059,0,0,0
0.039180,2.52720,0.138,15.441,-0.032,0,0,0
0.039200,2.52846,0.132,15.134,0.082,0,0,0
0.039220,2.52972,0.184,14.979,-0.015,0,0,0
0.039240,2.53097,0.156,14.859,-0.020,0,0,0
0.039260,2.53223,0.121,14.581,-0.005,0,0,0
0.039280,2.53349,0.120,14.465,0.035,0,0,0
0.039300,2.53474,0.136,14.367,-0.004,0,0,0
0.039320,2.53600,0.219,14.058,0.078,0,0,0
0.039340,2.53725,0.148,14.386,-0.024,0,540,0
0.039360,2.53851,0.096,14.729,-0.032,0,540,0
0.039380,2.53977,0.113,14.944,0.013,0,540,0
0.039400,2.54102,0.068,15.219,0.024,0,540,0
0.039420,2.54228,0.181,15.450,0.002,0,540,0
0.039440,2.54354,0.130,15.789,0.032,0,540,0
0.039460,2.54479,0.121,15.600,-0.029,0,0,0
0.039480,2.54605,0.174,15.398,-0.024,0,0,0
0.039500,2.54731,0.173,15.174,0.018,0,0,0
0.039520,2.54856,0.149,14.992,-0.017,0,0,0
0.039540,2.54982,0.150,14.743,-0.021,0,0,0
0.039560,2.55108,0.159,14.689,-0.003,0,0,0
0.039580,2.55233,0.194,14.486,0.006,0,0,0
0.039600,2.55359,0.228,14.310,-0.009,0,0,0
0.039620,2.55485,0.178,14.371,-0.111,0,540,0
0.039640,2.55610,0.039,14.569,-0.015,0,540,0
0.039660,2.55736,0.165,14.823,-0.049,0,540,0
0.039680,2.55862,0.141,15.026,0.024,0,540,0
0.039700,2.55987,0.159,15.362,-0.028,0,540,0
0.039720,2.56113,0.222,15.585,-0.012,0,540,0
0.039740,2.56239,0.111,15.731,0.047,0,540,0
0.039760,2.56364,0.104,15.720,0.079,0,0,0
0.039780,2.56490,0.149,15.401,0.014,0,0,0
0.039800,2.56616,0.171,15.294,-0.016,0,0,0
0.039820,2.56741,0.159,15.150,-0.112,0,0,0
0.039840,2.56867,0.176,14.991,-0.045,0,0,0
0.039860,2.56993,0.160,14.747,-0.065,0,0,0
0.039880,2.57118,0.121,14.595,-0.043,0,0,0
0.039900,2.57244,0.038,14.452,-0.023,0,0,0
0.039920,2.57370,0.144,14.357,-0.011,0,0,0
0.039940,2.57495,0.144,14.271,0.001,0,0,0
0.039960,2.57621,0.125,14.463,-0.020,0,540,0
0.039980,2.57747,0.101,14.588,0.019,0,540,0
0.040000,2.57872,0.156,14.977,-0.096,0,540,0
0.040020,2.57998,0.142,15.100,0.009,0,540,0
0.040040,2.58124,0.083,15.323,-0.024,0,540,0
0.040060,2.58249,0.128,15.607,0.066,0,540,0
0.040080,2.58375,0.186,15.769,0.097,0,540,0
0.040100,2.58501,0.206,15.720,-0.048,0,0,0
0.040120,2.58626,0.189,15.452,-0.018,0,0,0
0.040140,2.58752,0.170,15.394,-0.089,0,0,0
0.040160,2.58878,0.123,15.214,-0.050,0,0,0
0.040180,2.59003,0.136,15.089,0.010,0,0,0
0.040200,2.59129,0.166,14.983,0.064,0,0,0
0.040220,2.59255,0.108,14.783,0.020,0,0,0
0.040240,2.59380,0.140,14.582,0.025,0,0,0
0.040260,2.59506,0.131,14.582,-0.023,0,0,0
0.040280,2.59632,0.110,14.344,-0.004,0,0,0
0.040300,2.59757,0.052,14.228,-0.017,0,0,0
0.040320,2.59883,0.189,14.431,-0.036,0,540,0
0.040340,2.60009,0.127,14.615,-0.010,0,540,0
0.040360,2.60134,0.151,14.942,-0.037,0,540,0
0.040380,2.60260,0.042,15.170,0.053,0,540,0
0.040400,2.60386,0.105,15.265,0.073,0,540,0
0.040420,2.60511,0.070,15.605,-0.016,0,540,0
0.040440,2.60637,0.017,15.709,0.021,0,0,0
0.040460,2.60763,0.148,15.538,0.036,0,0,0
0.040480,2.60888,0.090,15.515,0.063,0,0,0
0.040500,2.61014,0.184,15.288,-0.150,0,0,0
0.040520,2.61140,0.146,15.190,0.008,0,0,0
0.040540,2.61265,0.111,15.118,-0.042,0,0,0
0.040560,2.61391,0.073,14.873,-0.027,0,0,0
0.040580,2.61517,0.174,14.871,-0.032,0,0,0
0.040600,2.61642,0.141,14.634,-0.079,0,0,0
0.040620,2.61768,0.101,14.625,-0.044,0,0,0
0.040640,2.61894,0.132,14.458,0.003,0,0,0
0.040660,2.62019,0.103,14.341,0.039,0,0,0
0.040680,2.62145,0.191,14.282,-0.008,0,0,0
0.040700,2.62271,0.186,14.304,-0.057,0,540,0
0.040720,2.62396,0.128,14.554,0.005,0,540,0
0.040740,2.62522,0.146,14.755,0.026,0,540,0
0.040760,2.62648,0.230,15.045,0.071,0,540,0
0.040780,2.62773,0.099,15.246,0.014,0,540,0
0.040800,2.62899,0.256,15.647,-0.039,0,540,0
0.040820,2.63025,0.155,15.806,-0.091,0,540,0
0.040840,2.63150,0.129,15.889,-0.040,0,0,0
0.040860,2.63276,0.177,15.779,-0.044,0,0,0
0.040880,2.63402,0.088,15.659,-0.017,0,0,0
0.040900,2.63527,0.115,15.504,0.040,0,0,0
0.040920,2.63653,0.160,15.438,0.059,0,0,0
0.040940,2.63779,0.153,15.295,-0.088,0,0,0
0.040960,2.63904,0.194,15.215,0.017,0,0,0
0.040980,2.64030,0.179,15.130,0.084,0,0,0
0.041000,2.64156,0.119,15.041,0.094,0,0,0
0.041020,2.64281,0.122,14.874,0.018,0,0,0
0.041040,2.64407,0.168,14.858,-0.053,0,0,0
0.041060,2.64533,0.185,14.858,-0.025,0,0,0
0.041080,2.64658,0.170,14.627,0.014,0,0,0
0.041100,2.64784,0.204,14.523,0.070,0,0,0
0.041120,2.64910,0.065,14.551,-0.000,0,0,0
0.041140,2.65035,0.157,14.545,0.098,0,0,0
0.041160,2.65161,0.120,14.388,-0.021,0,0,0
0.041180,2.65287,0.165,14.266,-0.085,0,0,0
0.041200,2.65412,0.118,14.263,-0.075,0,0,0
0.041220,2.65538,0.160,14.463,-0.010,0,540,0
0.041240,2.65664,0.115,14.667,0.033,0,540,0
0.041260,2.65789,0.068,14.961,-0.058,0,540,0
0.041280,2.65915,0.223,15.094,0.083,0,540,0
0.041300,2.66041,0.184,15.441,-0.013,0,540,0
0.041320,2.66166,0.135,15.721,0.439,0,540,540
0.041340,2.66292,0.139,15.796,1.338,0,0,540
0.041360,2.66418,0.121,15.794,2.284,0,0,540
0.041380,2.66543,0.185,15.602,3.069,0,0,540
0.041400,2.66669,0.041,15.628,3.991,0,0,540
0.041420,2.66795,0.171,15.472,4.914,0,0,540
0.041440,2.66920,0.058,15.376,5.756,0,0,540
0.041460,2.67046,0.161,15.417,6.713,0,0,540
0.041480,2.67172,0.202,15.237,7.662,0,0,540
0.041500,2.67297,0.176,15.131,8.497,0,0,540
0.041520,2.67423,0.181,15.127,9.430,0,0,540
0.041540,2.67549,0.167,15.082,10.237,0,0,540
0.041560,2.67674,0.143,15.036,11.203,0,0,540
0.041580,2.67800,0.174,15.033,12.071,0,0,540
0.041600,2.67925,0.086,14.905,12.978,0,0,540
0.041620,2.68051,0.131,14.839,13.850,0,0,540
0.041640,2.68177,0.126,14.862,14.730,0,0,540
0.041660,2.68302,0.167,14.693,15.616,0,0,540
0.041680,2.68428,0.137,14.704,15.949,0,0,0
0.041700,2.68554,0.242,14.569,16.051,0,0,0
0.041720,2.68679,0.178,14.534,15.973,0,0,0
0.041740,2.68805,0.159,14.483,15.959,0,0,0
0.041760,2.68931,0.168,14.464,15.946,0,0,0
0.041780,2.69056,0.106,14.401,15.897,0,0,0
0.041800,2.69182,0.174,14.417,15.952,0,0,0
0.041820,2.69308,0.118,14.362,15.996,0,0,0
0.041840,2.69433,0.121,14.229,15.931,0,0,0
0.041860,2.69559,0.224,14.273,15.935,0,0,0
0.041880,2.69685,0.169,14.418,15.944,0,540,0
0.041900,2.69810,0.102,14.781,15.911,0,540,0
0.041920,2.69936,0.101,14.911,15.779,0,540,0
0.041940,2.70062,0.166,15.250,15.865,0,540,0
0.041960,2.70187,0.084,15.506,15.771,0,540,0
0.041980,2.70313,0.087,15.769,15.728,0,540,0
0.042000,2.70439,0.104,15.871,15.703,0,0,0
0.042020,2.70564,0.147,15.896,15.829,0,0,0
0.042040,2.70690,0.215,15.856,15.756,0,0,0
0.042060,2.70816,0.246,15.798,15.701,0,0,0
0.042080,2.70941,0.128,15.762,15.740,0,0,0
0.042100,2.71067,0.122,15.662,15.704,0,0,0
0.042120,2.71193,0.116,15.596,15.704,0,0,0
0.042140,2.71318,0.191,15.579,15.628,0,0,0
0.042160,2.71444,0.046,15.546,15.664,0,0,0
0.042180,2.71570,0.156,15.471,15.705,0,0,0
0.042200,2.71695,0.176,15.494,15.641,0,0,0
0.042220,2.71821,0.038,15.474,15.541,0,0,0
0.042240,2.71947,0.163,15.404,15.633,0,0,0
0.042260,2.72072,0.165,15.338,15.552,0,0,0
0.042280,2.72198,0.098,15.302,15.593,0,0,0
0.042300,2.72324,0.157,15.312,15.566,0,0,0
0.042320,2.72449,0.177,15.272,15.585,0,0,0
0.042340,2.72575,0.048,15.307,15.388,0,0,0
0.042360,2.72701,0.106,15.198,15.522,0,0,0
0.042380,2.72826,0.170,15.190,15.450,0,0,0
0.042400,2.72952,0.160,15.093,15.461,0,0,0
0.042420,2.73078,0.070,15.035,15.407,0,0,0
0.042440,2.73203,0.165,15.112,15.477,0,0,0
0.042460,2.73329,0.256,14.985,15.438,0,0,0
0.042480,2.73455,0.144,15.007,15.399,0,0,0
0.042500,2.73580,0.069,14.998,15.400,0,0,0
0.042520,2.73706,0.215,14.970,15.298,0,0,0
0.042540,2.73832,0.057,14.948,15.372,0,0,0
0.042560,2.73957,0.148,14.936,15.273,0,0,0
0.042580,2.74083,0.078,14.847,15.443,0,0,0
0.042600,2.74209,0.101,14.892,15.341,0,0,0
0.042620,2.74334,0.195,14.945,15.334,0,0,0
0.042640,2.74460,0.200,14.753,15.238,0,0,0
0.042660,2.74586,0.165,14.782,15.304,0,0,0
0.042680,2.74711,0.225,14.823,15.215,0,0,0
0.042700,2.74837,0.228,14.629,15.183,0,0,0
0.042720,2.74963,0.166,14.409,15.196,0,-540,0
0.042740,2.75088,0.202,14.196,15.119,0,-540,0
0.042760,2.75214,0.233,13.828,15.116,0,-540,0
0.042780,2.75340,0.134,13.500,15.161,0,-540,0
0.042800,2.75465,0.185,13.220,15.146,0,-540,0
0.042820,2.75591,0.129,12.923,15.135,0,-540,0
0.042840,2.75717,0.166,12.717,15.128,0,-540,0
0.042860,2.75842,0.079,12.375,15.070,0,-540,0
0.042880,2.75968,0.149,12.233,15.073,0,-540,0
0.042900,2.76094,0.245,11.923,15.084,0,-540,0
0.042920,2.76219,0.239,11.625,14.981,0,-540,0
0.042940,2.76345,0.178,11.375,15.151,0,-540,0
0.042960,2.76471,0.188,11.081,14.919,0,-540,0
0.042980,2.76596,0.175,10.900,14.979,0,-540,0
0.043000,2.76722,0.209,10.587,14.942,0,-540,0
0.043020,2.76848,0.152,10.503,14.854,0,-540,0
0.043040,2.76973,0.194,10.182,14.940,0,-540,0
0.043060,2.77099,0.230,9.875,14.794,0,-540,0
0.043080,2.77225,0.104,9.799,14.834,0,-540,0
0.043100,2.77350,0.143,9.614,14.827,0,-540,0
0.043120,2.77476,0.237,9.325,14.829,0,-540,0
0.043140,2.77602,0.212,9.167,14.767,0,-540,0
0.043160,2.77727,0.256,8.885,14.848,0,-540,0
0.043180,2.77853,0.187,8.748,14.756,0,-540,0
0.043200,2.77979,0.211,8.583,14.765,0,-540,0
0.043220,2.78104,0.264,8.311,14.775,0,-540,0
0.043240,2.78230,0.346,8.208,14.749,0,-540,0
0.043260,2.78356,0.099,8.078,14.691,0,-540,0
0.043280,2.78481,0.078,7.851,14.743,0,-540,0
0.043300,2.78607,0.137,7.682,14.612,0,-540,0
0.043320,2.78733,0.147,7.510,14.542,0,-540,0
0.043340,2.78858,0.085,7.284,14.610,0,-540,0
0.043360,2.78984,-0.021,7.110,14.563,0,-540,0
0.043380,2.79110,0.137,6.904,14.568,0,-540,0
0.043400,2.79235,0.061,6.775,14.512,0,-540,0
0.043420,2.79361,0.095,6.623,14.484,0,-540,0
0.043440,2.79487,0.086,6.517,14.539,0,-540,0
0.043460,2.79612,0.120,6.189,14.483,0,-540,0
0.043480,2.79738,0.216,6.128,14.427,0,-540,0
0.043500,2.79864,0.184,5.956,14.529,0,-540,0
0.043520,2.79989,0.159,5.907,14.438,0,-540,0
0.043540,2.80115,0.237,5.712,14.517,0,-540,0
0.043560,2.80241,0.109,5.539,14.348,0,-540,0
0.043580,2.80366,0.132,5.384,14.365,0,-540,0
0.043600,2.80492,0.169,5.330,14.346,0,-540,0
0.043620,2.80618,0.181,5.090,14.363,0,-540,0
0.043640,2.80743,0.183,4.852,14.237,0,-540,0
0.043660,2.80869,0.200,4.837,14.293,0,-540,0
0.043680,2.80995,0.175,4.766,14.244,0,-540,0
0.043700,2.81120,0.132,4.533,14.685,0,-540,540
0.043720,2.81246,0.197,4.455,15.468,0,-540,540
0.043740,2.81372,0.147,4.249,15.873,0,-540,0
0.043760,2.81497,0.099,4.174,15.950,0,-540,0
0.043780,2.81623,0.178,4.063,15.820,0,-540,0
0.043800,2.81749,0.156,3.858,15.890,0,-540,0
0.043820,2.81874,0.195,3.797,15.720,0,-540,0
0.043840,2.82000,0.237,3.620,15.744,0,-540,0
0.043860,2.82125,0.147,3.546,15.676,0,-540,0
0.043880,2.82251,0.100,3.434,15.660,0,-540,0
0.043900,2.82377,0.140,3.221,15.609,0,-540,0
0.043920,2.82502,0.300,3.140,15.622,0,-540,0
0.043940,2.82628,0.208,2.960,15.559,0,-540,0
0.043960,2.82754,0.187,2.940,15.638,0,-540,0
0.043980,2.82879,0.171,2.726,15.479,0,-540,0
0.044000,2.83005,0.189,2.702,15.513,0,-540,0
0.044020,2.83131,0.206,2.584,15.412,0,-540,0
0.044040,2.83256,0.169,2.405,15.406,0,-540,0
0.044060,2.83382,0.155,2.349,15.378,0,-540,0
0.044080,2.83508,0.186,2.215,15.316,0,-540,0
0.044100,2.83633,0.278,2.077,15.273,0,-540,0
0.044120,2.83759,0.160,2.039,15.323,0,-540,0
0.044140,2.83885,0.118,1.865,15.248,0,-540,0
0.044160,2.84010,0.177,1.807,15.182,0,-540,0
0.044180,2.84136,0.136,1.616,15.118,0,-540,0
0.044200,2.84262,0.184,1.616,15.107,0,-540,0
0.044220,2.84387,0.177,1.477,15.150,0,-540,0
0.044240,2.84513,0.142,1.313,15.072,0,-540,0
0.044260,2.84639,0.148,1.291,14.921,-540,-540,0
0.044280,2.84764,0.093,1.258,15.029,0,-540,0
0.044300,2.84890,0.069,1.139,14.906,0,-540,0
0.044320,2.85016,0.074,0.955,14.837,0,-540,0
0.044340,2.85141,0.075,0.921,14.774,0,-540,0
0.044360,2.85267,0.001,0.794,14.695,0,-540,0
0.044380,2.85393,0.024,0.610,14.688,0,-540,0
0.044400,2.85518,0.049,0.572,14.708,0,-540,0
0.044420,2.85644,0.086,0.452,14.614,0,-540,0
0.044440,2.85770,0.124,0.433,14.589,0,-540,0
0.044460,2.85895,0.088,0.231,14.525,0,-540,0
0.044480,2.86021,0.134,0.336,14.440,0,-540,0
0.044500,2.86147,0.164,0.295,14.363,0,0,0
0.044520,2.86272,0.132,0.230,14.341,0,0,0
0.044540,2.86398,0.105,0.209,14.334,0,-540,0
0.044560,2.86524,0.067,0.233,14.659,0,0,540
0.044580,2.86649,0.172,0.244,15.443,0,0,540
0.044600,2.86775,0.122,0.176,15.912,0,0,0
0.044620,2.86901,0.270,0.150,15.793,0,0,0
0.044640,2.87026,0.082,0.241,15.744,0,0,0
0.044660,2.87152,0.137,0.147,15.708,0,0,0
0.044680,2.87278,0.078,0.333,15.605,0,0,0
0.044700,2.87403,0.097,0.316,15.583,0,0,0
0.044720,2.87529,0.092,0.199,15.493,0,0,0
0.044740,2.87655,0.034,0.300,15.386,0,0,0
0.044760,2.87780,0.159,0.243,15.340,0,0,0
0.044780,2.87906,0.092,0.263,15.290,0,0,0
0.044800,2.88032,0.170,0.204,15.195,0,-540,0
0.044820,2.88157,0.071,0.156,15.173,0,0,0
0.044840,2.88283,0.118,0.155,15.102,0,0,0
0.044860,2.88409,0.123,0.215,15.052,0,0,0
0.044880,2.88534,0.158,0.186,14.903,0,0,0
0.044900,2.88660,0.311,0.169,14.812,0,0,0
0.044920,2.88786,0.040,0.200,14.825,0,0,0
0.044940,2.88911,0.108,0.241,14.700,0,0,0
0.044960,2.89037,0.057,0.243,14.706,0,0,0
0.044980,2.89163,0.108,0.174,14.505,0,0,0
0.045000,2.89288,0.134,0.199,14.503,0,0,0
0.045020,2.89414,0.076,0.138,14.365,0,0,0
0.045040,2.89540,0.104,0.107,14.443,0,0,0
0.045060,2.89665,0.034,0.113,14.306,0,0,0
0.045080,2.89791,0.096,0.248,14.618,0,0,540
0.045100,2.89917,0.121,0.129,15.352,0,0,540
0.045120,2.90042,0.108,0.153,16.036,0,0,540
0.045140,2.90168,0.128,0.235,16.013,0,0,0
0.045160,2.90294,0.250,0.147,15.937,0,0,0
0.045180,2.90419,0.062,0.180,15.753,0,0,0
0.045200,2.90545,0.167,0.087,15.702,0,0,0
0.045220,2.90671,0.133,0.159,15.716,0,0,0
0.045240,2.90796,0.212,0.168,15.516,0,0,0
0.045260,2.90922,0.082,0.152,15.398,0,0,0
0.045280,2.91048,0.202,0.188,15.364,0,0,0
0.045300,2.91173,0.114,0.130,15.242,0,0,0
0.045320,2.91299,0.134,0.231,14.984,0,0,0
0.045340,2.91425,0.255,0.076,14.985,0,0,0
0.045360,2.91550,0.235,0.230,14.952,0,0,0
0.045380,2.91676,0.201,0.103,14.902,0,0,0
0.045400,2.91802,0.178,0.218,14.742,0,0,0
0.045420,2.91927,0.120,0.189,14.740,0,0,0
0.045440,2.92053,0.247,0.122,14.462,0,0,0
0.045460,2.92179,0.173,0.193,14.450,0,0,0
0.045480,2.92304,0.107,0.181,14.317,0,0,0
0.045500,2.92430,0.111,0.133,14.228,0,0,0
0.045520,2.92556,0.124,0.212,14.891,0,0,540
0.045540,2.92681,0.100,0.132,15.527,0,0,540
0.045560,2.92807,0.139,0.158,15.924,0,0,0
0.045580,2.92933,0.149,0.168,15.683,0,0,0
0.045600,2.93058,0.259,0.090,15.550,0,0,0
0.045620,2.93184,0.250,0.205,15.528,0,0,0
0.045640,2.93310,0.089,0.180,15.432,0,0,0
0.045660,2.93435,0.183,0.226,15.214,0,0,0
0.045680,2.93561,0.205,0.179,15.029,0,0,0
0.045700,2.93687,0.156,0.227,14.989,0,0,0
0.045720,2.93812,0.140,0.126,14.929,0,0,0
0.045740,2.93938,0.247,0.087,14.756,0,0,0
0.045760,2.94064,0.260,0.160,14.605,0,0,0
0.045780,2.94189,0.256,0.165,14.483,0,0,0
0.045800,2.94315,0.183,0.133,14.333,0,0,0
0.045820,2.94441,0.278,0.166,14.214,0,0,0
0.045840,2.94566,0.193,0.174,14.022,0,0,0
0.045860,2.94692,0.256,0.155,14.574,0,0,540
0.045880,2.94818,0.195,0.195,15.311,0,0,540
0.045900,2.94943,0.129,0.206,15.947,0,0,540
0.045920,2.95069,0.169,0.025,15.786,0,0,0
0.045940,2.95195,0.196,0.060,15.577,0,0,0
0.045960,2.95320,0.085,0.099,15.439,0,0,0
0.045980,2.95446,0.196,0.063,15.308,0,0,0
0.046000,2.95572,0.192,0.207,15.139,0,0,0
0.046020,2.95697,0.193,0.179,14.944,0,0,0
0.046040,2.95823,0.232,0.155,14.857,0,0,0
0.046060,2.95948,0.202,0.114,14.637,0,0,0
0.046080,2.96074,0.251,0.165,14.544,0,0,0
0.046100,2.96200,0.163,0.129,14.454,0,0,0
0.046120,2.96325,0.144,0.136,14.249,0,0,0
0.046140,2.96451,0.248,0.107,14.378,0,0,540
0.046160,2.96577,0.215,0.150,14.994,0,0,540
0.046180,2.96702,0.216,0.163,15.650,0,0,540
0.046200,2.96828,0.200,0.190,16.176,0,0,540
0.046220,2.96954,0.196,0.100,15.926,0,0,0
0.046240,2.97079,-0.058,0.161,15.735,-540,0,0
0.046260,2.97205,-0.042,0.111,15.545,0,0,0
0.046280,2.97331,0.101,0.217,15.432,0,0,0
0.046300,2.97456,-0.019,0.079,15.286,0,0,0
0.046320,2.97582,0.046,0.187,15.074,0,0,0
0.046340,2.97708,0.108,0.088,14.883,0,0,0
0.046360,2.97833,-0.007,0.186,14.775,0,0,0
0.046380,2.97959,-0.048,0.136,14.542,0,0,0
0.046400,2.98085,0.034,0.041,14.483,0,0,0
0.046420,2.98210,-0.003,0.084,14.195,0,0,0
0.046440,2.98336,0.009,0.208,14.051,0,0,0
0.046460,2.98462,0.019,0.076,14.520,0,0,540
0.046480,2.98587,-0.073,0.071,15.028,0,0,540
0.046500,2.98713,-0.011,0.088,15.471,0,0,540
0.046520,2.98839,-0.099,0.162,15.966,0,0,540
0.046540,2.98964,-0.039,0.153,15.746,0,0,0
0.046560,2.99090,0.004,0.080,15.647,0,0,0
0.046580,2.99216,-0.132,0.173,15.423,0,0,0
0.046600,2.99341,0.029,0.110,15.234,0,0,0
0.046620,2.99467,0.039,0.069,15.002,0,0,0
0.046640,2.99593,-0.029,0.157,14.755,0,0,0
0.046660,2.99718,0.009,0.034,14.690,0,0,0
0.046680,2.99844,0.031,0.137,14.478,0,0,0
0.046700,2.99970,-0.030,0.126,14.368,0,0,0
0.046720,3.00095,0.015,0.110,14.174,0,0,0
0.046740,3.00221,0.066,0.075,14.586,0,0,540
0.046760,3.00347,-0.016,0.027,14.944,0,0,540
0.046780,3.00472,0.020,0.104,15.400,0,0,540
0.046800,3.00598,0.049,0.102,15.779,0,0,540
0.046820,3.00724,0.033,0.101,15.861,0,0,0
0.046840,3.00849,0.064,0.149,15.687,0,0,0
0.046860,3.00975,0.009,0.160,15.516,0,0,0
0.046880,3.01101,0.006,0.132,15.342,0,0,0
0.046900,3.01226,0.045,-0.003,15.101,0,0,0
0.046920,3.01352,-0.024,0.101,15.008,0,0,0
0.046940,3.01478,-0.118,0.078,14.706,0,0,0
0.046960,3.01603,-0.082,0.047,14.503,0,0,0
0.046980,3.01729,-0.024,0.210,14.235,0,0,0
0.047000,3.01855,-0.042,0.139,14.369,0,0,540
0.047020,3.01980,0.003,0.096,14.823,0,0,540
0.047040,3.02106,0.021,0.172,15.137,0,0,540
0.047060,3.02232,0.006,0.179,15.558,0,0,540
0.047080,3.02357,0.053,0.092,15.942,0,0,540
0.047100,3.02483,-0.063,0.070,15.764,0,0,0
0.047120,3.02609,0.067,0.047,15.515,0,0,0
0.047140,3.02734,-0.055,0.107,15.301,0,0,0
0.047160,3.02860,0.003,0.151,14.999,0,0,0
0.047180,3.02986,-0.023,0.119,14.889,0,0,0
0.047200,3.03111,0.026,0.115,14.676,0,0,0
0.047220,3.03237,-0.054,0.109,14.481,0,0,0
0.047240,3.03363,0.084,0.141,14.245,0,0,0
0.047260,3.03488,-0.014,0.082,14.103,0,0,0
0.047280,3.03614,0.079,0.115,14.467,0,0,540
0.047300,3.03740,-0.107,0.042,14.697,0,0,540
0.047320,3.03865,0.030,0.114,15.133,0,0,540
0.047340,3.03991,0.010,0.201,15.419,0,0,540
0.047360,3.04117,0.041,0.167,15.719,0,0,540
0.047380,3.04242,0.073,0.147,15.774,0,0,0
0.047400,3.04368,-0.092,0.168,15.554,0,0,0
0.047420,3.04494,-0.058,0.113,15.394,0,0,0
0.047440,3.04619,0.010,0.112,15.113,0,0,0
0.047460,3.04745,-0.136,0.105,14.958,0,0,0
0.047480,3.04871,0.028,0.169,14.743,0,0,0
0.047500,3.04996,-0.105,0.116,14.661,0,0,0
0.047520,3.05122,0.018,0.126,14.335,0,0,0
0.047540,3.05248,-0.027,0.097,14.161,0,0,0
0.047560,3.05373,0.086,0.122,14.434,0,0,540
0.047580,3.05499,-0.018,0.054,14.851,0,0,540
0.047600,3.05625,-0.002,0.142,15.046,0,0,540
0.047620,3.05750,-0.125,0.139,15.280,0,0,540
0.047640,3.05876,-0.060,0.093,15.605,0,0,540
0.047660,3.06002,0.018,0.076,15.879,0,0,540
0.047680,3.06127,-0.121,0.081,15.771,0,0,0
0.047700,3.06253,0.052,0.114,15.547,0,0,0
0.047720,3.06379,0.025,0.076,15.350,0,0,0
0.047740,3.06504,-0.028,0.124,15.165,0,0,0
0.047760,3.06630,-0.016,0.133,14.948,0,0,0
0.047780,3.06756,-0.025,0.120,14.795,0,0,0
0.047800,3.06881,0.030,0.128,14.573,0,0,0
0.047820,3.07007,0.006,0.125,14.467,0,0,0
0.047840,3.07133,0.007,0.175,14.269,0,0,0
0.047860,3.07258,0.017,0.153,14.297,0,0,540
0.047880,3.07384,-0.009,0.131,14.545,0,0,540
0.047900,3.07510,0.068,0.075,14.734,0,0,540
0.047920,3.07635,-0.034,0.196,15.020,0,0,540
0.047940,3.07761,-0.095,0.125,15.246,0,0,540
0.047960,3.07887,-0.016,0.120,15.629,0,0,540
0.047980,3.08012,-0.008,0.165,15.824,0,0,540
0.048000,3.08138,0.005,0.134,15.522,0,0,0
0.048020,3.08264,-0.011,0.079,15.499,0,0,0
0.048040,3.08389,-0.002,0.214,15.254,0,0,0
0.048060,3.08515,0.017,0.035,15.085,0,0,0
0.048080,3.08641,-0.018,0.106,14.958,0,0,0
0.048100,3.08766,-0.038,0.118,14.810,0,0,0
0.048120,3.08892,-0.057,0.075,14.503,0,0,0
0.048140,3.09018,-0.013,0.158,14.435,0,0,0
0.048160,3.09143,-0.031,-0.017,14.163,0,0,0
0.048180,3.09269,0.051,0.133,14.348,0,0,540
0.048200,3.09395,0.033,0.127,14.515,0,0,540
0.048220,3.09520,0.008,0.126,14.829,0,0,540
0.048240,3.09646,0.037,0.072,15.062,0,0,540
0.048260,3.09772,0.031,0.113,15.294,0,0,540
0.048280,3.09897,0.053,0.221,15.574,0,0,540
0.048300,3.10023,-0.013,0.158,15.768,0,0,540
0.048320,3.10148,-0.088,0.167,15.559,0,0,0
0.048340,3.10274,-0.009,0.177,15.403,0,0,0
0.048360,3.10400,0.012,0.111,15.307,0,0,0
0.048380,3.10525,-0.125,0.100,15.190,0,0,0
0.048400,3.10651,-0.068,0.094,14.999,0,0,0
0.048420,3.10777,-0.006,0.179,14.831,0,0,0
0.048440,3.10902,0.043,0.081,14.592,0,0,0
0.048460,3.11028,0.030,0.196,14.518,0,0,0
0.048480,3.11154,-0.071,0.124,14.371,0,0,0
0.048500,3.11279,0.087,0.105,14.317,0,0,0
0.048520,3.11405,-0.027,0.027,14.314,0,0,540
0.048540,3.11531,0.033,0.145,14.529,0,0,540
0.048560,3.11656,0.056,0.111,14.742,0,0,540
0.048580,3.11782,-0.056,0.158,14.971,0,0,540
0.048600,3.11908,0.037,0.089,15.228,0,0,540
0.048620,3.12033,0.065,0.152,15.414,0,0,540
0.048640,3.12159,-0.016,0.114,15.578,0,0,540
0.048660,3.12285,0.038,0.072,15.954,0,0,540
0.048680,3.12410,-0.020,0.178,15.734,0,0,0
0.048700,3.12536,-0.008,0.149,15.647,0,0,0
0.048720,3.12662,-0.019,0.113,15.532,0,0,0
0.048740,3.12787,-0.116,0.222,15.375,0,0,0
0.048760,3.12913,0.027,0.119,15.208,0,0,0
0.048780,3.13039,0.068,0.165,15.176,0,0,0
0.048800,3.13164,-0.034,0.106,14.992,0,0,0
0.048820,3.13290,-0.008,0.090,14.889,0,0,0
0.048840,3.13416,-0.079,0.193,14.742,0,0,0
0.048860,3.13541,0.013,0.185,14.705,0,0,0
0.048880,3.13667,-0.056,0.132,14.401,0,0,0
0.048900,3.13793,-0.040,0.058,14.385,0,0,0
0.048920,3.13918,-0.077,0.119,14.306,0,0,0
0.048940,3.14044,-0.016,0.077,14.217,0,0,0
0.048960,3.14170,-0.043,0.201,14.410,0,0,540
0.048980,3.14295,0.028,0.130,14.627,0,0,540
0.049000,3.14421,0.054,0.144,14.891,0,0,540
0.049020,3.14547,0.015,0.058,15.070,0,0,540
0.049040,3.14672,-0.001,0.168,15.372,0,0,540
0.049060,3.14798,-0.015,0.107,15.547,0,0,540
0.049080,3.14924,-0.009,0.248,15.882,0,0,540
0.049100,3.15049,0.012,0.175,15.794,0,0,0
0.049120,3.15175,0.068,0.243,15.630,0,0,0
0.049140,3.15301,0.013,0.173,15.546,0,0,0
0.049160,3.15426,0.041,0.250,15.402,0,0,0
0.049180,3.15552,-0.028,0.178,15.284,0,0,0
0.049200,3.15678,-0.055,0.141,15.166,0,0,0
0.049220,3.15803,-0.055,-0.003,15.113,0,0,0
0.049240,3.15929,0.032,0.019,15.084,0,0,0
0.049260,3.16055,-0.031,0.154,14.857,0,0,0
0.049280,3.16180,0.066,0.182,14.758,0,0,0
0.049300,3.16306,-0.042,0.142,14.704,0,0,0
0.049320,3.16432,0.011,0.202,14.583,0,0,0
0.049340,3.16557,0.033,0.121,14.454,0,0,0
0.049360,3.16683,0.010,0.113,14.403,0,0,0
0.049380,3.16809,-0.117,0.060,14.325,0,0,0
0.049400,3.16934,0.012,0.187,14.272,0,0,0
0.049420,3.17060,0.082,0.137,14.397,0,0,540
0.049440,3.17186,-0.002,0.017,14.595,0,0,540
0.049460,3.17311,0.027,0.118,14.882,0,0,540
0.049480,3.17437,0.002,0.155,15.040,0,0,540
0.049500,3.17563,0.016,0.127,15.347,0,0,540
0.049520,3.17688,0.019,0.215,15.588,0,0,540
0.049540,3.17814,0.066,0.229,15.871,0,0,540
0.049560,3.17940,0.025,0.115,15.753,0,0,0
0.049580,3.18065,-0.031,0.130,15.606,0,0,0
0.049600,3.18191,-0.001,0.155,15.595,0,0,0
0.049620,3.18317,-0.036,0.045,15.574,0,0,0
0.049640,3.18442,0.071,0.112,15.441,0,0,0
0.049660,3.18568,0.446,0.193,15.422,540,0,0
0.049680,3.18694,1.412,0.108,15.308,540,0,0
0.049700,3.18819,2.219,0.131,15.157,540,0,0
0.049720,3.18945,3.179,0.082,15.073,540,0,0
0.049740,3.19071,4.097,0.198,14.966,540,0,0
0.049760,3.19196,4.877,0.180,14.955,540,0,0
0.049780,3.19322,5.803,0.155,14.908,540,0,0
0.049800,3.19448,6.698,0.082,14.796,540,0,0
0.049820,3.19573,7.683,0.177,14.814,540,0,0
0.049840,3.19699,8.508,0.177,14.809,540,0,0
0.049860,3.19825,9.442,0.200,14.618,540,0,0
0.049880,3.19950,10.256,0.163,14.559,540,0,0
0.049900,3.20076,11.203,0.047,14.545,540,0,0
0.049920,3.20202,12.089,0.114,14.547,540,0,0
0.049940,3.20327,12.911,0.109,14.379,540,0,0
0.049960,3.20453,13.823,0.088,14.382,540,0,0
0.049980,3.20579,14.723,0.133,14.289,540,0,0
0.050000,3.20704,15.624,0.152,14.312,540,0,0
0.050020,3.20830,16.033,0.085,14.132,0,0,0
0.050040,3.20956,16.045,0.133,14.318,0,0,540
0.050060,3.21081,16.017,0.102,14.554,0,0,540
0.050080,3.21207,15.997,0.162,14.759,0,0,540
0.050100,3.21333,15.960,0.089,15.109,0,0,540
0.050120,3.21458,16.033,0.130,15.360,0,0,540
0.050140,3.21584,15.914,0.136,15.607,0,0,540
0.050160,3.21710,15.923,0.171,15.892,0,0,540
0.050180,3.21835,15.890,0.224,15.868,0,0,0
0.050200,3.21961,15.929,0.134,15.730,0,0,0
0.050220,3.22087,15.847,0.052,15.641,0,0,0
0.050240,3.22212,15.879,0.122,15.582,0,0,0
0.050260,3.22338,15.860,0.183,15.670,0,0,0
0.050280,3.22464,15.854,0.150,15.516,0,0,0
0.050300,3.22589,15.914,0.142,15.432,0,0,0
0.050320,3.22715,15.747,0.113,15.400,0,0,0
0.050340,3.22841,15.787,0.106,15.386,0,0,0
0.050360,3.22966,15.720,0.095,15.378,0,0,0
0.050380,3.23092,15.865,0.072,15.236,0,0,0
0.050400,3.23218,15.753,0.133,15.362,0,0,0
0.050420,3.23343,15.735,0.173,15.276,0,0,0
0.050440,3.23469,15.680,0.200,15.230,0,0,0
0.050460,3.23595,15.630,0.149,15.123,0,0,0
0.050480,3.23720,15.633,0.152,15.184,0,0,0
0.050500,3.23846,15.638,0.175,15.063,0,0,0
0.050520,3.23972,15.744,0.119,15.001,0,0,0
0.050540,3.24097,15.625,0.137,15.048,0,0,0
0.050560,3.24223,15.744,0.141,14.931,0,0,0
0.050580,3.24348,15.655,0.216,14.912,0,0,0
0.050600,3.24474,15.572,0.159,14.957,0,0,0
0.050620,3.24600,15.652,0.166,14.858,0,0,0
0.050640,3.24725,15.533,0.137,14.694,0,0,0
0.050660,3.24851,15.532,0.183,14.783,0,0,0
0.050680,3.24977,15.456,0.092,14.803,0,0,0
0.050700,3.25102,15.455,0.140,14.750,0,0,0
0.050720,3.25228,15.522,0.152,14.779,0,0,0
0.050740,3.25354,15.439,0.127,14.608,0,0,0
0.050760,3.25479,15.407,0.109,14.684,0,0,0
0.050780,3.25605,15.456,0.147,14.639,0,0,0
0.050800,3.25731,15.360,0.242,14.646,0,0,0
0.050820,3.25856,15.479,0.111,14.523,0,0,0
0.050840,3.25982,15.435,0.083,14.555,0,0,0
0.050860,3.26108,15.468,0.104,14.514,0,0,0
0.050880,3.26233,15.395,0.088,14.426,0,0,0
0.050900,3.26359,15.273,0.138,14.471,0,0,0
0.050920,3.26485,15.279,0.125,14.439,0,0,0
0.050940,3.26610,15.223,0.109,14.477,0,0,0
0.050960,3.26736,15.309,0.130,14.323,0,0,0
0.050980,3.26862,15.194,0.184,14.405,0,0,0
0.051000,3.26987,15.354,0.131,14.350,0,0,0
0.051020,3.27113,15.175,0.152,14.270,0,0,0
0.051040,3.27239,15.218,0.155,14.333,0,0,0
0.051060,3.27364,15.153,0.146,14.052,0,0,-540
0.051080,3.27490,15.183,0.126,13.690,0,0,-540
0.051100,3.27616,15.230,0.192,13.471,0,0,-540
0.051120,3.27741,15.194,0.190,13.177,0,0,-540
0.051140,3.27867,15.189,0.232,12.895,0,0,-540
0.051160,3.27993,15.021,0.185,12.608,0,0,-540
0.051180,3.28118,15.109,0.119,12.343,0,0,-540
0.051200,3.28244,15.109,0.106,11.954,0,0,-540
0.051220,3.28370,14.993,0.211,11.880,0,0,-540
0.051240,3.28495,15.050,0.095,11.471,0,0,-540
0.051260,3.28621,15.052,0.139,11.204,0,0,-540
0.051280,3.28747,15.068,0.206,11.112,0,0,-540
0.051300,3.28872,14.923,0.300,10.729,0,0,-540
0.051320,3.28998,14.974,0.150,10.622,0,0,-540
0.051340,3.29124,14.945,0.132,10.274,0,0,-540
0.051360,3.29249,14.887,0.157,10.095,0,0,-540
0.051380,3.29375,14.998,0.223,9.925,0,0,-540
0.051400,3.29501,14.966,0.171,9.702,0,0,-540
0.051420,3.29626,14.867,0.183,9.456,0,0,-540
0.051440,3.29752,14.849,0.147,9.231,0,0,-540
0.051460,3.29878,14.836,0.164,9.058,0,0,-540
0.051480,3.30003,14.844,0.190,8.860,0,0,-540
0.051500,3.30129,14.823,0.144,8.632,0,0,-540
0.051520,3.30255,14.788,0.184,8.505,0,0,-540
0.051540,3.30380,14.776,0.283,8.306,0,0,-540
0.051560,3.30506,14.804,0.191,8.090,0,0,-540
0.051580,3.30632,14.681,0.114,7.955,0,0,-540
0.051600,3.30757,14.698,0.218,7.752,0,0,-540
0.051620,3.30883,14.657,0.227,7.577,0,0,-540
0.051640,3.31009,14.597,0.228,7.484,0,0,-540
0.051660,3.31134,14.683,0.176,7.231,0,0,-540
0.051680,3.31260,14.684,0.188,7.016,0,0,-540
0.051700,3.31386,14.704,0.192,6.865,0,0,-540
0.051720,3.31511,14.508,0.140,6.729,0,0,-540
0.051740,3.31637,14.588,0.252,6.523,0,0,-540
0.051760,3.31763,14.470,0.214,6.417,0,0,-540
0.051780,3.31888,14.429,0.203,6.229,0,0,-540
0.051800,3.32014,14.447,0.126,6.099,0,0,-540
0.051820,3.32140,14.450,0.175,5.907,0,0,-540
0.051840,3.32265,14.438,0.184,5.716,0,0,-540
0.051860,3.32391,14.396,0.091,5.560,0,0,-540
0.051880,3.32517,14.373,0.152,5.554,0,0,-540
0.051900,3.32642,14.298,0.121,5.288,0,0,-540
0.051920,3.32768,14.431,0.040,5.201,0,0,-540
0.051940,3.32894,14.256,0.174,5.002,0,0,-540
0.051960,3.33019,14.370,0.112,4.925,0,0,-540
0.051980,3.33145,14.218,0.150,4.795,0,0,-540
0.052000,3.33271,14.226,0.143,4.659,0,0,-540
0.052020,3.33396,14.238,0.148,4.457,0,0,-540
0.052040,3.33522,14.094,0.139,4.403,0,0,-540
0.052060,3.33648,15.133,0.097,4.147,540,0,-540
0.052080,3.33773,15.887,0.177,4.172,540,0,-540
0.052100,3.33899,15.909,0.048,4.001,0,0,-540
0.052120,3.34025,15.921,0.197,3.893,0,0,-540
0.052140,3.34150,15.872,0.127,3.754,0,0,-540
0.052160,3.34276,15.860,0.188,3.565,0,0,-540
0.052180,3.34402,15.653,0.119,3.529,0,0,-540
0.052200,3.34527,15.685,0.168,3.296,0,0,-540
0.052220,3.34653,15.752,0.166,3.212,0,0,-540
0.052240,3.34779,15.674,0.157,2.917,0,0,-540
0.052260,3.34904,15.589,0.121,2.982,0,0,-540
0.052280,3.35030,15.675,0.099,2.817,0,0,-540
0.052300,3.35156,15.636,0.133,2.717,0,0,-540
0.052320,3.35281,15.554,0.098,2.621,0,0,-540
0.052340,3.35407,15.479,0.120,2.446,0,0,-540
0.052360,3.35533,15.421,0.098,2.423,0,0,-540
0.052380,3.35658,15.461,0.092,2.285,0,0,-540
0.052400,3.35784,15.446,0.086,2.192,0,0,-540
0.052420,3.35910,15.387,0.088,1.923,0,0,-540
0.052440,3.36035,15.353,0.159,1.980,0,0,-540
0.052460,3.36161,15.261,0.164,1.828,0,0,-540
0.052480,3.36287,15.259,0.158,1.760,0,0,-540
0.052500,3.36412,15.119,0.206,1.672,0,0,-540
0.052520,3.36538,15.168,0.135,1.628,0,0,-540
0.052540,3.36664,15.062,0.132,1.389,0,0,-540
0.052560,3.36789,15.071,0.125,1.275,0,0,-540
0.052580,3.36915,15.023,0.087,1.207,0,0,-540
0.052600,3.37041,15.013,0.180,1.221,0,0,-540
0.052620,3.37166,14.852,0.180,1.008,0,0,-540
0.052640,3.37292,14.990,0.214,0.910,0,0,-540
0.052660,3.37418,14.791,0.211,0.848,0,0,-540
0.052680,3.37543,14.827,0.170,0.750,0,0,-540
0.052700,3.37669,14.762,0.078,0.580,0,0,-540
0.052720,3.37795,14.766,0.214,0.501,0,0,-540
0.052740,3.37920,14.696,0.165,0.424,0,0,-540
0.052760,3.38046,14.582,0.243,0.316,0,0,-540
0.052780,3.38172,14.613,0.175,0.310,0,0,-540
0.052800,3.38297,14.527,0.192,0.266,0,0,-540
0.052820,3.38423,14.394,0.151,0.232,0,0,0
0.052840,3.38548,14.466,0.256,0.197,0,0,0
0.052860,3.38674,14.336,0.146,0.306,0,0,0
0.052880,3.38800,14.274,0.256,0.222,0,0,0
0.052900,3.38925,14.312,0.142,0.218,0,0,0
0.052920,3.39051,14.659,0.190,0.281,540,0,0
0.052940,3.39177,15.444,0.214,0.147,540,0,0
0.052960,3.39302,15.761,0.368,0.151,0,0,0
0.052980,3.39428,15.706,0.199,0.125,0,0,0
0.053000,3.39554,15.687,0.163,0.164,0,0,0
0.053020,3.39679,15.617,0.198,0.111,0,0,0
0.053040,3.39805,15.471,0.207,0.203,0,0,0
0.053060,3.39931,15.496,0.236,0.207,0,0,0
0.053080,3.40056,15.447,0.243,0.158,0,0,0
0.053100,3.40182,15.432,0.205,0.182,0,0,0
0.053120,3.40308,15.227,0.042,0.228,0,-540,0
0.053140,3.40433,15.317,0.102,0.174,0,0,0
0.053160,3.40559,15.153,0.036,0.089,0,0,0
0.053180,3.40685,14.992,0.034,0.234,0,0,0
0.053200,3.40810,14.977,0.150,0.163,0,0,0
0.053220,3.40936,14.919,-0.011,0.097,0,0,0
0.053240,3.41062,14.952,0.136,0.126,0,0,0
0.053260,3.41187,14.806,0.141,0.212,0,0,0
0.053280,3.41313,14.746,0.120,0.151,0,0,0
0.053300,3.41439,14.594,0.137,0.123,0,0,0
0.053320,3.41564,14.514,0.074,0.269,0,0,0
0.053340,3.41690,14.524,0.191,0.154,0,0,0
0.053360,3.41816,14.441,0.088,0.176,0,0,0
0.053380,3.41941,14.285,0.125,0.165,0,0,0
0.053400,3.42067,14.343,0.028,0.191,0,0,0
0.053420,3.42193,14.077,0.134,0.048,0,0,0
0.053440,3.42318,14.880,0.193,0.244,540,0,0
0.053460,3.42444,15.635,0.059,0.198,540,0,0
0.053480,3.42570,15.967,0.103,0.099,0,0,0
0.053500,3.42695,15.931,0.094,0.190,0,0,0
0.053520,3.42821,15.766,0.070,0.158,0,0,0
0.053540,3.42947,15.687,0.079,0.294,0,0,0
0.053560,3.43072,15.570,0.161,0.118,0,0,0
0.053580,3.43198,15.543,0.104,0.162,0,0,0
0.053600,3.43324,15.399,0.050,0.156,0,0,0
0.053620,3.43449,15.281,0.159,0.192,0,0,0
0.053640,3.43575,15.227,0.129,0.135,0,0,0
0.053660,3.43701,15.152,0.127,0.158,0,0,0
0.053680,3.43826,15.020,0.070,0.245,0,0,0
0.053700,3.43952,14.948,0.141,0.235,0,0,0
0.053720,3.44078,14.822,0.113,0.272,0,0,0
0.053740,3.44203,14.741,0.143,0.200,0,0,0
0.053760,3.44329,14.649,0.067,0.275,0,0,0
0.053780,3.44455,14.463,0.147,0.242,0,0,0
0.053800,3.44580,14.470,0.100,0.138,0,0,0
0.053820,3.44706,14.302,0.084,0.197,0,0,0
0.053840,3.44832,14.681,0.071,0.012,540,0,0
0.053860,3.44957,15.304,0.017,0.076,540,0,0
0.053880,3.45083,15.953,0.041,0.114,540,0,0
0.053900,3.45209,15.822,0.125,0.143,0,0,0
0.053920,3.45334,15.662,0.089,0.091,0,0,0
0.053940,3.45460,15.561,0.215,0.171,0,0,0
0.053960,3.45586,15.429,0.183,0.160,0,0,0
0.053980,3.45711,15.339,0.136,0.126,0,0,0
0.054000,3.45837,15.161,0.133,0.067,0,0,0
0.054020,3.45963,15.070,0.207,0.135,0,0,0
0.054040,3.46088,14.945,0.119,0.147,0,0,0
0.054060,3.46214,14.906,0.122,0.111,0,0,0
0.054080,3.46340,14.683,0.078,0.173,0,0,0
0.054100,3.46465,14.505,0.137,0.105,0,0,0
0.054120,3.46591,14.498,0.152,0.122,0,0,0
0.054140,3.46717,14.380,0.101,0.094,0,0,0
0.054160,3.46842,14.090,0.176,0.071,0,0,0
0.054180,3.46968,14.782,0.034,0.052,540,0,0
0.054200,3.47094,15.323,0.167,0.114,540,0,0
0.054220,3.47219,16.064,0.189,0.021,540,0,0
0.054240,3.47345,15.847,0.065,0.191,0,0,0
0.054260,3.47471,15.596,0.191,0.096,0,0,0
0.054280,3.47596,15.579,0.152,0.066,0,0,0
0.054300,3.47722,15.405,0.083,0.158,0,0,0
0.054320,3.47848,15.212,0.242,0.194,0,0,0
0.054340,3.47973,15.178,0.173,0.195,0,0,0
0.054360,3.48099,15.069,0.188,0.130,0,0,0
0.054380,3.48225,14.843,0.174,0.007,0,0,0
0.054400,3.48350,14.678,0.175,0.139,0,0,0
0.054420,3.48476,14.520,0.154,0.060,0,0,0
0.054440,3.48602,14.349,0.136,0.165,0,0,0
0.054460,3.48727,14.275,0.212,0.075,0,0,0
0.054480,3.48853,14.468,0.202,0.184,540,0,0
0.054500,3.48979,14.985,0.185,0.186,540,0,0
0.054520,3.49104,15.508,0.147,0.179,540,0,0
0.054540,3.49230,15.982,0.246,0.109,540,0,0
0.054560,3.49356,15.856,0.144,0.049,0,0,0
0.054580,3.49481,15.669,0.184,0.145,0,0,0
0.054600,3.49607,15.561,0.208,0.102,0,0,0
0.054620,3.49733,15.365,0.177,0.181,0,0,0
0.054640,3.49858,15.184,0.237,0.220,0,0,0
0.054660,3.49984,15.081,0.155,0.035,0,0,0
0.054680,3.50110,14.913,0.226,0.070,0,0,0
0.054700,3.50235,14.626,0.048,0.060,0,0,0
0.054720,3.50361,14.533,0.187,0.118,0,0,0
0.054740,3.50487,14.341,0.099,0.184,0,0,0
0.054760,3.50612,14.170,0.140,0.157,0,0,0
0.054780,3.50738,14.412,0.135,0.167,540,0,0
0.054800,3.50864,14.835,0.167,0.137,540,0,0
0.054820,3.50989,15.202,0.141,0.117,540,0,0
0.054840,3.51115,15.732,0.188,0.101,540,0,0
0.054860,3.51241,15.606,0.211,0.151,0,0,0
0.054880,3.51366,15.361,0.117,0.018,0,0,0
0.054900,3.51492,15.212,0.204,0.157,0,0,0
0.054920,3.51618,14.906,0.255,0.086,0,0,0
0.054940,3.51743,14.872,0.238,0.177,0,0,0
0.054960,3.51869,14.673,0.237,0.037,0,0,0
0.054980,3.51995,14.515,0.143,0.110,0,0,0
0.055000,3.52120,14.306,0.160,0.197,0,0,0
0.055020,3.52246,14.351,0.165,0.002,540,0,0
0.055040,3.52372,14.821,0.226,0.137,540,0,0
0.055060,3.52497,15.256,0.193,0.125,540,0,0
0.055080,3.52623,15.686,0.247,0.144,540,0,0
0.055100,3.52748,15.752,0.280,0.130,0,0,0
0.055120,3.52874,15.646,0.250,0.138,0,0,0
0.055140,3.53000,15.445,0.066,0.129,0,0,0
0.055160,3.53125,15.159,-0.044,0.065,0,0,0
0.055180,3.53251,15.076,-0.035,0.084,0,0,0
0.055200,3.53377,14.848,-0.025,0.105,0,0,0
0.055220,3.53502,14.645,-0.011,0.140,0,0,0
0.055240,3.53628,14.415,-0.053,0.178,0,0,0
0.055260,3.53754,14.340,0.025,0.132,0,0,0
0.055280,3.53879,14.275,-0.013,0.103,540,0,0
0.055300,3.54005,14.724,0.039,0.165,540,0,0
0.055320,3.54131,15.195,-0.029,0.107,540,0,0
0.055340,3.54256,15.541,-0.041,0.165,540,0,0
0.055360,3.54382,15.786,-0.071,0.177,540,0,0
0.055380,3.54508,15.640,-0.022,0.172,0,0,0
0.055400,3.54633,15.449,0.016,0.156,0,0,0
0.055420,3.54759,15.210,0.054,0.075,0,0,0
0.055440,3.54885,15.095,0.011,0.070,0,0,0
0.055460,3.55010,14.942,-0.037,0.116,0,0,0
0.055480,3.55136,14.607,0.024,0.137,0,0,0
0.055500,3.55262,14.571,-0.028,0.109,0,0,0
0.055520,3.55387,14.257,0.022,0.060,0,0,0
0.055540,3.55513,14.034,0.026,0.114,0,0,0
0.055560,3.55639,14.436,-0.024,0.106,540,0,0
0.055580,3.55764,14.735,0.071,0.154,540,0,0
0.055600,3.55890,15.002,0.099,0.120,540,0,0
0.055620,3.56016,15.418,0.034,0.109,540,0,0
0.055640,3.56141,15.730,0.045,0.170,540,0,0
0.055660,3.56267,15.769,0.067,0.080,0,0,0
0.055680,3.56393,15.555,0.003,0.072,0,0,0
0.055700,3.56518,15.305,0.007,0.129,0,0,0
0.055720,3.56644,15.143,0.027,0.116,0,0,0
0.055740,3.56770,14.971,0.047,0.135,0,0,0
0.055760,3.56895,14.837,0.050,0.197,0,0,0
0.055780,3.57021,14.632,0.031,0.162,0,0,0
0.055800,3.57147,14.461,-0.034,0.099,0,0,0
0.055820,3.57272,14.202,-0.005,0.082,0,0,0
0.055840,3.57398,14.236,-0.045,0.150,540,0,0
0.055860,3.57524,14.682,0.012,0.107,540,0,0
0.055880,3.57649,14.910,-0.022,0.246,540,0,0
0.055900,3.57775,15.134,-0.071,0.071,540,0,0
0.055920,3.57901,15.440,-0.065,0.123,540,0,0
0.055940,3.58026,15.803,0.112,0.094,540,0,0
0.055960,3.58152,15.820,0.032,0.093,0,0,0
0.055980,3.58278,15.574,0.022,0.136,0,0,0
0.056000,3.58403,15.370,0.008,-0.017,0,0,0
0.056020,3.58529,15.304,0.004,0.176,0,0,0
0.056040,3.58655,15.007,-0.013,0.217,0,0,0
0.056060,3.58780,14.777,0.107,0.065,0,0,0
0.056080,3.58906,14.643,0.018,0.200,0,0,0
0.056100,3.59032,14.435,0.037,0.150,0,0,0
0.056120,3.59157,14.284,-0.026,0.141,0,0,0
0.056140,3.59283,14.347,0.025,0.164,540,0,0
0.056160,3.59409,14.583,-0.018,0.152,540,0,0
0.056180,3.59534,14.872,-0.075,0.071,540,0,0
0.056200,3.59660,15.104,-0.052,0.139,540,0,0
0.056220,3.59786,15.309,0.008,0.235,540,0,0
0.056240,3.59911,15.592,-0.014,0.180,540,0,0
0.056260,3.60037,15.805,-0.083,0.118,540,0,0
0.056280,3.60163,15.680,-0.066,0.262,0,0,0
0.056300,3.60288,15.471,0.005,0.174,0,0,0
0.056320,3.60414,15.245,0.060,0.142,0,0,0
0.056340,3.60540,15.140,0.117,0.190,0,0,0
0.056360,3.60665,14.947,0.024,0.115,0,0,0
0.056380,3.60791,14.782,-0.046,0.195,0,0,0
0.056400,3.60917,14.580,0.044,0.186,0,0,0
0.056420,3.61042,14.451,-0.014,0.147,0,0,0
0.056440,3.61168,14.416,-0.132,0.149,0,0,0
0.056460,3.61294,14.346,-0.028,0.116,540,0,0
0.056480,3.61419,14.504,0.003,0.195,540,0,0
0.056500,3.61545,14.792,0.020,0.041,540,0,0
0.056520,3.61671,15.086,0.044,0.116,540,0,0
0.056540,3.61796,15.248,0.048,0.183,540,0,0
0.056560,3.61922,15.513,0.031,0.191,540,0,0
0.056580,3.62048,15.838,-0.003,0.194,540,0,0
0.056600,3.62173,15.689,-0.022,0.012,0,0,0
0.056620,3.62299,15.485,-0.044,0.127,0,0,0
0.056640,3.62425,15.277,0.040,0.052,0,0,0
0.056660,3.62550,15.184,-0.017,0.212,0,0,0
0.056680,3.62676,15.028,-0.028,0.095,0,0,0
0.056700,3.62802,14.847,-0.007,0.172,0,0,0
0.056720,3.62927,14.616,0.016,0.087,0,0,0
0.056740,3.63053,14.526,0.004,0.138,0,0,0
0.056760,3.63179,14.468,-0.021,0.200,0,0,0
0.056780,3.63304,14.275,0.065,0.088,0,0,0
0.056800,3.63430,14.362,-0.066,0.106,540,0,0
0.056820,3.63556,14.494,-0.025,0.206,540,0,0
0.056840,3.63681,14.708,0.128,0.096,540,0,0
0.056860,3.63807,14.940,-0.056,0.199,540,0,0
0.056880,3.63933,15.246,0.070,0.079,540,0,0
0.056900,3.64058,15.452,-0.047,-0.006,540,0,0
0.056920,3.64184,15.714,-0.060,0.100,540,0,0
0.056940,3.64310,15.900,-0.070,0.079,540,0,0
0.056960,3.64435,15.814,0.065,0.145,0,0,0
0.056980,3.64561,15.635,-0.014,0.167,0,0,0
0.057000,3.64687,15.447,-0.050,0.078,0,0,0
0.057020,3.64812,15.329,-0.098,0.142,0,0,0
0.057040,3.64938,15.233,-0.027,0.057,0,0,0
0.057060,3.65064,15.075,0.033,0.209,0,0,0
0.057080,3.65189,15.044,-0.023,0.215,0,0,0
0.057100,3.65315,14.869,-0.052,0.167,0,0,0
0.057120,3.65441,14.601,0.071,0.079,0,0,0
0.057140,3.65566,14.636,-0.002,0.110,0,0,0
0.057160,3.65692,14.457,0.038,0.121,0,0,0
0.057180,3.65818,14.391,-0.028,0.148,0,0,0
0.057200,3.65943,14.426,0.002,0.206,540,0,0
0.057220,3.66069,14.623,-0.049,0.120,540,0,0
0.057240,3.66195,14.862,0.013,0.083,540,0,0
0.057260,3.66320,15.123,-0.018,0.160,540,0,0
0.057280,3.66446,15.361,-0.007,0.107,540,0,0
0.057300,3.66572,15.620,-0.027,0.061,540,0,0
0.057320,3.66697,15.881,-0.059,0.151,540,0,0
0.057340,3.66823,15.751,-0.029,0.157,0,0,0
0.057360,3.66948,15.577,-0.010,0.157,0,0,0
0.057380,3.67074,15.474,-0.031,0.167,0,0,0
0.057400,3.67200,15.286,-0.058,0.248,0,0,0
0.057420,3.67325,15.348,0.005,0.016,0,0,0
0.057440,3.67451,15.168,-0.043,0.138,0,0,0
0.057460,3.67577,15.095,0.037,0.081,0,0,0
0.057480,3.67702,14.868,0.020,0.038,0,0,0
0.057500,3.67828,14.861,-0.044,0.086,0,0,0
0.057520,3.67954,14.756,0.048,0.240,0,0,0
0.057540,3.68079,14.590,-0.020,0.038,0,0,0
0.057560,3.68205,14.551,-0.095,0.149,0,0,0
0.057580,3.68331,14.434,-0.052,0.181,0,0,0
0.057600,3.68456,14.272,0.054,0.080,0,0,0
0.057620,3.68582,14.334,-0.055,0.147,0,0,0
0.057640,3.68708,14.313,-0.052,0.144,540,0,0
0.057660,3.68833,14.563,-0.077,0.172,540,0,0
0.057680,3.68959,14.729,-0.001,0.153,540,0,0
0.057700,3.69085,15.129,0.057,0.177,540,0,0
0.057720,3.69210,15.237,-0.042,0.038,540,0,0
0.057740,3.69336,15.562,-0.023,0.134,540,0,0
0.057760,3.69462,15.803,-0.055,0.212,540,0,0
0.057780,3.69587,15.873,0.028,0.097,0,0,0
0.057800,3.69713,15.842,0.062,0.072,0,0,0
0.057820,3.69839,15.692,-0.039,0.212,0,0,0
0.057840,3.69964,15.699,0.022,0.027,0,0,0
0.057860,3.70090,15.503,-0.008,0.062,0,0,0
0.057880,3.70216,15.433,-0.040,0.125,0,0,0
0.057900,3.70341,15.469,-0.048,0.098,0,0,0
0.057920,3.70467,15.378,0.008,0.082,0,0,0
0.057940,3.70593,15.239,0.013,0.117,0,0,0
0.057960,3.70718,15.229,0.050,0.060,0,0,0
0.057980,3.70844,15.051,0.106,0.265,0,0,0
0.058000,3.70970,15.034,0.960,0.085,0,540,0
0.058020,3.71095,14.905,1.820,0.039,0,540,0
0.058040,3.71221,14.902,2.672,0.113,0,540,0
0.058060,3.71347,14.776,3.598,0.125,0,540,0
0.058080,3.71472,14.683,4.492,0.118,0,540,0
0.058100,3.71598,14.586,5.408,0.155,0,540,0
0.058120,3.71724,14.481,6.262,0.130,0,540,0
0.058140,3.71849,14.459,7.226,0.226,0,540,0
0.058160,3.71975,14.369,8.015,0.091,0,540,0
0.058180,3.72101,14.335,8.967,0.143,0,540,0
0.058200,3.72226,14.264,9.819,0.092,0,540,0
0.058220,3.72352,14.592,10.674,0.193,540,540,0
0.058240,3.72478,14.804,11.566,0.148,540,540,0
0.058260,3.72603,15.116,12.467,0.130,540,540,0
0.058280,3.72729,15.372,13.356,0.172,540,540,0
0.058300,3.72855,15.612,14.245,0.151,540,540,0
0.058320,3.72980,15.873,15.064,0.212,540,540,0
0.058340,3.73106,15.820,16.099,0.216,0,540,0
0.058360,3.73232,15.756,16.041,0.188,0,0,0
0.058380,3.73357,15.643,16.129,0.217,0,0,0
0.058400,3.73483,15.556,16.002,0.105,0,0,0
0.058420,3.73609,15.628,16.076,0.221,0,0,0
0.058440,3.73734,15.431,15.995,0.141,0,0,0
0.058460,3.73860,15.527,15.969,0.146,0,0,0
0.058480,3.73986,15.347,15.937,0.102,0,0,0
0.058500,3.74111,15.341,15.938,0.160,0,0,0
0.058520,3.74237,15.282,15.870,0.073,0,0,0
0.058540,3.74363,15.252,15.863,0.206,0,0,0
0.058560,3.74488,15.264,15.857,0.133,0,0,0
0.058580,3.74614,15.139,15.785,0.124,0,0,0
0.058600,3.74740,15.038,15.865,0.104,0,0,0
0.058620,3.74865,15.055,15.824,0.086,0,0,0
0.058640,3.74991,15.076,15.865,0.122,0,0,0
0.058660,3.75117,14.915,15.775,0.048,0,0,0
0.058680,3.75242,14.894,15.815,0.160,0,0,0
0.058700,3.75368,14.853,15.695,0.114,0,0,0
0.058720,3.75494,14.942,15.843,0.131,0,0,0
0.058740,3.75619,14.791,15.745,0.043,0,0,0
0.058760,3.75745,14.765,15.769,0.221,0,0,0
0.058780,3.75871,14.755,15.767,0.150,0,0,0
0.058800,3.75996,14.617,15.706,0.186,0,0,0
0.058820,3.76122,14.602,15.641,0.155,0,0,0
0.058840,3.76248,14.667,15.732,0.136,0,0,0
0.058860,3.76373,14.579,15.685,0.105,0,0,0
0.058880,3.76499,14.530,15.576,0.176,0,0,0
0.058900,3.76625,14.536,15.619,0.159,0,0,0
0.058920,3.76750,14.481,15.570,0.076,0,0,0
0.058940,3.76876,14.524,15.712,0.200,0,0,0
0.058960,3.77002,14.456,15.584,0.177,0,0,0
0.058980,3.77127,14.374,15.611,0.197,0,0,0
0.059000,3.77253,14.301,15.489,0.179,0,0,0
0.059020,3.77379,14.350,15.514,0.178,0,0,0
0.059040,3.77504,14.255,15.535,0.132,0,0,0
0.059060,3.77630,14.383,15.448,0.118,540,0,0
0.059080,3.77756,14.668,15.503,0.226,540,0,0
0.059100,3.77881,14.915,15.399,0.125,540,0,0
0.059120,3.78007,15.285,15.463,0.070,540,0,0
0.059140,3.78133,15.548,15.439,0.166,540,0,0
0.059160,3.78258,15.832,15.338,0.214,540,0,0
0.059180,3.78384,15.837,15.225,0.196,0,0,0
0.059200,3.78510,15.887,15.375,0.090,0,0,0
0.059220,3.78635,15.768,15.416,0.145,0,0,0
0.059240,3.78761,15.774,15.331,0.059,0,0,0
0.059260,3.78887,15.844,15.328,0.159,0,0,0
0.059280,3.79012,15.811,15.279,0.131,0,0,0
0.059300,3.79138,15.759,15.261,0.280,0,0,0
0.059320,3.79264,15.722,15.243,0.207,0,0,0
0.059340,3.79389,15.677,15.303,0.223,0,0,0
0.059360,3.79515,15.669,15.280,0.188,0,0,0
0.059380,3.79641,15.488,15.230,0.147,-540,0,0
0.059400,3.79766,15.188,15.246,0.141,-540,0,0
0.059420,3.79892,14.876,15.177,0.115,-540,0,0
0.059440,3.80018,14.481,15.126,0.133,-540,0,0
0.059460,3.80143,14.189,15.163,0.234,-540,0,0
0.059480,3.80269,13.911,15.122,0.090,-540,0,0
0.059500,3.80395,13.596,15.180,0.231,-540,0,0
0.059520,3.80520,13.343,15.150,0.224,-540,0,0
0.059540,3.80646,13.048,15.085,0.116,-540,0,0
0.059560,3.80772,12.716,15.134,0.135,-540,0,0
0.059580,3.80897,12.432,14.992,0.115,-540,0,0
0.059600,3.81023,12.211,15.031,0.146,-540,0,0
0.059620,3.81148,12.022,15.033,0.220,-540,0,0
0.059640,3.81274,11.673,15.000,0.098,-540,0,0
0.059660,3.81400,11.514,14.901,0.156,-540,0,0
0.059680,3.81525,11.261,14.978,0.238,-540,0,0
0.059700,3.81651,11.088,14.943,0.190,-540,0,0
0.059720,3.81777,10.711,14.962,0.167,-540,0,0
0.059740,3.81902,10.515,14.899,0.079,-540,0,0
0.059760,3.82028,10.304,14.932,0.160,-540,0,0
0.059780,3.82154,10.158,14.910,0.174,-540,0,0
0.059800,3.82279,9.837,14.853,0.214,-540,0,0
0.059820,3.82405,9.613,14.756,0.170,-540,0,0
0.059840,3.82531,9.511,14.878,0.151,-540,0,0
0.059860,3.82656,9.244,14.776,0.129,-540,0,0
0.059880,3.82782,9.050,14.756,0.233,-540,0,0
0.059900,3.82908,8.798,14.761,0.125,-540,0,0
0.059920,3.83033,8.673,14.689,0.220,-540,0,0
0.059940,3.83159,8.406,14.629,0.170,-540,0,0
0.059960,3.83285,8.311,14.648,0.239,-540,0,0
0.059980,3.83410,8.062,14.629,0.137,-540,0,0
0.060000,3.83536,7.885,14.625,0.196,-540,0,0
0.060020,3.83662,7.617,14.541,0.165,-540,0,0
0.060040,3.83787,7.544,14.617,0.200,-540,0,0
0.060060,3.83913,7.332,14.486,0.118,-540,0,0
0.060080,3.84039,7.300,14.567,0.209,-540,0,0
0.060100,3.84164,6.989,14.540,0.300,-540,0,0
0.060120,3.84290,6.903,14.528,0.216,-540,0,0
0.060140,3.84416,6.673,14.448,0.252,-540,0,0
0.060160,3.84541,6.519,14.472,0.275,-540,0,0
0.060180,3.84667,6.360,14.427,0.209,-540,0,0
0.060200,3.84793,6.119,14.409,0.149,-540,0,0
0.060220,3.84918,6.030,14.322,0.160,-540,0,0
0.060240,3.85044,5.854,14.345,0.236,-540,0,0
0.060260,3.85170,5.805,14.388,0.213,-540,0,0
0.060280,3.85295,5.691,14.400,0.214,-540,0,0
0.060300,3.85421,5.400,14.411,0.186,-540,0,0
0.060320,3.85547,5.308,14.273,0.161,-540,0,0
0.060340,3.85672,5.221,14.255,0.203,-540,0,0
0.060360,3.85798,5.054,15.137,0.204,-540,540,0
0.060380,3.85924,4.828,15.900,0.203,-540,540,0
0.060400,3.86049,4.748,15.944,0.300,-540,0,0
0.060420,3.86175,4.625,15.872,0.258,-540,0,0
0.060440,3.86301,4.529,15.830,0.247,-540,0,0
0.060460,3.86426,4.389,15.836,0.347,-540,0,0
0.060480,3.86552,4.211,15.783,0.169,-540,0,0
0.060500,3.86678,4.084,15.724,0.087,-540,0,0
0.060520,3.86803,3.967,15.719,0.194,-540,0,0
0.060540,3.86929,3.798,15.638,0.151,-540,0,0
0.060560,3.87055,3.730,15.783,0.331,-540,0,0
0.060580,3.87180,3.535,15.603,0.262,-540,0,0
0.060600,3.87306,3.369,15.646,0.198,-540,0,0
0.060620,3.87432,3.219,15.610,0.255,-540,0,0
0.060640,3.87557,3.201,15.594,0.381,-540,0,0
0.060660,3.87683,3.089,15.520,0.167,-540,0,0
0.060680,3.87809,2.949,15.436,0.272,-540,0,0
0.060700,3.87934,2.793,15.389,0.236,-540,0,0
0.060720,3.88060,2.675,15.308,0.255,-540,0,0
0.060740,3.88186,2.548,15.347,0.166,-540,0,-540
0.060760,3.88311,2.518,15.291,0.133,-540,0,0
0.060780,3.88437,2.443,15.340,0.126,-540,0,0
0.060800,3.88563,2.263,15.227,0.237,-540,0,0
0.060820,3.88688,2.108,15.218,0.100,-540,0,0
0.060840,3.88814,2.042,15.141,0.089,-540,0,0
0.060860,3.88940,1.951,15.057,0.206,-540,0,0
0.060880,3.89065,1.832,15.043,0.224,-540,0,0
0.060900,3.89191,1.629,14.986,0.217,-540,0,0
0.060920,3.89317,1.626,14.985,0.168,-540,0,0
0.060940,3.89442,1.483,14.957,0.152,-540,0,0
0.060960,3.89568,1.425,14.971,0.164,-540,0,0
0.060980,3.89694,1.261,14.849,0.210,-540,0,0
0.061000,3.89819,1.201,14.884,0.190,-540,0,0
0.061020,3.89945,1.020,14.836,0.192,-540,0,0
0.061040,3.90071,0.970,14.810,0.166,-540,0,0
0.061060,3.90196,0.834,14.712,0.209,-540,0,0
0.061080,3.90322,0.853,14.586,0.150,-540,0,0
0.061100,3.90448,0.674,14.574,0.126,-540,0,0
0.061120,3.90573,0.613,14.491,0.151,-540,0,0
0.061140,3.90699,0.449,14.408,0.184,-540,0,0
0.061160,3.90825,0.490,14.388,0.266,-540,0,0
0.061180,3.90950,0.366,14.441,0.220,-540,0,0
0.061200,3.91076,0.245,14.303,0.243,-540,0,0
0.061220,3.91202,0.252,14.226,0.302,0,0,0
0.061240,3.91327,0.215,14.248,0.160,0,0,0
0.061260,3.91453,0.100,15.003,0.239,0,540,0
0.061280,3.91579,0.195,15.741,0.182,0,540,0
0.061300,3.91704,0.222,16.266,0.258,0,0,0
0.061320,3.91830,0.197,16.092,0.243,0,0,0
0.061340,3.91956,0.158,16.064,0.211,0,0,0
0.061360,3.92081,0.205,15.998,0.262,0,0,0
0.061380,3.92207,0.233,15.930,0.188,0,0,0
0.061400,3.92333,0.244,15.890,0.209,0,0,0
0.061420,3.92458,0.170,15.813,0.259,0,0,0
0.061440,3.92584,0.270,15.702,0.311,0,0,0
0.061460,3.92710,0.175,15.571,0.088,0,0,0
0.061480,3.92835,0.177,15.679,0.114,0,0,0
0.061500,3.92961,0.217,15.474,0.132,0,0,0
0.061520,3.93087,0.156,15.510,0.080,0,0,0
0.061540,3.93212,0.266,15.428,0.110,0,0,0
0.061560,3.93338,0.260,15.241,0.090,0,0,0
0.061580,3.93464,0.271,15.200,0.111,0,0,0
0.061600,3.93589,0.271,15.166,0.099,0,0,0
0.061620,3.93715,0.171,15.071,0.107,0,0,0
0.061640,3.93841,0.198,15.077,0.083,0,0,0
0.061660,3.93966,0.215,14.917,0.146,0,0,0
0.061680,3.94092,0.182,14.888,0.058,0,0,0
0.061700,3.94218,0.195,14.744,0.071,0,0,0
0.061720,3.94343,0.206,14.727,0.161,0,0,0
0.061740,3.94469,0.153,14.655,0.164,0,0,0
0.061760,3.94595,0.250,14.581,0.060,0,0,0
0.061780,3.94720,0.216,14.422,0.200,0,0,0
0.061800,3.94846,0.195,14.374,0.164,0,0,0
0.061820,3.94972,0.261,14.221,0.119,0,0,0
0.061840,3.95097,0.110,14.261,0.140,-540,0,0
0.061860,3.95223,0.181,14.898,0.180,0,540,0
0.061880,3.95348,0.088,15.636,0.178,0,540,0
0.061900,3.95474,0.108,16.040,0.148,0,0,0
0.061920,3.95600,0.126,15.922,0.199,0,0,0
0.061940,3.95725,0.174,15.791,0.067,0,0,0
0.061960,3.95851,0.173,15.587,0.201,0,0,0
0.061980,3.95977,0.096,15.571,0.097,0,0,0
0.062000,3.96102,0.110,15.445,0.144,0,0,0
0.062020,3.96228,0.142,15.378,0.069,0,0,0
0.062040,3.96354,0.258,15.291,0.136,0,0,0
0.062060,3.96479,0.186,15.056,0.099,0,0,0
0.062080,3.96605,0.170,15.074,0.177,0,0,0
0.062100,3.96731,0.165,14.967,0.218,0,0,0
0.062120,3.96856,0.135,14.816,0.069,0,0,0
0.062140,3.96982,0.272,14.656,0.039,0,0,0
0.062160,3.97108,0.226,14.677,0.164,0,0,0
0.062180,3.97233,0.154,14.455,0.156,0,0,0
0.062200,3.97359,0.127,14.492,0.130,0,0,0
0.062220,3.97485,0.165,14.311,0.040,0,0,0
0.062240,3.97610,0.197,14.598,0.025,0,540,0
0.062260,3.97736,0.165,15.331,-0.007,0,540,0
0.062280,3.97862,0.217,15.940,-0.020,0,540,0
0.062300,3.97987,0.200,15.752,-0.069,0,0,0
0.062320,3.98113,0.127,15.665,0.080,0,0,0
0.062340,3.98239,0.084,15.573,-0.059,0,0,0
0.062360,3.98364,0.103,15.401,-0.019,0,0,0
0.062380,3.98490,0.095,15.234,-0.029,0,0,0
0.062400,3.98616,0.103,15.158,-0.040,0,0,0
0.062420,3.98741,0.160,14.972,-0.000,0,0,0
0.062440,3.98867,0.156,14.946,-0.026,0,0,0
0.062460,3.98993,0.161,14.737,0.015,0,0,0
0.062480,3.99118,0.152,14.638,-0.115,0,0,0
0.062500,3.99244,0.211,14.460,0.049,0,0,0
0.062520,3.99370,0.172,14.306,0.065,0,0,0
0.062540,3.99495,0.216,14.197,0.011,0,0,0
0.062560,3.99621,0.223,14.797,0.034,0,540,0
0.062580,3.99747,0.171,15.301,-0.002,0,540,0
0.062600,3.99872,0.225,15.959,-0.056,0,540,0
0.062620,3.99998,0.137,15.788,-0.000,0,0,0
0.062640,4.00124,0.135,15.682,-0.012,0,0,0
0.062660,4.00249,0.143,15.589,0.022,0,0,0
0.062680,4.00375,0.210,15.477,-0.034,0,0,0
0.062700,4.00501,0.169,15.265,-0.032,0,0,0
0.062720,4.00626,0.231,15.116,-0.057,0,0,0
0.062740,4.00752,0.155,15.043,-0.033,0,0,0
0.062760,4.00878,0.237,14.706,-0.044,0,0,0
0.062780,4.01003,0.177,14.719,-0.047,0,0,0
0.062800,4.01129,0.163,14.517,0.015,0,0,0
0.062820,4.01255,0.206,14.324,0.058,0,0,0
0.062840,4.01380,0.101,14.155,0.049,0,0,0
0.062860,4.01506,0.131,14.374,0.061,0,540,0
0.062880,4.01632,0.054,14.767,0.106,0,540,0
0.062900,4.01757,0.248,15.426,0.051,0,540,0
0.062920,4.01883,0.127,16.097,-0.060,0,540,0
0.062940,4.02009,0.159,15.894,-0.014,0,0,0
0.062960,4.02134,0.238,15.688,-0.071,0,0,0
0.062980,4.02260,0.128,15.432,0.057,0,0,0
0.063000,4.02386,0.166,15.270,-0.047,0,0,0
0.063020,4.02511,0.210,15.160,0.084,0,0,0
0.063040,4.02637,0.131,14.843,0.013,0,0,0
0.063060,4.02763,0.148,14.768,-0.093,0,0,0
0.063080,4.02888,0.125,14.655,-0.002,0,0,0
0.063100,4.03014,0.144,14.515,-0.014,0,0,0
0.063120,4.03140,0.180,14.273,0.017,0,0,0
0.063140,4.03265,0.147,14.397,-0.006,0,540,0
0.063160,4.03391,0.178,14.935,0.039,0,540,0
0.063180,4.03517,0.107,15.338,0.081,0,540,0
0.063200,4.03642,0.173,15.891,0.030,0,540,0
0.063220,4.03768,0.105,15.701,0.026,0,0,0
0.063240,4.03894,0.146,15.428,-0.038,0,0,0
0.063260,4.04019,0.154,15.264,0.022,0,0,0
0.063280,4.04145,0.172,15.208,-0.026,0,0,0
0.063300,4.04271,0.130,14.792,-0.007,0,0,0
0.063320,4.04396,0.157,14.689,-0.007,0,0,0
0.063340,4.04522,0.125,14.535,0.059,0,0,0
0.063360,4.04648,0.174,14.325,-0.044,0,0,0
0.063380,4.04773,0.171,14.131,-0.022,0,0,0
0.063400,4.04899,0.153,14.358,0.028,0,540,0
0.063420,4.05025,0.243,14.658,0.060,0,540,0
0.063440,4.05150,0.199,15.125,-0.045,0,540,0
0.063460,4.05276,0.273,15.582,0.039,0,540,0
0.063480,4.05402,0.083,15.938,0.006,0,540,0
0.063500,4.05527,0.090,15.828,-0.039,0,0,0
0.063520,4.05653,0.249,15.577,0.037,0,0,0
0.063540,4.05779,0.117,15.405,0.019,0,0,0
0.063560,4.05904,0.117,15.235,-0.003,0,0,0
0.063580,4.06030,0.152,14.925,-0.009,0,0,0
0.063600,4.06156,0.184,14.790,0.014,0,0,0
0.063620,4.06281,0.134,14.504,-0.002,0,0,0
0.063640,4.06407,0.167,14.450,0.056,0,0,0
0.063660,4.06533,0.080,14.195,-0.027,0,0,0
0.063680,4.06658,0.162,14.578,0.004,0,540,0
0.063700,4.06784,0.205,14.940,0.026,0,540,0
0.063720,4.06910,0.094,15.307,-0.083,0,540,0
0.063740,4.07035,0.057,15.715,-0.006,0,540,0
0.063760,4.07161,0.189,15.746,-0.065,0,0,0
0.063780,4.07287,0.158,15.556,-0.017,0,0,0
0.063800,4.07412,0.184,15.333,-0.022,0,0,0
0.063820,4.07538,0.214,15.125,-0.022,0,0,0
0.063840,4.07664,0.156,15.004,-0.022,0,0,0
0.063860,4.07789,0.198,14.781,0.118,0,0,0
0.063880,4.07915,0.207,14.573,0.001,0,0,0
0.063900,4.08041,0.174,14.395,0.105,0,0,0
0.063920,4.08166,0.116,14.188,-0.066,0,0,0
0.063940,4.08292,0.119,14.485,0.018,0,540,0
0.063960,4.08418,0.172,14.769,-0.070,0,540,0
0.063980,4.08543,0.252,15.126,0.058,0,540,0
0.064000,4.08669,0.186,15.520,0.016,0,540,0
0.064020,4.08795,0.140,15.774,-0.025,0,540,0
0.064040,4.08920,0.119,15.792,0.012,0,0,0
0.064060,4.09046,0.140,15.627,-0.054,0,0,0
0.064080,4.09171,0.113,15.430,0.023,0,0,0
0.064100,4.09297,0.118,15.235,0.031,0,0,0
0.064120,4.09423,0.119,15.118,0.025,0,0,0
0.064140,4.09548,0.105,14.768,-0.024,0,0,0
0.064160,4.09674,0.250,14.586,-0.014,0,0,0
0.064180,4.09800,0.188,14.541,-0.014,0,0,0
0.064200,4.09925,0.202,14.361,-0.027,0,0,0
0.064220,4.10051,0.199,14.336,0.011,0,540,0
0.064240,4.10177,0.078,14.641,0.083,0,540,0
0.064260,4.10302,0.154,14.916,0.103,0,540,0
0.064280,4.10428,0.184,15.202,0.063,0,540,0
0.064300,4.10554,0.173,15.464,0.002,0,540,0
0.064320,4.10679,0.175,15.727,-0.000,0,540,0
0.064340,4.10805,0.144,15.845,-0.002,0,0,0
0.064360,4.10931,0.168,15.655,0.006,0,0,0
0.064380,4.11056,0.209,15.483,-0.084,0,0,0
0.064400,4.11182,0.054,15.186,-0.104,0,0,0
0.064420,4.11308,0.106,15.042,0.088,0,0,0
0.064440,4.11433,0.208,14.795,0.063,0,0,0
0.064460,4.11559,0.103,14.568,0.027,0,0,0
0.064480,4.11685,0.202,14.441,-0.044,0,0,0
0.064500,4.11810,0.125,14.316,-0.046,0,0,0
0.064520,4.11936,0.175,14.371,-0.001,0,540,0
0.064540,4.12062,0.159,14.596,0.046,0,540,0
0.064560,4.12187,0.077,14.796,0.056,0,540,0
0.064580,4.12313,0.171,15.195,-0.045,0,540,0
0.064600,4.12439,0.134,15.415,-0.111,0,540,0
0.064620,4.12564,0.249,15.658,-0.072,0,540,0
0.064640,4.12690,0.193,15.882,0.004,0,540,0
0.064660,4.12816,0.188,15.701,-0.008,0,0,0
0.064680,4.12941,0.204,15.570,0.030,0,0,0
0.064700,4.13067,0.190,15.390,0.061,0,0,0
0.064720,4.13193,0.087,15.127,-0.072,0,0,0
0.064740,4.13318,0.232,14.981,0.061,0,0,0
0.064760,4.13444,0.085,14.778,0.109,0,0,0
0.064780,4.13570,0.199,14.635,-0.032,0,0,0
0.064800,4.13695,0.215,14.438,0.033,0,0,0
0.064820,4.13821,0.187,14.388,0.063,0,0,0
0.064840,4.13947,0.108,14.163,0.102,0,0,0
0.064860,4.14072,0.196,14.325,-0.070,0,540,0
0.064880,4.14198,0.128,14.426,0.008,0,540,0
0.064900,4.14324,0.157,14.674,-0.016,0,540,0
0.064920,4.14449,0.194,14.928,-0.070,0,540,0
0.064940,4.14575,0.125,15.149,-0.036,0,540,0
0.064960,4.14701,0.117,15.474,0.061,0,540,0
0.064980,4.14826,0.240,15.662,0.048,0,540,0
0.065000,4.14952,0.137,15.844,-0.027,0,540,0
0.065020,4.15078,0.173,15.737,-0.032,0,0,0
0.065040,4.15203,0.182,15.619,0.035,0,0,0
0.065060,4.15329,0.212,15.392,-0.050,0,0,0
0.065080,4.15455,0.176,15.232,-0.108,0,0,0
0.065100,4.15580,0.251,15.104,0.001,0,0,0
0.065120,4.15706,0.143,14.987,0.007,0,0,0
0.065140,4.15832,0.258,14.756,-0.004,0,0,0
0.065160,4.15957,0.140,14.559,0.017,0,0,0
0.065180,4.16083,0.129,14.583,-0.000,0,0,0
0.065200,4.16209,0.033,14.282,0.011,0,0,0
0.065220,4.16334,0.207,14.223,-0.096,0,0,0
0.065240,4.16460,0.233,14.423,-0.093,0,540,0
0.065260,4.16586,0.077,14.731,-0.072,0,540,0
0.065280,4.16711,0.131,14.897,0.041,0,540,0
0.065300,4.16837,0.088,15.149,-0.021,0,540,0
0.065320,4.16963,0.174,15.366,-0.055,0,540,0
0.065340,4.17088,0.214,15.629,0.034,0,540,0
0.065360,4.17214,0.157,15.831,0.018,0,540,0
0.065380,4.17340,0.171,15.766,-0.001,0,0,0
0.065400,4.17465,0.242,15.609,0.053,0,0,0
0.065420,4.17591,0.230,15.507,-0.048,0,0,0
0.065440,4.17717,0.228,15.388,-0.035,0,0,0
0.065460,4.17842,0.206,15.320,0.027,0,0,0
0.065480,4.17968,0.144,15.073,-0.098,-540,0,0
0.065500,4.18094,0.117,14.911,-0.074,0,0,0
0.065520,4.18219,0.157,14.829,-0.048,0,0,0
0.065540,4.18345,0.149,14.668,-0.060,0,0,0
0.065560,4.18471,0.073,14.602,-0.040,0,0,0
0.065580,4.18596,0.137,14.450,0.017,0,0,0
0.065600,4.18722,0.218,14.300,-0.006,0,0,0
0.065620,4.18848,0.156,14.362,-0.026,0,0,0
0.065640,4.18973,0.167,14.385,0.030,0,540,0
0.065660,4.19099,0.111,14.583,0.052,0,540,0
0.065680,4.19225,0.079,14.779,-0.030,0,540,0
0.065700,4.19350,0.125,15.013,0.005,0,540,0
0.065720,4.19476,0.108,15.300,0.076,0,540,0
0.065740,4.19602,0.130,15.446,-0.039,0,540,0
0.065760,4.19727,0.146,15.723,-0.013,0,540,0
0.065780,4.19853,0.151,15.813,0.091,0,0,0
0.065800,4.19979,0.165,15.733,0.061,0,0,0
0.065820,4.20104,0.089,15.675,0.003,0,0,0
0.065840,4.20230,0.157,15.558,0.008,0,0,0
0.065860,4.20356,0.134,15.387,-0.005,0,0,0
0.065880,4.20481,0.079,15.207,0.091,0,0,0
0.065900,4.20607,0.139,15.190,0.011,0,0,0
0.065920,4.20733,0.116,15.118,-0.024,0,0,0
0.065940,4.20858,0.113,14.969,0.004,0,0,0
0.065960,4.20984,0.163,14.836,-0.052,0,0,0
0.065980,4.21110,0.030,14.747,0.033,0,0,0
0.066000,4.21235,0.058,14.701,-0.039,0,0,0
0.066020,4.21361,0.191,14.618,-0.007,0,0,0
0.066040,4.21487,0.020,14.518,0.005,0,0,0
0.066060,4.21612,0.170,14.456,0.049,0,0,0
0.066080,4.21738,0.202,14.372,0.094,0,0,0
0.066100,4.21864,0.186,14.245,-0.106,0,0,0
0.066120,4.21989,0.166,14.196,0.032,0,0,0
0.066140,4.22115,0.143,14.373,0.038,0,540,0
0.066160,4.22241,0.118,14.675,-0.055,0,540,0
0.066180,4.22366,0.188,14.847,0.008,0,540,0
0.066200,4.22492,0.028,15.261,0.042,0,540,0
0.066220,4.22618,0.052,15.373,0.044,0,540,0
0.066240,4.22743,0.065,15.668,-0.063,0,540,0
0.066260,4.22869,0.121,16.041,-0.014,0,540,0
0.066280,4.22995,0.174,15.877,0.026,0,0,0
0.066300,4.23120,0.151,15.754,0.048,0,0,0
0.066320,4.23246,0.121,15.625,0.466,0,0,540
0.066340,4.23371,0.101,15.606,1.460,0,0,540
0.066360,4.23497,0.101,15.486,2.303,0,0,540
0.066380,4.23623,0.147,15.433,3.139,0,0,540
0.066400,4.23748,0.160,15.322,4.120,0,0,540
0.066420,4.23874,0.079,15.401,4.931,0,0,540
0.066440,4.24000,0.193,15.208,5.719,0,0,540
0.066460,4.24125,0.217,15.143,6.634,0,0,540
0.066480,4.24251,0.139,15.091,7.589,0,0,540
0.066500,4.24377,0.045,15.003,8.593,0,0,540
0.066520,4.24502,0.147,14.974,9.435,0,0,540
0.066540,4.24628,0.171,14.973,10.190,0,0,540
0.066560,4.24754,0.162,14.902,11.205,0,0,540
0.066580,4.24879,0.089,14.693,12.104,0,0,540
0.066600,4.25005,0.072,14.688,12.946,0,0,540
0.066620,4.25131,0.161,14.584,13.868,0,0,540
0.066640,4.25256,0.100,14.647,14.671,0,0,540
0.066660,4.25382,0.130,14.528,15.603,0,0,540
0.066680,4.25508,0.077,14.461,16.020,0,0,0
0.066700,4.25633,0.090,14.448,16.061,0,0,0
0.066720,4.25759,0.132,14.388,15.962,0,0,0
0.066740,4.25885,0.073,14.382,15.971,0,0,0
0.066760,4.26010,0.113,14.239,15.996,0,0,0
0.066780,4.26136,0.130,14.377,15.922,0,0,0
0.066800,4.26262,0.178,14.197,15.934,0,0,0
0.066820,4.26387,0.099,14.064,15.934,0,0,0
0.066840,4.26513,0.200,14.483,15.867,0,540,0
0.066860,4.26639,0.084,14.685,15.911,0,540,0
0.066880,4.26764,0.104,14.963,15.960,0,540,0
0.066900,4.26890,0.213,15.218,15.842,0,540,0
0.066920,4.27016,0.062,15.473,15.826,0,540,0
0.066940,4.27141,0.137,15.720,15.794,0,540,0
0.066960,4.27267,0.211,15.819,15.832,0,0,0
0.066980,4.27393,0.183,15.782,15.836,0,0,0
0.067000,4.27518,0.109,15.802,15.796,0,0,0
0.067020,4.27644,0.138,15.695,15.805,0,0,0
0.067040,4.27770,0.232,15.668,15.799,0,0,0
0.067060,4.27895,0.183,15.650,15.755,0,0,0
0.067080,4.28021,0.182,15.567,15.750,0,0,0
0.067100,4.28147,0.159,15.520,15.715,0,0,0
0.067120,4.28272,0.034,15.518,15.742,0,0,0
0.067140,4.28398,0.086,15.468,15.621,0,0,0
0.067160,4.28524,0.090,15.403,15.613,0,0,0
0.067180,4.28649,0.061,15.332,15.649,0,0,0
0.067200,4.28775,0.107,15.326,15.630,0,0,0
0.067220,4.28901,0.135,15.237,15.692,0,0,0
0.067240,4.29026,0.224,15.291,15.607,0,0,0
0.067260,4.29152,0.167,15.236,15.599,0,0,0
0.067280,4.29278,0.151,15.143,15.638,0,0,0
0.067300,4.29403,0.160,15.134,15.522,0,0,0
0.067320,4.29529,0.205,15.147,15.615,0,0,0
0.067340,4.29655,0.111,15.129,15.488,0,0,0
0.067360,4.29780,0.206,15.112,15.536,0,0,0
0.067380,4.29906,0.129,14.929,15.462,0,0,0
0.067400,4.30032,0.134,14.958,15.468,0,0,0
0.067420,4.30157,0.067,14.939,15.451,0,0,0
0.067440,4.30283,0.131,14.960,15.460,0,0,0
0.067460,4.30409,0.088,14.910,15.556,0,0,0
0.067480,4.30534,0.177,14.857,15.290,0,0,0
0.067500,4.30660,0.258,14.829,15.331,0,0,0
0.067520,4.30786,0.132,14.825,15.436,0,0,0
0.067540,4.30911,0.068,14.635,15.360,0,0,0
0.067560,4.31037,0.208,14.679,15.279,0,0,0
0.067580,4.31163,0.174,14.670,15.270,0,0,0
0.067600,4.31288,0.130,14.749,15.412,0,0,0
0.067620,4.31414,0.203,14.687,15.364,0,0,0
0.067640,4.31540,0.166,14.655,15.323,0,0,0
0.067660,4.31665,0.118,14.697,15.248,0,0,0
0.067680,4.31791,0.136,14.633,15.263,0,0,0
0.067700,4.31917,0.161,14.597,15.272,0,0,0
0.067720,4.32042,0.154,14.269,15.272,0,-540,0
0.067740,4.32168,0.165,13.938,15.218,0,-540,0
0.067760,4.32294,0.129,13.694,15.250,0,-540,0
0.067780,4.32419,0.094,13.344,15.150,0,-540,0
0.067800,4.32545,0.073,13.132,15.104,0,-540,0
0.067820,4.32671,0.141,12.801,15.147,0,-540,0
0.067840,4.32796,0.161,12.599,15.096,0,-540,0
0.067860,4.32922,0.127,12.250,15.151,0,-540,0
0.067880,4.33048,0.175,12.082,15.086,0,-540,0
0.067900,4.33173,0.242,11.804,15.035,0,-540,0
0.067920,4.33299,0.171,11.506,15.055,0,-540,0
0.067940,4.33425,0.146,11.301,15.055,0,-540,0
0.067960,4.33550,0.098,11.058,15.061,0,-540,0
0.067980,4.33676,0.219,10.662,14.989,0,-540,0
0.068000,4.33802,0.178,10.568,15.047,0,-540,0
0.068020,4.33927,0.157,10.246,14.949,0,-540,0
0.068040,4.34053,0.113,10.014,14.929,0,-540,0
0.068060,4.34179,0.184,9.907,14.880,0,-540,0
0.068080,4.34304,0.142,9.685,15.006,0,-540,0
0.068100,4.34430,0.129,9.448,14.975,0,-540,0
0.068120,4.34556,0.175,9.272,14.872,0,-540,0
0.068140,4.34681,0.174,9.150,14.877,0,-540,0
0.068160,4.34807,0.266,8.773,14.815,0,-540,0
0.068180,4.34933,0.213,8.674,14.811,0,-540,0
0.068200,4.35058,0.053,8.448,14.796,0,-540,0
0.068220,4.35184,0.223,8.263,14.721,0,-540,0
0.068240,4.35310,0.173,8.070,14.781,0,-540,0
0.068260,4.35435,0.105,7.866,14.797,0,-540,0
0.068280,4.35561,0.154,7.800,14.711,0,-540,0
0.068300,4.35687,0.243,7.513,14.656,0,-540,0
0.068320,4.35812,0.151,7.420,14.671,0,-540,0
0.068340,4.35938,0.187,7.148,14.623,0,-540,0
0.068360,4.36064,0.220,6.991,14.606,0,-540,0
0.068380,4.36189,0.203,6.854,14.535,0,-540,0
0.068400,4.36315,0.176,6.676,14.656,0,-540,0
0.068420,4.36441,0.177,6.601,14.662,0,-540,0
0.068440,4.36566,0.137,6.492,14.518,0,-540,0
0.068460,4.36692,0.304,6.234,14.526,0,-540,0
0.068480,4.36818,0.210,6.086,14.482,-540,-540,0
0.068500,4.36943,0.220,5.880,14.366,0,-540,0
0.068520,4.37069,0.085,5.736,14.410,0,-540,0
0.068540,4.37195,0.068,5.629,14.362,0,-540,0
0.068560,4.37320,0.085,5.448,14.392,0,-540,0
0.068580,4.37446,-0.027,5.283,14.378,0,-540,0
0.068600,4.37571,0.242,5.121,14.338,0,-540,0
0.068620,4.37697,0.133,5.032,14.291,0,-540,0
0.068640,4.37823,0.132,4.816,14.278,0,-540,0
0.068660,4.37948,0.120,4.721,14.279,0,-540,0
0.068680,4.38074,0.076,4.653,14.189,0,-540,0
0.068700,4.38200,0.093,4.475,14.276,0,-540,0
0.068720,4.38325,0.071,4.413,14.597,0,-540,540
0.068740,4.38451,0.099,4.228,15.550,0,-540,540
0.068760,4.38577,0.179,4.000,15.932,0,-540,0
0.068780,4.38702,0.107,3.977,15.814,0,-540,0
0.068800,4.38828,0.195,3.854,15.836,0,-540,0
0.068820,4.38954,0.124,3.671,15.738,0,-540,0
0.068840,4.39079,0.198,3.620,15.714,0,-540,0
0.068860,4.39205,0.113,3.408,15.748,0,-540,0
0.068880,4.39331,0.181,3.280,15.577,0,-540,0
0.068900,4.39456,0.092,3.201,15.618,0,-540,0
0.068920,4.39582,0.151,3.104,15.637,0,-540,0
0.068940,4.39708,0.199,2.887,15.487,0,-540,0
0.068960,4.39833,0.191,2.879,15.601,0,-540,0
0.068980,4.39959,0.140,2.736,15.583,0,-540,0
0.069000,4.40085,0.190,2.671,15.554,0,-540,0
0.069020,4.40210,0.128,2.488,15.497,0,-540,0
0.069040,4.40336,0.153,2.425,15.436,0,-540,0
0.069060,4.40462,0.164,2.321,15.404,0,-540,0
0.069080,4.40587,0.217,2.242,15.332,0,-540,0
0.069100,4.40713,0.179,2.066,15.349,0,-540,0
0.069120,4.40839,0.109,2.059,15.240,0,-540,0
0.069140,4.40964,0.250,1.929,15.322,0,-540,0
0.069160,4.41090,0.131,1.773,15.156,0,-540,0
0.069180,4.41216,0.215,1.590,15.189,0,-540,0
0.069200,4.41341,0.179,1.521,15.006,0,-540,0
0.069220,4.41467,0.108,1.469,15.086,0,-540,0
0.069240,4.41593,0.122,1.359,15.063,0,-540,0
0.069260,4.41718,0.075,1.241,14.971,0,-540,0
0.069280,4.41844,0.224,1.083,14.952,0,-540,0
0.069300,4.41970,0.203,1.062,14.880,0,-540,0
0.069320,4.42095,0.179,1.020,14.912,0,-540,0
0.069340,4.42221,0.199,0.845,14.805,0,-540,0
0.069360,4.42347,0.147,0.772,14.744,0,-540,0
0.069380,4.42472,0.174,0.578,14.585,0,-540,0
0.069400,4.42598,0.162,0.488,14.680,0,-540,0
0.069420,4.42724,0.111,0.491,14.663,0,-540,0
0.069440,4.42849,0.203,0.350,14.507,0,-540,0
0.069460,4.42975,0.176,0.356,14.487,0,0,0
0.069480,4.43101,0.245,0.182,14.501,0,-540,0
0.069500,4.43226,0.147,0.190,14.442,0,0,0
0.069520,4.43352,0.266,0.161,14.414,0,0,0
0.069540,4.43478,0.155,0.163,14.290,0,0,0
0.069560,4.43603,0.206,0.233,14.258,0,0,0
0.069580,4.43729,0.174,0.297,14.168,0,0,0
0.069600,4.43855,0.123,0.173,14.966,0,0,540
0.069620,4.43980,0.192,0.137,15.835,0,0,540
0.069640,4.44106,0.197,0.147,15.765,0,0,0
0.069660,4.44232,0.153,0.149,15.717,0,0,0
0.069680,4.44357,0.150,0.187,15.710,0,0,0
0.069700,4.44483,0.192,0.113,15.531,0,0,0
0.069720,4.44609,0.135,0.162,15.499,0,0,0
0.069740,4.44734,0.056,0.171,15.459,-540,0,0
0.069760,4.44860,0.017,0.209,15.439,0,0,0
0.069780,4.44986,0.121,0.149,15.255,0,0,0
0.069800,4.45111,0.093,0.194,15.226,0,0,0
0.069820,4.45237,0.107,0.093,15.211,0,0,0
0.069840,4.45363,0.116,0.119,15.101,0,0,0
0.069860,4.45488,0.089,0.111,15.051,0,0,0
0.069880,4.45614,0.064,0.179,14.972,0,0,0
0.069900,4.45740,0.077,0.190,14.876,0,0,0
0.069920,4.45865,-0.022,0.157,14.866,0,0,0
0.069940,4.45991,0.080,0.151,14.799,0,0,0
0.069960,4.46117,0.122,0.261,14.742,0,0,0
0.069980,4.46242,0.087,0.188,14.481,0,0,0
0.070000,4.46368,0.061,0.118,14.548,0,0,0
0.070020,4.46494,0.062,0.214,14.376,0,0,0
0.070040,4.46619,0.046,0.157,14.424,0,0,0
0.070060,4.46745,0.030,0.163,14.247,0,0,0
0.070080,4.46871,0.119,0.206,14.149,0,0,0
0.070100,4.46996,0.106,0.148,14.947,0,0,540
0.070120,4.47122,0.113,0.172,15.652,0,0,540
0.070140,4.47248,0.097,0.194,16.007,0,0,0
0.070160,4.47373,0.007,0.149,15.985,0,0,0
0.070180,4.47499,0.007,0.226,15.890,0,0,0
0.070200,4.47625,0.058,0.203,15.742,0,0,0
0.070220,4.47750,0.168,0.160,15.680,0,0,0
0.070240,4.47876,0.051,0.225,15.499,0,0,0
0.070260,4.48002,0.110,0.210,15.464,0,0,0
0.070280,4.48127,0.173,0.189,15.431,0,0,0
0.070300,4.48253,0.029,0.191,15.234,0,0,0
0.070320,4.48379,0.051,0.243,15.242,0,0,0
0.070340,4.48504,0.092,0.238,15.041,0,0,0
0.070360,4.48630,0.073,0.206,14.904,0,0,0
0.070380,4.48756,0.087,0.210,14.876,0,0,0
0.070400,4.48881,0.109,0.191,14.762,0,0,0
0.070420,4.49007,0.062,0.177,14.638,0,0,0
0.070440,4.49133,0.146,0.336,14.479,0,0,0
0.070460,4.49258,0.155,0.165,14.402,0,0,0
0.070480,4.49384,0.088,0.222,14.328,0,0,0
0.070500,4.49510,0.129,0.181,14.182,0,0,0
0.070520,4.49635,0.108,0.198,14.501,0,0,540
0.070540,4.49761,0.137,0.121,15.151,0,0,540
0.070560,4.49887,0.082,0.157,15.828,0,0,540
0.070580,4.50012,0.136,0.125,15.732,0,0,0
0.070600,4.50138,0.104,0.140,15.520,0,0,0
0.070620,4.50264,0.122,0.180,15.420,0,0,0
0.070640,4.50389,0.009,0.216,15.373,0,0,0
0.070660,4.50515,0.075,0.141,15.161,0,0,0
0.070680,4.50641,0.239,0.160,15.107,0,0,0
0.070700,4.50766,0.160,0.209,14.896,0,0,0
0.070720,4.50892,0.146,0.130,15.006,0,0,0
0.070740,4.51018,0.097,0.084,14.754,0,0,0
0.070760,4.51143,0.110,0.126,14.563,0,0,0
0.070780,4.51269,0.161,0.141,14.439,0,0,0
0.070800,4.51395,0.026,0.164,14.330,0,0,0
0.070820,4.51520,0.117,0.176,14.232,0,0,0
0.070840,4.51646,0.064,0.154,14.806,0,0,540
0.070860,4.51771,0.160,0.175,15.398,0,0,540
0.070880,4.51897,0.061,0.233,16.060,0,0,540
0.070900,4.52023,0.093,0.250,15.962,0,0,0
0.070920,4.52148,0.124,0.202,15.807,0,0,0
0.070940,4.52274,0.197,0.230,15.537,0,0,0
0.070960,4.52400,0.091,0.175,15.425,0,0,0
0.070980,4.52525,0.123,0.225,15.263,0,0,0
0.071000,4.52651,0.134,0.141,15.128,0,0,0
0.071020,4.52777,0.186,0.171,14.983,0,0,0
0.071040,4.52902,0.214,0.136,14.832,0,0,0
0.071060,4.53028,0.176,0.169,14.684,0,0,0
0.071080,4.53154,0.166,0.167,14.533,0,0,0
0.071100,4.53279,0.152,0.158,14.403,0,0,0
0.071120,4.53405,0.148,0.153,14.282,0,0,0
0.071140,4.53531,0.166,0.167,14.387,0,0,540
0.071160,4.53656,0.155,0.212,14.993,0,0,540
0.071180,4.53782,0.111,0.148,15.586,0,0,540
0.071200,4.53908,0.173,0.192,16.087,0,0,540
0.071220,4.54033,0.114,0.128,15.838,0,0,0
0.071240,4.54159,0.214,0.177,15.731,0,0,0
0.071260,4.54285,0.219,0.088,15.666,0,0,0
0.071280,4.54410,0.199,0.183,15.536,0,0,0
0.071300,4.54536,0.229,0.195,15.253,0,0,0
0.071320,4.54662,0.203,0.150,15.193,0,0,0
0.071340,4.54787,0.209,0.116,14.886,0,0,0
0.071360,4.54913,0.121,0.112,14.649,0,0,0
0.071380,4.55039,0.193,0.130,14.558,0,0,0
0.071400,4.55164,0.130,0.214,14.376,0,0,0
0.071420,4.55290,0.171,0.183,14.163,0,0,0
0.071440,4.55416,0.137,0.191,14.366,0,0,540
0.071460,4.55541,0.107,0.229,14.823,0,0,540
0.071480,4.55667,0.163,0.143,15.350,0,0,540
0.071500,4.55793,0.169,0.135,15.855,0,0,540
0.071520,4.55918,0.196,0.177,15.575,0,0,0
0.071540,4.56044,0.229,0.130,15.389,0,0,0
0.071560,4.56170,0.210,0.174,15.218,0,0,0
0.071580,4.56295,0.132,0.106,15.027,0,0,0
0.071600,4.56421,0.163,0.202,14.889,0,0,0
0.071620,4.56547,0.172,0.194,14.717,0,0,0
0.071640,4.56672,0.186,0.232,14.436,0,0,0
0.071660,4.56798,0.133,0.161,14.470,0,0,0
0.071680,4.56924,0.194,0.161,14.265,0,0,0
0.071700,4.57049,0.169,0.168,14.598,0,0,540
0.071720,4.57175,0.130,0.132,14.985,0,0,540
0.071740,4.57301,0.212,0.257,15.429,0,0,540
0.071760,4.57426,0.158,0.175,15.853,0,0,540
0.071780,4.57552,0.138,0.243,15.725,0,0,0
0.071800,4.57678,0.116,0.119,15.483,0,0,0
0.071820,4.57803,0.244,0.179,15.228,0,0,0
0.071840,4.57929,0.153,0.148,15.016,0,0,0
0.071860,4.58055,0.215,0.163,14.903,0,0,0
0.071880,4.58180,0.149,0.224,14.667,0,0,0
0.071900,4.58306,0.102,0.179,14.566,0,0,0
0.071920,4.58432,0.247,0.104,14.305,0,0,0
0.071940,4.58557,0.237,0.214,14.092,0,0,0
0.071960,4.58683,0.169,0.235,14.544,0,0,540
0.071980,4.58809,0.244,0.203,14.915,0,0,540
0.072000,4.58934,0.125,0.296,15.241,0,0,540
0.072020,4.59060,0.234,0.180,15.766,0,0,540
0.072040,4.59186,0.184,0.167,15.765,0,0,0
0.072060,4.59311,0.243,0.152,15.563,0,0,0
0.072080,4.59437,0.148,0.230,15.289,0,0,0
0.072100,4.59563,0.169,0.161,15.169,0,0,0
0.072120,4.59688,0.254,0.232,14.940,0,0,0
0.072140,4.59814,0.186,0.118,14.777,0,0,0
0.072160,4.59940,0.232,0.170,14.569,0,0,0
0.072180,4.60065,0.249,0.176,14.300,0,0,0
0.072200,4.60191,0.282,0.168,14.089,0,0,0
0.072220,4.60317,0.189,0.106,14.454,0,0,540
0.072240,4.60442,0.210,0.074,14.844,0,0,540
0.072260,4.60568,0.202,0.225,15.166,0,0,540
0.072280,4.60694,0.252,0.146,15.436,0,0,540
0.072300,4.60819,0.169,0.099,15.866,0,0,540
0.072320,4.60945,0.139,0.064,15.868,0,0,0
0.072340,4.61071,0.239,0.217,15.707,0,0,0
0.072360,4.61196,0.263,0.193,15.369,0,0,0
0.072380,4.61322,0.121,0.124,15.248,0,0,0
0.072400,4.61448,0.207,0.113,15.009,0,0,0
0.072420,4.61573,0.132,0.276,14.848,0,0,0
0.072440,4.61699,0.287,0.138,14.699,0,0,0
0.072460,4.61825,0.156,0.174,14.417,0,0,0
0.072480,4.61950,0.202,0.115,14.171,0,0,0
0.072500,4.62076,0.176,0.189,14.319,0,0,540
0.072520,4.62202,0.245,0.188,14.677,0,0,540
0.072540,4.62327,0.245,0.127,15.005,0,0,540
0.072560,4.62453,0.301,0.163,15.233,0,0,540
0.072580,4.62579,0.207,0.165,15.529,0,0,540
0.072600,4.62704,0.174,0.143,15.850,0,0,540
0.072620,4.62830,0.255,0.066,15.892,0,0,0
0.072640,4.62956,0.225,0.117,15.619,0,0,0
0.072660,4.63081,0.171,0.119,15.443,0,0,0
0.072680,4.63207,0.072,0.245,15.242,-540,0,0
0.072700,4.63333,0.013,0.142,15.048,0,0,0
0.072720,4.63458,0.069,0.206,14.884,0,0,0
0.072740,4.63584,-0.083,0.183,14.667,0,0,0
0.072760,4.63710,0.005,0.233,14.602,0,0,0
0.072780,4.63835,0.123,0.126,14.322,0,0,0
0.072800,4.63961,-0.093,0.261,14.188,0,0,0
0.072820,4.64087,0.067,0.226,14.341,0,0,540
0.072840,4.64212,-0.037,0.238,14.650,0,0,540
0.072860,4.64338,0.061,0.037,14.870,0,0,540
0.072880,4.64464,-0.051,0.104,15.284,0,0,540
0.072900,4.64589,-0.053,0.157,15.399,0,0,540
0.072920,4.64715,0.052,0.155,15.779,0,0,540
0.072940,4.64841,0.029,0.168,15.753,0,0,0
0.072960,4.64966,0.005,0.151,15.626,0,0,0
0.072980,4.65092,0.062,0.149,15.307,0,0,0
0.073000,4.65218,0.046,0.173,15.197,0,0,0
0.073020,4.65343,0.007,0.152,14.971,0,0,0
0.073040,4.65469,-0.099,0.167,14.876,0,0,0
0.073060,4.65595,0.068,0.188,14.556,0,0,0
0.073080,4.65720,-0.044,0.180,14.566,0,0,0
0.073100,4.65846,-0.069,0.139,14.378,0,0,0
0.073120,4.65971,-0.002,0.185,14.205,0,0,0
0.073140,4.66097,0.094,0.032,14.277,0,0,540
0.073160,4.66223,-0.016,0.100,14.457,0,0,540
0.073180,4.66348,-0.055,0.177,14.747,0,0,540
0.073200,4.66474,0.102,0.193,15.036,0,0,540
0.073220,4.66600,-0.111,0.202,15.219,0,0,540
0.073240,4.66725,-0.005,0.202,15.458,0,0,540
0.073260,4.66851,-0.020,0.098,15.712,0,0,540
0.073280,4.66977,0.073,0.256,15.688,0,0,0
0.073300,4.67102,-0.026,0.108,15.633,0,0,0
0.073320,4.67228,0.095,0.193,15.349,0,0,0
0.073340,4.67354,-0.050,0.173,15.203,0,0,0
0.073360,4.67479,0.067,0.134,15.058,0,0,0
0.073380,4.67605,0.024,0.283,14.888,0,0,0
0.073400,4.67731,0.024,0.130,14.880,0,0,0
0.073420,4.67856,0.016,0.234,14.605,0,0,0
0.073440,4.67982,-0.004,0.269,14.398,0,0,0
0.073460,4.68108,0.017,0.111,14.318,0,0,0
0.073480,4.68233,0.027,0.183,14.175,0,0,0
0.073500,4.68359,-0.077,0.188,14.466,0,0,540
0.073520,4.68485,0.072,0.242,14.670,0,0,540
0.073540,4.68610,0.083,0.190,14.896,0,0,540
0.073560,4.68736,0.001,0.173,15.095,0,0,540
0.073580,4.68862,0.045,0.170,15.360,0,0,540
0.073600,4.68987,0.081,0.224,15.504,0,0,540
0.073620,4.69113,0.018,0.166,15.806,0,0,540
0.073640,4.69239,0.046,0.289,15.887,0,0,0
0.073660,4.69364,0.001,0.178,15.736,0,0,0
0.073680,4.69490,-0.047,0.170,15.638,0,0,0
0.073700,4.69616,-0.050,0.161,15.566,0,0,0
0.073720,4.69741,0.094,0.139,15.326,0,0,0
0.073740,4.69867,0.008,0.085,15.169,0,0,0
0.073760,4.69993,-0.055,0.079,15.053,0,0,0
0.073780,4.70118,-0.019,0.232,14.978,0,0,0
0.073800,4.70244,-0.006,0.104,14.827,0,0,0
0.073820,4.70370,-0.010,0.162,14.595,0,0,0
0.073840,4.70495,0.095,0.105,14.598,0,0,0
0.073860,4.70621,-0.002,0.090,14.405,0,0,0
0.073880,4.70747,0.055,0.121,14.384,0,0,0
0.073900,4.70872,0.036,0.242,14.219,0,0,0
0.073920,4.70998,0.010,0.218,14.182,0,0,0
0.073940,4.71124,-0.008,0.243,14.378,0,0,540
0.073960,4.71249,-0.078,0.155,14.568,0,0,540
0.073980,4.71375,-0.050,0.188,14.707,0,0,540
0.074000,4.71501,0.025,0.125,15.019,0,0,540
0.074020,4.71626,-0.006,0.176,15.260,0,0,540
0.074040,4.71752,0.058,0.198,15.449,0,0,540
0.074060,4.71878,-0.002,0.157,15.801,0,0,540
0.074080,4.72003,0.032,0.170,15.882,0,0,0
0.074100,4.72129,0.006,0.134,15.743,0,0,0
0.074120,4.72255,-0.002,0.231,15.628,0,0,0
0.074140,4.72380,0.006,0.159,15.486,0,0,0
0.074160,4.72506,0.005,0.187,15.391,0,0,0
0.074180,4.72632,-0.033,0.226,15.232,0,0,0
0.074200,4.72757,0.008,0.136,15.219,0,0,0
0.074220,4.72883,-0.006,0.144,15.110,0,0,0
0.074240,4.73009,0.009,0.210,14.921,0,0,0
0.074260,4.73134,0.026,0.121,14.791,0,0,0
0.074280,4.73260,-0.023,0.243,14.754,0,0,0
0.074300,4.73386,0.068,0.300,14.711,0,0,0
0.074320,4.73511,-0.039,0.145,14.567,0,0,0
0.074340,4.73637,-0.098,0.100,14.467,0,0,0
0.074360,4.73763,-0.046,0.040,14.451,0,0,0
0.074380,4.73888,0.000,0.186,14.344,0,0,0
0.074400,4.74014,0.024,0.207,14.289,0,0,0
0.074420,4.74140,-0.036,0.271,14.548,0,0,540
0.074440,4.74265,-0.015,0.193,14.697,0,0,540
0.074460,4.74391,-0.019,0.200,14.958,0,0,540
0.074480,4.74517,-0.029,0.195,15.268,0,0,540
0.074500,4.74642,-0.029,0.179,15.505,0,0,540
0.074520,4.74768,-0.040,0.157,15.729,0,0,540
0.074540,4.74894,-0.061,0.097,15.804,0,0,0
0.074560,4.75019,0.029,0.189,15.720,0,0,0
0.074580,4.75145,-0.003,0.177,15.698,0,0,0
0.074600,4.75271,-0.068,0.117,15.488,0,0,0
0.074620,4.75396,-0.033,0.116,15.490,0,0,0
0.074640,4.75522,0.049,0.117,15.324,0,0,0
0.074660,4.75648,0.484,0.173,15.379,540,0,0
0.074680,4.75773,1.270,0.277,15.231,540,0,0
0.074700,4.75899,2.316,0.185,15.201,540,0,0
0.074720,4.76025,3.172,0.184,15.123,540,0,0
0.074740,4.76150,4.069,0.214,15.035,540,0,0
0.074760,4.76276,4.912,0.055,14.966,540,0,0
0.074780,4.76402,5.863,0.184,14.984,540,0,0
0.074800,4.76527,6.658,0.224,14.920,540,0,0
0.074820,4.76653,7.599,0.063,14.842,540,0,0
0.074840,4.76779,8.566,0.223,14.686,540,0,0
0.074860,4.76904,9.447,0.185,14.742,540,0,0
0.074880,4.77030,10.297,0.202,14.668,540,0,0
0.074900,4.77156,11.059,0.125,14.479,540,0,0
0.074920,4.77281,12.077,0.227,14.498,540,0,0
0.074940,4.77407,12.907,0.168,14.370,540,0,0
0.074960,4.77533,13.820,0.208,14.417,540,0,0
0.074980,4.77658,14.695,0.248,14.366,540,0,0
