# Вариант 2. Скорость 450 об/мин, задание тока 15 А, углы 10/150 эл. град, Udc 540 В, R фазы 0,6 Ом (паспорт)
# t_s,theta_mech_sensor_rad,ia_A,ib_A,ic_A,ua_V,ub_V,uc_V
0.000000,0.00000,0.010,0.008,0.008,0,0,540
0.000020,0.00094,-0.076,0.005,0.078,0,0,540
0.000040,0.00188,0.085,0.055,0.249,0,0,540
0.000060,0.00283,-0.078,-0.042,0.355,0,0,540
0.000080,0.00377,0.028,-0.016,0.460,0,0,540
0.000100,0.00471,0.015,0.027,0.615,0,0,540
0.000120,0.00565,-0.047,-0.007,0.660,0,0,540
0.000140,0.00660,0.008,0.003,0.759,0,0,540
0.000160,0.00754,-0.030,-0.045,0.903,0,0,540
0.000180,0.00848,0.076,-0.094,0.927,0,0,540
0.000200,0.00942,0.103,-0.026,1.124,0,0,540
0.000220,0.01037,0.030,0.074,1.248,0,0,540
0.000240,0.01131,-0.025,-0.007,1.312,0,0,540
0.000260,0.01225,0.010,-0.065,1.398,0,0,540
0.000280,0.01319,-0.016,-0.025,1.544,0,0,540
0.000300,0.01414,0.010,-0.009,1.611,0,0,540
0.000320,0.01508,-0.043,0.035,1.706,0,0,540
0.000340,0.01602,0.046,0.013,1.775,0,0,540
0.000360,0.01696,-0.008,-0.034,1.932,0,0,540
0.000380,0.01791,0.020,-0.019,2.141,0,0,540
0.000400,0.01885,0.020,0.115,2.193,0,0,540
0.000420,0.01979,0.082,0.019,2.302,0,0,540
0.000440,0.02073,-0.033,-0.037,2.316,0,0,540
0.000460,0.02168,-0.029,-0.077,2.539,0,0,540
0.000480,0.02262,-0.008,0.067,2.590,0,0,540
0.000500,0.02356,-0.014,-0.000,2.737,0,0,540
0.000520,0.02450,0.071,-0.101,2.784,0,0,540
0.000540,0.02545,-0.022,-0.003,3.065,0,0,540
0.000560,0.02639,0.053,-0.099,3.098,0,0,540
0.000580,0.02733,-0.044,-0.030,3.239,0,0,540
0.000600,0.02827,-0.085,-0.016,3.371,0,0,540
0.000620,0.02922,-0.065,-0.030,3.515,0,0,540
0.000640,0.03016,0.018,0.025,3.584,0,0,540
0.000660,0.03110,-0.009,0.004,3.756,0,0,540
0.000680,0.03204,0.012,0.050,3.812,0,0,540
0.000700,0.03299,0.004,0.064,4.033,0,0,540
0.000720,0.03393,-0.036,-0.004,4.119,0,0,540
0.000740,0.03487,0.023,-0.092,4.220,0,0,540
0.000760,0.03581,-0.004,0.055,4.291,0,0,540
0.000780,0.03676,0.068,0.017,4.477,0,0,540
0.000800,0.03770,-0.035,-0.080,4.668,0,0,540
0.000820,0.03864,0.009,0.049,4.745,0,0,540
0.000840,0.03958,0.034,-0.049,4.895,0,0,540
0.000860,0.04053,-0.022,0.019,4.935,0,0,540
0.000880,0.04147,0.014,0.008,5.194,0,0,540
0.000900,0.04241,-0.027,0.020,5.308,0,0,540
0.000920,0.04335,-0.008,0.096,5.392,0,0,540
0.000940,0.04430,0.943,0.002,5.623,540,0,540
0.000960,0.04524,1.766,-0.042,5.809,540,0,540
0.000980,0.04618,2.602,-0.058,5.905,540,0,540
0.001000,0.04712,3.650,0.037,6.036,540,0,540
0.001020,0.04807,4.497,-0.062,6.128,540,0,540
0.001040,0.04901,5.419,-0.036,6.342,540,0,540
0.001060,0.04995,6.329,0.081,6.512,540,0,540
0.001080,0.05089,7.182,0.057,6.662,540,0,540
0.001100,0.05184,8.143,0.024,6.818,540,0,540
0.001120,0.05278,8.869,0.005,7.016,540,0,540
0.001140,0.05372,9.857,-0.004,7.086,540,0,540
0.001160,0.05466,10.746,-0.015,7.264,540,0,540
0.001180,0.05561,11.630,0.008,7.451,540,0,540
0.001200,0.05655,12.508,-0.020,7.592,540,0,540
0.001220,0.05749,13.249,-0.037,7.753,540,0,540
0.001240,0.05843,14.258,-0.031,7.981,540,0,540
0.001260,0.05938,15.120,0.032,8.131,540,0,540
0.001280,0.06032,16.021,-0.025,8.342,540,0,540
0.001300,0.06126,15.949,-0.023,8.521,0,0,540
0.001320,0.06220,16.044,0.066,8.735,0,0,540
0.001340,0.06315,15.959,0.088,8.900,0,0,540
0.001360,0.06409,15.955,-0.001,8.976,0,0,540
0.001380,0.06503,15.980,-0.005,9.223,0,0,540
0.001400,0.06597,15.908,-0.033,9.457,0,0,540
0.001420,0.06692,15.957,-0.001,9.652,0,0,540
0.001440,0.06786,15.894,-0.007,9.827,0,0,540
0.001460,0.06880,15.826,-0.023,9.969,0,0,540
0.001480,0.06974,15.931,0.011,10.302,0,0,540
0.001500,0.07069,15.789,-0.071,10.419,0,0,540
0.001520,0.07163,15.852,-0.028,10.701,0,0,540
0.001540,0.07257,15.864,-0.067,10.842,0,0,540
0.001560,0.07351,15.808,-0.068,11.087,0,0,540
0.001580,0.07446,15.821,-0.058,11.255,0,0,540
0.001600,0.07540,15.748,0.045,11.549,0,0,540
0.001620,0.07634,15.763,0.124,11.841,0,0,540
0.001640,0.07728,15.705,-0.038,11.930,0,0,540
0.001660,0.07823,15.722,0.001,12.029,0,0,540
0.001680,0.07917,15.716,0.033,12.460,0,0,540
0.001700,0.08011,15.667,0.022,12.574,0,0,540
0.001720,0.08105,15.659,0.014,12.847,0,0,540
0.001740,0.08200,15.682,-0.037,13.078,0,0,540
0.001760,0.08294,15.591,0.059,13.436,0,0,540
0.001780,0.08388,15.687,0.066,13.635,0,0,540
0.001800,0.08482,15.702,0.044,13.931,0,0,540
0.001820,0.08577,15.613,0.079,14.053,0,0,540
0.001840,0.08671,15.541,0.000,14.501,0,0,540
0.001860,0.08765,15.519,-0.000,14.775,0,0,540
0.001880,0.08859,15.509,-0.060,14.992,0,0,540
0.001900,0.08954,15.451,0.020,15.278,0,0,540
0.001920,0.09048,15.427,-0.082,15.553,0,0,540
0.001940,0.09142,15.410,0.020,15.887,0,0,540
0.001960,0.09236,15.405,-0.001,15.882,0,0,0
0.001980,0.09331,15.441,0.040,15.852,0,0,0
0.002000,0.09425,15.485,-0.008,15.860,0,0,0
0.002020,0.09519,15.352,-0.087,15.833,0,0,0
0.002040,0.09613,15.320,-0.001,15.913,0,0,0
0.002060,0.09708,15.400,-0.037,15.833,0,0,0
0.002080,0.09802,15.374,-0.027,15.799,0,0,0
0.002100,0.09896,15.303,0.042,15.736,0,0,0
0.002120,0.09990,15.342,-0.047,15.697,0,0,0
0.002140,0.10085,15.276,0.028,15.757,0,0,0
0.002160,0.10179,15.231,0.005,15.750,0,0,0
0.002180,0.10273,15.246,-0.047,15.742,0,0,0
0.002200,0.10367,15.291,0.069,15.745,0,0,0
0.002220,0.10462,15.173,0.012,15.654,0,0,0
0.002240,0.10556,15.188,0.006,15.730,0,0,0
0.002260,0.10650,15.139,0.011,15.674,0,0,0
0.002280,0.10744,15.071,-0.049,15.690,0,0,0
0.002300,0.10838,15.173,-0.044,15.665,0,0,0
0.002320,0.10933,15.007,-0.076,15.630,0,0,0
0.002340,0.11027,15.046,0.001,15.664,0,0,0
0.002360,0.11121,14.997,0.036,15.544,0,0,0
0.002380,0.11215,14.989,-0.064,15.603,0,0,0
0.002400,0.11310,15.061,-0.065,15.553,0,0,0
0.002420,0.11404,14.844,0.044,15.507,0,0,0
0.002440,0.11498,14.991,0.079,15.590,0,0,0
0.002460,0.11592,14.884,-0.042,15.492,0,0,0
0.002480,0.11687,14.886,0.020,15.515,0,0,0
0.002500,0.11781,14.918,-0.016,15.588,0,0,0
0.002520,0.11875,14.847,-0.018,15.514,0,0,0
0.002540,0.11969,14.889,-0.032,15.478,0,0,0
0.002560,0.12064,14.864,0.035,15.451,0,0,0
0.002580,0.12158,14.778,-0.030,15.403,0,0,0
0.002600,0.12252,14.776,0.011,15.498,0,0,0
0.002620,0.12346,14.791,0.004,15.458,0,0,0
0.002640,0.12441,14.764,0.057,15.450,0,0,0
0.002660,0.12535,14.719,-0.051,15.478,0,0,0
0.002680,0.12629,14.718,0.022,15.471,0,0,0
0.002700,0.12723,14.584,-0.000,15.502,0,0,0
0.002720,0.12818,14.669,0.052,15.511,0,0,0
0.002740,0.12912,14.592,0.064,15.327,0,0,0
0.002760,0.13006,14.608,-0.007,15.378,0,0,0
0.002780,0.13100,14.512,-0.033,15.273,0,0,-540
0.002800,0.13195,14.571,-0.015,14.930,0,0,-540
0.002820,0.13289,14.500,-0.032,14.642,0,0,-540
0.002840,0.13383,14.441,-0.055,14.322,0,0,-540
0.002860,0.13477,14.475,-0.041,14.064,0,0,-540
0.002880,0.13572,14.422,-0.033,13.846,0,0,-540
0.002900,0.13666,14.401,-0.056,13.469,0,0,-540
0.002920,0.13760,14.383,-0.055,13.271,0,0,-540
0.002940,0.13854,14.374,0.007,12.896,0,0,-540
0.002960,0.13949,14.270,0.006,12.694,0,0,-540
0.002980,0.14043,14.280,-0.024,12.373,0,0,-540
0.003000,0.14137,14.244,-0.040,12.283,0,0,-540
0.003020,0.14231,14.291,-0.010,11.887,0,0,-540
0.003040,0.14326,15.094,0.008,11.690,540,0,-540
0.003060,0.14420,16.012,0.066,11.545,540,0,-540
0.003080,0.14514,15.946,0.064,11.251,0,0,-540
0.003100,0.14608,15.931,0.021,11.078,0,0,-540
0.003120,0.14703,15.755,0.040,10.731,0,0,-540
0.003140,0.14797,15.808,0.025,10.592,0,0,-540
0.003160,0.14891,15.790,0.026,10.287,0,0,-540
0.003180,0.14985,15.718,-0.058,10.149,0,0,-540
0.003200,0.15080,15.747,0.021,9.914,0,0,-540
0.003220,0.15174,15.587,0.029,9.723,0,0,-540
0.003240,0.15268,15.710,0.030,9.520,0,0,-540
0.003260,0.15362,15.567,0.019,9.291,0,0,-540
0.003280,0.15457,15.598,-0.073,9.130,0,0,-540
0.003300,0.15551,15.515,0.063,8.896,0,0,-540
0.003320,0.15645,15.506,-0.035,8.834,0,0,-540
0.003340,0.15739,15.472,0.026,8.500,0,0,-540
0.003360,0.15834,15.477,0.001,8.363,0,0,-540
0.003380,0.15928,15.425,-0.020,8.110,0,0,-540
0.003400,0.16022,15.330,-0.016,8.013,0,0,-540
0.003420,0.16116,15.328,-0.011,7.748,0,0,-540
0.003440,0.16211,15.303,-0.001,7.658,0,0,-540
0.003460,0.16305,15.308,0.054,7.522,0,0,-540
0.003480,0.16399,15.222,-0.016,7.317,0,0,-540
0.003500,0.16493,15.163,-0.018,7.214,0,0,-540
0.003520,0.16588,15.146,0.091,6.964,0,0,-540
0.003540,0.16682,15.118,0.003,6.803,0,0,-540
0.003560,0.16776,15.148,0.027,6.687,0,0,-540
0.003580,0.16870,15.064,-0.049,6.456,0,0,-540
0.003600,0.16965,15.009,-0.070,6.361,0,0,-540
0.003620,0.17059,15.025,-0.040,6.111,0,0,-540
0.003640,0.17153,14.940,0.014,6.068,0,0,-540
0.003660,0.17247,14.823,-0.012,5.858,0,0,-540
0.003680,0.17342,14.820,-0.107,5.856,0,0,-540
0.003700,0.17436,14.731,-0.038,5.647,0,0,-540
0.003720,0.17530,14.878,-0.043,5.449,0,0,-540
0.003740,0.17624,14.704,-0.014,5.309,0,0,-540
0.003760,0.17719,14.655,-0.036,5.037,0,0,-540
0.003780,0.17813,14.605,0.022,4.941,0,0,-540
0.003800,0.17907,14.661,-0.017,4.836,0,0,-540
0.003820,0.18001,14.542,-0.018,4.820,0,0,-540
0.003840,0.18096,14.549,0.059,4.659,0,0,-540
0.003860,0.18190,14.477,0.038,4.364,0,0,-540
0.003880,0.18284,14.523,-0.015,4.331,0,0,-540
0.003900,0.18378,14.438,0.040,4.275,0,0,-540
0.003920,0.18473,14.339,-0.037,4.002,0,0,-540
0.003940,0.18567,14.298,-0.039,3.910,0,0,-540
0.003960,0.18661,14.297,-0.015,3.801,0,0,-540
0.003980,0.18755,14.639,-0.070,3.669,540,0,-540
0.004000,0.18850,15.387,0.044,3.497,540,0,-540
0.004020,0.18944,15.927,0.028,3.484,0,0,-540
0.004040,0.19038,15.704,0.029,3.293,0,0,-540
0.004060,0.19132,15.650,0.084,3.121,0,0,-540
0.004080,0.19227,15.672,-0.095,3.073,0,0,-540
0.004100,0.19321,15.573,0.005,2.955,0,0,-540
0.004120,0.19415,15.447,-0.024,2.732,0,0,-540
0.004140,0.19509,15.421,0.032,2.755,0,0,-540
0.004160,0.19604,15.395,0.026,2.612,0,0,-540
0.004180,0.19698,15.357,-0.004,2.549,0,0,-540
0.004200,0.19792,15.328,-0.057,2.460,0,0,-540
0.004220,0.19886,15.302,-0.106,2.310,0,0,-540
0.004240,0.19981,15.210,-0.046,2.157,0,0,-540
0.004260,0.20075,15.139,0.034,2.096,0,0,-540
0.004280,0.20169,15.074,0.108,1.931,0,0,-540
0.004300,0.20263,14.990,0.032,1.833,0,0,-540
0.004320,0.20358,15.098,0.030,1.742,0,0,-540
0.004340,0.20452,14.875,0.027,1.640,0,0,-540
0.004360,0.20546,14.838,0.026,1.469,0,0,-540
0.004380,0.20640,14.814,0.024,1.523,0,0,-540
0.004400,0.20735,14.745,0.000,1.310,0,0,-540
0.004420,0.20829,14.668,-0.003,1.221,0,0,-540
0.004440,0.20923,14.616,-0.008,1.097,0,0,-540
0.004460,0.21017,14.574,0.077,0.989,0,0,-540
0.004480,0.21112,14.579,-0.031,0.875,0,0,-540
0.004500,0.21206,14.430,-0.087,0.781,0,0,-540
0.004520,0.21300,14.380,0.030,0.687,0,0,-540
0.004540,0.21394,14.288,0.005,0.662,0,0,-540
0.004560,0.21488,14.278,-0.013,0.488,0,0,-540
0.004580,0.21583,14.633,0.017,0.532,540,0,-540
0.004600,0.21677,15.297,0.013,0.367,540,0,-540
0.004620,0.21771,16.212,0.044,0.343,540,0,0
0.004640,0.21865,15.984,0.016,0.136,0,0,-540
0.004660,0.21960,15.984,-0.021,0.284,0,0,0
0.004680,0.22054,15.857,-0.014,0.296,0,0,0
0.004700,0.22148,15.698,-0.038,0.307,0,0,0
0.004720,0.22242,15.772,0.041,0.310,0,0,0
0.004740,0.22337,15.635,-0.019,0.160,0,0,-540
0.004760,0.22431,15.670,0.046,0.255,0,0,0
0.004780,0.22525,15.566,0.044,0.243,0,0,0
0.004800,0.22619,15.450,-0.018,0.178,0,0,0
0.004820,0.22714,15.453,0.117,0.265,0,0,0
0.004840,0.22808,15.270,0.035,0.244,0,0,0
0.004860,0.22902,15.303,-0.075,0.242,0,0,0
0.004880,0.22996,15.133,0.155,0.142,0,0,0
0.004900,0.23091,15.118,0.033,0.184,0,0,0
0.004920,0.23185,15.070,0.053,0.180,0,0,0
0.004940,0.23279,14.845,-0.041,0.105,0,0,0
0.004960,0.23373,14.829,-0.033,0.190,0,0,0
0.004980,0.23468,14.815,0.056,0.300,0,0,0
0.005000,0.23562,14.661,0.025,0.182,0,0,0
0.005020,0.23656,14.566,-0.023,0.229,0,0,0
0.005040,0.23750,14.497,-0.018,0.338,0,0,0
0.005060,0.23845,14.467,0.004,0.231,0,0,0
0.005080,0.23939,14.336,0.019,0.294,0,0,0
0.005100,0.24033,14.339,0.001,0.124,0,0,0
0.005120,0.24127,14.999,0.064,0.222,540,0,0
0.005140,0.24222,15.632,0.023,0.289,540,0,0
0.005160,0.24316,15.969,0.022,0.187,0,0,0
0.005180,0.24410,15.779,0.037,0.210,0,0,0
0.005200,0.24504,15.689,0.062,0.188,0,0,0
0.005220,0.24599,15.695,-0.064,0.186,0,0,0
0.005240,0.24693,15.571,-0.069,0.173,0,0,0
0.005260,0.24787,15.457,0.003,0.107,0,0,0
0.005280,0.24881,15.421,-0.046,0.113,0,0,0
0.005300,0.24976,15.239,0.005,0.159,0,0,0
0.005320,0.25070,15.300,-0.024,0.137,0,0,0
0.005340,0.25164,15.052,0.020,0.109,0,0,0
0.005360,0.25258,14.930,0.017,0.062,0,0,0
0.005380,0.25353,14.883,0.042,0.228,0,0,0
0.005400,0.25447,14.819,0.033,0.132,0,0,0
0.005420,0.25541,14.744,-0.018,0.167,0,0,0
0.005440,0.25635,14.617,0.011,0.186,0,0,0
0.005460,0.25730,14.460,0.085,0.129,0,0,0
0.005480,0.25824,14.371,0.015,0.184,0,0,0
0.005500,0.25918,14.343,0.027,0.223,0,0,0
0.005520,0.26012,14.235,0.064,0.164,0,0,0
0.005540,0.26107,14.440,-0.072,0.183,540,0,0
0.005560,0.26201,15.142,-0.003,0.184,540,0,0
0.005580,0.26295,15.722,0.031,0.146,540,0,0
0.005600,0.26389,16.123,-0.040,0.219,0,0,0
0.005620,0.26484,15.933,0.005,0.134,0,0,0
0.005640,0.26578,15.867,-0.023,0.133,0,0,0
0.005660,0.26672,15.722,0.092,0.117,0,0,0
0.005680,0.26766,15.624,-0.031,0.208,0,0,0
0.005700,0.26861,15.445,0.071,0.088,0,0,0
0.005720,0.26955,15.405,0.011,0.163,0,0,0
0.005740,0.27049,15.210,-0.010,0.298,0,0,0
0.005760,0.27143,15.122,-0.034,0.189,0,0,0
0.005780,0.27238,15.020,0.018,0.146,0,0,0
0.005800,0.27332,14.952,-0.006,0.129,0,0,0
0.005820,0.27426,14.848,-0.011,0.179,0,0,0
0.005840,0.27520,14.769,0.085,0.156,0,0,0
0.005860,0.27615,14.516,-0.005,0.100,0,0,0
0.005880,0.27709,14.457,0.088,0.169,0,0,0
0.005900,0.27803,14.339,-0.026,0.202,0,0,0
0.005920,0.27897,14.197,0.005,0.175,0,0,0
0.005940,0.27992,14.509,-0.057,0.150,540,0,0
0.005960,0.28086,15.000,-0.023,0.249,540,0,0
0.005980,0.28180,15.800,-0.134,0.105,540,0,0
0.006000,0.28274,15.837,-0.032,0.138,0,0,0
0.006020,0.28369,15.798,0.074,0.202,0,0,0
0.006040,0.28463,15.639,-0.052,0.235,0,0,0
0.006060,0.28557,15.419,-0.020,0.227,0,0,0
0.006080,0.28651,15.390,-0.017,0.186,0,0,0
0.006100,0.28746,15.157,0.013,0.111,0,0,0
0.006120,0.28840,15.162,-0.038,0.168,0,0,0
0.006140,0.28934,14.928,-0.077,0.169,0,0,0
0.006160,0.29028,14.881,-0.002,0.181,0,0,0
0.006180,0.29123,14.717,-0.024,0.186,0,0,0
0.006200,0.29217,14.534,0.013,0.134,0,0,0
0.006220,0.29311,14.466,-0.023,0.201,0,0,-540
0.006240,0.29405,14.312,0.007,0.122,0,0,0
0.006260,0.29500,14.155,-0.008,0.231,0,0,0
0.006280,0.29594,14.094,-0.049,0.129,0,0,0
0.006300,0.29688,14.609,0.008,0.121,540,0,0
0.006320,0.29782,15.180,-0.079,0.214,540,0,0
0.006340,0.29877,15.653,-0.013,0.192,540,0,0
0.006360,0.29971,15.845,-0.064,0.102,0,0,0
0.006380,0.30065,15.768,-0.003,0.118,0,0,0
0.006400,0.30159,15.589,-0.017,0.082,0,0,0
0.006420,0.30254,15.455,-0.037,0.006,0,0,0
0.006440,0.30348,15.371,0.062,0.178,0,0,0
0.006460,0.30442,15.221,0.028,0.201,0,0,0
0.006480,0.30536,15.063,-0.100,0.120,0,0,0
0.006500,0.30631,14.898,-0.020,0.205,0,0,0
0.006520,0.30725,14.845,0.008,0.115,0,0,0
0.006540,0.30819,14.700,-0.012,0.130,0,0,0
0.006560,0.30913,14.589,0.007,0.083,0,0,0
0.006580,0.31008,14.399,-0.017,0.227,0,0,0
0.006600,0.31102,14.294,0.053,0.084,0,0,0
0.006620,0.31196,14.388,0.043,0.153,540,0,0
0.006640,0.31290,14.879,-0.020,0.169,540,0,0
0.006660,0.31385,15.328,0.006,0.063,540,0,0
0.006680,0.31479,15.832,-0.063,0.124,540,0,0
0.006700,0.31573,15.759,-0.044,0.196,0,0,0
0.006720,0.31667,15.524,-0.026,0.196,0,0,0
0.006740,0.31762,15.403,-0.024,0.094,0,0,0
0.006760,0.31856,15.263,-0.086,0.023,0,0,0
0.006780,0.31950,15.087,-0.022,0.071,0,0,0
0.006800,0.32044,14.938,-0.042,0.065,0,0,0
0.006820,0.32138,14.877,0.045,0.084,0,0,0
0.006840,0.32233,14.668,0.041,0.097,0,0,0
0.006860,0.32327,14.526,0.081,0.072,0,0,0
0.006880,0.32421,14.400,0.046,-0.017,0,0,0
0.006900,0.32515,14.288,0.024,0.136,0,0,0
0.006920,0.32610,14.293,0.018,0.198,540,0,0
0.006940,0.32704,14.843,0.043,0.159,540,0,0
0.006960,0.32798,15.308,0.001,0.175,540,0,0
0.006980,0.32892,15.720,0.050,0.093,540,0,0
0.007000,0.32987,15.864,-0.030,0.084,0,0,0
0.007020,0.33081,15.767,-0.000,0.120,0,0,0
0.007040,0.33175,15.541,-0.090,0.167,0,0,0
0.007060,0.33269,15.454,-0.033,0.148,0,0,0
0.007080,0.33364,15.227,-0.054,0.081,0,0,0
0.007100,0.33458,15.095,0.033,0.120,0,0,0
0.007120,0.33552,14.914,0.135,0.215,0,0,0
0.007140,0.33646,14.821,-0.011,0.125,0,0,0
0.007160,0.33741,14.699,-0.050,0.058,0,0,0
0.007180,0.33835,14.655,0.046,0.166,0,0,0
0.007200,0.33929,14.434,-0.071,0.092,0,0,0
0.007220,0.34023,14.285,0.031,0.089,0,0,0
0.007240,0.34118,14.380,-0.062,0.216,540,0,0
0.007260,0.34212,14.756,-0.052,0.025,540,0,0
0.007280,0.34306,15.128,0.042,0.115,540,0,0
0.007300,0.34400,15.513,0.059,0.095,540,0,0
0.007320,0.34495,15.717,-0.054,0.098,0,0,0
0.007340,0.34589,15.506,-0.018,0.083,0,0,0
0.007360,0.34683,15.345,0.048,0.155,0,0,0
0.007380,0.34777,15.154,0.023,0.120,0,0,0
0.007400,0.34872,15.110,0.018,0.073,0,0,0
0.007420,0.34966,14.899,0.034,0.133,0,0,0
0.007440,0.35060,14.745,0.094,0.162,0,0,0
0.007460,0.35154,14.673,-0.049,0.114,0,0,0
0.007480,0.35249,14.397,0.044,0.217,0,0,0
0.007500,0.35343,14.338,-0.085,0.082,0,0,0
0.007520,0.35437,14.447,-0.053,0.139,540,0,0
0.007540,0.35531,14.716,0.082,0.074,540,0,0
0.007560,0.35626,15.191,0.066,0.081,540,0,0
0.007580,0.35720,15.561,-0.060,0.109,540,0,0
0.007600,0.35814,15.884,-0.076,0.140,540,0,0
0.007620,0.35908,15.718,0.041,0.050,0,0,0
0.007640,0.36003,15.603,0.074,0.133,0,0,0
0.007660,0.36097,15.386,-0.015,0.126,0,0,0
0.007680,0.36191,15.320,0.036,0.067,0,0,0
0.007700,0.36285,15.013,0.025,0.147,0,0,0
0.007720,0.36380,15.008,0.054,0.140,0,0,0
0.007740,0.36474,14.820,0.018,0.131,0,0,0
0.007760,0.36568,14.594,0.068,0.201,0,0,0
0.007780,0.36662,14.523,-0.086,0.179,0,0,0
0.007800,0.36757,14.487,0.050,0.041,0,0,0
0.007820,0.36851,14.306,0.004,0.122,0,0,0
0.007840,0.36945,14.397,0.038,0.091,540,0,0
0.007860,0.37039,14.662,0.053,-0.011,540,0,0
0.007880,0.37134,15.003,0.039,0.086,540,0,0
0.007900,0.37228,15.290,0.029,0.138,540,0,0
0.007920,0.37322,15.713,0.018,0.081,540,0,0
0.007940,0.37416,15.824,0.017,0.105,0,0,0
0.007960,0.37511,15.501,0.022,0.136,0,0,0
0.007980,0.37605,15.394,0.009,0.152,0,0,0
0.008000,0.37699,15.326,0.064,0.081,0,0,0
0.008020,0.37793,15.085,-0.047,0.035,0,0,0
0.008040,0.37888,15.011,0.046,0.067,0,0,0
0.008060,0.37982,15.011,0.024,0.136,0,0,0
0.008080,0.38076,14.821,0.006,0.193,0,0,0
0.008100,0.38170,14.656,-0.001,0.142,0,0,0
0.008120,0.38265,14.529,-0.021,0.087,0,0,0
0.008140,0.38359,14.342,-0.026,0.130,0,0,0
0.008160,0.38453,14.152,-0.046,0.213,0,0,0
0.008180,0.38547,14.506,0.029,0.162,540,0,0
0.008200,0.38642,14.701,-0.030,0.109,540,0,0
0.008220,0.38736,15.159,0.008,0.115,540,0,0
0.008240,0.38830,15.436,0.022,0.133,540,0,0
0.008260,0.38924,15.746,0.058,0.179,540,0,0
0.008280,0.39019,15.860,-0.012,0.069,0,0,0
0.008300,0.39113,15.729,-0.032,0.140,0,0,0
0.008320,0.39207,15.594,-0.070,0.049,0,0,0
0.008340,0.39301,15.434,0.065,0.209,0,0,0
0.008360,0.39396,15.314,-0.027,0.132,0,0,0
0.008380,0.39490,15.108,-0.025,0.094,0,0,0
0.008400,0.39584,15.070,0.028,0.161,0,0,0
0.008420,0.39678,14.837,0.075,0.110,0,0,0
0.008440,0.39773,14.702,-0.034,0.184,0,0,0
0.008460,0.39867,14.616,0.014,0.113,0,0,0
0.008480,0.39961,14.462,-0.050,0.108,0,0,0
0.008500,0.40055,14.287,-0.004,0.169,0,0,0
0.008520,0.40150,14.424,-0.064,0.145,540,0,0
0.008540,0.40244,14.582,0.054,0.124,540,0,0
0.008560,0.40338,14.989,0.068,0.160,540,0,0
0.008580,0.40432,15.275,0.030,0.132,540,0,0
0.008600,0.40527,15.586,0.063,0.177,540,0,0
0.008620,0.40621,15.876,-0.033,0.159,540,0,0
0.008640,0.40715,15.706,0.018,0.141,0,0,0
0.008660,0.40809,15.597,0.019,0.119,0,0,0
0.008680,0.40904,15.477,0.022,0.103,0,0,0
0.008700,0.40998,15.313,-0.056,0.118,0,0,0
0.008720,0.41092,15.207,0.007,0.110,0,0,0
0.008740,0.41186,15.093,-0.031,0.099,0,0,0
0.008760,0.41281,14.899,-0.033,0.171,0,0,0
0.008780,0.41375,14.855,0.073,0.079,0,0,0
0.008800,0.41469,14.687,-0.051,0.170,0,0,0
0.008820,0.41563,14.605,-0.013,0.104,0,0,0
0.008840,0.41658,14.477,0.030,0.134,0,0,0
0.008860,0.41752,14.290,-0.071,0.171,0,0,0
0.008880,0.41846,14.214,0.046,0.187,0,0,0
0.008900,0.41940,14.332,0.068,0.105,540,0,0
0.008920,0.42035,14.562,-0.047,0.149,540,0,0
0.008940,0.42129,14.828,-0.073,0.111,540,0,0
0.008960,0.42223,15.071,0.061,0.125,540,0,0
0.008980,0.42317,15.428,0.029,0.208,540,0,0
0.009000,0.42412,15.693,0.023,0.055,540,0,0
0.009020,0.42506,15.742,-0.031,0.095,0,0,0
0.009040,0.42600,15.731,0.022,0.106,0,0,0
0.009060,0.42694,15.512,-0.023,0.119,0,0,0
0.009080,0.42788,15.452,-0.010,0.174,0,0,0
0.009100,0.42883,15.374,0.088,0.060,0,0,0
0.009120,0.42977,15.270,0.013,0.056,0,0,0
0.009140,0.43071,15.049,-0.010,0.193,0,0,0
0.009160,0.43165,14.979,0.044,0.238,0,0,0
0.009180,0.43260,14.837,-0.115,0.096,0,0,0
0.009200,0.43354,14.781,0.006,0.212,0,0,0
0.009220,0.43448,14.685,-0.032,0.085,0,0,0
0.009240,0.43542,14.567,0.001,0.179,0,0,0
0.009260,0.43637,14.352,0.005,0.066,0,0,0
0.009280,0.43731,14.407,-0.024,0.074,0,0,0
0.009300,0.43825,14.327,-0.007,0.116,0,0,0
0.009320,0.43919,14.521,-0.067,0.060,540,0,0
0.009340,0.44014,14.820,0.024,0.140,540,0,0
0.009360,0.44108,14.961,0.020,0.148,540,0,0
0.009380,0.44202,15.328,0.038,0.023,540,0,0
0.009400,0.44296,15.512,-0.017,0.119,540,0,0
0.009420,0.44391,15.826,0.044,0.142,540,0,0
0.009440,0.44485,15.707,-0.014,0.170,0,0,0
0.009460,0.44579,15.577,-0.037,0.147,0,0,0
0.009480,0.44673,15.542,0.073,0.188,0,0,0
0.009500,0.44768,15.436,0.038,0.112,0,0,0
0.009520,0.44862,15.358,-0.047,0.103,0,0,0
0.009540,0.44956,15.263,-0.002,0.096,0,0,0
0.009560,0.45050,15.142,-0.022,0.158,0,0,0
0.009580,0.45145,15.027,-0.013,0.126,0,0,0
0.009600,0.45239,14.819,0.046,0.109,0,0,0
0.009620,0.45333,14.824,-0.061,0.118,0,0,0
0.009640,0.45427,14.694,-0.001,0.169,0,0,0
0.009660,0.45522,14.683,0.089,0.053,0,0,0
0.009680,0.45616,14.642,0.006,0.113,0,0,0
0.009700,0.45710,14.492,0.019,0.116,0,0,0
0.009720,0.45804,14.412,0.013,0.172,0,0,0
0.009740,0.45899,14.417,0.036,0.173,0,0,0
0.009760,0.45993,14.228,-0.007,0.129,0,0,0
0.009780,0.46087,14.531,-0.053,0.175,540,0,0
0.009800,0.46181,14.756,0.067,0.173,540,0,0
0.009820,0.46276,15.010,-0.002,0.143,540,0,0
0.009840,0.46370,15.349,-0.024,0.092,540,0,0
0.009860,0.46464,15.594,0.076,0.130,540,0,0
0.009880,0.46558,15.877,-0.043,0.105,540,0,0
0.009900,0.46653,15.744,-0.037,0.144,0,0,0
0.009920,0.46747,15.665,-0.002,0.098,0,0,0
0.009940,0.46841,15.581,0.020,0.091,0,0,0
0.009960,0.46935,15.444,-0.004,0.130,0,0,0
0.009980,0.47030,15.357,0.057,0.176,0,0,0
0.010000,0.47124,15.346,-0.003,0.091,0,0,0
0.010020,0.47218,15.266,0.002,0.136,0,0,0
0.010040,0.47312,15.177,0.028,0.117,0,0,0
0.010060,0.47407,15.054,-0.003,0.098,0,0,0
0.010080,0.47501,15.029,-0.060,0.108,0,0,0
0.010100,0.47595,14.911,0.031,0.170,0,0,0
0.010120,0.47689,14.952,-0.056,0.190,0,0,0
0.010140,0.47784,14.774,0.013,0.195,0,0,0
0.010160,0.47878,14.671,-0.000,0.095,0,0,0
0.010180,0.47972,14.560,0.030,0.143,0,0,0
0.010200,0.48066,14.709,-0.042,0.124,0,0,0
0.010220,0.48161,14.528,0.001,0.057,0,0,0
0.010240,0.48255,14.397,0.002,0.176,0,0,0
0.010260,0.48349,14.400,-0.032,0.131,0,0,0
0.010280,0.48443,14.331,0.081,0.057,0,0,0
0.010300,0.48538,14.297,-0.025,0.087,0,0,0
0.010320,0.48632,14.138,0.098,0.220,0,0,0
0.010340,0.48726,14.505,-0.028,0.164,540,0,0
0.010360,0.48820,14.698,-0.029,0.083,540,0,0
0.010380,0.48915,15.012,-0.072,0.155,540,0,0
0.010400,0.49009,15.280,0.060,0.123,540,0,0
0.010420,0.49103,15.501,-0.067,0.095,540,0,0
0.010440,0.49197,15.773,-0.044,0.090,540,0,0
0.010460,0.49292,15.932,0.009,0.105,0,0,0
0.010480,0.49386,15.834,-0.008,0.138,0,0,0
0.010500,0.49480,15.789,0.038,0.070,0,0,0
0.010520,0.49574,15.742,-0.023,0.063,0,0,0
0.010540,0.49669,15.654,0.015,0.173,0,0,0
0.010560,0.49763,15.565,0.030,0.222,0,0,0
0.010580,0.49857,15.524,0.011,0.073,0,0,0
0.010600,0.49951,15.465,-0.034,0.160,0,0,0
0.010620,0.50046,15.316,0.014,0.197,0,0,0
0.010640,0.50140,15.367,0.035,0.047,0,0,0
0.010660,0.50234,15.248,-0.100,0.144,0,0,0
0.010680,0.50328,15.154,-0.051,0.170,0,0,0
0.010700,0.50423,15.159,-0.002,0.032,0,0,0
0.010720,0.50517,15.108,0.019,0.109,0,0,0
0.010740,0.50611,15.034,0.043,0.094,0,0,0
0.010760,0.50705,14.977,-0.013,0.079,0,0,0
0.010780,0.50800,14.904,-0.002,0.148,0,0,0
0.010800,0.50894,14.871,-0.026,0.067,0,0,0
0.010820,0.50988,14.786,0.002,0.207,0,0,0
0.010840,0.51082,14.874,0.071,0.011,0,0,0
0.010860,0.51177,14.743,-0.033,0.129,0,0,0
0.010880,0.51271,14.682,0.016,0.152,0,0,0
0.010900,0.51365,14.726,0.025,0.243,0,0,0
0.010920,0.51459,14.610,-0.045,0.144,0,0,0
0.010940,0.51554,14.574,0.017,0.171,0,0,0
0.010960,0.51648,14.474,0.004,0.164,0,0,0
0.010980,0.51742,14.477,0.097,0.103,0,0,0
0.011000,0.51836,14.364,-0.003,0.079,0,0,0
0.011020,0.51931,14.351,-0.027,0.219,0,0,0
0.011040,0.52025,14.297,0.054,0.119,0,0,0
0.011060,0.52119,14.213,0.026,0.075,0,0,0
0.011080,0.52213,14.222,0.029,0.110,0,0,0
0.011100,0.52308,14.220,-0.008,0.186,0,0,0
0.011120,0.52402,14.424,0.037,0.067,540,0,0
0.011140,0.52496,14.736,-0.045,0.109,540,0,0
0.011160,0.52590,14.974,0.055,0.155,540,0,0
0.011180,0.52685,15.158,-0.013,0.129,540,0,0
0.011200,0.52779,15.558,0.021,0.096,540,0,0
0.011220,0.52873,15.758,0.049,0.094,540,0,0
0.011240,0.52967,15.903,0.031,0.150,0,0,0
0.011260,0.53061,15.845,-0.028,0.151,0,0,0
0.011280,0.53156,15.879,0.044,0.190,0,0,0
0.011300,0.53250,15.802,0.002,0.066,0,0,0
0.011320,0.53344,15.765,-0.015,0.141,0,0,0
0.011340,0.53438,15.725,-0.030,0.152,0,0,0
0.011360,0.53533,15.711,-0.012,0.126,0,0,0
0.011380,0.53627,15.591,-0.013,0.174,0,0,0
0.011400,0.53721,15.536,-0.019,0.158,0,0,0
0.011420,0.53815,15.571,-0.008,0.089,0,0,0
0.011440,0.53910,15.583,0.057,0.241,0,0,0
0.011460,0.54004,15.426,0.032,0.109,0,0,0
0.011480,0.54098,15.474,0.055,0.116,0,0,0
0.011500,0.54192,15.372,0.013,0.086,0,0,0
0.011520,0.54287,15.331,0.068,0.215,0,0,0
0.011540,0.54381,15.354,0.085,0.201,0,0,0
0.011560,0.54475,15.330,-0.068,0.232,0,0,0
0.011580,0.54569,15.277,-0.066,0.128,0,0,0
0.011600,0.54664,15.263,-0.125,0.096,0,0,0
0.011620,0.54758,15.200,0.066,0.187,0,0,0
0.011640,0.54852,15.155,-0.032,0.158,0,0,0
0.011660,0.54946,15.113,0.012,0.169,0,0,0
0.011680,0.55041,15.099,0.009,0.092,0,0,0
0.011700,0.55135,15.110,0.056,0.154,0,0,0
0.011720,0.55229,15.114,-0.075,0.136,0,0,0
0.011740,0.55323,15.010,0.024,0.149,0,0,0
0.011760,0.55418,15.080,0.010,0.190,0,0,0
0.011780,0.55512,14.943,0.005,0.199,0,0,0
0.011800,0.55606,14.930,0.030,0.100,0,0,0
0.011820,0.55700,14.967,0.100,0.113,0,0,0
0.011840,0.55795,14.952,-0.085,0.119,0,0,0
0.011860,0.55889,14.847,-0.036,0.177,0,0,0
0.011880,0.55983,14.770,-0.048,0.168,0,0,0
0.011900,0.56077,14.702,-0.002,0.187,0,0,0
0.011920,0.56172,14.862,0.029,0.248,0,0,0
0.011940,0.56266,14.723,0.058,0.097,0,0,0
0.011960,0.56360,14.676,-0.015,0.116,0,0,0
0.011980,0.56454,14.724,-0.096,0.152,0,0,0
0.012000,0.56549,14.638,0.006,0.072,0,0,0
0.012020,0.56643,14.674,-0.023,0.161,0,0,0
0.012040,0.56737,14.577,0.540,0.079,0,540,0
0.012060,0.56831,14.567,1.828,0.082,0,540,0
0.012080,0.56926,14.623,2.902,0.122,0,540,0
0.012100,0.57020,14.543,4.262,0.158,0,540,0
0.012120,0.57114,14.615,5.319,0.126,0,540,0
0.012140,0.57208,14.570,6.515,0.069,0,540,0
0.012160,0.57303,14.432,7.760,0.193,0,540,0
0.012180,0.57397,14.485,8.910,0.116,0,540,0
0.012200,0.57491,14.397,10.176,0.170,0,540,0
0.012220,0.57585,14.377,11.299,0.136,0,540,0
0.012240,0.57680,14.444,12.505,0.210,0,540,0
0.012260,0.57774,14.252,13.673,0.212,0,540,0
0.012280,0.57868,14.396,14.785,0.132,0,540,0
0.012300,0.57962,14.276,16.101,0.119,0,540,0
0.012320,0.58057,14.341,15.957,0.157,0,0,0
0.012340,0.58151,14.288,16.020,0.207,0,0,0
0.012360,0.58245,14.207,15.975,0.214,0,0,0
0.012380,0.58339,14.123,15.903,0.191,0,0,0
0.012400,0.58434,14.232,15.860,0.187,0,0,0
0.012420,0.58528,14.389,15.922,0.218,540,0,0
0.012440,0.58622,14.563,15.850,0.214,540,0,0
0.012460,0.58716,14.918,15.907,0.144,540,0,0
0.012480,0.58811,15.149,15.878,0.143,540,0,0
0.012500,0.58905,15.403,15.930,0.219,540,0,0
0.012520,0.58999,15.784,15.812,0.147,540,0,0
0.012540,0.59093,15.747,15.794,0.145,0,0,0
0.012560,0.59188,15.752,15.790,0.143,0,0,0
0.012580,0.59282,15.755,15.724,0.185,0,0,0
0.012600,0.59376,15.707,15.710,0.218,0,0,0
0.012620,0.59470,15.651,15.753,0.167,0,0,0
0.012640,0.59565,15.711,15.619,0.171,0,0,0
0.012660,0.59659,15.594,15.629,0.127,0,0,0
0.012680,0.59753,15.554,15.724,0.146,0,0,0
0.012700,0.59847,15.651,15.632,0.188,0,0,0
0.012720,0.59942,15.601,15.598,0.198,0,0,0
0.012740,0.60036,15.620,15.493,0.146,0,0,0
0.012760,0.60130,15.469,15.511,0.153,0,0,0
0.012780,0.60224,15.506,15.508,0.208,0,0,0
0.012800,0.60319,15.481,15.568,0.272,0,0,0
0.012820,0.60413,15.494,15.386,0.105,0,0,-540
0.012840,0.60507,15.500,15.438,0.056,0,0,0
0.012860,0.60601,15.377,15.383,0.241,0,0,0
0.012880,0.60696,15.413,15.367,0.167,0,0,0
0.012900,0.60790,15.348,15.384,0.097,0,0,0
0.012920,0.60884,15.386,15.352,0.148,0,0,0
0.012940,0.60978,15.421,15.302,0.145,0,0,0
0.012960,0.61073,15.362,15.359,0.056,0,0,0
0.012980,0.61167,15.463,15.303,0.130,0,0,0
0.013000,0.61261,15.389,15.302,0.101,0,0,0
0.013020,0.61355,15.316,15.173,0.006,0,0,0
0.013040,0.61450,15.230,15.235,0.063,0,0,0
0.013060,0.61544,15.186,15.143,0.067,0,0,0
0.013080,0.61638,15.231,15.146,0.044,0,0,0
0.013100,0.61732,15.232,15.167,0.132,0,0,0
0.013120,0.61827,15.354,15.126,0.033,0,0,0
0.013140,0.61921,15.292,14.986,0.164,0,0,0
0.013160,0.62015,15.212,15.087,0.144,0,0,0
0.013180,0.62109,15.276,15.030,0.118,0,0,0
0.013200,0.62204,15.211,14.900,0.098,0,0,0
0.013220,0.62298,15.182,14.959,0.090,0,0,0
0.013240,0.62392,15.149,14.969,0.220,0,0,0
0.013260,0.62486,15.137,14.922,0.176,0,0,0
0.013280,0.62581,15.179,14.861,0.048,0,0,0
0.013300,0.62675,15.145,14.888,0.155,0,0,0
0.013320,0.62769,15.097,14.936,0.120,0,0,0
0.013340,0.62863,15.127,14.840,0.120,0,0,0
0.013360,0.62958,15.045,14.802,0.102,0,0,0
0.013380,0.63052,15.076,14.847,0.183,0,0,0
0.013400,0.63146,15.059,14.740,0.225,0,0,0
0.013420,0.63240,15.128,14.863,0.151,0,0,0
0.013440,0.63335,14.982,14.712,0.074,0,0,0
0.013460,0.63429,15.111,14.603,0.097,0,0,0
0.013480,0.63523,14.993,14.594,0.153,0,0,0
0.013500,0.63617,14.981,14.584,0.039,0,0,0
0.013520,0.63711,14.986,14.610,0.065,0,0,0
0.013540,0.63806,15.015,14.513,0.193,0,0,0
0.013560,0.63900,14.985,14.501,0.198,0,0,0
0.013580,0.63994,15.004,14.446,0.090,0,0,0
0.013600,0.64088,15.029,14.465,0.111,0,0,0
0.013620,0.64183,14.939,14.446,0.056,0,0,0
0.013640,0.64277,14.939,14.452,0.099,0,0,0
0.013660,0.64371,15.009,14.422,0.175,0,0,0
0.013680,0.64465,14.891,14.439,0.092,0,0,0
0.013700,0.64560,14.956,14.372,0.159,0,0,0
0.013720,0.64654,14.831,14.289,0.237,0,0,0
0.013740,0.64748,14.903,14.330,0.127,0,0,0
0.013760,0.64842,14.840,14.328,0.199,0,0,0
0.013780,0.64937,14.930,14.210,0.135,0,0,0
0.013800,0.65031,14.950,14.182,0.210,0,0,0
0.013820,0.65125,14.830,14.229,0.234,0,0,0
0.013840,0.65219,14.907,15.359,0.137,0,540,0
0.013860,0.65314,14.905,15.975,0.103,0,0,0
0.013880,0.65408,14.897,15.879,0.045,0,0,0
0.013900,0.65502,14.661,15.864,0.191,-540,0,0
0.013920,0.65596,14.166,15.745,0.141,-540,0,0
0.013940,0.65691,13.992,15.820,0.058,-540,0,0
0.013960,0.65785,13.749,15.768,0.197,-540,0,0
0.013980,0.65879,13.412,15.797,0.154,-540,0,0
0.014000,0.65973,13.205,15.700,0.114,-540,0,0
0.014020,0.66068,12.938,15.722,0.039,-540,0,0
0.014040,0.66162,12.648,15.615,0.156,-540,0,0
0.014060,0.66256,12.411,15.542,0.201,-540,0,0
0.014080,0.66350,12.142,15.484,0.067,-540,0,0
0.014100,0.66445,11.835,15.579,0.053,-540,0,0
0.014120,0.66539,11.691,15.507,0.138,-540,0,0
0.014140,0.66633,11.438,15.524,0.146,-540,0,0
0.014160,0.66727,11.186,15.435,0.165,-540,0,0
0.014180,0.66822,10.902,15.517,0.199,-540,0,0
0.014200,0.66916,10.662,15.273,0.081,-540,0,0
0.014220,0.67010,10.573,15.319,0.177,-540,0,0
0.014240,0.67104,10.267,15.293,0.175,-540,0,0
0.014260,0.67199,10.104,15.246,0.133,-540,0,0
0.014280,0.67293,9.885,15.249,0.108,-540,0,0
0.014300,0.67387,9.609,15.185,0.178,-540,0,0
0.014320,0.67481,9.438,15.177,0.202,-540,0,0
0.014340,0.67576,9.279,15.166,0.189,-540,0,0
0.014360,0.67670,9.111,15.132,0.145,-540,0,0
0.014380,0.67764,8.798,15.053,0.170,-540,0,0
0.014400,0.67858,8.667,14.970,0.189,-540,0,0
0.014420,0.67953,8.449,14.975,0.150,-540,0,0
0.014440,0.68047,8.363,14.811,0.286,-540,0,0
0.014460,0.68141,8.127,14.919,0.182,-540,0,0
0.014480,0.68235,7.892,14.847,0.143,-540,0,0
0.014500,0.68330,7.709,14.819,0.192,-540,0,0
0.014520,0.68424,7.590,14.665,0.115,-540,0,0
0.014540,0.68518,7.518,14.688,0.216,-540,0,0
0.014560,0.68612,7.320,14.708,0.190,-540,0,0
0.014580,0.68707,7.110,14.619,0.163,-540,0,0
0.014600,0.68801,6.974,14.605,0.088,-540,0,0
0.014620,0.68895,6.718,14.633,0.117,-540,0,0
0.014640,0.68989,6.556,14.460,0.192,-540,0,0
0.014660,0.69084,6.487,14.458,0.134,-540,0,0
0.014680,0.69178,6.305,14.393,0.239,-540,0,0
0.014700,0.69272,6.110,14.369,0.165,-540,0,0
0.014720,0.69366,6.023,14.396,0.182,-540,0,0
0.014740,0.69461,5.856,14.231,0.237,-540,0,0
0.014760,0.69555,5.618,14.295,0.219,-540,0,0
0.014780,0.69649,5.462,14.193,0.116,-540,0,0
0.014800,0.69743,5.384,14.119,0.206,-540,0,0
0.014820,0.69838,5.254,14.705,0.175,-540,540,0
0.014840,0.69932,5.075,15.821,0.179,-540,540,0
0.014860,0.70026,4.994,15.807,0.213,-540,0,0
0.014880,0.70120,4.779,15.694,0.215,-540,0,0
0.014900,0.70215,4.690,15.605,0.175,-540,0,0
0.014920,0.70309,4.489,15.688,0.206,-540,0,0
0.014940,0.70403,4.345,15.538,0.175,-540,0,0
0.014960,0.70497,4.315,15.464,0.149,-540,0,0
0.014980,0.70592,4.076,15.548,0.220,-540,0,0
0.015000,0.70686,4.075,15.374,0.231,-540,0,0
0.015020,0.70780,3.895,15.303,0.245,-540,0,0
0.015040,0.70874,3.802,15.215,0.247,-540,0,0
0.015060,0.70969,3.640,15.213,0.191,-540,0,0
0.015080,0.71063,3.530,15.223,0.243,-540,0,0
0.015100,0.71157,3.366,15.143,0.222,-540,0,0
0.015120,0.71251,3.316,15.102,0.172,-540,0,0
0.015140,0.71346,3.154,15.205,0.305,-540,0,0
0.015160,0.71440,3.084,14.963,0.192,-540,0,0
0.015180,0.71534,2.810,14.954,0.276,-540,0,0
0.015200,0.71628,2.770,14.853,0.313,-540,0,0
0.015220,0.71723,2.705,14.784,0.270,-540,0,0
0.015240,0.71817,2.554,14.747,0.143,-540,0,0
0.015260,0.71911,2.465,14.751,0.235,-540,0,0
0.015280,0.72005,2.371,14.591,0.187,-540,0,0
0.015300,0.72100,2.253,14.536,0.247,-540,0,0
0.015320,0.72194,2.095,14.547,0.140,-540,0,0
0.015340,0.72288,2.100,14.476,0.154,-540,0,0
0.015360,0.72382,1.901,14.337,0.087,-540,0,0
0.015380,0.72477,1.836,14.360,0.086,-540,0,0
0.015400,0.72571,1.631,14.267,0.154,-540,0,0
0.015420,0.72665,1.638,14.175,0.103,-540,0,0
0.015440,0.72759,1.591,14.209,0.165,-540,0,0
0.015460,0.72854,1.462,15.264,0.064,-540,540,0
0.015480,0.72948,1.349,16.321,0.077,-540,540,0
0.015500,0.73042,1.216,16.249,0.085,-540,0,0
0.015520,0.73136,1.044,16.140,0.111,-540,0,0
0.015540,0.73231,0.944,16.087,0.105,-540,0,0
0.015560,0.73325,0.875,16.094,0.075,-540,0,0
0.015580,0.73419,0.839,15.960,0.023,-540,0,0
0.015600,0.73513,0.778,15.879,0.115,-540,0,0
0.015620,0.73608,0.667,15.792,0.073,-540,0,0
0.015640,0.73702,0.520,15.623,0.075,-540,0,0
0.015660,0.73796,0.458,15.692,0.139,-540,0,0
0.015680,0.73890,0.384,15.613,0.095,-540,0,0
0.015700,0.73985,0.255,15.486,0.105,-540,0,0
0.015720,0.74079,0.255,15.402,0.099,0,0,0
0.015740,0.74173,0.257,15.286,0.212,-540,0,0
0.015760,0.74267,0.217,15.253,0.005,0,0,0
0.015780,0.74361,0.256,15.186,0.203,0,0,0
0.015800,0.74456,0.189,15.175,0.057,0,0,0
0.015820,0.74550,0.184,15.051,0.138,0,0,0
0.015840,0.74644,0.165,14.988,0.181,0,0,0
0.015860,0.74738,0.249,14.856,0.082,0,0,0
0.015880,0.74833,0.203,14.822,0.080,0,0,0
0.015900,0.74927,0.221,14.717,0.125,0,0,0
0.015920,0.75021,0.232,14.678,0.081,0,0,0
0.015940,0.75115,0.149,14.583,0.046,0,0,0
0.015960,0.75210,0.003,14.417,0.104,0,0,0
0.015980,0.75304,0.140,14.456,0.103,0,0,0
0.016000,0.75398,0.120,14.260,0.167,0,0,0
0.016020,0.75492,0.194,14.288,0.060,0,0,0
0.016040,0.75587,0.109,14.135,0.126,0,0,0
0.016060,0.75681,0.193,14.528,0.070,0,540,0
0.016080,0.75775,0.168,15.620,0.055,0,540,0
0.016100,0.75869,0.076,15.980,0.108,0,0,0
0.016120,0.75964,0.103,15.978,0.115,0,0,0
0.016140,0.76058,0.170,15.914,0.041,0,0,0
0.016160,0.76152,0.138,15.720,0.189,0,0,0
0.016180,0.76246,0.152,15.718,0.102,0,0,0
0.016200,0.76341,0.085,15.591,0.005,0,0,0
0.016220,0.76435,0.164,15.610,0.169,0,0,0
0.016240,0.76529,0.101,15.461,0.194,0,0,0
0.016260,0.76623,0.093,15.367,0.106,0,0,0
0.016280,0.76718,0.107,15.234,0.164,0,0,0
0.016300,0.76812,0.182,15.202,0.036,0,0,0
0.016320,0.76906,0.152,15.063,0.141,0,0,0
0.016340,0.77000,0.158,14.928,0.141,0,0,0
0.016360,0.77095,0.201,14.943,0.153,0,0,0
0.016380,0.77189,0.175,14.709,0.090,0,0,0
0.016400,0.77283,0.150,14.707,0.122,0,0,0
0.016420,0.77377,0.202,14.567,0.138,0,0,0
0.016440,0.77472,0.155,14.515,0.216,0,0,0
0.016460,0.77566,0.187,14.343,0.151,0,0,0
0.016480,0.77660,0.114,14.339,0.173,0,0,0
0.016500,0.77754,0.190,15.218,0.143,0,540,0
0.016520,0.77849,0.094,16.145,0.154,0,540,0
0.016540,0.77943,0.282,15.990,0.174,0,0,0
0.016560,0.78037,0.109,15.874,0.097,0,0,0
0.016580,0.78131,0.092,15.816,0.243,0,0,0
0.016600,0.78226,0.175,15.629,0.160,0,0,0
0.016620,0.78320,0.116,15.694,0.144,0,0,0
0.016640,0.78414,0.139,15.383,0.125,0,0,0
0.016660,0.78508,0.093,15.378,0.157,0,0,0
0.016680,0.78603,0.151,15.224,0.137,0,0,0
0.016700,0.78697,0.096,15.110,0.175,0,0,0
0.016720,0.78791,0.174,14.993,0.194,0,0,0
0.016740,0.78885,0.078,14.982,0.139,0,0,0
0.016760,0.78980,0.095,14.689,0.204,0,0,0
0.016780,0.79074,0.213,14.720,0.155,0,0,0
0.016800,0.79168,0.121,14.517,0.261,0,0,0
0.016820,0.79262,0.043,14.413,0.122,0,0,0
0.016840,0.79357,0.216,14.402,0.147,0,0,0
0.016860,0.79451,0.209,14.223,0.149,0,0,0
0.016880,0.79545,0.224,14.105,0.123,0,0,0
0.016900,0.79639,0.191,14.980,0.068,0,540,0
0.016920,0.79734,0.240,15.815,0.157,0,540,0
0.016940,0.79828,0.190,15.690,0.195,0,0,0
0.016960,0.79922,0.122,15.570,0.210,0,0,0
0.016980,0.80016,0.223,15.424,0.228,0,0,0
0.017000,0.80111,0.152,15.344,0.243,0,0,0
0.017020,0.80205,0.171,15.286,0.159,0,0,0
0.017040,0.80299,0.118,15.119,-0.040,0,0,0
0.017060,0.80393,0.115,14.988,-0.009,0,0,0
0.017080,0.80488,0.121,14.817,-0.003,0,0,0
0.017100,0.80582,0.210,14.680,0.077,0,0,0
0.017120,0.80676,0.217,14.620,-0.011,0,0,0
0.017140,0.80770,0.163,14.439,-0.026,0,0,0
0.017160,0.80865,0.153,14.349,-0.007,0,0,0
0.017180,0.80959,0.170,14.151,-0.011,0,0,0
0.017200,0.81053,0.083,14.089,0.042,0,0,0
0.017220,0.81147,0.071,14.937,-0.054,0,540,0
0.017240,0.81242,0.148,15.717,-0.052,0,540,0
0.017260,0.81336,0.179,16.082,0.061,0,0,0
0.017280,0.81430,0.160,15.853,-0.027,0,0,0
0.017300,0.81524,0.138,15.741,-0.106,0,0,0
0.017320,0.81619,0.160,15.591,-0.032,0,0,0
0.017340,0.81713,0.134,15.533,0.005,0,0,0
0.017360,0.81807,0.163,15.389,-0.037,0,0,0
0.017380,0.81901,0.154,15.184,0.019,0,0,0
0.017400,0.81996,0.105,14.995,0.013,0,0,0
0.017420,0.82090,0.162,14.854,0.044,0,0,0
0.017440,0.82184,0.209,14.765,0.033,0,0,0
0.017460,0.82278,0.149,14.781,-0.028,0,0,0
0.017480,0.82373,0.114,14.454,-0.024,0,0,0
0.017500,0.82467,0.189,14.399,0.054,0,0,0
0.017520,0.82561,0.139,14.213,0.031,0,0,0
0.017540,0.82655,0.186,14.499,0.047,0,540,0
0.017560,0.82750,0.165,15.244,0.020,0,540,0
0.017580,0.82844,0.158,16.059,0.045,0,540,0
0.017600,0.82938,0.173,15.857,0.040,0,0,0
0.017620,0.83032,0.099,15.704,-0.003,0,0,0
0.017640,0.83127,0.271,15.570,0.020,0,0,0
0.017660,0.83221,0.176,15.470,-0.032,0,0,0
0.017680,0.83315,0.157,15.301,0.025,0,0,0
0.017700,0.83409,0.173,15.221,0.038,0,0,0
0.017720,0.83504,0.235,14.935,-0.135,0,0,0
0.017740,0.83598,0.172,14.843,0.056,0,0,0
0.017760,0.83692,0.067,14.614,-0.089,0,0,0
0.017780,0.83786,0.108,14.537,0.010,0,0,0
0.017800,0.83881,0.227,14.357,-0.033,0,0,0
0.017820,0.83975,0.148,14.266,0.068,0,0,0
0.017840,0.84069,0.193,14.467,-0.009,0,540,0
0.017860,0.84163,0.108,15.143,-0.011,0,540,0
0.017880,0.84258,0.139,15.861,-0.037,0,540,0
0.017900,0.84352,0.108,15.633,0.052,0,0,0
0.017920,0.84446,0.173,15.648,0.072,0,0,0
0.017940,0.84540,0.059,15.330,0.044,0,0,0
0.017960,0.84635,0.169,15.283,-0.008,0,0,0
0.017980,0.84729,0.041,15.105,-0.030,0,0,0
0.018000,0.84823,0.244,14.909,-0.085,0,0,0
0.018020,0.84917,0.132,14.810,0.028,0,0,0
0.018040,0.85011,0.101,14.614,0.023,0,0,0
0.018060,0.85106,0.200,14.427,0.026,0,0,0
0.018080,0.85200,0.082,14.443,0.061,0,0,0
0.018100,0.85294,0.199,14.201,0.075,0,0,0
0.018120,0.85388,0.160,14.342,0.013,0,540,0
0.018140,0.85483,0.097,15.072,0.075,0,540,0
0.018160,0.85577,0.158,15.703,0.042,0,540,0
0.018180,0.85671,0.118,15.997,-0.011,0,0,0
0.018200,0.85765,0.114,15.748,0.035,0,0,0
0.018220,0.85860,0.089,15.543,-0.016,0,0,0
0.018240,0.85954,0.223,15.369,0.001,0,0,0
0.018260,0.86048,0.182,15.292,-0.008,0,0,0
0.018280,0.86142,0.179,15.141,0.026,0,0,0
0.018300,0.86237,0.103,15.074,-0.011,0,0,0
0.018320,0.86331,0.052,14.803,-0.040,0,0,0
0.018340,0.86425,0.232,14.632,0.055,0,0,0
0.018360,0.86519,0.174,14.454,-0.029,0,0,0
0.018380,0.86614,0.204,14.485,-0.049,0,0,0
0.018400,0.86708,0.165,14.201,-0.064,0,0,0
0.018420,0.86802,0.171,14.731,0.051,0,540,0
0.018440,0.86896,0.188,15.351,-0.000,0,540,0
0.018460,0.86991,0.169,15.909,0.097,0,540,0
0.018480,0.87085,0.160,15.763,-0.036,0,0,0
0.018500,0.87179,0.056,15.638,-0.015,0,0,0
0.018520,0.87273,0.155,15.506,-0.066,0,0,0
0.018540,0.87368,0.046,15.264,0.007,0,0,0
0.018560,0.87462,0.150,15.134,-0.016,0,0,0
0.018580,0.87556,0.129,14.991,0.034,0,0,0
0.018600,0.87650,0.096,14.860,0.140,0,0,0
0.018620,0.87745,0.149,14.682,-0.065,0,0,0
0.018640,0.87839,0.095,14.582,0.002,0,0,0
0.018660,0.87933,0.140,14.413,0.040,0,0,0
0.018680,0.88027,0.040,14.196,-0.006,0,0,0
0.018700,0.88122,0.116,14.480,-0.067,0,540,0
0.018720,0.88216,0.146,14.921,-0.056,0,540,0
0.018740,0.88310,0.083,15.463,0.028,0,540,0
0.018760,0.88404,0.135,15.964,0.007,0,540,0
0.018780,0.88499,0.207,15.777,-0.068,0,0,0
0.018800,0.88593,0.049,15.658,0.026,0,0,0
0.018820,0.88687,0.108,15.562,0.029,0,0,0
0.018840,0.88781,0.096,15.314,0.071,0,0,0
0.018860,0.88876,0.068,15.167,-0.014,0,0,0
0.018880,0.88970,0.118,15.174,-0.037,0,0,0
0.018900,0.89064,0.080,14.959,-0.045,0,0,0
0.018920,0.89158,0.113,14.691,0.066,0,0,0
0.018940,0.89253,0.077,14.637,0.107,0,0,0
0.018960,0.89347,0.082,14.535,-0.028,0,0,0
0.018980,0.89441,0.126,14.257,0.025,0,0,0
0.019000,0.89535,0.121,14.465,0.081,0,540,0
0.019020,0.89630,0.069,14.958,0.013,0,540,0
0.019040,0.89724,0.154,15.378,-0.128,0,540,0
0.019060,0.89818,0.140,15.975,0.077,0,540,0
0.019080,0.89912,0.112,15.764,-0.031,0,0,0
0.019100,0.90007,0.047,15.742,0.069,0,0,0
0.019120,0.90101,0.100,15.576,0.035,0,0,0
0.019140,0.90195,0.165,15.372,-0.101,0,0,0
0.019160,0.90289,0.165,15.189,0.002,0,0,0
0.019180,0.90384,0.080,15.009,-0.018,0,0,0
0.019200,0.90478,0.130,14.985,0.082,0,0,0
0.019220,0.90572,0.164,14.763,0.060,0,0,0
0.019240,0.90666,0.040,14.573,0.012,0,0,0
0.019260,0.90761,0.174,14.447,-0.041,0,0,0
0.019280,0.90855,0.097,14.326,-0.053,0,0,0
0.019300,0.90949,0.136,14.233,0.079,0,0,0
0.019320,0.91043,0.126,14.648,-0.043,0,540,0
0.019340,0.91138,0.078,15.149,-0.065,0,540,0
0.019360,0.91232,0.086,15.567,0.032,0,540,0
0.019380,0.91326,0.182,16.121,0.032,0,540,0
0.019400,0.91420,0.216,15.935,-0.008,0,0,0
0.019420,0.91515,0.067,15.814,-0.011,0,0,0
0.019440,0.91609,0.059,15.530,0.020,0,0,0
0.019460,0.91703,0.091,15.523,0.082,0,0,0
0.019480,0.91797,0.154,15.349,-0.011,0,0,0
0.019500,0.91892,0.155,15.095,-0.060,0,0,0
0.019520,0.91986,0.068,14.977,-0.032,0,0,0
0.019540,0.92080,0.100,14.965,0.031,0,0,0
0.019560,0.92174,0.069,14.804,-0.028,0,0,0
0.019580,0.92269,0.106,14.697,0.044,0,0,0
0.019600,0.92363,0.082,14.572,-0.038,0,0,0
0.019620,0.92457,0.176,14.408,0.036,0,0,0
0.019640,0.92551,0.073,14.243,0.047,0,0,0
0.019660,0.92646,0.131,14.356,0.074,0,540,0
0.019680,0.92740,0.131,14.849,0.011,0,540,0
0.019700,0.92834,0.129,15.291,0.005,0,540,0
0.019720,0.92928,0.206,15.672,-0.030,0,540,0
0.019740,0.93023,0.096,15.778,0.029,0,0,0
0.019760,0.93117,0.040,15.739,-0.038,0,0,0
0.019780,0.93211,0.181,15.540,-0.013,0,0,0
0.019800,0.93305,0.111,15.423,-0.026,0,0,0
0.019820,0.93400,0.162,15.233,0.002,0,0,0
0.019840,0.93494,0.090,15.124,-0.077,0,0,0
0.019860,0.93588,0.135,15.025,-0.011,0,0,0
0.019880,0.93682,0.149,14.817,-0.143,0,0,0
0.019900,0.93777,0.143,14.823,0.017,0,0,0
0.019920,0.93871,0.082,14.600,0.018,0,0,0
0.019940,0.93965,0.182,14.531,-0.059,0,0,0
0.019960,0.94059,0.095,14.389,-0.082,0,0,0
0.019980,0.94154,0.087,14.329,0.089,0,0,0
0.020000,0.94248,0.108,14.066,0.007,0,0,0
0.020020,0.94342,0.115,14.565,-0.024,0,540,0
0.020040,0.94436,0.116,14.904,-0.016,0,540,0
0.020060,0.94531,0.148,15.369,0.038,0,540,0
0.020080,0.94625,0.134,15.832,0.003,0,540,0
0.020100,0.94719,0.080,15.693,0.017,0,0,0
0.020120,0.94813,0.201,15.520,0.010,0,0,0
0.020140,0.94908,0.114,15.410,0.055,0,0,0
0.020160,0.95002,0.127,15.312,-0.051,0,0,0
0.020180,0.95096,0.075,15.165,0.033,0,0,0
0.020200,0.95190,0.128,15.006,0.061,0,0,0
0.020220,0.95285,0.196,14.856,-0.020,0,0,0
0.020240,0.95379,0.071,14.890,-0.005,0,0,0
0.020260,0.95473,0.065,14.724,0.083,0,0,0
0.020280,0.95567,0.103,14.586,-0.084,0,0,0
0.020300,0.95661,0.071,14.484,-0.087,0,0,0
0.020320,0.95756,0.072,14.462,-0.031,0,0,0
0.020340,0.95850,0.039,14.355,-0.008,0,0,0
0.020360,0.95944,0.067,14.462,-0.042,0,540,0
0.020380,0.96038,0.146,14.804,0.002,0,540,0
0.020400,0.96133,0.005,15.232,-0.012,0,540,0
0.020420,0.96227,0.172,15.692,0.052,0,540,0
0.020440,0.96321,0.246,15.766,-0.002,0,0,0
0.020460,0.96415,0.107,15.644,-0.021,0,0,0
0.020480,0.96510,0.192,15.621,0.031,0,0,0
0.020500,0.96604,0.014,15.436,0.047,0,0,0
0.020520,0.96698,0.115,15.404,0.035,0,0,0
0.020540,0.96792,0.022,15.181,-0.076,0,0,0
0.020560,0.96887,0.156,15.100,-0.051,0,0,0
0.020580,0.96981,0.088,14.977,-0.015,0,0,0
0.020600,0.97075,0.082,14.904,0.127,0,0,0
0.020620,0.97169,0.064,14.773,-0.045,0,0,0
0.020640,0.97264,0.009,14.725,0.101,0,0,0
0.020660,0.97358,0.133,14.716,-0.103,0,0,0
0.020680,0.97452,0.118,14.470,-0.010,0,0,0
0.020700,0.97546,0.087,14.467,0.090,0,0,0
0.020720,0.97641,0.058,14.316,-0.041,0,0,0
0.020740,0.97735,0.121,14.223,-0.078,0,0,0
0.020760,0.97829,0.059,14.149,-0.027,0,0,0
0.020780,0.97923,0.047,14.515,-0.044,0,540,0
0.020800,0.98018,0.165,14.938,-0.020,0,540,0
0.020820,0.98112,0.098,15.354,0.025,0,540,0
0.020840,0.98206,0.191,15.670,0.017,0,540,0
0.020860,0.98300,0.044,15.906,0.060,0,0,0
0.020880,0.98395,0.026,15.781,0.029,0,0,0
0.020900,0.98489,0.036,15.638,0.008,0,0,0
0.020920,0.98583,0.144,15.591,0.112,0,0,0
0.020940,0.98677,0.115,15.522,0.002,0,0,0
0.020960,0.98772,0.011,15.509,0.043,0,0,0
0.020980,0.98866,0.121,15.297,0.026,0,0,0
0.021000,0.98960,0.054,15.171,-0.019,0,0,0
0.021020,0.99054,0.082,15.155,0.077,0,0,0
0.021040,0.99149,0.112,15.081,-0.064,0,0,0
0.021060,0.99243,0.057,14.966,0.118,0,0,0
0.021080,0.99337,0.146,14.843,0.018,0,0,0
0.021100,0.99431,0.056,14.754,-0.021,0,0,0
0.021120,0.99526,0.073,14.751,0.020,0,0,0
0.021140,0.99620,0.143,14.585,-0.005,0,0,0
0.021160,0.99714,0.043,14.619,0.028,0,0,0
0.021180,0.99808,0.135,14.477,0.063,0,0,0
0.021200,0.99903,0.091,14.404,0.025,0,0,0
0.021220,0.99997,0.048,14.311,-0.082,0,0,0
0.021240,1.00091,0.151,14.272,-0.100,0,0,0
0.021260,1.00185,0.122,14.180,0.039,0,0,0
0.021280,1.00280,0.070,14.401,-0.061,0,540,0
0.021300,1.00374,0.192,14.616,-0.008,0,540,0
0.021320,1.00468,0.172,15.049,0.051,0,540,0
0.021340,1.00562,0.106,15.567,0.060,0,540,0
0.021360,1.00657,0.162,15.905,-0.058,0,540,0
0.021380,1.00751,0.144,15.818,0.003,0,0,0
0.021400,1.00845,0.041,15.714,-0.009,0,0,0
0.021420,1.00939,0.054,15.563,-0.002,0,0,0
0.021440,1.01034,0.156,15.500,-0.019,0,0,0
0.021460,1.01128,0.082,15.533,0.035,0,0,0
0.021480,1.01222,0.195,15.454,-0.056,0,0,0
0.021500,1.01316,0.106,15.373,0.077,0,0,0
0.021520,1.01411,0.121,15.359,0.031,0,0,0
0.021540,1.01505,0.048,15.161,0.029,0,0,0
0.021560,1.01599,0.160,15.147,-0.049,0,0,0
0.021580,1.01693,0.085,15.129,0.023,0,0,0
0.021600,1.01788,0.107,15.031,0.053,0,0,0
0.021620,1.01882,0.033,14.932,-0.035,0,0,0
0.021640,1.01976,0.001,14.942,-0.069,0,0,0
0.021660,1.02070,0.065,14.844,0.031,0,0,0
0.021680,1.02165,0.091,14.810,-0.005,0,0,0
0.021700,1.02259,0.156,14.646,-0.057,0,0,0
0.021720,1.02353,0.151,14.629,0.046,0,0,0
0.021740,1.02447,0.125,14.511,0.027,0,0,0
0.021760,1.02542,0.073,14.545,-0.017,0,0,0
0.021780,1.02636,0.155,14.414,0.013,0,0,0
0.021800,1.02730,0.131,14.438,0.000,0,0,0
0.021820,1.02824,0.151,14.382,0.002,0,0,0
0.021840,1.02919,0.099,14.212,-0.096,0,0,0
0.021860,1.03013,0.123,14.269,-0.007,0,0,0
0.021880,1.03107,0.098,14.127,-0.011,0,0,0
0.021900,1.03201,0.058,14.588,0.041,0,540,0
0.021920,1.03296,0.102,14.985,0.006,0,540,0
0.021940,1.03390,0.145,15.309,-0.025,0,540,0
0.021960,1.03484,-0.050,15.701,-0.015,0,540,0
0.021980,1.03578,0.076,15.882,-0.032,0,0,0
0.022000,1.03673,0.107,15.701,-0.020,0,0,0
0.022020,1.03767,0.108,15.752,0.073,0,0,0
0.022040,1.03861,0.098,15.696,0.041,0,0,0
0.022060,1.03955,0.121,15.665,-0.094,0,0,0
0.022080,1.04050,0.057,15.676,-0.066,0,0,0
0.022100,1.04144,0.020,15.520,0.047,0,0,0
0.022120,1.04238,0.156,15.463,0.039,0,0,0
0.022140,1.04332,0.080,15.395,0.050,0,0,0
0.022160,1.04427,0.084,15.429,0.005,0,0,0
0.022180,1.04521,0.119,15.433,-0.012,0,0,0
0.022200,1.04615,0.099,15.300,0.023,0,0,0
0.022220,1.04709,0.038,15.239,-0.014,0,0,0
0.022240,1.04804,0.096,15.163,0.001,0,0,0
0.022260,1.04898,0.109,15.190,0.031,0,0,0
0.022280,1.04992,0.152,15.116,-0.058,0,0,0
0.022300,1.05086,0.140,15.063,0.058,0,0,0
0.022320,1.05181,0.172,15.066,0.021,0,0,0
0.022340,1.05275,0.174,15.063,0.040,0,0,0
0.022360,1.05369,0.088,14.872,-0.067,0,0,0
0.022380,1.05463,0.094,14.907,0.005,0,0,0
0.022400,1.05558,0.115,14.917,0.036,0,0,0
0.022420,1.05652,0.073,14.732,0.028,0,0,0
0.022440,1.05746,0.166,14.799,-0.052,0,0,0
0.022460,1.05840,0.103,14.728,0.028,0,0,0
0.022480,1.05935,0.132,14.756,0.028,0,0,0
0.022500,1.06029,0.151,14.628,0.061,0,0,0
0.022520,1.06123,0.075,14.640,-0.012,0,0,0
0.022540,1.06217,0.045,14.547,-0.012,0,0,0
0.022560,1.06311,0.136,14.564,0.080,0,0,0
0.022580,1.06406,0.040,14.535,0.010,0,0,0
0.022600,1.06500,0.143,14.483,-0.097,0,0,0
0.022620,1.06594,0.164,14.535,-0.043,0,0,0
0.022640,1.06688,0.169,14.390,-0.030,0,0,0
0.022660,1.06783,0.001,14.447,-0.076,0,0,0
0.022680,1.06877,0.058,14.317,-0.050,0,0,0
0.022700,1.06971,0.179,14.310,-0.013,0,0,0
0.022720,1.07065,0.042,14.273,0.007,0,0,0
0.022740,1.07160,0.087,14.695,0.002,0,540,0
0.022760,1.07254,0.187,15.019,-0.078,0,540,0
0.022780,1.07348,0.162,15.391,0.040,0,540,0
0.022800,1.07442,0.117,15.752,-0.074,0,540,0
0.022820,1.07537,0.112,15.951,0.005,0,0,0
0.022840,1.07631,0.073,15.900,0.080,0,0,0
0.022860,1.07725,0.112,15.925,-0.067,0,0,0
0.022880,1.07819,0.192,15.851,0.053,0,0,0
0.022900,1.07914,0.138,15.844,-0.041,0,0,0
0.022920,1.08008,0.081,15.802,-0.046,0,0,0
0.022940,1.08102,0.163,15.681,-0.049,0,0,0
0.022960,1.08196,0.041,15.762,0.046,0,0,0
0.022980,1.08291,0.126,15.715,-0.046,0,0,0
0.023000,1.08385,0.144,15.641,0.010,0,0,0
0.023020,1.08479,0.137,15.681,-0.015,0,0,0
0.023040,1.08573,0.147,15.664,0.030,0,0,0
0.023060,1.08668,0.082,15.630,0.026,0,0,0
0.023080,1.08762,0.070,15.545,0.074,0,0,0
0.023100,1.08856,0.081,15.485,-0.001,0,0,0
0.023120,1.08950,0.065,15.445,0.028,0,0,0
0.023140,1.09045,0.131,15.496,-0.079,0,0,0
0.023160,1.09139,0.088,15.383,0.895,0,0,540
0.023180,1.09233,0.045,15.365,1.820,0,0,540
0.023200,1.09327,0.114,15.348,2.817,0,0,540
0.023220,1.09422,0.077,15.408,3.572,0,0,540
0.023240,1.09516,0.133,15.246,4.521,0,0,540
0.023260,1.09610,0.107,15.333,5.390,0,0,540
0.023280,1.09704,0.097,15.312,6.237,0,0,540
0.023300,1.09799,0.140,15.254,7.211,0,0,540
0.023320,1.09893,0.145,15.294,8.067,0,0,540
0.023340,1.09987,0.089,15.243,9.030,0,0,540
0.023360,1.10081,0.142,15.190,9.810,0,0,540
0.023380,1.10176,0.126,15.091,10.663,0,0,540
0.023400,1.10270,0.099,15.090,11.564,0,0,540
0.023420,1.10364,0.150,14.988,12.439,0,0,540
0.023440,1.10458,0.136,15.073,13.380,0,0,540
0.023460,1.10553,0.117,15.079,14.284,0,0,540
0.023480,1.10647,0.107,14.987,15.071,0,0,540
0.023500,1.10741,0.091,15.077,15.921,0,0,540
0.023520,1.10835,0.108,14.920,16.004,0,0,0
0.023540,1.10930,0.151,14.971,15.960,0,0,0
0.023560,1.11024,0.132,14.882,15.981,0,0,0
0.023580,1.11118,0.114,14.926,15.996,0,0,0
0.023600,1.11212,0.209,14.948,16.000,0,0,0
0.023620,1.11307,0.115,14.883,15.899,0,0,0
0.023640,1.11401,0.028,14.873,15.942,0,0,0
0.023660,1.11495,0.182,14.870,15.944,0,0,0
0.023680,1.11589,0.107,14.842,15.818,0,0,0
0.023700,1.11684,0.128,14.798,15.857,0,0,0
0.023720,1.11778,0.167,14.824,15.789,0,0,0
0.023740,1.11872,0.184,14.797,15.811,0,0,0
0.023760,1.11966,0.179,14.681,15.855,0,0,0
0.023780,1.12061,0.107,14.707,15.858,0,0,0
0.023800,1.12155,0.122,14.690,15.782,0,0,0
0.023820,1.12249,0.138,14.674,15.745,0,0,0
0.023840,1.12343,0.124,14.597,15.742,0,0,0
0.023860,1.12438,0.155,14.574,15.705,0,0,0
0.023880,1.12532,0.187,14.595,15.757,0,0,0
0.023900,1.12626,0.211,14.568,15.759,0,0,0
0.023920,1.12720,0.131,14.591,15.784,0,0,0
0.023940,1.12815,0.040,14.609,15.707,0,0,0
0.023960,1.12909,0.052,14.532,15.587,0,0,0
0.023980,1.13003,0.169,14.619,15.603,0,0,0
0.024000,1.13097,0.212,14.513,15.516,0,0,0
0.024020,1.13192,0.166,14.485,15.604,0,0,0
0.024040,1.13286,0.129,14.452,15.588,0,0,0
0.024060,1.13380,0.097,14.473,15.520,0,0,0
0.024080,1.13474,0.174,14.460,15.586,0,0,0
0.024100,1.13569,0.124,14.414,15.488,0,0,0
0.024120,1.13663,0.240,14.448,15.366,0,0,0
0.024140,1.13757,0.115,14.379,15.476,0,0,0
0.024160,1.13851,0.169,14.463,15.400,0,0,0
0.024180,1.13946,0.161,14.416,15.461,0,0,0
0.024200,1.14040,0.090,14.275,15.461,0,0,0
0.024220,1.14134,0.123,14.450,15.430,0,0,0
0.024240,1.14228,0.108,14.331,15.393,0,0,0
0.024260,1.14323,0.183,14.354,15.379,0,0,0
0.024280,1.14417,0.178,14.335,15.296,0,0,0
0.024300,1.14511,0.215,14.298,15.377,0,0,0
0.024320,1.14605,0.169,14.286,15.404,0,0,0
0.024340,1.14700,0.156,14.279,15.335,0,0,0
0.024360,1.14794,0.178,14.309,15.297,0,0,0
0.024380,1.14888,0.115,14.293,15.194,0,0,0
0.024400,1.14982,0.154,14.175,15.256,0,0,0
0.024420,1.15077,0.188,14.635,15.193,0,540,0
0.024440,1.15171,0.105,14.931,15.214,0,540,0
0.024460,1.15265,0.223,15.347,15.140,0,540,0
0.024480,1.15359,0.117,15.807,15.119,0,540,0
0.024500,1.15454,0.283,16.049,15.126,0,0,0
0.024520,1.15548,0.153,15.902,15.106,0,0,0
0.024540,1.15642,0.152,15.887,14.993,0,0,0
0.024560,1.15736,0.160,16.008,15.024,0,0,0
0.024580,1.15831,0.175,15.991,14.980,0,0,0
0.024600,1.15925,0.228,15.915,15.004,0,0,0
0.024620,1.16019,0.186,15.899,15.023,0,0,0
0.024640,1.16113,0.077,15.852,14.913,0,0,0
0.024660,1.16208,0.262,15.899,14.933,0,0,0
0.024680,1.16302,0.191,15.842,14.914,0,0,0
0.024700,1.16396,0.123,15.819,14.906,0,0,0
0.024720,1.16490,0.188,15.833,14.923,0,0,0
0.024740,1.16585,0.210,15.797,14.868,0,0,0
0.024760,1.16679,0.194,15.802,14.855,0,0,0
0.024780,1.16773,0.194,15.798,14.811,0,0,0
0.024800,1.16867,0.173,15.804,14.758,0,0,0
0.024820,1.16961,0.148,15.711,14.746,0,0,0
0.024840,1.17056,0.199,15.791,14.667,0,0,0
0.024860,1.17150,0.165,15.737,14.670,0,0,0
0.024880,1.17244,0.233,15.736,14.754,0,0,0
0.024900,1.17338,0.166,15.733,14.636,0,0,0
0.024920,1.17433,0.158,15.693,14.612,0,0,0
0.024940,1.17527,0.211,15.752,14.636,0,0,0
0.024960,1.17621,0.136,15.650,14.503,0,0,0
0.024980,1.17715,0.149,15.745,14.618,0,0,0
0.025000,1.17810,0.196,15.562,14.562,0,-540,0
0.025020,1.17904,0.158,15.127,14.509,0,-540,0
0.025040,1.17998,0.086,14.642,14.646,0,-540,0
0.025060,1.18092,0.166,14.298,14.448,0,-540,0
0.025080,1.18187,0.051,13.840,14.358,0,-540,0
0.025100,1.18281,0.140,13.595,14.329,0,-540,0
0.025120,1.18375,0.159,13.141,14.353,0,-540,0
0.025140,1.18469,0.292,12.800,14.379,0,-540,0
0.025160,1.18564,0.134,12.472,14.312,0,-540,0
0.025180,1.18658,0.180,12.096,14.251,0,-540,0
0.025200,1.18752,0.124,11.846,14.388,0,-540,0
0.025220,1.18846,0.224,11.420,14.268,0,-540,0
0.025240,1.18941,0.074,11.198,14.325,0,-540,0
0.025260,1.19035,0.220,10.865,14.232,0,-540,0
0.025280,1.19129,0.117,10.595,14.603,0,-540,540
0.025300,1.19223,0.212,10.220,15.558,0,-540,540
0.025320,1.19318,0.171,9.998,15.974,0,-540,0
0.025340,1.19412,0.153,9.700,15.868,0,-540,0
0.025360,1.19506,0.149,9.524,15.813,0,-540,0
0.025380,1.19600,0.122,9.206,15.826,0,-540,0
0.025400,1.19695,0.110,8.855,15.756,0,-540,0
0.025420,1.19789,0.239,8.659,15.756,0,-540,0
0.025440,1.19883,0.167,8.464,15.703,0,-540,0
0.025460,1.19977,0.111,8.182,15.617,0,-540,0
0.025480,1.20072,0.246,8.010,15.632,0,-540,0
0.025500,1.20166,0.131,7.822,15.610,0,-540,0
0.025520,1.20260,0.140,7.467,15.649,0,-540,0
0.025540,1.20354,0.114,7.315,15.558,0,-540,0
0.025560,1.20449,0.117,7.068,15.503,0,-540,0
0.025580,1.20543,0.163,6.828,15.405,0,-540,0
0.025600,1.20637,0.110,6.611,15.386,0,-540,0
0.025620,1.20731,0.063,6.444,15.362,0,-540,0
0.025640,1.20826,0.240,6.144,15.364,0,-540,0
0.025660,1.20920,0.071,5.978,15.384,0,-540,0
0.025680,1.21014,0.139,5.773,15.258,0,-540,0
0.025700,1.21108,0.114,5.646,15.262,0,-540,0
0.025720,1.21203,0.184,5.373,15.168,0,-540,0
0.025740,1.21297,0.047,5.261,15.113,0,-540,0
0.025760,1.21391,0.017,5.063,15.116,0,-540,0
0.025780,1.21485,0.208,4.818,15.017,0,-540,0
0.025800,1.21580,0.172,4.653,15.118,0,-540,0
0.025820,1.21674,0.134,4.421,15.067,0,-540,0
0.025840,1.21768,0.120,4.294,14.964,0,-540,0
0.025860,1.21862,0.118,4.118,14.955,0,-540,0
0.025880,1.21957,0.153,3.898,14.925,0,-540,0
0.025900,1.22051,0.122,3.895,14.820,0,-540,0
0.025920,1.22145,0.121,3.515,14.788,0,-540,0
0.025940,1.22239,0.142,3.448,14.731,0,-540,0
0.025960,1.22334,0.097,3.301,14.707,0,-540,0
0.025980,1.22428,0.226,3.179,14.651,0,-540,0
0.026000,1.22522,0.138,2.936,14.626,0,-540,0
0.026020,1.22616,0.173,2.842,14.547,0,-540,0
0.026040,1.22711,0.179,2.711,14.587,0,-540,0
0.026060,1.22805,0.093,2.478,14.497,0,-540,0
0.026080,1.22899,0.113,2.293,14.422,0,-540,0
0.026100,1.22993,0.120,2.183,14.390,0,-540,0
0.026120,1.23088,0.199,2.083,14.380,0,-540,0
0.026140,1.23182,0.107,1.847,14.339,0,-540,0
0.026160,1.23276,0.041,1.809,14.289,-540,-540,0
0.026180,1.23370,-0.002,1.649,14.220,0,-540,0
0.026200,1.23465,0.062,1.545,14.212,0,-540,0
0.026220,1.23559,0.044,1.355,14.573,0,-540,540
0.026240,1.23653,0.029,1.253,15.411,0,-540,540
0.026260,1.23747,-0.018,1.145,15.737,0,-540,0
0.026280,1.23842,0.105,0.937,15.670,0,-540,0
0.026300,1.23936,0.073,0.771,15.613,0,-540,0
0.026320,1.24030,-0.028,0.675,15.518,0,-540,0
0.026340,1.24124,0.038,0.604,15.542,0,-540,0
0.026360,1.24219,0.082,0.436,15.553,0,-540,0
0.026380,1.24313,0.019,0.357,15.484,0,-540,0
0.026400,1.24407,0.074,0.408,15.458,0,0,0
0.026420,1.24501,-0.032,0.269,15.412,0,0,0
0.026440,1.24596,-0.088,0.249,15.319,0,0,0
0.026460,1.24690,0.060,0.213,15.195,0,0,0
0.026480,1.24784,0.104,0.180,15.167,0,0,0
0.026500,1.24878,0.072,0.205,15.011,0,0,0
0.026520,1.24973,0.012,0.097,15.011,0,0,0
0.026540,1.25067,-0.043,0.160,15.024,0,-540,0
0.026560,1.25161,0.075,0.144,14.949,0,0,0
0.026580,1.25255,-0.037,0.203,14.901,0,0,0
0.026600,1.25350,0.032,0.160,14.726,0,0,0
0.026620,1.25444,0.044,0.134,14.771,0,0,0
0.026640,1.25538,0.016,0.228,14.660,0,0,0
0.026660,1.25632,0.052,0.159,14.681,0,0,0
0.026680,1.25727,-0.038,0.195,14.542,0,0,0
0.026700,1.25821,-0.001,0.141,14.573,0,0,0
0.026720,1.25915,0.056,0.106,14.420,0,0,0
0.026740,1.26009,0.015,0.100,14.401,0,0,0
0.026760,1.26104,-0.051,0.172,14.405,0,0,0
0.026780,1.26198,-0.038,0.169,14.252,0,0,0
0.026800,1.26292,0.034,0.170,14.165,0,0,0
0.026820,1.26386,0.040,0.089,14.531,0,0,540
0.026840,1.26481,0.048,0.215,15.249,0,0,540
0.026860,1.26575,0.020,0.177,16.040,0,0,540
0.026880,1.26669,-0.064,0.122,15.898,0,0,0
0.026900,1.26763,0.006,0.203,15.936,0,0,0
0.026920,1.26858,0.035,0.146,15.798,0,0,0
0.026940,1.26952,-0.010,0.152,15.813,0,0,0
0.026960,1.27046,-0.021,0.087,15.592,0,0,0
0.026980,1.27140,0.061,0.160,15.661,0,0,0
0.027000,1.27235,0.092,0.163,15.491,0,0,0
0.027020,1.27329,0.048,0.068,15.475,0,0,0
0.027040,1.27423,-0.002,0.206,15.370,0,0,0
0.027060,1.27517,-0.132,0.137,15.332,0,0,0
0.027080,1.27611,0.186,0.149,15.217,0,0,0
0.027100,1.27706,0.066,0.210,15.170,0,0,0
0.027120,1.27800,0.003,0.089,15.135,0,0,0
0.027140,1.27894,0.045,0.114,15.008,0,0,0
0.027160,1.27988,0.063,0.160,14.897,0,0,0
0.027180,1.28083,0.079,0.145,14.896,0,0,0
0.027200,1.28177,0.054,0.154,14.804,0,0,0
0.027220,1.28271,-0.011,0.122,14.648,0,0,0
0.027240,1.28365,0.009,0.270,14.584,0,0,0
0.027260,1.28460,0.017,0.182,14.541,0,0,0
0.027280,1.28554,0.083,0.248,14.412,0,0,0
0.027300,1.28648,0.007,0.137,14.301,0,0,0
0.027320,1.28742,0.007,0.126,14.311,0,0,0
0.027340,1.28837,0.049,0.144,14.160,0,0,0
0.027360,1.28931,0.027,0.195,14.895,0,0,540
0.027380,1.29025,0.067,0.135,15.570,0,0,540
0.027400,1.29119,0.019,0.151,15.869,0,0,0
0.027420,1.29214,0.020,0.057,15.767,0,0,0
0.027440,1.29308,0.030,0.156,15.596,0,0,0
0.027460,1.29402,0.039,0.121,15.582,0,0,0
0.027480,1.29496,0.105,0.135,15.521,0,0,0
0.027500,1.29591,-0.020,0.144,15.418,0,0,0
0.027520,1.29685,0.015,0.106,15.310,0,0,0
0.027540,1.29779,-0.001,0.159,15.251,0,0,0
0.027560,1.29873,0.055,0.147,15.030,0,0,0
0.027580,1.29968,0.036,0.143,15.023,0,0,0
0.027600,1.30062,0.020,0.135,14.938,0,0,0
0.027620,1.30156,-0.005,0.120,14.849,0,0,0
0.027640,1.30250,-0.015,0.180,14.695,0,0,0
0.027660,1.30345,-0.059,0.101,14.658,0,0,0
0.027680,1.30439,0.009,0.136,14.589,0,0,0
0.027700,1.30533,-0.005,0.199,14.428,0,0,0
0.027720,1.30627,-0.025,0.137,14.322,0,0,0
0.027740,1.30722,0.082,0.222,14.176,0,0,0
0.027760,1.30816,0.056,0.157,14.919,0,0,540
0.027780,1.30910,0.077,0.162,15.580,0,0,540
0.027800,1.31004,0.013,0.234,15.759,0,0,0
0.027820,1.31099,0.031,0.178,15.734,0,0,0
0.027840,1.31193,-0.008,0.213,15.544,0,0,0
0.027860,1.31287,0.071,0.207,15.458,0,0,0
0.027880,1.31381,-0.051,0.257,15.346,0,0,0
0.027900,1.31476,0.094,0.121,15.194,0,0,0
0.027920,1.31570,0.059,0.176,15.094,0,0,0
0.027940,1.31664,0.021,0.168,15.033,0,0,0
0.027960,1.31758,0.102,0.164,14.952,0,0,0
0.027980,1.31853,0.043,0.158,14.822,0,0,0
0.028000,1.31947,0.057,0.160,14.684,0,0,0
0.028020,1.32041,0.070,0.144,14.575,0,0,0
0.028040,1.32135,0.091,0.160,14.482,0,0,0
0.028060,1.32230,0.043,0.097,14.303,0,0,0
0.028080,1.32324,0.008,0.112,14.226,0,0,0
0.028100,1.32418,0.062,0.184,14.553,0,0,540
0.028120,1.32512,-0.008,0.174,15.149,0,0,540
0.028140,1.32607,0.088,0.108,15.680,0,0,540
0.028160,1.32701,0.004,0.129,15.812,0,0,0
0.028180,1.32795,0.049,0.283,15.772,0,0,0
0.028200,1.32889,0.055,0.198,15.622,0,0,0
0.028220,1.32984,0.028,0.140,15.456,0,0,0
0.028240,1.33078,0.104,0.103,15.338,0,0,0
0.028260,1.33172,0.018,0.077,15.277,0,0,0
0.028280,1.33266,0.000,0.086,15.138,0,0,0
0.028300,1.33361,0.047,0.096,15.076,0,0,0
0.028320,1.33455,0.082,0.043,14.890,0,0,0
0.028340,1.33549,0.030,0.082,14.751,0,0,0
0.028360,1.33643,0.120,0.144,14.699,0,0,0
0.028380,1.33738,0.076,0.180,14.541,0,0,0
0.028400,1.33832,0.011,0.056,14.458,0,0,0
0.028420,1.33926,0.014,0.129,14.310,0,0,0
0.028440,1.34020,0.088,0.046,14.162,0,0,0
0.028460,1.34115,0.109,0.119,14.692,0,0,540
0.028480,1.34209,0.090,0.043,15.343,0,0,540
0.028500,1.34303,0.080,0.105,15.728,0,0,540
0.028520,1.34397,0.040,0.072,16.015,0,0,0
0.028540,1.34492,0.059,0.151,15.872,0,0,0
0.028560,1.34586,0.024,0.078,15.669,0,0,0
0.028580,1.34680,0.015,-0.009,15.515,0,0,0
0.028600,1.34774,0.055,0.120,15.428,0,0,0
0.028620,1.34869,0.037,0.037,15.430,0,0,0
0.028640,1.34963,-0.023,0.128,15.102,0,0,0
0.028660,1.35057,0.013,0.039,15.046,0,0,0
0.028680,1.35151,-0.045,0.083,14.895,0,0,0
0.028700,1.35246,0.033,0.126,14.752,0,0,0
0.028720,1.35340,0.010,0.034,14.631,0,0,0
0.028740,1.35434,0.032,0.086,14.477,0,0,0
0.028760,1.35528,0.066,0.109,14.365,0,0,0
0.028780,1.35623,0.010,0.249,14.190,0,0,0
0.028800,1.35717,0.091,0.042,14.681,0,0,540
0.028820,1.35811,0.075,0.080,15.162,0,0,540
0.028840,1.35905,-0.049,0.092,15.745,0,0,540
0.028860,1.36000,0.042,0.028,15.881,0,0,0
0.028880,1.36094,-0.050,0.041,15.739,0,0,0
0.028900,1.36188,0.007,0.151,15.551,0,0,0
0.028920,1.36282,0.104,0.062,15.447,0,0,0
0.028940,1.36377,0.042,0.043,15.261,0,0,0
0.028960,1.36471,0.084,0.109,15.119,0,0,0
0.028980,1.36565,0.058,0.137,14.957,0,0,0
0.029000,1.36659,0.096,0.224,14.804,0,0,0
0.029020,1.36754,-0.000,0.079,14.699,0,0,0
0.029040,1.36848,-0.006,0.044,14.526,0,0,0
0.029060,1.36942,0.107,0.109,14.374,0,0,0
0.029080,1.37036,0.042,0.064,14.272,0,0,0
0.029100,1.37131,0.025,0.058,14.125,0,0,0
0.029120,1.37225,-0.009,0.026,14.532,0,0,540
0.029140,1.37319,0.023,0.091,15.037,0,0,540
0.029160,1.37413,0.046,0.208,15.463,0,0,540
0.029180,1.37508,0.096,0.122,16.013,0,0,540
0.029200,1.37602,0.113,-0.021,15.827,0,0,0
0.029220,1.37696,0.109,0.082,15.562,0,0,0
0.029240,1.37790,0.010,0.092,15.432,0,0,0
0.029260,1.37885,0.109,0.087,15.278,0,0,0
0.029280,1.37979,0.056,0.170,15.211,0,0,0
0.029300,1.38073,0.002,0.058,15.108,0,0,0
0.029320,1.38167,0.038,0.074,14.867,0,0,0
0.029340,1.38261,0.034,0.032,14.724,0,0,0
0.029360,1.38356,0.107,0.083,14.604,0,0,0
0.029380,1.38450,0.128,0.038,14.288,0,0,0
0.029400,1.38544,0.055,0.039,14.266,0,0,0
0.029420,1.38638,0.019,0.119,14.189,0,0,0
0.029440,1.38733,0.016,0.110,14.488,0,0,540
0.029460,1.38827,0.127,0.098,14.904,0,0,540
0.029480,1.38921,0.060,0.115,15.274,0,0,540
0.029500,1.39015,0.085,0.093,15.790,0,0,540
0.029520,1.39110,0.078,0.111,15.956,0,0,0
0.029540,1.39204,0.059,0.143,15.817,0,0,0
0.029560,1.39298,0.206,0.039,15.648,0,0,0
0.029580,1.39392,0.107,0.069,15.369,0,0,0
0.029600,1.39487,0.164,0.102,15.298,0,0,0
0.029620,1.39581,0.062,0.084,15.120,0,0,0
0.029640,1.39675,0.075,0.047,14.902,0,0,0
0.029660,1.39769,0.039,0.215,14.828,0,0,0
0.029680,1.39864,0.039,0.044,14.638,0,0,0
0.029700,1.39958,-0.019,0.056,14.471,0,0,0
0.029720,1.40052,0.008,0.044,14.314,0,0,0
0.029740,1.40146,0.015,0.065,14.264,0,0,0
0.029760,1.40241,0.156,0.038,14.512,0,0,540
0.029780,1.40335,0.100,0.086,14.914,0,0,540
0.029800,1.40429,0.079,0.089,15.253,0,0,540
0.029820,1.40523,0.167,0.081,15.617,0,0,540
0.029840,1.40618,0.040,0.055,15.786,0,0,0
0.029860,1.40712,0.105,0.091,15.616,0,0,0
0.029880,1.40806,0.048,-0.019,15.440,0,0,0
0.029900,1.40900,0.076,0.155,15.396,0,0,0
0.029920,1.40995,0.085,0.027,15.128,0,0,0
0.029940,1.41089,0.023,0.081,14.966,0,0,0
0.029960,1.41183,0.057,0.126,14.805,0,0,0
0.029980,1.41277,0.114,0.077,14.680,0,0,0
0.030000,1.41372,0.142,0.026,14.530,0,0,0
0.030020,1.41466,0.080,0.069,14.365,0,0,0
0.030040,1.41560,0.044,0.142,14.332,0,0,0
0.030060,1.41654,-0.048,0.100,14.340,0,0,540
0.030080,1.41749,0.124,0.166,14.710,0,0,540
0.030100,1.41843,0.032,0.105,15.055,0,0,540
0.030120,1.41937,0.158,0.078,15.432,0,0,540
0.030140,1.42031,-0.077,0.038,15.783,0,0,540
0.030160,1.42126,0.100,0.098,15.785,0,0,0
0.030180,1.42220,0.070,0.060,15.671,0,0,0
0.030200,1.42314,0.056,0.069,15.530,0,0,0
0.030220,1.42408,0.060,0.123,15.343,0,0,0
0.030240,1.42503,0.084,0.048,15.202,0,0,0
0.030260,1.42597,0.075,0.112,15.029,0,0,0
0.030280,1.42691,0.054,0.057,14.854,0,0,0
0.030300,1.42785,0.135,0.082,14.787,0,0,0
0.030320,1.42880,0.082,0.012,14.657,0,0,0
0.030340,1.42974,0.148,0.125,14.461,0,0,0
0.030360,1.43068,0.053,0.054,14.283,0,0,0
0.030380,1.43162,-0.008,0.071,14.328,0,0,540
0.030400,1.43257,0.108,-0.039,14.745,0,0,540
0.030420,1.43351,0.024,0.174,14.979,0,0,540
0.030440,1.43445,-0.013,0.064,15.337,0,0,540
0.030460,1.43539,0.029,0.024,15.635,0,0,540
0.030480,1.43634,0.025,0.143,15.834,0,0,0
0.030500,1.43728,0.020,0.101,15.652,0,0,0
0.030520,1.43822,0.170,0.151,15.521,0,0,0
0.030540,1.43916,0.130,0.124,15.287,0,0,0
0.030560,1.44011,0.055,0.114,15.203,0,0,0
0.030580,1.44105,0.060,0.115,14.978,0,0,0
0.030600,1.44199,0.100,0.114,14.892,0,0,0
0.030620,1.44293,0.083,0.116,14.750,0,0,0
0.030640,1.44388,0.086,0.052,14.590,0,0,0
0.030660,1.44482,0.029,0.104,14.569,0,0,0
0.030680,1.44576,0.083,0.099,14.426,0,0,0
0.030700,1.44670,0.033,0.095,14.276,0,0,0
0.030720,1.44765,0.081,0.166,14.323,0,0,540
0.030740,1.44859,0.014,0.043,14.576,0,0,540
0.030760,1.44953,0.097,0.121,14.897,0,0,540
0.030780,1.45047,0.072,0.070,15.213,0,0,540
0.030800,1.45142,0.028,0.058,15.491,0,0,540
0.030820,1.45236,0.066,0.103,15.809,0,0,540
0.030840,1.45330,0.091,0.077,15.724,0,0,0
0.030860,1.45424,0.051,-0.019,15.501,0,0,0
0.030880,1.45519,0.046,0.037,15.332,0,0,0
0.030900,1.45613,0.163,0.153,15.239,0,0,0
0.030920,1.45707,0.058,0.039,15.221,0,0,0
0.030940,1.45801,0.041,0.143,15.057,0,0,0
0.030960,1.45896,0.024,0.077,14.886,0,0,0
0.030980,1.45990,0.044,0.060,14.831,0,0,0
0.031000,1.46084,0.077,0.141,14.569,0,0,0
0.031020,1.46178,0.064,0.035,14.562,0,0,0
0.031040,1.46273,0.006,0.112,14.359,0,0,0
0.031060,1.46367,0.067,0.136,14.393,0,0,0
0.031080,1.46461,0.121,0.010,14.170,0,0,0
0.031100,1.46555,-0.057,0.060,14.524,0,0,540
0.031120,1.46650,0.051,0.122,14.750,0,0,540
0.031140,1.46744,0.083,0.136,15.017,0,0,540
0.031160,1.46838,0.058,0.059,15.297,0,0,540
0.031180,1.46932,0.057,0.132,15.473,0,0,540
0.031200,1.47027,0.077,0.157,15.817,0,0,540
0.031220,1.47121,0.102,0.093,15.731,0,0,0
0.031240,1.47215,0.173,0.048,15.541,0,0,0
0.031260,1.47309,0.103,0.096,15.399,0,0,0
0.031280,1.47404,0.090,0.129,15.399,0,0,0
0.031300,1.47498,0.185,0.098,15.132,0,0,0
0.031320,1.47592,0.049,0.111,15.110,0,0,0
0.031340,1.47686,0.039,0.161,14.990,0,0,0
0.031360,1.47781,0.037,0.133,14.934,0,0,0
0.031380,1.47875,0.033,0.122,14.815,0,0,0
0.031400,1.47969,0.107,0.022,14.624,0,0,0
0.031420,1.48063,0.098,0.071,14.636,0,0,0
0.031440,1.48158,0.031,0.094,14.529,0,0,0
0.031460,1.48252,0.079,0.033,14.450,0,0,0
0.031480,1.48346,0.053,0.094,14.308,0,0,0
0.031500,1.48440,0.046,-0.024,14.157,0,0,0
0.031520,1.48535,0.011,0.064,14.435,0,0,540
0.031540,1.48629,0.040,0.021,14.652,0,0,540
0.031560,1.48723,0.174,0.030,15.041,0,0,540
0.031580,1.48817,0.027,0.052,15.296,0,0,540
0.031600,1.48911,0.059,0.066,15.575,0,0,540
0.031620,1.49006,0.006,0.215,15.782,0,0,540
0.031640,1.49100,0.027,0.128,15.661,0,0,0
0.031660,1.49194,-0.015,0.143,15.544,0,0,0
0.031680,1.49288,0.095,0.179,15.529,0,0,0
0.031700,1.49383,0.129,0.116,15.398,0,0,0
0.031720,1.49477,0.018,0.075,15.250,0,0,0
0.031740,1.49571,0.093,0.215,15.166,0,0,0
0.031760,1.49665,0.089,0.026,14.973,0,0,0
0.031780,1.49760,0.061,0.116,14.960,0,0,0
0.031800,1.49854,0.114,0.128,14.790,0,0,0
0.031820,1.49948,0.039,0.059,14.769,0,0,0
0.031840,1.50042,0.039,0.118,14.702,0,0,0
0.031860,1.50137,0.146,0.068,14.548,0,0,0
0.031880,1.50231,-0.055,0.070,14.501,0,0,0
0.031900,1.50325,0.040,0.111,14.364,0,0,0
0.031920,1.50419,0.036,0.082,14.457,0,0,0
0.031940,1.50514,0.032,0.069,14.336,0,0,0
0.031960,1.50608,0.033,-0.025,14.128,0,0,0
0.031980,1.50702,0.035,0.081,14.387,0,0,540
0.032000,1.50796,0.147,0.093,14.697,0,0,540
0.032020,1.50891,0.029,0.031,14.992,0,0,540
0.032040,1.50985,0.019,0.068,15.267,0,0,540
0.032060,1.51079,-0.038,0.180,15.459,0,0,540
0.032080,1.51173,0.088,0.074,15.901,0,0,540
0.032100,1.51268,0.009,0.117,15.884,0,0,0
0.032120,1.51362,0.111,0.085,15.770,0,0,0
0.032140,1.51456,-0.005,0.120,15.662,0,0,0
0.032160,1.51550,-0.012,0.036,15.499,0,0,0
0.032180,1.51645,-0.007,0.134,15.517,0,0,0
0.032200,1.51739,-0.055,0.189,15.464,0,0,0
0.032220,1.51833,0.060,0.055,15.257,0,0,0
0.032240,1.51927,0.098,0.123,15.308,0,0,0
0.032260,1.52022,0.058,0.180,15.156,0,0,0
0.032280,1.52116,0.097,0.025,15.135,0,0,0
0.032300,1.52210,-0.004,0.119,15.061,0,0,0
0.032320,1.52304,0.039,0.083,14.971,0,0,0
0.032340,1.52399,0.022,-0.009,14.814,0,0,0
0.032360,1.52493,0.115,0.036,14.785,0,0,0
0.032380,1.52587,0.026,0.072,14.703,0,0,0
0.032400,1.52681,0.029,0.106,14.761,0,0,0
0.032420,1.52776,0.128,0.143,14.593,0,0,0
0.032440,1.52870,-0.010,-0.064,14.497,0,0,0
0.032460,1.52964,0.057,0.122,14.442,0,0,0
0.032480,1.53058,0.078,0.031,14.372,0,0,0
0.032500,1.53153,0.108,0.123,14.297,0,0,0
0.032520,1.53247,0.090,0.067,14.311,0,0,0
0.032540,1.53341,0.100,0.131,14.265,0,0,0
0.032560,1.53435,0.083,0.119,14.204,0,0,0
0.032580,1.53530,0.021,0.113,14.378,0,0,540
0.032600,1.53624,0.052,0.137,14.601,0,0,540
0.032620,1.53718,0.138,0.012,14.874,0,0,540
0.032640,1.53812,-0.037,0.149,15.144,0,0,540
0.032660,1.53907,-0.078,0.098,15.450,0,0,540
0.032680,1.54001,0.072,0.161,15.755,0,0,540
0.032700,1.54095,-0.056,0.114,15.767,0,0,0
0.032720,1.54189,0.140,0.083,15.793,0,0,0
0.032740,1.54284,0.127,0.069,15.729,0,0,0
0.032760,1.54378,0.076,0.093,15.647,0,0,0
0.032780,1.54472,0.023,0.137,15.615,0,0,0
0.032800,1.54566,0.009,0.085,15.555,0,0,0
0.032820,1.54661,0.060,0.071,15.480,0,0,0
0.032840,1.54755,0.131,0.074,15.405,0,0,0
0.032860,1.54849,0.053,0.079,15.298,0,0,0
0.032880,1.54943,0.083,0.166,15.279,0,0,0
0.032900,1.55038,0.142,0.038,15.258,0,0,0
0.032920,1.55132,0.060,0.093,15.187,0,0,0
0.032940,1.55226,0.142,0.109,15.218,0,0,0
0.032960,1.55320,0.041,0.122,14.973,0,0,0
0.032980,1.55415,0.104,0.053,15.072,0,0,0
0.033000,1.55509,0.055,0.022,14.990,0,0,0
0.033020,1.55603,0.096,0.119,14.915,0,0,0
0.033040,1.55697,0.065,0.099,14.900,0,0,0
0.033060,1.55792,0.060,0.060,14.885,0,0,0
0.033080,1.55886,0.077,0.144,14.645,0,0,0
0.033100,1.55980,0.095,0.099,14.710,0,0,0
0.033120,1.56074,0.066,0.084,14.698,0,0,0
0.033140,1.56169,-0.034,0.120,14.618,0,0,0
0.033160,1.56263,0.042,0.105,14.538,0,0,0
0.033180,1.56357,0.077,0.080,14.413,0,0,0
0.033200,1.56451,-0.024,0.185,14.459,0,0,0
0.033220,1.56546,0.053,0.056,14.533,0,0,0
0.033240,1.56640,0.075,0.075,14.305,0,0,0
0.033260,1.56734,0.064,0.109,14.426,0,0,0
0.033280,1.56828,0.019,0.088,14.333,0,0,0
0.033300,1.56923,0.033,0.098,14.269,0,0,0
0.033320,1.57017,0.082,0.011,14.255,0,0,0
0.033340,1.57111,0.024,0.029,14.343,0,0,540
0.033360,1.57205,0.007,0.163,14.513,0,0,540
0.033380,1.57300,0.110,0.134,14.829,0,0,540
0.033400,1.57394,0.029,0.178,15.116,0,0,540
0.033420,1.57488,0.108,0.121,15.416,0,0,540
0.033440,1.57582,0.033,0.169,15.680,0,0,540
0.033460,1.57677,0.064,0.050,15.956,0,0,540
0.033480,1.57771,0.120,0.120,15.934,0,0,0
0.033500,1.57865,0.079,0.072,15.979,0,0,0
0.033520,1.57959,0.016,0.110,15.782,0,0,0
0.033540,1.58054,-0.044,0.138,15.742,0,0,0
0.033560,1.58148,0.123,0.032,15.742,0,0,0
0.033580,1.58242,0.089,0.103,15.634,0,0,0
0.033600,1.58336,0.100,0.124,15.671,0,0,0
0.033620,1.58431,0.062,0.108,15.596,0,0,0
0.033640,1.58525,0.069,0.178,15.524,0,0,0
0.033660,1.58619,0.029,0.112,15.563,0,0,0
0.033680,1.58713,0.011,0.117,15.532,0,0,0
0.033700,1.58808,-0.003,0.052,15.449,0,0,0
0.033720,1.58902,0.029,0.173,15.432,0,0,0
0.033740,1.58996,0.089,0.143,15.341,0,0,0
0.033760,1.59090,0.065,0.013,15.423,0,0,0
0.033780,1.59184,0.022,-0.010,15.249,0,0,0
0.033800,1.59279,0.105,0.090,15.252,0,0,0
0.033820,1.59373,-0.009,0.161,15.272,0,0,0
0.033840,1.59467,0.085,0.063,15.172,0,0,0
0.033860,1.59561,-0.016,0.106,15.251,0,0,0
0.033880,1.59656,0.063,0.032,15.126,0,0,0
0.033900,1.59750,0.087,0.110,15.179,0,0,0
0.033920,1.59844,0.012,0.103,15.077,0,0,0
0.033940,1.59938,0.077,0.026,15.023,0,0,0
0.033960,1.60033,0.032,0.037,15.041,0,0,0
0.033980,1.60127,0.063,0.111,15.034,0,0,0
0.034000,1.60221,0.027,-0.030,14.960,0,0,0
0.034020,1.60315,0.115,-0.001,14.959,0,0,0
0.034040,1.60410,0.042,0.079,14.985,0,0,0
0.034060,1.60504,0.081,0.087,14.852,0,0,0
0.034080,1.60598,0.109,0.148,14.903,0,0,0
0.034100,1.60692,-0.023,0.161,14.833,0,0,0
0.034120,1.60787,0.050,0.070,14.874,0,0,0
0.034140,1.60881,0.056,0.123,14.722,0,0,0
0.034160,1.60975,0.095,0.061,14.733,0,0,0
0.034180,1.61069,0.106,0.070,14.684,0,0,0
0.034200,1.61164,0.024,0.078,14.616,0,0,0
0.034220,1.61258,-0.059,0.099,14.644,0,0,0
0.034240,1.61352,-0.036,0.031,14.807,0,0,0
0.034260,1.61446,0.529,0.077,14.683,540,0,0
0.034280,1.61541,1.474,0.120,14.570,540,0,0
0.034300,1.61635,2.405,0.150,14.504,540,0,0
0.034320,1.61729,3.172,0.104,14.491,540,0,0
0.034340,1.61823,4.087,0.054,14.495,540,0,0
0.034360,1.61918,5.004,0.099,14.477,540,0,0
0.034380,1.62012,5.852,0.088,14.474,540,0,0
0.034400,1.62106,6.773,0.091,14.401,540,0,0
0.034420,1.62200,7.728,0.100,14.393,540,0,0
0.034440,1.62295,8.530,0.125,14.392,540,0,0
0.034460,1.62389,9.535,0.082,14.411,540,0,0
0.034480,1.62483,10.301,0.212,14.365,540,0,0
0.034500,1.62577,11.191,0.131,14.409,540,0,0
0.034520,1.62672,12.108,0.177,14.318,540,0,0
0.034540,1.62766,13.004,0.182,14.274,540,0,0
0.034560,1.62860,13.949,0.139,14.255,540,0,0
0.034580,1.62954,14.780,0.140,14.262,540,0,0
0.034600,1.63049,15.630,0.169,14.262,540,0,0
0.034620,1.63143,16.141,0.061,14.518,0,0,540
0.034640,1.63237,16.019,0.180,14.872,0,0,540
0.034660,1.63331,16.095,0.197,15.155,0,0,540
0.034680,1.63426,16.028,0.135,15.346,0,0,540
0.034700,1.63520,16.076,0.125,15.685,0,0,540
0.034720,1.63614,16.021,0.040,15.965,0,0,540
0.034740,1.63708,16.055,0.120,15.963,0,0,0
0.034760,1.63803,15.880,0.083,15.891,0,0,0
0.034780,1.63897,15.936,0.124,15.870,0,0,0
0.034800,1.63991,15.987,0.158,15.858,0,0,0
0.034820,1.64085,15.871,0.095,15.817,0,0,0
0.034840,1.64180,15.820,0.137,15.861,0,0,0
0.034860,1.64274,15.794,0.181,15.697,0,0,0
0.034880,1.64368,15.906,0.105,15.769,0,0,0
0.034900,1.64462,15.915,0.219,15.789,0,0,0
0.034920,1.64557,15.880,0.056,15.763,0,0,0
0.034940,1.64651,15.701,0.138,15.710,0,0,0
0.034960,1.64745,15.844,0.142,15.705,0,0,0
0.034980,1.64839,15.720,0.128,15.675,0,0,0
0.035000,1.64934,15.739,0.091,15.590,0,0,0
0.035020,1.65028,15.776,0.119,15.579,0,0,0
0.035040,1.65122,15.777,0.096,15.656,0,0,0
0.035060,1.65216,15.725,0.075,15.586,0,0,0
0.035080,1.65311,15.731,0.044,15.585,0,0,0
0.035100,1.65405,15.727,0.065,15.626,0,0,0
0.035120,1.65499,15.607,0.112,15.509,0,0,0
0.035140,1.65593,15.615,0.078,15.622,0,0,0
0.035160,1.65688,15.518,0.152,15.592,0,0,0
0.035180,1.65782,15.553,0.063,15.535,0,0,0
0.035200,1.65876,15.507,0.171,15.491,0,0,0
0.035220,1.65970,15.561,0.040,15.523,0,0,0
0.035240,1.66065,15.537,0.140,15.549,0,0,0
0.035260,1.66159,15.477,0.049,15.490,0,0,0
0.035280,1.66253,15.572,0.199,15.403,0,0,0
0.035300,1.66347,15.359,0.128,15.524,0,0,0
0.035320,1.66442,15.531,0.113,15.534,0,0,0
0.035340,1.66536,15.467,0.197,15.376,0,0,0
0.035360,1.66630,15.430,0.139,15.497,0,0,0
0.035380,1.66724,15.457,0.118,15.443,0,0,0
0.035400,1.66819,15.349,0.054,15.406,0,0,0
0.035420,1.66913,15.378,0.206,15.403,0,0,0
0.035440,1.67007,15.364,0.089,15.344,0,0,0
0.035460,1.67101,15.255,0.081,15.295,0,0,0
0.035480,1.67196,15.286,0.073,15.352,0,0,0
0.035500,1.67290,15.312,0.098,15.322,0,0,0
0.035520,1.67384,15.245,0.164,15.342,0,0,0
0.035540,1.67478,15.207,0.076,15.236,0,0,0
0.035560,1.67573,15.119,0.185,15.205,0,0,0
0.035580,1.67667,15.162,0.121,15.199,0,0,0
0.035600,1.67761,15.227,0.244,15.304,0,0,0
0.035620,1.67855,15.282,0.140,15.327,0,0,0
0.035640,1.67950,15.173,0.115,15.202,0,0,0
0.035660,1.68044,15.078,0.166,15.186,0,0,0
0.035680,1.68138,14.993,0.157,15.243,0,0,0
0.035700,1.68232,15.094,0.131,15.142,0,0,0
0.035720,1.68327,15.102,0.160,15.236,0,0,0
0.035740,1.68421,15.103,0.077,15.237,0,0,0
0.035760,1.68515,14.997,0.218,15.280,0,0,0
0.035780,1.68609,15.124,0.169,15.143,0,0,0
0.035800,1.68704,14.998,0.107,15.160,0,0,0
0.035820,1.68798,14.905,0.217,15.085,0,0,0
0.035840,1.68892,14.879,0.115,15.123,0,0,0
0.035860,1.68986,14.879,0.233,15.053,0,0,0
0.035880,1.69081,14.802,0.098,15.211,0,0,0
0.035900,1.69175,14.807,0.097,15.061,0,0,0
0.035920,1.69269,14.853,0.141,15.179,0,0,0
0.035940,1.69363,14.848,0.097,15.072,0,0,0
0.035960,1.69458,14.722,0.172,15.058,0,0,0
0.035980,1.69552,14.812,0.098,15.015,0,0,0
0.036000,1.69646,14.759,0.178,14.889,0,0,0
0.036020,1.69740,14.729,0.136,15.067,0,0,0
0.036040,1.69834,14.673,0.121,15.032,0,0,0
0.036060,1.69929,14.686,0.204,15.034,0,0,0
0.036080,1.70023,14.575,0.109,15.045,0,0,0
0.036100,1.70117,14.605,0.137,15.049,0,0,0
0.036120,1.70211,14.474,0.159,14.882,0,0,-540
0.036140,1.70306,14.571,0.075,14.574,0,0,-540
0.036160,1.70400,14.589,0.094,14.329,0,0,-540
0.036180,1.70494,14.507,0.078,13.978,0,0,-540
0.036200,1.70588,14.505,0.111,13.751,0,0,-540
0.036220,1.70683,14.502,0.152,13.449,0,0,-540
0.036240,1.70777,14.341,0.187,13.065,0,0,-540
0.036260,1.70871,14.438,0.109,12.844,0,0,-540
0.036280,1.70965,14.304,0.187,12.688,0,0,-540
0.036300,1.71060,14.414,0.186,12.456,0,0,-540
0.036320,1.71154,14.335,0.102,12.138,0,0,-540
0.036340,1.71248,14.395,0.130,11.857,0,0,-540
0.036360,1.71342,14.245,0.217,11.681,0,0,-540
0.036380,1.71437,14.252,0.143,11.389,0,0,-540
0.036400,1.71531,14.205,0.164,11.153,0,0,-540
0.036420,1.71625,15.226,0.135,10.916,540,0,-540
0.036440,1.71719,15.895,0.168,10.596,540,0,-540
0.036460,1.71814,15.905,0.149,10.539,0,0,-540
0.036480,1.71908,15.915,0.113,10.206,0,0,-540
0.036500,1.72002,15.886,0.223,10.081,0,0,-540
0.036520,1.72096,15.835,0.155,9.929,0,0,-540
0.036540,1.72191,15.681,0.224,9.692,0,0,-540
0.036560,1.72285,15.673,0.166,9.387,0,0,-540
0.036580,1.72379,15.664,0.193,9.219,0,0,-540
0.036600,1.72473,15.564,0.126,9.041,0,0,-540
0.036620,1.72568,15.560,0.130,8.922,0,0,-540
0.036640,1.72662,15.633,0.185,8.742,0,0,-540
0.036660,1.72756,15.555,0.175,8.442,0,0,-540
0.036680,1.72850,15.464,0.285,8.271,0,0,-540
0.036700,1.72945,15.521,0.139,8.122,0,0,-540
0.036720,1.73039,15.450,0.206,7.960,0,0,-540
0.036740,1.73133,15.370,0.250,7.730,0,0,-540
0.036760,1.73227,15.366,0.252,7.661,0,0,-540
0.036780,1.73322,15.313,0.142,7.451,0,0,-540
0.036800,1.73416,15.269,0.139,7.319,0,0,-540
0.036820,1.73510,15.266,0.162,7.054,0,0,-540
0.036840,1.73604,15.239,0.174,7.000,0,0,-540
0.036860,1.73699,15.131,0.226,6.777,0,0,-540
0.036880,1.73793,15.173,0.070,6.616,0,-540,-540
0.036900,1.73887,15.167,0.029,6.430,0,0,-540
0.036920,1.73981,15.129,0.065,6.278,0,0,-540
0.036940,1.74076,15.051,0.043,6.176,0,0,-540
0.036960,1.74170,14.991,0.113,6.020,0,0,-540
0.036980,1.74264,14.951,0.096,5.810,0,0,-540
0.037000,1.74358,14.888,0.010,5.639,0,0,-540
0.037020,1.74453,14.862,0.028,5.505,0,0,-540
0.037040,1.74547,14.871,0.075,5.348,0,0,-540
0.037060,1.74641,14.834,0.044,5.294,0,0,-540
0.037080,1.74735,14.642,0.034,5.181,0,0,-540
0.037100,1.74830,14.746,-0.005,4.935,0,0,-540
0.037120,1.74924,14.585,0.111,4.849,0,0,-540
0.037140,1.75018,14.655,0.072,4.691,0,0,-540
0.037160,1.75112,14.506,0.044,4.614,0,0,-540
0.037180,1.75207,14.533,0.032,4.403,0,0,-540
0.037200,1.75301,14.452,0.032,4.275,0,0,-540
0.037220,1.75395,14.525,0.081,4.195,0,0,-540
0.037240,1.75489,14.361,0.075,4.030,0,0,-540
0.037260,1.75584,14.353,0.048,3.865,0,0,-540
0.037280,1.75678,14.389,0.034,3.778,0,0,-540
0.037300,1.75772,14.319,0.016,3.704,0,0,-540
0.037320,1.75866,14.199,-0.080,3.445,0,0,-540
0.037340,1.75961,15.084,0.035,3.418,540,0,-540
0.037360,1.76055,15.789,0.071,3.170,540,0,-540
0.037380,1.76149,15.793,0.050,3.202,0,0,-540
0.037400,1.76243,15.740,-0.013,3.115,0,0,-540
0.037420,1.76338,15.717,0.089,2.961,0,0,-540
0.037440,1.76432,15.664,0.108,2.822,0,0,-540
0.037460,1.76526,15.548,-0.017,2.683,0,0,-540
0.037480,1.76620,15.422,0.012,2.528,0,0,-540
0.037500,1.76715,15.373,-0.032,2.485,0,0,-540
0.037520,1.76809,15.518,0.041,2.364,0,0,-540
0.037540,1.76903,15.329,0.053,2.240,0,0,-540
0.037560,1.76997,15.398,0.084,2.176,0,0,-540
0.037580,1.77092,15.292,0.050,2.029,0,0,-540
0.037600,1.77186,15.056,0.056,1.999,0,0,-540
0.037620,1.77280,15.051,-0.003,1.792,0,0,-540
0.037640,1.77374,15.184,0.087,1.700,0,0,-540
0.037660,1.77469,14.945,0.046,1.607,0,0,-540
0.037680,1.77563,14.958,0.052,1.536,0,0,-540
0.037700,1.77657,14.810,0.148,1.419,0,0,-540
0.037720,1.77751,14.821,0.112,1.350,0,0,-540
0.037740,1.77846,14.827,0.001,1.279,0,0,-540
0.037760,1.77940,14.716,0.046,1.089,0,0,-540
0.037780,1.78034,14.694,0.025,1.023,0,0,-540
0.037800,1.78128,14.616,0.077,0.891,0,0,-540
0.037820,1.78223,14.441,0.054,0.842,0,0,-540
0.037840,1.78317,14.470,0.059,0.664,0,0,-540
0.037860,1.78411,14.451,0.003,0.493,0,0,-540
0.037880,1.78505,14.299,0.091,0.530,0,0,-540
0.037900,1.78600,14.288,0.044,0.434,0,0,-540
0.037920,1.78694,14.129,0.049,0.293,0,0,-540
0.037940,1.78788,14.125,0.065,0.311,0,0,-540
0.037960,1.78882,14.991,-0.022,0.292,540,0,0
0.037980,1.78977,15.723,0.135,0.365,540,0,0
0.038000,1.79071,16.051,0.130,0.280,0,0,0
0.038020,1.79165,15.831,0.091,0.199,0,0,-540
0.038040,1.79259,15.783,0.048,0.293,0,0,0
0.038060,1.79354,15.800,0.071,0.166,0,0,0
0.038080,1.79448,15.705,0.145,0.187,0,0,0
0.038100,1.79542,15.548,0.023,0.198,0,0,0
0.038120,1.79636,15.539,0.067,0.145,0,0,0
0.038140,1.79731,15.503,0.138,0.149,0,0,0
0.038160,1.79825,15.303,0.118,0.227,0,0,0
0.038180,1.79919,15.285,0.175,0.330,0,0,0
0.038200,1.80013,15.205,0.068,0.213,0,0,0
0.038220,1.80108,15.235,0.051,0.197,0,0,0
0.038240,1.80202,15.115,0.054,0.222,0,0,0
0.038260,1.80296,15.018,-0.015,0.201,0,0,0
0.038280,1.80390,14.854,0.129,0.245,0,0,0
0.038300,1.80484,14.912,0.141,0.165,0,0,0
0.038320,1.80579,14.792,0.071,0.181,0,0,0
0.038340,1.80673,14.678,0.121,0.242,0,0,0
0.038360,1.80767,14.574,0.096,0.232,0,0,0
0.038380,1.80861,14.481,0.072,0.219,0,0,0
0.038400,1.80956,14.410,0.093,0.183,0,0,0
0.038420,1.81050,14.424,0.126,0.192,0,0,0
0.038440,1.81144,14.294,0.062,0.173,0,0,0
0.038460,1.81238,14.158,0.194,0.194,0,0,0
0.038480,1.81333,14.823,0.078,0.162,540,0,0
0.038500,1.81427,15.617,0.047,0.193,540,0,0
0.038520,1.81521,15.893,0.102,0.190,0,0,0
0.038540,1.81615,15.788,0.159,0.091,0,0,0
0.038560,1.81710,15.749,0.101,0.266,0,0,0
0.038580,1.81804,15.607,0.054,0.173,0,0,0
0.038600,1.81898,15.549,0.009,0.163,0,0,0
0.038620,1.81992,15.465,0.136,0.201,0,0,0
0.038640,1.82087,15.254,0.044,0.212,0,0,0
0.038660,1.82181,15.130,0.110,0.241,0,0,0
0.038680,1.82275,15.182,0.108,0.301,0,0,0
0.038700,1.82369,15.120,0.137,0.020,0,0,0
0.038720,1.82464,14.923,0.138,0.243,0,0,0
0.038740,1.82558,14.782,0.141,0.117,0,0,0
0.038760,1.82652,14.729,0.148,0.192,0,0,0
0.038780,1.82746,14.633,0.006,0.221,0,0,0
0.038800,1.82841,14.574,0.134,0.269,0,0,0
0.038820,1.82935,14.379,0.029,0.199,0,0,0
0.038840,1.83029,14.318,0.109,0.249,0,0,0
0.038860,1.83123,14.351,0.168,0.219,0,0,0
0.038880,1.83218,14.590,0.183,0.218,540,0,0
0.038900,1.83312,15.165,0.101,0.217,540,0,0
0.038920,1.83406,15.788,0.113,0.317,540,0,0
0.038940,1.83500,16.162,0.144,0.216,0,0,0
0.038960,1.83595,15.960,0.029,0.065,0,0,0
0.038980,1.83689,15.831,0.084,0.181,0,0,0
0.039000,1.83783,15.717,0.132,0.146,0,0,0
0.039020,1.83877,15.644,0.122,0.207,0,0,0
0.039040,1.83972,15.477,0.041,0.255,0,0,0
0.039060,1.84066,15.342,0.063,0.094,0,0,0
0.039080,1.84160,15.241,0.169,0.186,0,0,0
0.039100,1.84254,15.089,0.177,0.197,0,0,0
0.039120,1.84349,14.967,0.208,0.217,0,0,0
0.039140,1.84443,14.837,0.157,0.171,0,0,0
0.039160,1.84537,14.824,0.078,0.295,0,0,0
0.039180,1.84631,14.692,0.121,0.249,0,0,0
0.039200,1.84726,14.572,0.064,0.177,0,0,0
0.039220,1.84820,14.488,0.119,0.201,0,0,0
0.039240,1.84914,14.374,0.119,0.164,0,0,0
0.039260,1.85008,14.631,0.161,0.184,540,0,0
0.039280,1.85103,15.218,0.174,0.174,540,0,0
0.039300,1.85197,15.805,0.123,0.254,540,0,0
0.039320,1.85291,15.664,0.133,0.275,0,0,0
0.039340,1.85385,15.573,0.017,0.200,0,0,0
0.039360,1.85480,15.397,0.180,0.225,0,0,0
0.039380,1.85574,15.214,0.093,0.246,0,0,0
0.039400,1.85668,15.093,0.075,0.150,0,0,0
0.039420,1.85762,15.099,0.172,0.192,0,0,0
0.039440,1.85857,14.928,0.055,0.101,0,0,0
0.039460,1.85951,14.794,0.100,0.169,0,0,0
0.039480,1.86045,14.649,0.155,0.210,0,0,0
0.039500,1.86139,14.489,0.085,0.153,0,0,0
0.039520,1.86234,14.357,0.121,0.204,0,0,0
0.039540,1.86328,14.386,0.162,0.232,0,0,0
0.039560,1.86422,14.118,0.097,0.182,0,0,0
0.039580,1.86516,14.692,0.104,0.182,540,0,0
0.039600,1.86611,15.258,0.186,0.225,540,0,0
0.039620,1.86705,15.853,0.159,0.164,540,0,0
0.039640,1.86799,15.916,0.101,0.168,0,0,0
0.039660,1.86893,15.819,0.049,0.165,0,0,0
0.039680,1.86988,15.620,0.194,0.144,0,0,0
0.039700,1.87082,15.447,0.153,0.200,0,0,0
0.039720,1.87176,15.417,0.204,0.224,0,0,0
0.039740,1.87270,15.235,0.293,0.130,0,0,0
0.039760,1.87365,15.194,0.142,0.131,0,0,0
0.039780,1.87459,14.964,0.159,0.165,0,0,0
0.039800,1.87553,14.891,0.226,0.128,0,0,0
0.039820,1.87647,14.702,0.100,0.126,0,0,0
0.039840,1.87742,14.571,0.123,0.122,0,0,0
0.039860,1.87836,14.422,0.049,0.048,0,0,0
0.039880,1.87930,14.337,0.170,0.203,0,0,0
0.039900,1.88024,14.089,0.124,0.177,0,0,0
0.039920,1.88119,14.617,0.148,0.107,540,0,0
0.039940,1.88213,15.180,0.171,0.093,540,0,0
0.039960,1.88307,15.661,0.063,0.145,540,0,0
0.039980,1.88401,15.737,0.163,0.109,0,0,0
0.040000,1.88496,15.804,0.157,0.191,0,0,0
0.040020,1.88590,15.508,0.179,0.144,0,0,0
0.040040,1.88684,15.489,0.171,0.189,0,0,0
0.040060,1.88778,15.312,0.146,0.124,0,0,0
0.040080,1.88873,14.997,0.130,0.219,0,0,0
0.040100,1.88967,14.969,0.055,0.164,0,0,0
0.040120,1.89061,14.865,0.228,0.127,0,0,0
0.040140,1.89155,14.639,0.182,0.203,0,0,0
0.040160,1.89250,14.507,0.152,0.241,0,0,0
0.040180,1.89344,14.423,0.164,0.209,0,0,0
0.040200,1.89438,14.196,0.113,0.203,0,0,0
0.040220,1.89532,14.407,0.210,0.047,540,0,0
0.040240,1.89627,14.803,0.237,0.118,540,0,0
0.040260,1.89721,15.315,0.106,0.156,540,0,0
0.040280,1.89815,15.715,0.141,0.157,540,0,0
0.040300,1.89909,15.892,0.147,0.186,0,0,0
0.040320,1.90004,15.744,0.099,0.082,0,0,0
0.040340,1.90098,15.442,0.209,0.126,0,0,0
0.040360,1.90192,15.409,0.195,0.165,0,0,0
0.040380,1.90286,15.259,0.067,0.118,0,0,0
0.040400,1.90381,15.100,0.064,0.078,0,0,0
0.040420,1.90475,14.993,0.115,0.139,0,0,0
0.040440,1.90569,14.802,0.114,0.174,0,0,0
0.040460,1.90663,14.636,0.122,0.088,0,0,0
0.040480,1.90758,14.651,0.188,0.128,0,0,0
0.040500,1.90852,14.427,0.205,0.205,0,0,0
0.040520,1.90946,14.266,0.184,0.170,0,0,0
0.040540,1.91040,14.067,0.224,0.095,0,0,0
0.040560,1.91134,14.488,0.178,0.146,540,0,0
0.040580,1.91229,14.888,0.120,0.106,540,0,0
0.040600,1.91323,15.253,0.229,0.187,540,0,0
0.040620,1.91417,15.680,0.152,0.220,540,0,0
0.040640,1.91511,15.805,0.137,0.095,0,0,0
0.040660,1.91606,15.674,0.186,0.168,0,0,0
0.040680,1.91700,15.513,0.156,0.110,0,0,0
0.040700,1.91794,15.383,0.167,0.098,0,0,0
0.040720,1.91888,15.164,0.164,0.183,0,0,0
0.040740,1.91983,14.991,0.216,0.197,0,0,0
0.040760,1.92077,14.887,0.170,0.136,0,0,0
0.040780,1.92171,14.751,0.192,0.109,0,0,0
0.040800,1.92265,14.551,0.128,0.110,0,0,0
0.040820,1.92360,14.448,0.187,0.074,0,0,0
0.040840,1.92454,14.262,0.163,0.236,0,0,0
0.040860,1.92548,14.114,0.129,0.189,0,0,0
0.040880,1.92642,14.521,0.227,0.237,540,0,0
0.040900,1.92737,14.897,0.140,0.046,540,0,0
0.040920,1.92831,15.249,0.160,0.160,540,0,0
0.040940,1.92925,15.691,0.123,0.071,540,0,0
0.040960,1.93019,15.801,0.184,0.250,0,0,0
0.040980,1.93114,15.560,0.184,0.105,0,0,0
0.041000,1.93208,15.449,0.196,0.121,0,0,0
0.041020,1.93302,15.290,0.154,0.184,0,0,0
0.041040,1.93396,15.161,0.166,0.111,0,0,0
0.041060,1.93491,14.909,0.051,0.199,0,0,0
0.041080,1.93585,14.813,0.143,0.136,0,0,0
0.041100,1.93679,14.640,0.213,0.058,0,0,0
0.041120,1.93773,14.542,0.134,0.172,0,0,0
0.041140,1.93868,14.336,0.124,0.140,0,0,0
0.041160,1.93962,14.304,0.155,0.243,0,0,0
0.041180,1.94056,14.646,0.094,0.141,540,0,0
0.041200,1.94150,14.862,0.125,0.175,540,0,0
0.041220,1.94245,15.242,0.124,0.162,540,0,0
0.041240,1.94339,15.537,0.113,0.128,540,0,0
0.041260,1.94433,15.952,0.094,0.251,540,0,0
0.041280,1.94527,15.809,0.224,0.086,0,0,0
0.041300,1.94622,15.604,0.084,0.104,0,0,0
0.041320,1.94716,15.573,0.112,0.161,0,0,0
0.041340,1.94810,15.299,0.170,0.165,0,0,0
0.041360,1.94904,15.096,0.225,0.118,0,0,0
0.041380,1.94999,14.965,0.204,0.224,0,0,0
0.041400,1.95093,14.802,0.128,0.141,0,0,0
0.041420,1.95187,14.769,0.158,0.186,0,0,0
0.041440,1.95281,14.563,0.135,0.171,0,0,0
0.041460,1.95376,14.409,0.118,0.148,0,0,0
0.041480,1.95470,14.314,0.229,0.129,0,0,0
0.041500,1.95564,14.179,0.144,0.150,0,0,0
0.041520,1.95658,14.319,0.239,0.069,540,0,0
0.041540,1.95753,14.586,0.161,0.106,540,0,0
0.041560,1.95847,14.994,0.162,0.113,540,0,0
0.041580,1.95941,15.249,0.214,0.172,540,0,0
0.041600,1.96035,15.462,0.073,0.179,540,0,0
0.041620,1.96130,15.886,0.154,0.052,540,0,0
0.041640,1.96224,15.661,0.177,0.158,0,0,0
0.041660,1.96318,15.449,0.120,0.110,0,0,0
0.041680,1.96412,15.357,0.127,0.172,0,0,0
0.041700,1.96507,15.319,0.145,0.177,0,0,0
0.041720,1.96601,15.128,0.226,0.142,0,0,0
0.041740,1.96695,15.045,0.076,0.118,0,0,0
0.041760,1.96789,14.918,0.133,0.163,0,0,0
0.041780,1.96884,14.676,0.188,0.133,0,0,0
0.041800,1.96978,14.637,0.306,0.113,0,0,0
0.041820,1.97072,14.455,0.209,0.088,0,0,0
0.041840,1.97166,14.289,0.127,0.116,0,0,0
0.041860,1.97261,14.237,0.066,0.145,0,0,0
0.041880,1.97355,14.411,0.237,0.132,540,0,0
0.041900,1.97449,14.757,0.231,0.113,540,0,0
0.041920,1.97543,15.072,0.142,0.091,540,0,0
0.041940,1.97638,15.335,0.177,0.133,540,0,0
0.041960,1.97732,15.642,0.011,0.108,540,0,0
0.041980,1.97826,15.699,0.098,0.073,0,0,0
0.042000,1.97920,15.661,0.244,0.116,0,0,0
0.042020,1.98015,15.473,0.194,0.162,0,0,0
0.042040,1.98109,15.346,0.184,0.113,0,0,0
0.042060,1.98203,15.197,0.172,0.072,0,0,0
0.042080,1.98297,15.131,0.178,0.191,0,0,0
0.042100,1.98392,14.901,0.155,0.061,0,0,0
0.042120,1.98486,14.883,0.125,0.135,0,0,0
0.042140,1.98580,14.631,0.083,0.108,0,0,0
0.042160,1.98674,14.483,0.171,0.162,0,0,0
0.042180,1.98769,14.396,0.142,0.226,0,0,0
0.042200,1.98863,14.357,0.217,0.134,0,0,0
0.042220,1.98957,14.243,0.235,0.181,0,0,0
0.042240,1.99051,14.355,0.176,0.106,540,0,0
0.042260,1.99146,14.581,0.211,0.190,540,0,0
0.042280,1.99240,14.739,0.184,0.134,540,0,0
0.042300,1.99334,15.093,0.056,0.169,540,0,0
0.042320,1.99428,15.479,0.121,0.255,540,0,0
0.042340,1.99523,15.665,0.187,0.087,540,0,0
0.042360,1.99617,15.822,0.125,0.119,0,0,0
0.042380,1.99711,15.618,0.182,0.116,0,0,0
0.042400,1.99805,15.582,0.075,0.120,0,0,0
0.042420,1.99900,15.489,0.112,0.233,0,0,0
0.042440,1.99994,15.222,0.231,0.093,0,0,0
0.042460,2.00088,15.178,0.223,0.119,0,0,0
0.042480,2.00182,15.121,0.184,0.161,0,0,0
0.042500,2.00277,14.938,0.170,0.175,0,0,0
0.042520,2.00371,14.787,0.228,0.146,0,0,0
0.042540,2.00465,14.658,0.059,0.139,0,0,0
0.042560,2.00559,14.647,0.155,0.133,0,0,0
0.042580,2.00654,14.493,0.163,0.254,0,0,0
0.042600,2.00748,14.434,0.225,0.061,0,0,0
0.042620,2.00842,14.395,0.250,0.080,0,0,0
0.042640,2.00936,14.237,0.189,0.132,0,0,0
0.042660,2.01031,14.509,0.187,0.238,540,0,0
0.042680,2.01125,14.743,0.185,0.089,540,0,0
0.042700,2.01219,15.042,0.179,0.089,540,0,0
0.042720,2.01313,15.297,0.129,0.086,540,0,0
0.042740,2.01408,15.508,0.144,0.212,540,0,0
0.042760,2.01502,15.896,0.148,0.173,540,0,0
0.042780,2.01596,15.758,0.252,0.194,0,0,0
0.042800,2.01690,15.604,0.142,0.075,0,0,0
0.042820,2.01784,15.514,0.129,0.143,0,0,0
0.042840,2.01879,15.417,0.161,0.101,0,0,0
0.042860,2.01973,15.273,0.199,0.093,0,0,0
0.042880,2.02067,15.348,0.134,0.135,0,0,0
0.042900,2.02161,15.102,0.196,0.106,0,0,0
0.042920,2.02256,14.985,0.140,0.138,0,0,0
0.042940,2.02350,14.996,0.131,0.143,0,0,0
0.042960,2.02444,14.893,0.222,0.110,0,0,0
0.042980,2.02538,14.743,0.091,0.183,0,0,0
0.043000,2.02633,14.707,0.104,0.180,0,0,0
0.043020,2.02727,14.536,0.173,0.139,0,0,0
0.043040,2.02821,14.547,0.223,0.194,0,0,0
0.043060,2.02915,14.425,0.126,0.147,0,0,0
0.043080,2.03010,14.362,0.243,0.113,0,0,0
0.043100,2.03104,14.232,0.175,0.162,0,0,0
0.043120,2.03198,14.515,0.206,0.167,540,0,0
0.043140,2.03292,14.801,0.144,0.197,540,0,0
0.043160,2.03387,15.050,0.207,0.115,540,0,0
0.043180,2.03481,15.332,0.163,0.165,540,0,0
0.043200,2.03575,15.601,0.063,0.136,540,0,0
0.043220,2.03669,15.834,0.124,0.247,540,0,0
0.043240,2.03764,15.746,0.120,0.102,0,0,0
0.043260,2.03858,15.667,0.202,0.079,0,0,0
0.043280,2.03952,15.660,0.177,0.132,0,0,0
0.043300,2.04046,15.527,0.159,0.108,0,0,0
0.043320,2.04141,15.384,0.158,0.111,0,0,0
0.043340,2.04235,15.369,0.150,0.127,0,0,0
0.043360,2.04329,15.288,0.174,0.128,0,0,0
0.043380,2.04423,15.073,0.119,0.191,0,0,0
0.043400,2.04518,15.127,0.039,0.137,0,0,0
0.043420,2.04612,15.001,0.154,0.130,0,0,0
0.043440,2.04706,15.034,0.154,0.167,0,0,0
0.043460,2.04800,14.810,0.113,0.155,0,0,0
0.043480,2.04895,14.838,0.062,0.099,0,0,0
0.043500,2.04989,14.694,0.098,0.201,0,0,0
0.043520,2.05083,14.712,0.206,0.183,0,0,0
0.043540,2.05177,14.617,0.209,0.194,0,0,0
0.043560,2.05272,14.471,0.183,0.136,0,0,0
0.043580,2.05366,14.476,0.097,0.148,0,0,0
0.043600,2.05460,14.307,0.079,0.158,0,0,0
0.043620,2.05554,14.334,0.172,0.125,0,0,0
0.043640,2.05649,14.218,0.122,0.082,0,0,0
0.043660,2.05743,14.428,0.209,0.187,540,0,0
0.043680,2.05837,14.583,0.207,0.220,540,0,0
0.043700,2.05931,14.857,0.135,0.226,540,0,0
0.043720,2.06026,15.086,0.119,0.171,540,0,0
0.043740,2.06120,15.448,0.062,0.180,540,0,0
0.043760,2.06214,15.746,0.129,0.183,540,0,0
0.043780,2.06308,15.879,0.147,0.074,540,0,0
0.043800,2.06403,15.887,0.129,0.199,0,0,0
0.043820,2.06497,15.801,0.119,0.230,0,0,0
0.043840,2.06591,15.772,0.120,0.131,0,0,0
0.043860,2.06685,15.711,0.165,0.150,0,0,0
0.043880,2.06780,15.652,0.150,0.147,0,0,0
0.043900,2.06874,15.573,0.223,0.143,0,0,0
0.043920,2.06968,15.456,0.057,0.150,0,0,0
0.043940,2.07062,15.462,0.155,0.127,0,0,0
0.043960,2.07157,15.341,0.169,0.230,0,0,0
0.043980,2.07251,15.333,0.127,0.099,0,0,0
0.044000,2.07345,15.281,0.231,0.180,0,0,0
0.044020,2.07439,15.144,0.190,0.058,0,0,0
0.044040,2.07534,15.179,0.165,0.097,0,0,0
0.044060,2.07628,15.113,0.105,0.132,0,0,0
0.044080,2.07722,15.021,0.164,0.120,0,0,0
0.044100,2.07816,15.071,0.179,0.283,0,0,0
0.044120,2.07911,14.923,0.215,0.188,0,0,0
0.044140,2.08005,14.869,0.136,0.089,0,0,0
0.044160,2.08099,14.896,0.152,0.169,0,0,0
0.044180,2.08193,14.788,0.053,0.206,0,0,0
0.044200,2.08288,14.778,0.098,0.058,0,0,0
0.044220,2.08382,14.679,0.213,0.113,0,0,0
0.044240,2.08476,14.645,0.195,0.124,0,0,0
0.044260,2.08570,14.740,0.078,0.123,0,0,0
0.044280,2.08665,14.562,0.122,0.121,0,0,0
0.044300,2.08759,14.600,0.189,0.106,0,0,0
0.044320,2.08853,14.443,0.156,0.146,0,0,0
0.044340,2.08947,14.436,0.088,0.252,0,0,0
0.044360,2.09042,14.360,0.159,0.202,0,0,0
0.044380,2.09136,14.351,0.065,0.152,0,0,0
0.044400,2.09230,14.254,0.223,0.143,0,0,0
0.044420,2.09324,14.489,0.107,0.205,540,0,0
0.044440,2.09419,14.866,0.176,0.159,540,0,0
0.044460,2.09513,14.993,0.211,0.157,540,0,-540
0.044480,2.09607,15.240,0.235,0.101,540,0,0
0.044500,2.09701,15.669,0.189,0.064,540,0,0
0.044520,2.09796,15.972,0.107,0.128,540,0,0
0.044540,2.09890,15.858,0.172,0.103,0,0,0
0.044560,2.09984,15.853,0.147,0.083,0,0,0
0.044580,2.10078,15.825,0.202,0.017,0,0,0
0.044600,2.10173,15.752,0.068,0.002,0,0,0
0.044620,2.10267,15.764,0.048,0.074,0,0,0
0.044640,2.10361,15.663,0.164,0.124,0,0,0
0.044660,2.10455,15.617,0.201,0.144,0,0,0
0.044680,2.10550,15.648,0.199,0.072,0,0,0
0.044700,2.10644,15.450,0.201,0.096,0,0,0
0.044720,2.10738,15.552,0.142,0.056,0,0,0
0.044740,2.10832,15.572,0.194,0.062,0,0,0
0.044760,2.10927,15.454,0.159,0.075,0,0,0
0.044780,2.11021,15.351,0.114,0.101,0,0,0
0.044800,2.11115,15.220,0.220,0.104,0,0,0
0.044820,2.11209,15.272,0.141,0.047,0,0,0
0.044840,2.11304,15.312,0.177,0.215,0,0,0
0.044860,2.11398,15.202,0.145,0.055,0,0,0
0.044880,2.11492,15.156,0.240,0.110,0,0,0
0.044900,2.11586,15.100,0.167,0.098,0,0,0
0.044920,2.11681,15.140,0.120,0.071,0,0,0
0.044940,2.11775,15.104,0.244,0.146,0,0,0
0.044960,2.11869,15.165,0.129,0.134,0,0,0
0.044980,2.11963,15.034,0.130,0.161,0,0,0
0.045000,2.12058,14.951,0.096,0.125,0,0,0
0.045020,2.12152,15.074,0.165,0.093,0,0,0
0.045040,2.12246,14.887,0.092,0.113,0,0,0
0.045060,2.12340,14.994,0.104,0.136,0,0,0
0.045080,2.12434,14.872,0.124,0.024,0,0,0
0.045100,2.12529,14.800,0.164,0.179,0,0,0
0.045120,2.12623,14.830,0.087,0.118,0,0,0
0.045140,2.12717,14.743,0.092,0.107,0,0,0
0.045160,2.12811,14.753,0.103,0.106,0,0,0
0.045180,2.12906,14.793,0.163,0.146,0,0,0
0.045200,2.13000,14.619,0.067,0.121,0,0,0
0.045220,2.13094,14.741,0.169,0.039,0,0,0
0.045240,2.13188,14.764,0.139,0.081,0,0,0
0.045260,2.13283,14.674,0.136,0.136,0,0,0
0.045280,2.13377,14.473,0.193,0.082,0,0,0
0.045300,2.13471,14.624,0.142,0.116,0,0,0
0.045320,2.13565,14.611,0.156,0.104,0,0,0
0.045340,2.13660,14.669,0.099,0.145,0,0,0
0.045360,2.13754,14.432,0.144,0.144,0,0,0
0.045380,2.13848,14.456,0.725,0.193,0,540,0
0.045400,2.13942,14.355,1.954,0.118,0,540,0
0.045420,2.14037,14.432,3.116,0.190,0,540,0
0.045440,2.14131,14.388,4.317,0.067,0,540,0
0.045460,2.14225,14.462,5.507,0.102,0,540,0
0.045480,2.14319,14.347,6.665,0.171,0,540,0
0.045500,2.14414,14.361,7.874,0.105,0,540,0
0.045520,2.14508,14.331,9.091,0.128,0,540,0
0.045540,2.14602,14.307,10.223,0.091,0,540,0
0.045560,2.14696,14.236,11.446,0.106,0,540,0
0.045580,2.14791,14.361,12.679,0.152,0,540,0
0.045600,2.14885,14.196,13.758,0.141,0,540,0
0.045620,2.14979,14.219,14.996,0.177,0,540,0
0.045640,2.15073,14.161,16.158,0.006,0,540,0
0.045660,2.15168,14.251,16.196,0.038,0,0,0
0.045680,2.15262,14.452,16.082,0.161,540,0,0
0.045700,2.15356,14.669,16.155,0.162,540,0,0
0.045720,2.15450,15.034,16.155,0.095,540,0,0
0.045740,2.15545,15.256,16.085,0.195,540,0,0
0.045760,2.15639,15.494,15.997,0.152,540,0,0
0.045780,2.15733,15.789,15.968,0.116,540,0,0
0.045800,2.15827,15.789,15.907,0.115,0,0,0
0.045820,2.15922,15.757,15.956,0.168,0,0,0
0.045840,2.16016,15.823,15.925,0.148,0,0,0
0.045860,2.16110,15.791,15.945,0.106,0,0,0
0.045880,2.16204,15.740,16.005,0.170,0,0,0
0.045900,2.16299,15.750,15.970,0.150,0,0,0
0.045920,2.16393,15.682,15.934,0.184,0,0,0
0.045940,2.16487,15.624,15.863,0.144,0,0,0
0.045960,2.16581,15.527,15.802,0.116,0,0,0
0.045980,2.16676,15.663,15.751,0.205,0,0,0
0.046000,2.16770,15.615,15.791,0.141,0,0,0
0.046020,2.16864,15.586,15.805,0.095,0,0,0
0.046040,2.16958,15.510,15.744,0.176,0,0,0
0.046060,2.17053,15.606,15.714,0.072,0,0,0
0.046080,2.17147,15.558,15.742,0.178,0,0,0
0.046100,2.17241,15.619,15.724,0.152,0,0,0
0.046120,2.17335,15.532,15.639,0.069,0,0,0
0.046140,2.17430,15.494,15.565,0.103,0,0,0
0.046160,2.17524,15.518,15.502,0.221,0,0,0
0.046180,2.17618,15.514,15.567,0.091,0,0,0
0.046200,2.17712,15.508,15.571,0.106,0,0,0
0.046220,2.17807,15.363,15.427,0.158,0,0,0
0.046240,2.17901,15.502,15.496,0.113,0,0,0
0.046260,2.17995,15.437,15.593,0.109,0,0,0
0.046280,2.18089,15.324,15.475,0.110,0,0,0
0.046300,2.18184,15.467,15.359,0.108,0,0,0
0.046320,2.18278,15.408,15.449,0.044,0,0,0
0.046340,2.18372,15.432,15.407,0.098,0,0,0
0.046360,2.18466,15.336,15.356,0.152,0,0,0
0.046380,2.18561,15.266,15.390,0.116,0,0,0
0.046400,2.18655,15.357,15.374,0.115,0,0,0
0.046420,2.18749,15.349,15.332,0.180,0,0,0
0.046440,2.18843,15.258,15.250,0.082,0,0,0
0.046460,2.18938,15.358,15.318,0.122,0,0,0
0.046480,2.19032,15.256,15.120,0.146,0,0,0
0.046500,2.19126,15.252,15.130,0.183,0,0,0
0.046520,2.19220,15.203,15.227,0.109,0,0,0
0.046540,2.19315,15.319,15.214,0.147,0,0,0
0.046560,2.19409,15.209,15.129,0.171,0,0,0
0.046580,2.19503,15.197,15.149,0.094,0,0,0
0.046600,2.19597,15.150,15.048,0.076,0,0,0
0.046620,2.19692,15.139,15.081,0.142,0,0,0
0.046640,2.19786,15.236,15.028,0.040,0,0,0
0.046660,2.19880,15.234,15.150,0.164,0,0,0
0.046680,2.19974,15.162,15.004,0.113,0,0,0
0.046700,2.20069,15.013,14.986,0.225,0,0,0
0.046720,2.20163,15.211,14.914,0.152,0,0,0
0.046740,2.20257,15.105,14.768,0.118,0,0,0
0.046760,2.20351,15.078,14.824,0.175,0,0,0
0.046780,2.20446,15.020,14.782,0.176,0,0,0
0.046800,2.20540,15.090,14.822,0.211,0,0,0
0.046820,2.20634,15.009,14.837,0.205,0,0,0
0.046840,2.20728,15.159,14.809,0.185,0,0,0
0.046860,2.20823,15.033,14.794,0.092,0,0,0
0.046880,2.20917,15.062,14.731,0.210,0,0,0
0.046900,2.21011,15.009,14.690,0.203,0,0,0
0.046920,2.21105,14.972,14.721,0.144,0,0,0
0.046940,2.21200,15.030,14.610,0.212,0,0,0
0.046960,2.21294,14.969,14.585,0.158,0,0,0
0.046980,2.21388,14.940,14.574,0.201,0,0,0
0.047000,2.21482,14.923,14.523,0.181,0,0,0
0.047020,2.21577,14.984,14.554,0.177,0,0,0
0.047040,2.21671,14.997,14.465,0.216,0,0,0
0.047060,2.21765,15.004,14.442,-0.018,0,0,0
0.047080,2.21859,14.925,14.387,0.110,0,0,0
0.047100,2.21954,14.918,14.489,0.128,0,0,0
0.047120,2.22048,14.907,14.345,0.127,0,0,0
0.047140,2.22142,14.924,14.334,0.167,0,0,0
0.047160,2.22236,14.871,14.241,0.100,0,0,0
0.047180,2.22331,14.992,14.318,0.242,0,0,0
0.047200,2.22425,14.937,14.339,0.202,0,0,0
0.047220,2.22519,14.888,14.223,0.305,0,0,0
0.047240,2.22613,14.523,14.200,0.169,-540,0,0
0.047260,2.22708,14.281,15.383,0.217,-540,540,0
0.047280,2.22802,14.035,15.898,0.263,-540,0,0
0.047300,2.22896,13.751,15.959,0.162,-540,0,0
0.047320,2.22990,13.432,15.933,0.097,-540,0,0
0.047340,2.23084,13.217,15.852,0.214,-540,0,0
0.047360,2.23179,12.903,15.786,0.181,-540,0,0
0.047380,2.23273,12.643,15.777,0.166,-540,0,0
0.047400,2.23367,12.383,15.758,0.284,-540,0,0
0.047420,2.23461,12.231,15.705,0.191,-540,0,0
0.047440,2.23556,11.952,15.619,0.227,-540,0,0
0.047460,2.23650,11.628,15.607,0.274,-540,0,0
0.047480,2.23744,11.344,15.605,0.215,-540,0,0
0.047500,2.23838,11.192,15.528,0.230,-540,0,0
0.047520,2.23933,10.903,15.599,0.210,-540,0,0
0.047540,2.24027,10.788,15.527,0.217,-540,0,0
0.047560,2.24121,10.525,15.486,0.102,-540,0,0
0.047580,2.24215,10.335,15.418,0.040,-540,0,0
0.047600,2.24310,10.124,15.399,0.172,-540,0,0
0.047620,2.24404,9.920,15.372,0.073,-540,0,0
0.047640,2.24498,9.770,15.358,0.112,-540,0,0
0.047660,2.24592,9.516,15.217,0.088,-540,0,0
0.047680,2.24687,9.356,15.110,0.136,-540,0,0
0.047700,2.24781,9.150,15.160,0.048,-540,0,0
0.047720,2.24875,8.873,15.140,0.073,-540,0,0
0.047740,2.24969,8.697,15.129,0.135,-540,0,0
0.047760,2.25064,8.532,15.045,0.109,-540,0,0
0.047780,2.25158,8.265,15.011,0.048,-540,0,0
0.047800,2.25252,8.060,14.949,0.069,-540,0,0
0.047820,2.25346,8.001,14.948,0.152,-540,0,0
0.047840,2.25441,7.711,14.972,0.157,-540,0,0
0.047860,2.25535,7.592,14.920,0.154,-540,0,0
0.047880,2.25629,7.465,14.845,0.183,-540,0,0
0.047900,2.25723,7.251,14.778,-0.001,-540,0,0
0.047920,2.25818,7.149,14.681,0.115,-540,0,0
0.047940,2.25912,6.915,14.818,0.098,-540,0,0
0.047960,2.26006,6.788,14.722,0.126,-540,0,0
0.047980,2.26100,6.601,14.683,0.198,-540,0,0
0.048000,2.26195,6.311,14.535,0.129,-540,0,0
0.048020,2.26289,6.254,14.582,0.126,-540,0,0
0.048040,2.26383,6.096,14.505,0.057,-540,0,0
0.048060,2.26477,5.997,14.418,0.163,-540,0,0
0.048080,2.26572,5.841,14.418,0.060,-540,0,0
0.048100,2.26666,5.637,14.374,0.125,-540,0,0
0.048120,2.26760,5.632,14.374,0.124,-540,0,0
0.048140,2.26854,5.390,14.365,0.139,-540,0,0
0.048160,2.26949,5.315,14.231,0.153,-540,0,0
0.048180,2.27043,5.114,14.152,0.121,-540,0,0
0.048200,2.27137,5.000,14.747,0.046,-540,540,0
0.048220,2.27231,4.818,15.842,0.156,-540,540,0
0.048240,2.27326,4.653,15.775,0.155,-540,0,0
0.048260,2.27420,4.519,15.776,0.187,-540,0,0
0.048280,2.27514,4.454,15.637,0.221,-540,0,0
0.048300,2.27608,4.317,15.536,0.108,-540,0,0
0.048320,2.27703,4.157,15.543,0.167,-540,0,0
0.048340,2.27797,4.091,15.411,0.170,-540,0,0
0.048360,2.27891,3.897,15.462,0.063,-540,0,0
0.048380,2.27985,3.843,15.434,0.193,-540,0,0
0.048400,2.28080,3.685,15.302,0.207,-540,0,0
0.048420,2.28174,3.564,15.319,0.099,-540,0,0
0.048440,2.28268,3.347,15.279,0.111,-540,0,0
0.048460,2.28362,3.270,15.175,0.170,-540,0,0
0.048480,2.28457,3.134,15.137,0.090,-540,0,0
0.048500,2.28551,3.028,15.030,0.070,-540,0,0
0.048520,2.28645,2.989,15.087,0.141,-540,0,0
0.048540,2.28739,2.897,14.966,0.125,-540,0,0
0.048560,2.28834,2.755,14.906,0.186,-540,0,0
0.048580,2.28928,2.547,14.833,0.081,-540,0,0
0.048600,2.29022,2.515,14.899,0.180,-540,0,0
0.048620,2.29116,2.332,14.759,0.178,-540,0,0
0.048640,2.29211,2.345,14.766,0.127,-540,0,0
0.048660,2.29305,2.112,14.664,0.143,-540,0,0
0.048680,2.29399,2.055,14.509,0.139,-540,0,0
0.048700,2.29493,1.994,14.518,0.127,-540,0,0
0.048720,2.29588,1.832,14.472,0.241,-540,0,0
0.048740,2.29682,1.695,14.420,0.178,-540,0,0
0.048760,2.29776,1.681,14.300,0.154,-540,0,0
0.048780,2.29870,1.562,14.263,0.166,-540,0,0
0.048800,2.29965,1.423,14.268,0.156,-540,0,0
0.048820,2.30059,1.325,15.210,0.202,-540,540,0
0.048840,2.30153,1.086,15.714,0.145,-540,0,0
0.048860,2.30247,1.129,15.611,0.134,-540,0,0
0.048880,2.30342,1.059,15.651,0.170,-540,0,0
0.048900,2.30436,0.914,15.431,0.211,-540,0,0
0.048920,2.30530,0.841,15.565,0.069,-540,0,0
0.048940,2.30624,0.803,15.345,0.155,-540,0,0
0.048960,2.30719,0.666,15.344,0.157,-540,0,0
0.048980,2.30813,0.482,15.290,0.190,-540,0,0
0.049000,2.30907,0.451,15.214,0.116,-540,0,0
0.049020,2.31001,0.351,15.045,0.244,0,0,0
0.049040,2.31096,0.273,15.018,0.036,-540,0,-540
0.049060,2.31190,0.250,14.920,0.024,0,0,0
0.049080,2.31284,0.292,14.946,0.022,0,0,0
0.049100,2.31378,0.263,14.912,-0.015,-540,0,0
0.049120,2.31473,0.240,14.759,-0.085,0,0,0
0.049140,2.31567,0.297,14.749,0.018,0,0,0
0.049160,2.31661,0.250,14.594,-0.044,0,0,0
0.049180,2.31755,0.180,14.535,0.033,0,0,0
0.049200,2.31850,0.248,14.485,-0.002,0,0,0
0.049220,2.31944,0.227,14.426,0.025,0,0,0
0.049240,2.32038,0.197,14.417,-0.031,0,0,0
0.049260,2.32132,0.230,14.248,0.054,0,0,0
0.049280,2.32227,0.207,15.127,0.071,0,540,0
0.049300,2.32321,0.207,15.711,0.010,0,0,0
0.049320,2.32415,0.130,15.560,0.079,0,0,0
0.049340,2.32509,0.156,15.609,-0.042,0,0,0
0.049360,2.32604,0.221,15.411,-0.009,0,0,0
0.049380,2.32698,0.081,15.378,0.180,0,0,0
0.049400,2.32792,0.248,15.259,0.008,0,0,0
0.049420,2.32886,0.244,15.152,0.025,0,0,0
0.049440,2.32981,0.261,15.094,-0.015,0,0,0
0.049460,2.33075,0.099,15.031,0.074,0,0,0
0.049480,2.33169,0.246,14.851,-0.045,0,0,0
0.049500,2.33263,0.119,14.778,0.131,-540,0,0
0.049520,2.33358,0.200,14.779,0.021,0,0,0
0.049540,2.33452,0.088,14.687,0.045,0,0,0
0.049560,2.33546,0.156,14.533,0.023,0,0,0
0.049580,2.33640,0.142,14.454,0.056,0,0,0
0.049600,2.33734,0.244,14.496,0.036,0,0,0
0.049620,2.33829,0.108,14.443,0.059,0,0,0
0.049640,2.33923,0.112,14.142,0.030,0,0,0
0.049660,2.34017,0.122,15.121,-0.101,0,540,0
0.049680,2.34111,0.142,16.117,0.044,0,540,0
0.049700,2.34206,0.148,16.011,0.108,0,0,0
0.049720,2.34300,0.208,15.927,0.034,0,0,0
0.049740,2.34394,0.125,15.731,0.043,0,0,0
0.049760,2.34488,0.123,15.689,0.001,0,0,0
0.049780,2.34583,0.109,15.571,0.057,0,0,0
0.049800,2.34677,0.162,15.468,0.012,0,0,0
0.049820,2.34771,0.125,15.405,0.042,0,0,0
0.049840,2.34865,0.122,15.304,0.038,0,0,0
0.049860,2.34960,0.151,15.189,0.062,0,0,0
0.049880,2.35054,0.168,15.087,0.150,0,0,0
0.049900,2.35148,0.115,15.004,0.046,0,0,0
0.049920,2.35242,0.187,14.836,-0.001,0,0,0
0.049940,2.35337,0.243,14.794,0.031,0,0,0
0.049960,2.35431,0.142,14.773,0.017,0,0,0
0.049980,2.35525,0.122,14.531,0.007,0,0,0
0.050000,2.35619,0.216,14.569,0.054,0,0,0
0.050020,2.35714,0.141,14.359,0.037,0,0,0
0.050040,2.35808,0.096,14.308,0.036,0,0,0
0.050060,2.35902,0.079,14.098,0.060,0,0,0
0.050080,2.35996,0.155,15.028,0.042,0,540,0
0.050100,2.36091,0.150,15.846,-0.044,0,540,0
0.050120,2.36185,0.194,16.267,-0.073,0,0,0
0.050140,2.36279,0.130,16.234,0.004,0,0,0
0.050160,2.36373,0.106,16.009,0.163,0,0,0
0.050180,2.36468,0.219,15.867,-0.013,0,0,0
0.050200,2.36562,0.110,15.775,0.034,0,0,0
0.050220,2.36656,0.184,15.691,0.042,0,0,0
0.050240,2.36750,0.192,15.484,0.047,0,0,0
0.050260,2.36845,0.196,15.464,-0.003,0,0,0
0.050280,2.36939,0.162,15.230,0.022,0,0,0
0.050300,2.37033,0.205,15.152,0.084,0,0,0
0.050320,2.37127,0.150,15.000,0.065,0,0,0
0.050340,2.37222,0.135,14.885,-0.022,0,0,0
0.050360,2.37316,0.125,14.857,0.012,0,0,0
0.050380,2.37410,0.129,14.764,0.000,0,0,0
0.050400,2.37504,0.181,14.596,-0.044,0,0,0
0.050420,2.37599,0.188,14.391,0.127,0,0,0
0.050440,2.37693,0.055,14.357,-0.006,0,0,0
0.050460,2.37787,0.271,14.201,-0.040,0,0,0
0.050480,2.37881,0.122,14.923,-0.003,0,540,0
0.050500,2.37976,0.118,15.798,0.085,0,540,0
0.050520,2.38070,0.102,15.574,-0.026,0,0,0
0.050540,2.38164,0.156,15.523,0.061,0,0,0
0.050560,2.38258,0.192,15.339,-0.010,0,0,0
0.050580,2.38353,0.178,15.350,-0.039,0,0,0
0.050600,2.38447,0.198,15.110,0.062,0,0,0
0.050620,2.38541,0.103,15.042,0.076,0,0,0
0.050640,2.38635,0.143,14.819,-0.009,0,0,0
0.050660,2.38730,0.139,14.741,-0.004,0,0,0
0.050680,2.38824,0.156,14.615,0.110,0,0,0
0.050700,2.38918,0.060,14.522,0.092,0,0,0
0.050720,2.39012,0.118,14.341,0.081,0,0,0
0.050740,2.39107,0.159,14.176,-0.007,0,0,0
0.050760,2.39201,0.044,14.102,-0.086,0,0,0
0.050780,2.39295,0.199,14.806,0.035,0,540,0
0.050800,2.39389,0.148,15.641,0.046,0,540,0
0.050820,2.39484,0.111,15.793,-0.051,0,0,0
0.050840,2.39578,0.199,15.700,0.087,0,0,0
0.050860,2.39672,0.208,15.553,0.047,0,0,0
0.050880,2.39766,0.227,15.386,0.017,0,0,0
0.050900,2.39861,0.139,15.249,0.003,0,0,0
0.050920,2.39955,0.219,15.106,-0.028,0,0,0
0.050940,2.40049,0.251,15.014,0.048,0,0,0
0.050960,2.40143,0.189,14.955,0.092,0,0,0
0.050980,2.40238,0.168,14.718,0.037,0,0,0
0.051000,2.40332,0.165,14.623,0.024,0,0,0
0.051020,2.40426,0.191,14.491,-0.016,0,0,0
0.051040,2.40520,0.114,14.459,0.017,0,0,0
0.051060,2.40615,0.131,14.184,0.110,0,0,0
0.051080,2.40709,0.147,14.516,0.015,0,540,0
0.051100,2.40803,0.199,15.051,0.030,0,540,0
0.051120,2.40897,0.109,15.917,0.040,0,540,0
0.051140,2.40992,0.185,15.635,-0.004,0,0,0
0.051160,2.41086,0.184,15.623,-0.015,0,0,0
0.051180,2.41180,0.127,15.417,0.047,0,0,0
0.051200,2.41274,0.124,15.276,0.105,0,0,0
0.051220,2.41369,0.156,15.031,0.029,0,0,0
0.051240,2.41463,0.156,14.956,0.060,0,0,0
0.051260,2.41557,0.175,14.767,-0.046,0,0,0
0.051280,2.41651,0.105,14.597,0.028,0,0,0
0.051300,2.41746,0.251,14.410,0.040,0,0,0
0.051320,2.41840,0.154,14.338,0.071,0,0,0
0.051340,2.41934,0.171,14.184,0.013,0,0,0
0.051360,2.42028,0.153,14.864,-0.011,0,540,0
0.051380,2.42123,0.137,15.440,-0.034,0,540,0
0.051400,2.42217,0.177,15.751,0.058,0,0,0
0.051420,2.42311,0.141,15.518,-0.007,0,0,0
0.051440,2.42405,0.320,15.414,0.034,0,0,0
0.051460,2.42500,0.126,15.268,-0.018,0,0,0
0.051480,2.42594,0.242,15.084,-0.035,0,0,0
0.051500,2.42688,0.186,14.952,0.079,0,0,0
0.051520,2.42782,0.144,14.813,0.020,0,0,0
0.051540,2.42877,0.105,14.694,0.015,0,0,0
0.051560,2.42971,0.178,14.571,0.086,0,0,0
0.051580,2.43065,0.019,14.312,0.070,0,0,0
0.051600,2.43159,0.186,14.604,0.000,0,540,0
0.051620,2.43254,0.197,15.170,0.083,0,540,0
0.051640,2.43348,0.181,15.716,0.034,0,540,0
0.051660,2.43442,0.210,16.031,0.035,0,0,0
0.051680,2.43536,0.213,15.786,0.109,0,0,0
0.051700,2.43631,0.162,15.546,-0.060,0,0,0
0.051720,2.43725,0.247,15.444,0.055,0,0,0
0.051740,2.43819,0.191,15.268,0.092,0,0,0
0.051760,2.43913,0.196,15.174,-0.033,0,0,0
0.051780,2.44008,0.144,14.913,0.040,0,0,0
0.051800,2.44102,0.032,14.913,-0.002,0,0,0
0.051820,2.44196,0.115,14.754,0.038,0,0,0
0.051840,2.44290,0.062,14.549,-0.021,0,0,0
0.051860,2.44384,0.070,14.347,-0.067,0,0,0
0.051880,2.44479,0.047,14.248,0.070,0,0,0
0.051900,2.44573,0.162,14.463,-0.022,0,540,0
0.051920,2.44667,0.169,15.007,0.041,0,540,0
0.051940,2.44761,-0.006,15.568,0.028,0,540,0
0.051960,2.44856,0.147,15.744,-0.003,0,0,0
0.051980,2.44950,0.110,15.588,0.103,0,0,0
0.052000,2.45044,0.047,15.499,0.044,0,0,0
0.052020,2.45138,0.167,15.356,0.054,0,0,0
0.052040,2.45233,0.130,15.067,0.095,0,0,0
0.052060,2.45327,0.106,14.989,0.093,0,0,0
0.052080,2.45421,0.074,14.689,0.022,0,0,0
0.052100,2.45515,0.097,14.695,0.085,0,0,0
0.052120,2.45610,0.056,14.554,0.006,0,0,0
0.052140,2.45704,0.125,14.431,-0.059,0,0,0
0.052160,2.45798,0.075,14.198,-0.021,0,0,0
0.052180,2.45892,0.104,14.018,0.020,0,0,0
0.052200,2.45987,0.066,14.591,-0.009,0,540,0
0.052220,2.46081,0.121,15.101,-0.014,0,540,0
0.052240,2.46175,0.075,15.611,0.100,0,540,0
0.052260,2.46269,0.105,15.860,0.096,0,0,0
0.052280,2.46364,0.093,15.570,0.028,0,0,0
0.052300,2.46458,0.104,15.542,0.048,0,0,0
0.052320,2.46552,0.137,15.362,0.072,0,0,0
0.052340,2.46646,0.133,15.142,0.054,0,0,0
0.052360,2.46741,0.128,14.959,0.038,0,0,0
0.052380,2.46835,0.083,14.841,0.048,0,0,0
0.052400,2.46929,0.144,14.712,0.066,0,0,0
0.052420,2.47023,0.038,14.636,0.030,0,0,0
0.052440,2.47118,0.170,14.460,0.031,0,0,0
0.052460,2.47212,0.107,14.254,0.020,0,0,0
0.052480,2.47306,0.049,14.162,0.047,0,0,0
0.052500,2.47400,0.029,14.485,0.066,0,540,0
0.052520,2.47495,0.135,15.163,0.087,0,540,0
0.052540,2.47589,0.186,15.542,0.096,0,540,0
0.052560,2.47683,0.090,15.727,0.015,0,0,0
0.052580,2.47777,0.093,15.529,-0.025,0,0,0
0.052600,2.47872,0.085,15.441,0.054,0,0,0
0.052620,2.47966,0.076,15.342,-0.048,0,0,0
0.052640,2.48060,0.142,15.232,0.006,0,0,0
0.052660,2.48154,0.154,14.974,-0.046,0,0,0
0.052680,2.48249,0.119,14.821,0.067,0,0,0
0.052700,2.48343,0.105,14.669,-0.046,0,0,0
0.052720,2.48437,0.139,14.499,0.028,0,0,0
0.052740,2.48531,0.099,14.338,0.008,0,0,0
0.052760,2.48626,0.194,14.235,0.052,0,0,0
0.052780,2.48720,0.139,14.436,-0.008,0,540,0
0.052800,2.48814,0.088,14.918,0.037,0,540,0
0.052820,2.48908,0.059,15.249,0.073,0,540,0
0.052840,2.49003,0.196,15.811,0.011,0,540,0
0.052860,2.49097,0.182,15.913,0.034,0,0,0
0.052880,2.49191,0.148,15.809,0.025,0,0,0
0.052900,2.49285,0.086,15.693,0.014,0,0,0
0.052920,2.49380,0.098,15.587,0.043,0,0,0
0.052940,2.49474,0.153,15.327,0.001,0,0,0
0.052960,2.49568,0.151,15.165,0.052,0,0,0
0.052980,2.49662,0.095,15.077,0.112,0,0,0
0.053000,2.49757,0.163,14.935,0.076,0,0,0
0.053020,2.49851,0.066,14.853,0.059,0,0,0
0.053040,2.49945,0.165,14.675,0.055,0,0,0
0.053060,2.50039,0.121,14.603,-0.009,0,0,0
0.053080,2.50134,0.120,14.418,-0.040,0,0,0
0.053100,2.50228,0.018,14.257,0.060,0,0,0
0.053120,2.50322,0.104,14.109,0.001,0,0,0
0.053140,2.50416,0.073,14.502,0.010,0,540,0
0.053160,2.50511,0.089,14.982,0.065,0,540,0
0.053180,2.50605,0.078,15.433,-0.040,0,540,0
0.053200,2.50699,0.076,15.878,-0.038,0,540,0
0.053220,2.50793,0.157,15.780,-0.023,0,0,0
0.053240,2.50888,0.090,15.604,0.046,0,0,0
0.053260,2.50982,0.129,15.431,0.006,0,0,0
0.053280,2.51076,0.063,15.402,0.066,0,0,0
0.053300,2.51170,0.087,15.150,-0.012,0,0,0
0.053320,2.51265,0.122,15.160,0.095,0,0,0
0.053340,2.51359,0.100,14.917,0.018,0,0,0
0.053360,2.51453,0.152,14.788,0.077,0,0,0
0.053380,2.51547,0.105,14.786,0.026,0,0,0
0.053400,2.51642,0.177,14.569,-0.012,0,0,0
0.053420,2.51736,0.118,14.584,0.023,0,0,0
0.053440,2.51830,0.131,14.402,-0.003,0,0,0
0.053460,2.51924,0.204,14.363,0.023,0,0,0
0.053480,2.52019,0.059,14.123,0.098,0,0,0
0.053500,2.52113,0.205,14.634,0.061,0,540,0
0.053520,2.52207,0.013,14.947,0.006,0,540,0
0.053540,2.52301,0.095,15.333,0.023,0,540,0
0.053560,2.52396,0.069,15.819,0.063,0,540,0
0.053580,2.52490,0.126,15.930,0.059,0,0,0
0.053600,2.52584,0.228,15.745,-0.006,0,0,0
0.053620,2.52678,0.120,15.646,0.019,0,0,0
0.053640,2.52773,0.113,15.629,0.077,0,0,0
0.053660,2.52867,0.141,15.426,0.087,0,0,0
0.053680,2.52961,0.135,15.356,0.023,0,0,0
0.053700,2.53055,0.179,15.199,-0.016,0,0,0
0.053720,2.53150,0.145,15.120,0.036,0,0,0
0.053740,2.53244,0.174,14.961,0.070,0,0,0
0.053760,2.53338,0.121,14.871,0.023,0,0,0
0.053780,2.53432,0.112,14.761,0.045,0,0,0
0.053800,2.53527,0.074,14.653,-0.002,0,0,0
0.053820,2.53621,0.119,14.534,0.114,0,0,0
0.053840,2.53715,0.077,14.470,0.070,0,0,0
0.053860,2.53809,0.075,14.263,0.078,0,0,0
0.053880,2.53904,0.137,14.228,0.022,0,0,0
0.053900,2.53998,0.034,14.107,0.065,0,0,0
0.053920,2.54092,0.047,14.668,0.065,0,540,0
0.053940,2.54186,0.090,14.853,0.146,0,540,0
0.053960,2.54281,0.134,15.285,0.054,0,540,0
0.053980,2.54375,0.142,15.726,-0.001,0,540,0
0.054000,2.54469,0.085,15.605,0.019,0,0,0
0.054020,2.54563,0.093,15.576,-0.067,0,0,0
0.054040,2.54658,0.070,15.477,0.096,0,0,0
0.054060,2.54752,0.078,15.421,0.028,0,0,0
0.054080,2.54846,0.087,15.187,0.038,0,0,0
0.054100,2.54940,0.136,15.187,0.015,0,0,0
0.054120,2.55034,0.166,15.094,-0.025,0,0,0
0.054140,2.55129,0.117,14.855,0.022,0,0,0
0.054160,2.55223,0.074,14.824,0.016,0,0,0
0.054180,2.55317,0.135,14.767,-0.063,0,0,0
0.054200,2.55411,0.121,14.684,0.053,0,0,0
0.054220,2.55506,0.085,14.685,0.014,0,0,0
0.054240,2.55600,0.048,14.562,0.095,0,0,0
0.054260,2.55694,0.112,14.422,-0.020,0,0,0
0.054280,2.55788,0.116,14.299,0.033,0,0,0
0.054300,2.55883,0.177,14.221,-0.000,0,0,0
0.054320,2.55977,0.195,14.689,-0.006,0,540,0
0.054340,2.56071,0.121,15.075,-0.009,0,540,0
0.054360,2.56165,0.042,15.388,0.028,0,540,0
0.054380,2.56260,0.168,15.807,0.092,0,540,0
0.054400,2.56354,0.108,15.630,0.083,0,0,0
0.054420,2.56448,0.077,15.613,0.026,0,0,0
0.054440,2.56542,0.079,15.529,0.041,0,0,0
0.054460,2.56637,0.075,15.474,-0.057,0,0,0
0.054480,2.56731,0.110,15.353,0.050,0,0,0
0.054500,2.56825,0.096,15.369,0.004,0,0,0
0.054520,2.56919,0.080,15.164,0.059,0,0,0
0.054540,2.57014,0.162,15.150,0.020,0,0,0
0.054560,2.57108,0.169,15.060,-0.037,0,0,0
0.054580,2.57202,0.120,15.005,-0.004,0,0,0
0.054600,2.57296,0.102,14.780,0.062,0,0,0
0.054620,2.57391,0.176,14.822,0.041,0,0,0
0.054640,2.57485,0.090,14.645,0.043,0,0,0
0.054660,2.57579,0.059,14.627,0.001,0,0,0
0.054680,2.57673,0.135,14.624,0.065,0,0,0
0.054700,2.57768,0.040,14.573,0.076,0,0,0
0.054720,2.57862,0.163,14.406,0.084,0,0,0
0.054740,2.57956,0.084,14.340,-0.003,0,0,0
0.054760,2.58050,0.125,14.333,0.092,0,0,0
0.054780,2.58145,0.086,14.367,0.068,0,0,0
0.054800,2.58239,0.131,14.210,0.113,0,0,0
0.054820,2.58333,0.185,14.053,0.007,0,0,0
0.054840,2.58427,0.163,14.393,0.033,0,540,0
0.054860,2.58522,-0.015,14.942,-0.003,0,540,0
0.054880,2.58616,0.126,15.297,0.024,0,540,0
0.054900,2.58710,0.114,15.623,0.000,0,540,0
0.054920,2.58804,0.068,16.037,0.050,0,540,0
0.054940,2.58899,0.073,16.015,-0.022,0,0,0
0.054960,2.58993,0.071,15.826,-0.055,0,0,0
0.054980,2.59087,0.018,15.850,-0.016,0,0,0
0.055000,2.59181,0.087,15.769,-0.024,0,0,0
0.055020,2.59276,0.120,15.721,0.036,0,0,0
0.055040,2.59370,0.098,15.588,0.030,0,0,0
0.055060,2.59464,0.173,15.521,-0.026,0,0,0
0.055080,2.59558,0.143,15.507,0.044,0,0,0
0.055100,2.59653,0.065,15.458,-0.021,0,0,0
0.055120,2.59747,0.088,15.284,0.066,0,0,0
0.055140,2.59841,0.185,15.257,0.040,0,0,0
0.055160,2.59935,0.060,15.225,-0.170,0,0,0
0.055180,2.60030,0.088,15.166,0.052,0,0,0
0.055200,2.60124,0.122,15.193,-0.008,0,0,0
0.055220,2.60218,0.065,15.070,-0.056,0,0,0
0.055240,2.60312,0.090,15.037,-0.019,0,0,0
0.055260,2.60407,0.138,15.038,-0.017,0,0,0
0.055280,2.60501,0.120,14.892,-0.039,0,0,0
0.055300,2.60595,0.112,14.956,0.056,0,0,0
0.055320,2.60689,0.119,14.689,0.026,0,0,0
0.055340,2.60784,0.050,14.794,-0.012,0,0,0
0.055360,2.60878,0.179,14.724,0.039,0,0,0
0.055380,2.60972,0.124,14.623,-0.110,0,0,0
0.055400,2.61066,0.135,14.584,0.008,0,0,0
0.055420,2.61161,0.042,14.495,0.097,0,0,0
0.055440,2.61255,0.099,14.453,-0.037,0,0,0
0.055460,2.61349,0.074,14.478,0.021,0,0,0
0.055480,2.61443,0.094,14.474,0.049,0,0,0
0.055500,2.61538,0.190,14.431,0.023,0,0,0
0.055520,2.61632,0.151,14.324,0.003,0,0,0
0.055540,2.61726,0.103,14.254,0.056,0,0,0
0.055560,2.61820,0.175,14.395,0.087,0,540,0
0.055580,2.61915,0.085,14.880,0.046,0,540,0
0.055600,2.62009,0.051,15.240,0.033,0,540,0
0.055620,2.62103,0.034,15.456,-0.035,0,540,0
0.055640,2.62197,0.101,15.818,-0.016,0,0,0
0.055660,2.62292,0.056,15.675,0.002,0,0,0
0.055680,2.62386,0.115,15.692,0.030,0,0,0
0.055700,2.62480,0.230,15.655,0.088,0,0,0
0.055720,2.62574,0.127,15.613,-0.003,0,0,0
0.055740,2.62669,0.222,15.489,0.050,0,0,0
0.055760,2.62763,0.083,15.517,0.083,0,0,0
0.055780,2.62857,0.125,15.440,0.002,0,0,0
0.055800,2.62951,0.268,15.382,0.012,0,0,0
0.055820,2.63046,0.143,15.415,0.144,0,0,0
0.055840,2.63140,0.239,15.307,-0.041,0,0,0
0.055860,2.63234,0.086,15.314,0.053,0,0,0
0.055880,2.63328,0.188,15.184,0.053,0,0,0
0.055900,2.63423,0.131,15.305,-0.034,0,0,0
0.055920,2.63517,0.114,15.193,-0.024,0,0,0
0.055940,2.63611,0.033,15.139,0.003,0,0,0
0.055960,2.63705,0.138,15.088,0.048,0,0,0
0.055980,2.63800,0.112,15.014,0.053,0,0,0
0.056000,2.63894,0.190,15.011,-0.045,0,0,0
0.056020,2.63988,0.096,14.984,0.051,0,0,0
0.056040,2.64082,0.176,15.054,0.024,0,0,0
0.056060,2.64177,0.118,14.872,-0.052,0,0,0
0.056080,2.64271,0.098,14.840,0.089,0,0,0
0.056100,2.64365,0.117,14.841,0.020,0,0,0
0.056120,2.64459,0.106,14.835,0.008,0,0,0
0.056140,2.64554,0.156,14.644,0.025,0,0,0
0.056160,2.64648,0.161,14.810,0.071,0,0,0
0.056180,2.64742,0.034,14.659,0.090,0,0,0
0.056200,2.64836,0.173,14.677,0.031,0,0,0
0.056220,2.64931,0.145,14.692,0.049,0,0,0
0.056240,2.65025,0.086,14.644,0.029,0,0,0
0.056260,2.65119,0.008,14.643,-0.004,0,0,0
0.056280,2.65213,0.151,14.535,0.049,0,0,0
0.056300,2.65307,0.120,14.486,0.046,0,0,0
0.056320,2.65402,0.130,14.494,-0.026,0,0,0
0.056340,2.65496,0.102,14.515,0.136,0,0,0
0.056360,2.65590,0.136,14.327,0.025,0,0,0
0.056380,2.65684,0.139,14.448,-0.040,0,0,0
0.056400,2.65779,0.117,14.341,0.018,0,0,0
0.056420,2.65873,0.135,14.382,-0.038,0,0,0
0.056440,2.65967,0.097,14.309,0.019,0,0,0
0.056460,2.66061,0.056,14.290,-0.076,0,0,0
0.056480,2.66156,0.109,14.294,0.010,0,0,0
0.056500,2.66250,0.113,14.285,0.929,0,0,540
0.056520,2.66344,0.092,14.727,1.850,0,540,540
0.056540,2.66438,0.180,14.977,2.712,0,540,540
0.056560,2.66533,0.116,15.344,3.622,0,540,540
0.056580,2.66627,0.196,15.796,4.516,0,540,540
0.056600,2.66721,0.168,16.010,5.384,0,0,540
0.056620,2.66815,0.058,15.948,6.293,0,0,540
0.056640,2.66910,0.041,15.911,7.168,0,0,540
0.056660,2.67004,0.027,15.894,8.058,0,0,540
0.056680,2.67098,0.167,15.813,8.953,0,0,540
0.056700,2.67192,0.099,15.846,9.945,0,0,540
0.056720,2.67287,0.185,15.762,10.648,0,0,540
0.056740,2.67381,0.125,15.775,11.666,0,0,540
0.056760,2.67475,0.042,15.803,12.601,0,0,540
0.056780,2.67569,0.144,15.823,13.395,0,0,540
0.056800,2.67664,0.212,15.810,14.192,0,0,540
0.056820,2.67758,0.157,15.716,15.185,0,0,540
0.056840,2.67852,0.105,15.657,16.038,0,0,540
0.056860,2.67946,0.164,15.572,16.021,0,0,0
0.056880,2.68041,0.133,15.571,16.027,0,0,0
0.056900,2.68135,0.132,15.585,15.968,0,0,0
0.056920,2.68229,0.061,15.748,16.005,0,0,0
0.056940,2.68323,0.155,15.590,15.986,0,0,0
0.056960,2.68418,0.134,15.552,15.999,0,0,0
0.056980,2.68512,0.143,15.427,16.011,0,0,0
0.057000,2.68606,0.187,15.545,15.910,0,0,0
0.057020,2.68700,0.116,15.550,15.969,0,0,0
0.057040,2.68795,0.116,15.495,15.874,0,0,0
0.057060,2.68889,0.127,15.462,15.998,0,0,0
0.057080,2.68983,0.204,15.421,15.782,0,0,0
0.057100,2.69077,0.246,15.408,15.808,0,0,0
0.057120,2.69172,0.161,15.429,15.775,0,0,0
0.057140,2.69266,0.179,15.268,15.875,0,0,0
0.057160,2.69360,0.223,15.339,15.781,0,0,0
0.057180,2.69454,0.236,15.334,15.847,0,0,0
0.057200,2.69549,0.151,15.315,15.716,0,0,0
0.057220,2.69643,0.059,15.222,15.711,0,0,0
0.057240,2.69737,0.120,15.265,15.766,0,0,0
0.057260,2.69831,0.084,15.232,15.660,0,0,0
0.057280,2.69926,0.094,15.134,15.705,0,0,0
0.057300,2.70020,0.201,15.157,15.647,0,0,0
0.057320,2.70114,0.134,15.195,15.738,0,0,0
0.057340,2.70208,0.218,15.152,15.688,0,0,0
0.057360,2.70303,0.213,15.128,15.725,0,0,0
0.057380,2.70397,0.245,15.166,15.576,0,0,0
0.057400,2.70491,0.158,15.201,15.553,0,0,0
0.057420,2.70585,0.082,15.133,15.583,0,0,0
0.057440,2.70680,0.175,15.003,15.505,0,0,0
0.057460,2.70774,0.165,15.134,15.437,0,0,0
0.057480,2.70868,0.189,15.146,15.567,0,0,0
0.057500,2.70962,0.202,15.070,15.441,0,0,0
0.057520,2.71057,0.170,15.038,15.411,0,0,0
0.057540,2.71151,0.165,15.061,15.448,0,0,0
0.057560,2.71245,0.120,14.944,15.483,0,0,0
0.057580,2.71339,0.185,14.942,15.424,0,0,0
0.057600,2.71434,0.205,15.022,15.376,0,0,0
0.057620,2.71528,0.177,14.965,15.352,0,0,0
0.057640,2.71622,0.194,14.978,15.290,0,0,0
0.057660,2.71716,0.098,14.924,15.227,0,0,0
0.057680,2.71811,0.156,14.884,15.263,0,0,0
0.057700,2.71905,0.098,14.924,15.333,0,0,0
0.057720,2.71999,0.250,14.897,15.225,0,0,0
0.057740,2.72093,0.162,14.798,15.248,0,0,0
0.057760,2.72188,-0.004,14.855,15.243,0,0,0
0.057780,2.72282,0.211,14.755,15.340,0,0,0
0.057800,2.72376,0.153,14.905,15.128,0,0,0
0.057820,2.72470,0.163,14.831,15.110,0,0,0
0.057840,2.72565,0.264,14.793,15.206,0,0,0
0.057860,2.72659,0.147,14.685,15.136,0,0,0
0.057880,2.72753,0.202,14.797,15.170,0,0,0
0.057900,2.72847,0.152,14.726,15.109,0,0,0
0.057920,2.72942,0.248,14.775,15.093,0,0,0
0.057940,2.73036,0.272,14.841,15.061,0,0,0
0.057960,2.73130,0.144,14.603,15.098,0,0,0
0.057980,2.73224,0.193,14.667,15.015,0,0,0
0.058000,2.73319,0.260,14.739,14.989,0,0,0
0.058020,2.73413,0.124,14.684,14.878,0,0,0
0.058040,2.73507,0.188,14.653,14.894,0,0,0
0.058060,2.73601,0.263,14.758,14.922,0,0,0
0.058080,2.73696,0.129,14.704,14.893,0,0,0
0.058100,2.73790,0.187,14.594,14.878,0,0,0
0.058120,2.73884,0.138,14.612,14.892,0,0,0
0.058140,2.73978,0.224,14.620,14.804,0,0,0
0.058160,2.74073,0.168,14.522,14.795,0,0,0
0.058180,2.74167,0.155,14.600,14.746,0,0,0
0.058200,2.74261,0.141,14.614,14.792,0,0,0
0.058220,2.74355,0.163,14.559,14.692,0,0,0
0.058240,2.74450,0.259,14.576,14.695,0,0,0
0.058260,2.74544,0.154,14.597,14.706,0,0,0
0.058280,2.74638,0.207,14.565,14.659,0,0,0
0.058300,2.74732,0.142,14.499,14.699,0,0,0
0.058320,2.74827,0.212,14.557,14.568,0,0,0
0.058340,2.74921,0.179,14.310,14.538,0,-540,0
0.058360,2.75015,0.214,13.890,14.528,0,-540,0
0.058380,2.75109,0.303,13.523,14.501,0,-540,0
0.058400,2.75204,0.178,13.226,14.598,0,-540,0
0.058420,2.75298,0.221,12.835,14.407,0,-540,0
0.058440,2.75392,0.102,12.424,14.462,0,-540,0
0.058460,2.75486,0.095,12.096,14.428,-540,-540,0
0.058480,2.75581,0.087,11.801,14.372,0,-540,0
0.058500,2.75675,0.094,11.494,14.352,0,-540,0
0.058520,2.75769,0.071,11.279,14.345,0,-540,0
0.058540,2.75863,0.125,10.916,14.346,0,-540,0
0.058560,2.75957,0.095,10.625,14.338,0,-540,0
0.058580,2.76052,0.212,10.371,14.286,0,-540,0
0.058600,2.76146,0.086,10.046,14.125,0,-540,0
0.058620,2.76240,0.125,9.742,15.102,0,-540,540
0.058640,2.76334,0.063,9.577,16.001,0,-540,540
0.058660,2.76429,0.095,9.266,15.907,0,-540,0
0.058680,2.76523,0.156,9.066,15.990,0,-540,0
0.058700,2.76617,0.102,8.663,15.848,0,-540,0
0.058720,2.76711,0.046,8.453,15.915,0,-540,0
0.058740,2.76806,0.181,8.166,15.803,0,-540,0
0.058760,2.76900,0.050,8.031,15.739,0,-540,0
0.058780,2.76994,0.094,7.867,15.718,0,-540,0
0.058800,2.77088,0.193,7.485,15.678,0,-540,0
0.058820,2.77183,0.092,7.336,15.615,0,-540,0
0.058840,2.77277,0.144,7.004,15.632,0,-540,0
0.058860,2.77371,0.074,6.826,15.480,0,-540,0
0.058880,2.77465,0.193,6.567,15.497,0,-540,0
0.058900,2.77560,0.163,6.358,15.526,0,-540,0
0.058920,2.77654,0.203,6.114,15.481,0,-540,0
0.058940,2.77748,0.172,5.978,15.457,0,-540,0
0.058960,2.77842,0.137,5.828,15.367,0,-540,0
0.058980,2.77937,0.178,5.526,15.386,0,-540,0
0.059000,2.78031,0.140,5.322,15.309,0,-540,0
0.059020,2.78125,0.178,5.268,15.279,0,-540,0
0.059040,2.78219,-0.024,5.107,15.302,0,-540,0
0.059060,2.78314,0.020,4.910,15.168,0,-540,0
0.059080,2.78408,0.080,4.668,15.202,0,-540,0
0.059100,2.78502,0.155,4.407,15.149,0,-540,0
0.059120,2.78596,0.155,4.290,15.175,0,-540,0
0.059140,2.78691,0.107,4.150,15.055,0,-540,0
0.059160,2.78785,0.126,3.973,15.016,0,-540,0
0.059180,2.78879,0.157,3.778,15.034,0,-540,0
0.059200,2.78973,0.142,3.588,14.992,0,-540,0
0.059220,2.79068,0.161,3.528,14.885,0,-540,0
0.059240,2.79162,0.071,3.341,14.882,0,-540,0
0.059260,2.79256,0.100,3.182,14.893,0,-540,0
0.059280,2.79350,0.130,3.030,14.859,0,-540,0
0.059300,2.79445,0.102,2.893,14.677,0,-540,0
0.059320,2.79539,0.248,2.689,14.679,0,-540,0
0.059340,2.79633,0.136,2.496,14.681,0,-540,0
0.059360,2.79727,0.100,2.416,14.693,0,-540,0
0.059380,2.79822,0.114,2.181,14.621,0,-540,0
0.059400,2.79916,0.214,2.061,14.525,0,-540,0
0.059420,2.80010,0.183,2.002,14.469,0,-540,0
0.059440,2.80104,0.203,1.757,14.440,0,-540,0
0.059460,2.80199,0.181,1.665,14.457,0,-540,0
0.059480,2.80293,0.120,1.516,14.326,0,-540,0
0.059500,2.80387,0.224,1.390,14.287,0,-540,0
0.059520,2.80481,0.101,1.223,14.247,0,-540,0
0.059540,2.80576,0.141,1.163,14.294,0,-540,0
0.059560,2.80670,0.094,1.003,14.601,0,-540,540
0.059580,2.80764,0.131,0.942,15.474,0,-540,540
0.059600,2.80858,0.282,0.789,16.243,0,-540,540
0.059620,2.80953,0.217,0.602,16.254,0,-540,0
0.059640,2.81047,0.290,0.588,16.011,0,-540,0
0.059660,2.81141,0.135,0.400,16.011,0,-540,0
0.059680,2.81235,0.185,0.276,15.997,0,0,0
0.059700,2.81330,0.200,0.350,15.970,0,0,0
0.059720,2.81424,0.107,0.247,15.770,0,0,0
0.059740,2.81518,0.214,0.182,15.815,0,0,0
0.059760,2.81612,0.213,0.262,15.865,0,0,0
0.059780,2.81707,0.154,0.271,15.788,0,0,0
0.059800,2.81801,0.238,0.195,15.667,0,0,0
0.059820,2.81895,0.155,0.237,15.635,0,0,0
0.059840,2.81989,0.208,0.225,15.608,0,0,0
0.059860,2.82084,0.190,0.173,15.469,0,0,0
0.059880,2.82178,0.048,0.087,15.357,0,0,0
0.059900,2.82272,0.208,0.097,15.339,0,0,0
0.059920,2.82366,0.285,0.194,15.280,0,0,0
0.059940,2.82461,0.287,0.135,15.247,0,-540,0
0.059960,2.82555,0.180,0.124,15.176,0,0,0
0.059980,2.82649,0.044,0.058,15.023,0,0,0
0.060000,2.82743,-0.034,0.149,15.022,0,0,0
0.060020,2.82838,0.042,0.140,14.989,0,0,0
0.060040,2.82932,0.061,0.103,15.014,0,0,0
0.060060,2.83026,0.056,0.150,14.882,0,0,0
0.060080,2.83120,0.053,0.134,14.770,0,0,0
0.060100,2.83215,-0.000,0.167,14.706,0,0,0
0.060120,2.83309,-0.014,0.092,14.756,0,0,0
0.060140,2.83403,0.094,0.141,14.643,0,0,0
0.060160,2.83497,0.033,0.118,14.540,0,0,0
0.060180,2.83592,-0.047,0.129,14.442,0,0,0
0.060200,2.83686,0.032,0.089,14.335,0,0,0
0.060220,2.83780,0.028,0.059,14.303,0,0,0
0.060240,2.83874,0.018,0.074,14.208,0,0,0
0.060260,2.83969,0.066,0.115,14.588,0,0,540
0.060280,2.84063,0.026,0.150,15.356,0,0,540
0.060300,2.84157,0.068,0.141,16.161,0,0,540
0.060320,2.84251,0.076,0.108,16.022,0,0,0
0.060340,2.84346,0.001,0.065,15.970,0,0,0
0.060360,2.84440,0.101,0.127,15.871,0,0,0
0.060380,2.84534,0.024,0.094,15.770,0,0,0
0.060400,2.84628,-0.049,0.119,15.696,0,0,0
0.060420,2.84723,0.088,0.100,15.706,0,0,0
0.060440,2.84817,0.096,0.156,15.572,0,0,0
0.060460,2.84911,-0.051,0.042,15.519,0,0,0
0.060480,2.85005,0.033,0.089,15.469,0,0,0
0.060500,2.85100,0.077,0.084,15.347,0,0,0
0.060520,2.85194,0.007,0.005,15.242,0,0,0
0.060540,2.85288,0.044,0.089,15.165,0,0,0
0.060560,2.85382,0.022,0.031,15.041,0,0,0
0.060580,2.85477,0.026,0.159,15.015,0,0,0
0.060600,2.85571,0.046,0.113,14.872,0,0,0
0.060620,2.85665,0.057,0.114,14.767,0,0,0
0.060640,2.85759,0.018,0.171,14.732,0,0,0
0.060660,2.85854,0.019,0.096,14.672,0,0,0
0.060680,2.85948,0.005,0.021,14.570,0,0,0
0.060700,2.86042,0.154,0.166,14.455,0,0,0
0.060720,2.86136,0.101,0.116,14.361,0,0,0
0.060740,2.86231,0.059,0.140,14.286,0,0,0
0.060760,2.86325,0.022,0.127,14.185,0,0,0
0.060780,2.86419,0.074,0.104,14.904,0,0,540
0.060800,2.86513,0.018,0.178,15.603,0,0,540
0.060820,2.86607,0.104,0.093,15.899,0,0,0
0.060840,2.86702,0.007,0.151,15.778,0,0,0
0.060860,2.86796,0.041,0.149,15.676,0,0,0
0.060880,2.86890,0.060,0.149,15.576,0,0,0
0.060900,2.86984,0.163,0.098,15.520,0,0,0
0.060920,2.87079,-0.016,0.103,15.440,0,0,0
0.060940,2.87173,-0.011,0.093,15.268,0,0,0
0.060960,2.87267,0.027,0.044,15.234,0,0,0
0.060980,2.87361,0.027,0.133,15.063,0,0,0
0.061000,2.87456,0.086,-0.022,15.045,0,0,0
0.061020,2.87550,0.070,0.185,14.897,0,0,0
0.061040,2.87644,0.049,0.191,14.762,0,0,0
0.061060,2.87738,0.037,0.155,14.733,0,0,0
0.061080,2.87833,0.072,0.002,14.629,0,0,0
0.061100,2.87927,0.091,0.143,14.424,0,0,0
0.061120,2.88021,-0.086,0.173,14.298,0,0,0
0.061140,2.88115,0.117,0.145,14.364,0,0,0
0.061160,2.88210,0.102,0.123,14.175,0,0,0
0.061180,2.88304,0.045,0.133,14.710,0,0,540
0.061200,2.88398,-0.014,0.195,15.386,0,0,540
0.061220,2.88492,0.047,0.103,15.776,0,0,0
0.061240,2.88587,0.118,0.123,15.658,0,0,0
0.061260,2.88681,0.133,0.189,15.493,0,0,0
0.061280,2.88775,0.054,0.132,15.489,0,0,0
0.061300,2.88869,0.006,0.167,15.276,0,0,0
0.061320,2.88964,0.046,0.118,15.176,0,0,0
0.061340,2.89058,-0.016,0.167,15.022,0,0,0
0.061360,2.89152,0.062,0.064,14.974,0,0,0
0.061380,2.89246,0.084,0.151,14.808,0,0,0
0.061400,2.89341,0.016,0.087,14.752,0,0,0
0.061420,2.89435,0.016,0.146,14.641,0,0,0
0.061440,2.89529,0.040,0.072,14.430,0,0,0
0.061460,2.89623,0.097,0.044,14.377,0,0,0
0.061480,2.89718,0.005,0.142,14.227,0,0,0
0.061500,2.89812,-0.020,0.127,14.415,0,0,540
0.061520,2.89906,0.001,0.060,15.011,0,0,540
0.061540,2.90000,0.050,0.174,15.635,0,0,540
0.061560,2.90095,0.077,0.163,15.832,0,0,0
0.061580,2.90189,0.081,0.054,15.736,0,0,0
0.061600,2.90283,0.055,0.105,15.572,0,0,0
0.061620,2.90377,-0.017,0.092,15.416,0,0,0
0.061640,2.90472,0.042,0.167,15.310,0,0,0
0.061660,2.90566,0.021,0.046,15.217,0,0,0
0.061680,2.90660,0.100,0.191,15.142,0,0,0
0.061700,2.90754,0.025,0.081,14.859,0,0,0
0.061720,2.90849,0.040,0.118,14.774,0,0,0
0.061740,2.90943,0.123,0.123,14.698,0,0,0
0.061760,2.91037,-0.021,0.165,14.627,0,0,0
0.061780,2.91131,0.123,0.028,14.534,0,0,0
0.061800,2.91226,0.122,0.126,14.401,0,0,0
0.061820,2.91320,0.039,0.063,14.323,0,0,0
0.061840,2.91414,0.058,0.080,14.459,0,0,540
0.061860,2.91508,0.053,0.052,14.971,0,0,540
0.061880,2.91603,0.055,0.080,15.466,0,0,540
0.061900,2.91697,0.099,0.157,16.083,0,0,540
0.061920,2.91791,0.013,0.158,15.873,0,0,0
0.061940,2.91885,0.084,0.059,15.759,0,0,0
0.061960,2.91980,0.031,0.036,15.684,0,0,0
0.061980,2.92074,-0.038,0.058,15.439,0,0,0
0.062000,2.92168,0.027,0.044,15.357,0,0,0
0.062020,2.92262,0.066,0.110,15.190,0,0,0
0.062040,2.92357,0.145,0.151,15.039,0,0,0
0.062060,2.92451,0.161,0.129,14.912,0,0,0
0.062080,2.92545,-0.039,0.062,14.807,0,0,0
0.062100,2.92639,0.071,0.087,14.569,0,0,0
0.062120,2.92734,0.028,0.124,14.491,0,0,0
0.062140,2.92828,0.091,0.175,14.289,0,0,0
0.062160,2.92922,-0.001,0.083,14.159,0,0,0
0.062180,2.93016,0.059,0.107,14.394,0,0,540
0.062200,2.93111,0.052,0.130,14.880,0,0,540
0.062220,2.93205,0.083,0.131,15.399,0,0,540
0.062240,2.93299,0.122,0.115,15.821,0,0,540
0.062260,2.93393,0.069,0.181,15.677,0,0,0
0.062280,2.93488,0.083,0.113,15.620,0,0,0
0.062300,2.93582,0.083,0.074,15.509,0,0,0
0.062320,2.93676,0.118,0.039,15.200,0,0,0
0.062340,2.93770,0.150,0.159,15.153,0,0,0
0.062360,2.93865,-0.005,0.114,14.934,0,0,0
0.062380,2.93959,0.160,0.140,14.788,0,0,0
0.062400,2.94053,0.047,0.177,14.717,0,0,0
0.062420,2.94147,0.096,0.072,14.515,0,0,0
0.062440,2.94242,0.077,-0.018,14.392,0,0,0
0.062460,2.94336,0.041,0.078,14.287,0,0,0
0.062480,2.94430,0.011,0.203,14.097,0,0,0
0.062500,2.94524,0.019,0.157,14.585,0,0,540
0.062520,2.94619,0.057,0.111,14.948,0,0,540
0.062540,2.94713,0.052,0.106,15.483,0,0,540
0.062560,2.94807,0.094,0.247,15.906,0,0,540
0.062580,2.94901,0.149,0.060,15.622,0,0,0
0.062600,2.94996,0.104,0.120,15.609,0,0,0
0.062620,2.95090,-0.005,0.079,15.405,0,0,0
0.062640,2.95184,0.184,0.102,15.301,0,0,0
0.062660,2.95278,0.023,0.111,15.087,0,0,0
0.062680,2.95373,0.044,0.131,14.967,0,0,0
0.062700,2.95467,0.083,0.155,14.799,0,0,0
0.062720,2.95561,0.162,0.068,14.572,0,0,0
0.062740,2.95655,0.072,0.141,14.507,0,0,0
0.062760,2.95750,0.105,0.087,14.373,0,0,0
0.062780,2.95844,0.118,0.069,14.290,0,0,0
0.062800,2.95938,0.145,0.054,14.330,0,0,540
0.062820,2.96032,0.053,0.062,14.714,0,0,540
0.062840,2.96127,0.086,0.122,15.060,0,0,540
0.062860,2.96221,0.122,0.070,15.601,0,0,540
0.062880,2.96315,0.066,0.064,15.934,0,0,540
0.062900,2.96409,0.068,0.084,15.828,0,0,0
0.062920,2.96504,0.072,0.139,15.633,0,0,0
0.062940,2.96598,0.155,0.091,15.507,0,0,0
0.062960,2.96692,0.009,0.082,15.346,0,0,0
0.062980,2.96786,0.134,0.143,15.058,0,0,0
0.063000,2.96881,0.060,0.211,15.038,0,0,0
0.063020,2.96975,0.139,0.145,14.777,0,0,0
0.063040,2.97069,0.068,0.053,14.669,0,0,0
0.063060,2.97163,0.120,0.157,14.570,0,0,0
0.063080,2.97257,0.128,0.083,14.446,0,0,0
0.063100,2.97352,0.220,0.114,14.260,0,0,0
0.063120,2.97446,0.166,0.090,14.102,0,0,0
0.063140,2.97540,0.071,0.086,14.538,0,0,540
0.063160,2.97634,0.141,0.035,14.847,0,0,540
0.063180,2.97729,0.165,-0.017,15.203,0,0,540
0.063200,2.97823,0.113,0.060,15.532,0,0,540
0.063220,2.97917,0.245,0.075,15.963,0,0,540
0.063240,2.98011,0.050,0.123,15.765,0,0,0
0.063260,2.98106,0.110,0.053,15.578,0,0,0
0.063280,2.98200,0.118,0.103,15.346,0,0,0
0.063300,2.98294,0.189,0.057,15.284,0,0,0
0.063320,2.98388,0.154,0.156,15.128,0,0,0
0.063340,2.98483,0.200,0.047,15.027,0,0,0
0.063360,2.98577,0.040,0.155,14.860,0,0,0
0.063380,2.98671,0.113,0.094,14.699,0,0,0
0.063400,2.98765,0.072,-0.028,14.688,0,0,0
0.063420,2.98860,0.053,0.085,14.489,0,0,0
0.063440,2.98954,0.030,0.196,14.224,0,0,0
0.063460,2.99048,0.069,0.174,14.121,0,0,0
0.063480,2.99142,0.019,0.024,14.497,0,0,540
0.063500,2.99237,0.121,0.135,14.799,0,0,540
0.063520,2.99331,0.080,0.111,15.098,0,0,540
0.063540,2.99425,0.192,0.158,15.454,0,0,540
0.063560,2.99519,0.059,0.112,15.761,0,0,540
0.063580,2.99614,0.093,0.129,15.923,0,0,0
0.063600,2.99708,0.197,0.235,15.741,0,0,0
0.063620,2.99802,0.151,0.091,15.550,0,0,0
0.063640,2.99896,0.112,0.124,15.400,0,0,0
0.063660,2.99991,0.070,0.176,15.271,0,0,0
0.063680,3.00085,-0.011,0.151,15.068,0,0,0
0.063700,3.00179,0.051,0.157,14.940,0,0,0
0.063720,3.00273,0.111,0.041,14.828,0,0,0
0.063740,3.00368,0.061,0.051,14.706,0,0,0
0.063760,3.00462,0.072,0.055,14.529,0,0,0
0.063780,3.00556,0.129,0.054,14.482,0,0,0
0.063800,3.00650,0.097,0.055,14.324,0,0,0
0.063820,3.00745,0.165,0.054,14.184,0,0,0
0.063840,3.00839,0.157,0.087,14.235,0,0,540
0.063860,3.00933,0.079,0.032,14.582,0,0,540
0.063880,3.01027,0.042,0.072,14.786,0,0,540
0.063900,3.01122,0.095,0.049,15.096,0,0,540
0.063920,3.01216,0.130,0.112,15.444,0,0,540
0.063940,3.01310,0.163,0.136,15.738,0,0,540
0.063960,3.01404,0.074,0.090,15.886,0,0,0
0.063980,3.01499,0.159,0.073,15.735,0,0,0
0.064000,3.01593,0.090,0.163,15.475,0,0,0
0.064020,3.01687,0.096,0.134,15.451,0,0,0
0.064040,3.01781,0.147,-0.011,15.285,0,0,0
0.064060,3.01876,0.138,0.085,15.145,0,0,0
0.064080,3.01970,0.108,0.137,15.032,0,0,0
0.064100,3.02064,0.125,0.120,14.849,0,0,0
0.064120,3.02158,0.039,0.239,14.689,0,0,0
0.064140,3.02253,0.158,0.053,14.667,0,0,0
0.064160,3.02347,0.080,0.059,14.498,0,0,0
0.064180,3.02441,0.093,0.161,14.501,0,0,0
0.064200,3.02535,0.069,0.097,14.275,0,0,0
0.064220,3.02630,0.111,0.174,14.361,0,0,540
0.064240,3.02724,0.127,0.053,14.541,0,0,540
0.064260,3.02818,0.128,0.069,14.963,0,0,540
0.064280,3.02912,0.074,0.153,15.179,0,0,540
0.064300,3.03007,0.033,0.038,15.575,0,0,540
0.064320,3.03101,0.067,0.062,15.747,0,0,540
0.064340,3.03195,0.089,0.222,15.900,0,0,0
0.064360,3.03289,0.076,0.150,15.745,0,0,0
0.064380,3.03384,0.045,0.073,15.566,0,0,0
0.064400,3.03478,0.033,0.058,15.581,0,0,0
0.064420,3.03572,0.096,0.176,15.283,0,0,0
0.064440,3.03666,0.097,0.091,15.211,0,0,0
0.064460,3.03761,-0.006,0.078,15.065,0,0,0
0.064480,3.03855,0.045,0.078,14.990,0,0,0
0.064500,3.03949,0.119,-0.014,14.854,0,0,0
0.064520,3.04043,0.101,0.189,14.743,0,0,0
0.064540,3.04138,0.090,0.027,14.627,0,0,0
0.064560,3.04232,0.183,0.072,14.497,0,0,0
0.064580,3.04326,-0.026,0.076,14.369,0,0,0
0.064600,3.04420,0.093,0.130,14.339,0,0,0
0.064620,3.04515,0.105,0.009,14.385,0,0,540
0.064640,3.04609,0.108,0.047,14.609,0,0,540
0.064660,3.04703,0.136,0.022,14.925,0,0,540
0.064680,3.04797,0.141,0.190,15.201,0,0,540
0.064700,3.04892,0.169,0.134,15.477,0,0,540
0.064720,3.04986,0.091,0.123,15.692,0,0,540
0.064740,3.05080,-0.017,0.070,15.872,0,0,0
0.064760,3.05174,0.129,0.053,15.708,0,0,0
0.064780,3.05269,0.071,0.064,15.581,0,0,0
0.064800,3.05363,0.167,0.117,15.539,0,0,0
0.064820,3.05457,0.104,0.092,15.427,0,0,0
0.064840,3.05551,0.042,0.119,15.282,0,0,0
0.064860,3.05646,0.096,0.143,15.210,0,0,0
0.064880,3.05740,0.065,0.030,15.086,0,0,0
0.064900,3.05834,0.218,0.033,14.958,0,0,0
0.064920,3.05928,0.122,0.077,14.884,0,0,0
0.064940,3.06023,0.003,0.126,14.658,0,0,0
0.064960,3.06117,0.186,0.075,14.727,0,0,0
0.064980,3.06211,0.027,0.142,14.538,0,0,0
0.065000,3.06305,0.043,0.120,14.407,0,0,0
0.065020,3.06400,0.213,0.116,14.369,0,0,0
0.065040,3.06494,0.014,0.193,14.220,0,0,0
0.065060,3.06588,0.139,0.097,14.281,0,0,540
0.065080,3.06682,0.028,0.093,14.594,0,0,540
0.065100,3.06777,0.076,0.110,14.863,0,0,540
0.065120,3.06871,0.074,0.118,15.216,0,0,540
0.065140,3.06965,0.085,0.005,15.344,0,0,540
0.065160,3.07059,0.074,0.046,15.648,0,0,540
0.065180,3.07154,0.070,0.087,15.824,0,0,0
0.065200,3.07248,0.123,0.030,15.678,0,0,0
0.065220,3.07342,0.109,0.140,15.534,0,0,0
0.065240,3.07436,0.165,0.114,15.510,0,0,0
0.065260,3.07531,0.173,0.128,15.295,0,0,0
0.065280,3.07625,0.033,0.036,15.308,0,0,0
0.065300,3.07719,0.063,0.117,15.199,0,0,0
0.065320,3.07813,0.162,0.131,15.095,0,0,0
0.065340,3.07907,0.091,0.062,15.036,0,0,0
0.065360,3.08002,0.079,0.109,14.940,0,0,0
0.065380,3.08096,0.107,0.066,14.789,0,0,0
0.065400,3.08190,0.123,0.035,14.847,0,0,0
0.065420,3.08284,0.131,0.109,14.654,0,0,0
0.065440,3.08379,0.178,0.145,14.615,0,0,0
0.065460,3.08473,0.086,0.049,14.546,0,0,0
0.065480,3.08567,0.022,0.115,14.534,0,0,0
0.065500,3.08661,0.007,0.015,14.355,0,0,0
0.065520,3.08756,0.079,0.147,14.320,0,0,0
0.065540,3.08850,0.097,0.120,14.182,0,0,0
0.065560,3.08944,0.137,0.103,14.299,0,0,540
0.065580,3.09038,0.102,0.037,14.569,0,0,540
0.065600,3.09133,0.010,0.138,14.874,0,0,540
0.065620,3.09227,0.050,0.183,15.090,0,0,540
0.065640,3.09321,0.146,0.135,15.382,0,0,540
0.065660,3.09415,0.073,0.088,15.607,0,0,540
0.065680,3.09510,0.141,0.184,15.896,0,0,540
0.065700,3.09604,0.048,0.139,15.866,0,0,0
0.065720,3.09698,0.012,0.136,15.788,0,0,0
0.065740,3.09792,0.066,0.110,15.677,0,0,0
0.065760,3.09887,0.016,0.197,15.627,0,0,0
0.065780,3.09981,0.110,0.156,15.578,0,0,0
0.065800,3.10075,0.112,0.107,15.431,0,0,0
0.065820,3.10169,0.079,0.104,15.442,0,0,0
0.065840,3.10264,0.167,0.170,15.316,0,0,0
0.065860,3.10358,0.130,0.181,15.216,0,0,0
0.065880,3.10452,0.123,0.121,15.159,0,0,0
0.065900,3.10546,0.044,0.130,15.142,0,0,0
0.065920,3.10641,0.101,0.207,15.073,0,0,0
0.065940,3.10735,0.177,0.166,15.000,0,0,0
0.065960,3.10829,0.191,0.121,14.884,0,0,0
0.065980,3.10923,0.070,0.174,14.778,0,0,0
0.066000,3.11018,0.082,0.109,14.773,0,0,0
0.066020,3.11112,0.060,0.143,14.731,0,0,0
0.066040,3.11206,0.163,0.058,14.709,0,0,0
0.066060,3.11300,0.072,0.015,14.633,0,0,0
0.066080,3.11395,0.121,0.041,14.505,0,0,0
0.066100,3.11489,0.134,0.192,14.515,0,0,0
0.066120,3.11583,0.062,0.054,14.395,0,0,0
0.066140,3.11677,0.194,0.154,14.470,0,0,0
0.066160,3.11772,0.111,0.141,14.386,0,0,0
0.066180,3.11866,0.045,0.034,14.229,0,0,0
0.066200,3.11960,0.013,0.078,14.561,0,0,540
0.066220,3.12054,0.095,0.093,14.805,0,0,540
0.066240,3.12149,0.095,0.065,14.993,0,0,540
0.066260,3.12243,0.017,0.102,15.326,0,0,540
0.066280,3.12337,0.040,0.055,15.605,0,0,540
0.066300,3.12431,0.204,0.106,15.856,0,0,540
0.066320,3.12526,0.131,0.113,15.974,0,0,0
0.066340,3.12620,0.068,0.074,15.902,0,0,0
0.066360,3.12714,0.139,0.180,15.846,0,0,0
0.066380,3.12808,0.049,0.160,15.807,0,0,0
0.066400,3.12903,0.118,0.090,15.745,0,0,0
0.066420,3.12997,0.088,0.216,15.733,0,0,0
0.066440,3.13091,0.076,0.178,15.682,0,0,0
0.066460,3.13185,0.078,0.110,15.611,0,0,0
0.066480,3.13280,0.095,0.113,15.598,0,0,0
0.066500,3.13374,0.038,0.072,15.394,0,0,0
0.066520,3.13468,0.074,0.118,15.444,0,0,0
0.066540,3.13562,0.109,0.072,15.410,0,0,0
0.066560,3.13657,0.108,0.128,15.333,0,0,0
0.066580,3.13751,0.007,0.155,15.348,0,0,0
0.066600,3.13845,0.088,-0.008,15.193,0,0,0
0.066620,3.13939,0.056,0.004,15.203,0,0,0
0.066640,3.14034,0.062,0.144,15.234,0,0,0
0.066660,3.14128,0.121,0.127,15.083,0,0,0
0.066680,3.14222,0.053,0.191,15.070,0,0,0
0.066700,3.14316,0.082,0.143,15.045,0,0,0
0.066720,3.14411,0.086,0.149,14.961,0,0,0
0.066740,3.14505,0.194,0.144,14.903,0,0,0
0.066760,3.14599,0.109,0.099,14.927,0,0,0
0.066780,3.14693,-0.058,0.169,14.841,0,0,0
0.066800,3.14788,0.064,0.011,14.758,0,0,0
0.066820,3.14882,0.074,0.143,14.846,0,0,0
0.066840,3.14976,0.089,0.148,14.777,0,0,0
0.066860,3.15070,0.115,0.113,14.765,0,0,0
0.066880,3.15165,0.088,0.113,14.653,0,0,0
0.066900,3.15259,0.085,0.115,14.617,0,0,0
0.066920,3.15353,0.109,0.148,14.580,0,0,0
0.066940,3.15447,0.124,0.184,14.600,0,0,0
0.066960,3.15542,0.120,0.164,14.575,0,0,0
0.066980,3.15636,0.025,0.132,14.490,0,0,0
0.067000,3.15730,0.077,0.081,14.421,0,0,0
0.067020,3.15824,0.135,0.074,14.461,0,0,0
0.067040,3.15919,0.043,0.068,14.356,0,0,0
0.067060,3.16013,0.114,0.016,14.267,0,0,0
0.067080,3.16107,-0.001,0.104,14.357,0,0,0
0.067100,3.16201,0.043,0.150,14.287,0,0,0
0.067120,3.16296,0.045,0.099,14.360,0,0,0
0.067140,3.16390,0.039,0.206,14.219,0,0,0
0.067160,3.16484,0.140,0.146,14.425,0,0,540
0.067180,3.16578,0.015,0.110,14.782,0,0,540
0.067200,3.16673,0.133,0.116,14.952,0,0,540
0.067220,3.16767,0.055,0.086,15.355,0,0,540
0.067240,3.16861,0.121,0.131,15.541,0,0,540
0.067260,3.16955,0.147,0.091,15.720,0,0,0
0.067280,3.17050,0.078,0.148,15.629,0,0,0
0.067300,3.17144,0.127,0.132,15.597,0,0,0
0.067320,3.17238,0.121,0.073,15.593,0,0,0
0.067340,3.17332,0.103,0.206,15.574,0,0,0
0.067360,3.17427,0.085,0.066,15.605,0,0,0
0.067380,3.17521,0.060,0.143,15.548,0,0,0
0.067400,3.17615,0.098,-0.030,15.521,0,0,0
0.067420,3.17709,0.038,0.074,15.388,0,0,0
0.067440,3.17804,0.079,0.147,15.440,0,0,0
0.067460,3.17898,0.115,0.109,15.497,0,0,0
0.067480,3.17992,0.150,0.080,15.308,0,0,0
0.067500,3.18086,0.028,0.136,15.401,0,0,0
0.067520,3.18181,0.040,0.184,15.453,0,0,0
0.067540,3.18275,0.089,0.183,15.218,0,0,0
0.067560,3.18369,0.046,0.138,15.297,0,0,0
0.067580,3.18463,0.193,0.053,15.223,0,0,0
0.067600,3.18557,0.592,0.095,15.223,540,0,0
0.067620,3.18652,1.372,0.114,15.115,540,0,0
0.067640,3.18746,2.318,0.151,15.196,540,0,0
0.067660,3.18840,3.189,0.052,15.173,540,0,0
0.067680,3.18934,4.135,0.114,15.135,540,0,0
0.067700,3.19029,4.985,0.137,15.069,540,0,0
0.067720,3.19123,5.826,0.172,15.027,540,0,0
0.067740,3.19217,6.751,0.037,15.041,540,0,0
0.067760,3.19311,7.703,0.206,14.978,540,0,0
0.067780,3.19406,8.636,0.168,14.994,540,0,0
0.067800,3.19500,9.386,0.211,14.977,540,0,0
0.067820,3.19594,10.433,0.063,14.941,540,0,0
0.067840,3.19688,11.244,0.137,14.927,540,0,0
0.067860,3.19783,12.182,0.229,14.947,540,0,0
0.067880,3.19877,13.039,0.185,14.867,540,0,0
0.067900,3.19971,13.910,0.122,14.926,540,0,0
0.067920,3.20065,14.679,0.123,15.009,540,0,0
0.067940,3.20160,15.701,0.120,14.750,540,0,0
0.067960,3.20254,16.084,0.102,14.757,0,0,0
0.067980,3.20348,16.125,0.089,14.832,0,0,0
0.068000,3.20442,16.067,0.108,14.689,0,0,0
0.068020,3.20537,16.027,0.152,14.782,0,0,0
0.068040,3.20631,16.009,0.190,14.800,0,0,0
0.068060,3.20725,16.009,0.181,14.645,0,0,0
0.068080,3.20819,16.016,0.195,14.748,0,0,0
0.068100,3.20914,15.838,0.039,14.693,0,0,0
0.068120,3.21008,15.966,0.032,14.659,0,0,0
0.068140,3.21102,15.813,0.225,14.593,0,0,0
0.068160,3.21196,15.907,0.128,14.656,0,0,0
0.068180,3.21291,15.900,0.098,14.657,0,0,0
0.068200,3.21385,15.860,0.109,14.701,0,0,0
0.068220,3.21479,15.856,0.029,14.583,0,0,0
0.068240,3.21573,15.795,0.189,14.605,0,0,0
0.068260,3.21668,15.916,0.107,14.554,0,0,0
0.068280,3.21762,15.830,0.218,14.575,0,0,0
0.068300,3.21856,15.832,0.135,14.498,0,0,0
0.068320,3.21950,15.800,0.165,14.520,0,0,0
0.068340,3.22045,15.772,0.154,14.469,0,0,0
0.068360,3.22139,15.722,0.069,14.410,0,0,0
0.068380,3.22233,15.735,0.063,14.481,0,0,0
0.068400,3.22327,15.783,0.094,14.442,0,0,0
0.068420,3.22422,15.736,0.099,14.407,0,0,0
0.068440,3.22516,15.760,0.079,14.424,0,0,0
0.068460,3.22610,15.641,0.071,14.278,0,0,0
0.068480,3.22704,15.675,0.066,14.447,0,0,0
0.068500,3.22799,15.667,0.151,14.417,0,0,0
0.068520,3.22893,15.618,0.079,14.360,0,0,0
0.068540,3.22987,15.561,0.021,14.326,0,0,0
0.068560,3.23081,15.657,0.000,14.317,0,0,0
0.068580,3.23176,15.530,0.096,14.319,0,0,0
0.068600,3.23270,15.537,0.019,14.280,0,0,0
0.068620,3.23364,15.606,0.068,14.219,0,0,0
0.068640,3.23458,15.473,0.074,14.301,0,0,0
0.068660,3.23553,15.455,-0.003,14.319,0,0,0
0.068680,3.23647,15.523,0.058,14.174,0,0,0
0.068700,3.23741,15.404,0.038,14.236,0,0,0
0.068720,3.23835,15.321,0.073,14.497,0,0,540
0.068740,3.23930,15.418,0.113,14.866,0,0,540
0.068760,3.24024,15.432,0.018,15.096,0,0,540
0.068780,3.24118,15.441,0.064,15.406,0,0,540
0.068800,3.24212,15.292,-0.016,15.684,0,0,540
0.068820,3.24307,15.312,-0.024,15.937,0,0,540
0.068840,3.24401,15.270,0.087,15.909,0,0,0
0.068860,3.24495,15.308,0.082,15.897,0,0,0
0.068880,3.24589,15.224,0.092,15.918,0,0,0
0.068900,3.24684,15.226,0.179,15.813,0,0,0
0.068920,3.24778,15.231,0.111,15.930,0,0,0
0.068940,3.24872,15.125,0.121,15.824,0,0,0
0.068960,3.24966,15.219,0.089,15.850,0,0,0
0.068980,3.25061,15.157,0.045,15.822,0,0,0
0.069000,3.25155,15.128,0.160,15.865,0,0,0
0.069020,3.25249,15.201,0.104,15.795,0,0,0
0.069040,3.25343,15.210,0.070,15.799,0,0,0
0.069060,3.25438,15.039,0.082,15.908,0,0,0
0.069080,3.25532,15.135,0.155,15.818,0,0,0
0.069100,3.25626,15.003,-0.021,15.769,0,0,0
0.069120,3.25720,14.977,0.092,15.803,0,0,0
0.069140,3.25815,15.037,0.146,15.806,0,0,0
0.069160,3.25909,14.976,0.011,15.747,0,0,0
0.069180,3.26003,14.968,0.031,15.803,0,0,0
0.069200,3.26097,14.885,0.041,15.797,0,0,0
0.069220,3.26192,14.911,0.089,15.744,0,0,0
0.069240,3.26286,14.935,0.030,15.752,0,0,0
0.069260,3.26380,14.922,0.193,15.676,0,0,0
0.069280,3.26474,14.829,0.048,15.615,0,0,0
0.069300,3.26569,14.857,0.035,15.683,0,0,0
0.069320,3.26663,14.791,0.022,15.620,0,0,0
0.069340,3.26757,14.713,0.006,15.690,0,0,0
0.069360,3.26851,14.630,0.026,15.652,0,0,0
0.069380,3.26946,14.766,0.106,15.594,0,0,0
0.069400,3.27040,14.722,0.016,15.618,0,0,0
0.069420,3.27134,14.607,0.148,15.699,0,0,0
0.069440,3.27228,14.639,0.059,15.598,0,0,0
0.069460,3.27323,14.594,0.079,15.340,0,0,-540
0.069480,3.27417,14.582,0.060,14.944,0,0,-540
0.069500,3.27511,14.615,0.107,14.773,0,0,-540
0.069520,3.27605,14.593,0.036,14.337,0,0,-540
0.069540,3.27700,14.532,0.064,14.103,0,0,-540
0.069560,3.27794,14.452,0.049,13.829,0,0,-540
0.069580,3.27888,14.467,-0.022,13.562,0,0,-540
0.069600,3.27982,14.489,0.029,13.394,0,0,-540
0.069620,3.28077,14.370,0.076,13.045,0,0,-540
0.069640,3.28171,14.339,0.098,12.669,0,0,-540
0.069660,3.28265,14.287,0.158,12.597,0,0,-540
0.069680,3.28359,14.322,0.065,12.249,0,0,-540
0.069700,3.28454,14.256,0.099,12.016,0,0,-540
0.069720,3.28548,14.328,0.057,11.754,0,0,-540
0.069740,3.28642,15.149,0.144,11.445,540,0,-540
0.069760,3.28736,15.925,0.102,11.227,540,0,-540
0.069780,3.28831,15.962,0.058,11.025,0,0,-540
0.069800,3.28925,15.978,0.140,10.835,0,0,-540
0.069820,3.29019,15.798,0.088,10.584,0,0,-540
0.069840,3.29113,15.854,0.149,10.439,0,0,-540
0.069860,3.29207,15.800,0.107,10.124,0,0,-540
0.069880,3.29302,15.817,0.079,9.990,0,0,-540
0.069900,3.29396,15.693,-0.009,9.785,0,0,-540
0.069920,3.29490,15.682,0.144,9.519,0,0,-540
0.069940,3.29584,15.693,0.095,9.341,0,0,-540
0.069960,3.29679,15.540,0.092,9.086,0,0,-540
0.069980,3.29773,15.609,0.086,8.918,0,0,-540
0.070000,3.29867,15.577,-0.034,8.772,0,0,-540
0.070020,3.29961,15.485,0.043,8.561,0,0,-540
0.070040,3.30056,15.472,0.113,8.561,0,0,-540
0.070060,3.30150,15.516,0.116,8.313,0,0,-540
0.070080,3.30244,15.494,0.120,7.956,0,0,-540
0.070100,3.30338,15.382,-0.017,7.867,0,0,-540
0.070120,3.30433,15.366,0.101,7.674,0,0,-540
0.070140,3.30527,15.355,0.025,7.482,0,0,-540
0.070160,3.30621,15.306,0.169,7.300,0,0,-540
0.070180,3.30715,15.265,0.157,7.174,0,0,-540
0.070200,3.30810,15.301,0.104,7.010,0,0,-540
0.070220,3.30904,15.193,0.053,6.818,0,0,-540
0.070240,3.30998,15.108,0.114,6.707,0,0,-540
0.070260,3.31092,15.109,0.139,6.492,0,0,-540
0.070280,3.31187,15.013,0.174,6.353,0,0,-540
0.070300,3.31281,14.976,0.135,6.295,0,0,-540
0.070320,3.31375,14.958,0.091,6.105,0,0,-540
0.070340,3.31469,14.895,0.089,5.895,0,0,-540
0.070360,3.31564,14.954,0.191,5.736,0,0,-540
0.070380,3.31658,14.867,0.114,5.542,0,0,-540
0.070400,3.31752,14.833,0.109,5.331,0,0,-540
0.070420,3.31846,14.794,0.149,5.255,0,0,-540
0.070440,3.31941,14.693,0.060,5.159,0,0,-540
0.070460,3.32035,14.758,0.102,5.022,0,0,-540
0.070480,3.32129,14.658,0.200,4.912,0,0,-540
0.070500,3.32223,14.562,0.103,4.802,0,0,-540
0.070520,3.32318,14.551,0.080,4.594,0,0,-540
0.070540,3.32412,14.534,0.216,4.452,0,0,-540
0.070560,3.32506,14.424,0.121,4.288,0,0,-540
0.070580,3.32600,14.363,0.056,4.175,0,0,-540
0.070600,3.32695,14.338,0.104,4.098,0,0,-540
0.070620,3.32789,14.165,0.161,3.949,0,0,-540
0.070640,3.32883,14.208,0.126,3.784,0,0,-540
0.070660,3.32977,14.220,0.066,3.698,0,0,-540
0.070680,3.33072,14.643,0.078,3.556,540,0,-540
0.070700,3.33166,15.401,0.192,3.537,540,0,-540
0.070720,3.33260,15.741,0.127,3.373,0,0,-540
0.070740,3.33354,15.715,0.122,3.099,0,0,-540
0.070760,3.33449,15.707,0.115,3.117,0,0,-540
0.070780,3.33543,15.797,0.095,3.028,0,0,-540
0.070800,3.33637,15.579,0.054,2.801,0,0,-540
0.070820,3.33731,15.534,0.136,2.685,0,0,-540
0.070840,3.33826,15.384,0.140,2.655,0,0,-540
0.070860,3.33920,15.382,0.171,2.529,0,0,-540
0.070880,3.34014,15.288,0.131,2.444,0,0,-540
0.070900,3.34108,15.380,0.147,2.247,0,0,-540
0.070920,3.34203,15.212,0.197,2.213,0,0,-540
0.070940,3.34297,15.247,0.160,2.078,0,0,-540
0.070960,3.34391,15.143,0.155,2.079,0,0,-540
0.070980,3.34485,15.058,0.157,1.900,0,0,-540
0.071000,3.34580,15.073,0.097,1.725,0,0,-540
0.071020,3.34674,14.951,0.167,1.677,0,0,-540
0.071040,3.34768,14.919,0.084,1.626,0,0,-540
0.071060,3.34862,14.831,0.130,1.485,0,0,-540
0.071080,3.34957,14.764,0.082,1.389,0,0,-540
0.071100,3.35051,14.744,0.149,1.224,0,0,-540
0.071120,3.35145,14.616,0.135,1.191,0,0,-540
0.071140,3.35239,14.658,0.131,1.030,0,0,-540
0.071160,3.35334,14.536,0.124,0.985,0,0,-540
0.071180,3.35428,14.501,0.151,0.893,0,0,-540
0.071200,3.35522,14.327,0.209,0.720,0,0,-540
0.071220,3.35616,14.269,0.182,0.603,0,0,-540
0.071240,3.35711,14.259,0.052,0.573,0,0,-540
0.071260,3.35805,14.244,0.166,0.515,0,0,-540
0.071280,3.35899,14.561,0.186,0.386,540,0,-540
0.071300,3.35993,15.312,0.191,0.351,540,0,-540
0.071320,3.36088,16.057,0.152,0.259,540,0,0
0.071340,3.36182,15.944,0.230,0.343,0,0,0
0.071360,3.36276,15.914,0.155,0.249,0,0,-540
0.071380,3.36370,15.852,0.184,0.158,0,0,0
0.071400,3.36465,15.771,0.141,0.152,0,0,0
0.071420,3.36559,15.740,0.166,0.322,0,0,0
0.071440,3.36653,15.692,0.214,0.137,0,0,0
0.071460,3.36747,15.525,0.180,0.324,0,0,0
0.071480,3.36842,15.392,0.136,0.156,0,0,0
0.071500,3.36936,15.454,0.154,0.224,0,0,0
0.071520,3.37030,15.346,0.149,0.204,0,0,0
0.071540,3.37124,15.226,0.131,0.212,0,0,0
0.071560,3.37219,15.114,0.104,0.239,0,0,0
0.071580,3.37313,15.115,0.246,0.176,0,0,0
0.071600,3.37407,15.062,0.107,0.203,0,0,0
0.071620,3.37501,14.942,0.125,0.100,0,0,0
0.071640,3.37596,14.865,0.177,0.201,0,0,0
0.071660,3.37690,14.728,0.093,0.204,0,0,0
0.071680,3.37784,14.618,0.117,0.160,0,0,0
0.071700,3.37878,14.607,0.207,0.276,0,0,0
0.071720,3.37973,14.492,0.209,0.217,0,0,0
0.071740,3.38067,14.527,0.117,0.216,0,0,0
0.071760,3.38161,14.394,0.232,0.260,0,0,0
0.071780,3.38255,14.298,0.132,0.212,0,0,0
0.071800,3.38350,14.289,0.158,0.204,0,0,0
0.071820,3.38444,14.492,0.176,0.234,540,0,0
0.071840,3.38538,15.130,0.225,0.287,540,0,0
0.071860,3.38632,15.831,0.102,0.079,540,0,0
0.071880,3.38727,15.773,0.232,0.145,0,0,0
0.071900,3.38821,15.661,0.293,0.163,0,0,0
0.071920,3.38915,15.587,0.150,0.144,0,0,0
0.071940,3.39009,15.427,0.181,0.162,0,0,0
0.071960,3.39104,15.249,0.083,0.174,0,0,0
0.071980,3.39198,15.401,0.195,0.213,0,0,0
0.072000,3.39292,15.241,0.228,0.054,0,0,0
0.072020,3.39386,15.113,0.238,0.206,0,0,0
0.072040,3.39481,15.051,0.184,0.167,0,0,0
0.072060,3.39575,14.996,0.167,0.139,0,0,0
0.072080,3.39669,14.840,0.285,0.121,0,0,0
0.072100,3.39763,14.786,0.156,0.165,0,0,0
0.072120,3.39857,14.657,-0.050,0.224,0,-540,0
0.072140,3.39952,14.518,0.046,0.237,0,0,0
0.072160,3.40046,14.396,0.056,0.105,0,0,0
0.072180,3.40140,14.341,0.031,0.198,0,0,0
0.072200,3.40234,14.256,0.105,0.235,0,0,0
0.072220,3.40329,14.176,-0.004,0.151,0,0,0
0.072240,3.40423,14.744,-0.030,0.217,540,0,0
0.072260,3.40517,15.379,0.011,0.085,540,0,0
0.072280,3.40611,16.048,-0.003,0.151,540,0,0
0.072300,3.40706,15.997,0.053,0.051,0,0,0
0.072320,3.40800,15.817,-0.026,0.169,0,0,0
0.072340,3.40894,15.753,-0.102,0.219,0,0,0
0.072360,3.40988,15.580,0.036,0.165,0,0,0
0.072380,3.41083,15.510,-0.025,0.127,0,0,0
0.072400,3.41177,15.307,-0.138,0.116,0,0,0
0.072420,3.41271,15.193,-0.009,0.211,0,0,0
0.072440,3.41365,15.036,-0.047,0.032,0,0,0
0.072460,3.41460,15.011,-0.001,0.163,0,0,0
0.072480,3.41554,14.871,0.028,0.112,0,0,0
0.072500,3.41648,14.792,-0.018,0.176,0,0,0
0.072520,3.41742,14.655,0.019,0.175,0,0,0
0.072540,3.41837,14.557,0.020,0.111,0,0,0
0.072560,3.41931,14.441,-0.007,0.168,0,0,0
0.072580,3.42025,14.294,-0.038,0.191,0,0,0
0.072600,3.42119,14.214,0.025,0.139,0,0,0
0.072620,3.42214,14.479,0.016,0.148,540,0,0
0.072640,3.42308,15.059,0.006,0.031,540,0,0
0.072660,3.42402,15.682,0.048,0.122,540,0,0
0.072680,3.42496,15.844,0.022,0.102,0,0,0
0.072700,3.42591,15.763,0.087,0.146,0,0,0
0.072720,3.42685,15.623,0.044,0.144,0,0,0
0.072740,3.42779,15.456,-0.001,0.102,0,0,0
0.072760,3.42873,15.328,-0.043,0.153,0,0,0
0.072780,3.42968,15.250,-0.102,0.221,0,0,0
0.072800,3.43062,15.081,0.003,0.066,0,0,0
0.072820,3.43156,15.003,-0.042,0.164,0,0,0
0.072840,3.43250,14.819,0.031,0.106,0,0,0
0.072860,3.43345,14.668,0.099,0.137,0,0,0
0.072880,3.43439,14.542,0.014,0.110,0,0,0
0.072900,3.43533,14.463,0.013,0.150,0,0,0
0.072920,3.43627,14.430,0.075,0.048,0,0,0
0.072940,3.43722,14.269,-0.019,0.296,0,0,0
0.072960,3.43816,14.423,0.051,0.208,540,0,0
0.072980,3.43910,14.902,0.048,0.184,540,0,0
0.073000,3.44004,15.508,-0.018,0.135,540,0,0
0.073020,3.44099,16.025,-0.038,0.178,540,0,0
0.073040,3.44193,15.793,0.019,0.095,0,0,0
0.073060,3.44287,15.767,0.019,0.162,0,0,0
0.073080,3.44381,15.554,0.029,0.172,0,0,0
0.073100,3.44476,15.474,0.098,0.173,0,0,0
0.073120,3.44570,15.340,0.082,0.064,0,0,0
0.073140,3.44664,15.247,-0.031,0.140,0,0,0
0.073160,3.44758,15.062,-0.050,0.164,0,0,0
0.073180,3.44853,14.879,-0.016,0.158,0,0,0
0.073200,3.44947,14.715,-0.151,0.100,0,0,0
0.073220,3.45041,14.631,-0.051,0.183,0,0,0
0.073240,3.45135,14.521,-0.015,0.227,0,0,0
0.073260,3.45230,14.320,-0.019,0.212,0,0,0
0.073280,3.45324,14.159,-0.026,0.102,0,0,0
0.073300,3.45418,14.383,-0.069,0.199,540,0,0
0.073320,3.45512,14.861,-0.024,0.159,540,0,0
0.073340,3.45607,15.330,0.040,0.140,540,0,0
0.073360,3.45701,15.830,0.041,0.141,540,0,0
0.073380,3.45795,15.949,0.002,0.085,0,0,0
0.073400,3.45889,15.864,-0.089,0.206,0,0,0
0.073420,3.45984,15.669,-0.053,0.087,0,0,0
0.073440,3.46078,15.401,-0.046,0.118,0,0,0
0.073460,3.46172,15.512,-0.020,0.145,0,0,0
0.073480,3.46266,15.290,-0.013,0.177,0,0,0
0.073500,3.46361,15.061,0.061,0.245,0,0,0
0.073520,3.46455,14.986,0.061,0.091,0,0,0
0.073540,3.46549,14.833,-0.094,0.128,0,0,0
0.073560,3.46643,14.657,-0.015,0.229,0,0,0
0.073580,3.46738,14.543,0.015,0.186,0,0,0
0.073600,3.46832,14.333,-0.016,0.163,0,0,0
0.073620,3.46926,14.219,-0.056,0.123,0,0,0
0.073640,3.47020,14.388,-0.028,0.165,540,0,0
0.073660,3.47115,14.807,0.020,0.134,540,0,0
0.073680,3.47209,15.252,0.007,0.123,540,0,0
0.073700,3.47303,15.566,-0.053,0.153,540,0,0
0.073720,3.47397,15.775,-0.034,0.216,0,0,0
0.073740,3.47492,15.695,0.009,0.183,0,0,0
0.073760,3.47586,15.481,-0.105,0.016,0,0,0
0.073780,3.47680,15.336,-0.096,0.156,0,0,0
0.073800,3.47774,15.114,0.083,0.083,0,0,0
0.073820,3.47869,15.056,-0.014,0.178,0,0,0
0.073840,3.47963,14.892,-0.044,0.117,0,0,0
0.073860,3.48057,14.777,-0.026,0.150,0,0,0
0.073880,3.48151,14.542,0.043,0.126,0,0,0
0.073900,3.48246,14.541,0.060,0.174,0,0,0
0.073920,3.48340,14.247,0.049,0.162,0,0,0
0.073940,3.48434,14.245,0.066,0.114,0,0,0
0.073960,3.48528,14.586,0.038,0.177,540,0,0
0.073980,3.48623,14.868,0.039,0.155,540,0,0
0.074000,3.48717,15.329,0.057,0.124,540,0,0
0.074020,3.48811,15.677,0.048,0.209,540,0,0
0.074040,3.48905,15.870,0.103,0.119,0,0,0
0.074060,3.49000,15.723,0.022,0.142,0,0,0
0.074080,3.49094,15.564,0.045,0.067,0,0,0
0.074100,3.49188,15.376,0.076,0.120,0,0,0
0.074120,3.49282,15.203,-0.042,0.185,0,0,0
0.074140,3.49377,15.103,-0.030,0.107,0,0,0
0.074160,3.49471,14.924,0.047,0.170,0,0,0
0.074180,3.49565,14.733,0.051,0.083,0,0,0
0.074200,3.49659,14.610,0.098,0.142,0,0,0
0.074220,3.49754,14.566,0.013,0.152,0,0,0
0.074240,3.49848,14.233,0.045,0.030,0,0,0
0.074260,3.49942,14.176,0.042,0.124,0,0,0
0.074280,3.50036,14.363,0.041,0.200,540,0,0
0.074300,3.50131,14.675,-0.042,0.101,540,0,0
0.074320,3.50225,15.090,0.046,0.178,540,0,0
0.074340,3.50319,15.339,0.005,0.097,540,0,0
0.074360,3.50413,15.736,-0.066,0.086,540,0,0
0.074380,3.50507,15.883,-0.046,0.166,0,0,0
0.074400,3.50602,15.607,-0.013,0.143,0,0,0
0.074420,3.50696,15.514,-0.131,0.147,0,0,0
0.074440,3.50790,15.427,-0.056,0.081,0,0,0
0.074460,3.50884,15.265,0.034,0.054,0,0,0
0.074480,3.50979,15.057,-0.105,0.131,0,0,0
0.074500,3.51073,14.873,-0.012,0.147,0,0,0
0.074520,3.51167,14.767,-0.008,0.056,0,0,0
0.074540,3.51261,14.624,0.033,0.179,0,0,0
0.074560,3.51356,14.498,0.035,0.172,0,0,0
0.074580,3.51450,14.383,-0.137,0.215,0,0,0
0.074600,3.51544,14.218,0.038,0.213,0,0,0
0.074620,3.51638,14.310,-0.026,0.182,540,0,0
0.074640,3.51733,14.684,0.022,0.127,540,0,0
0.074660,3.51827,14.944,0.026,0.195,540,0,0
0.074680,3.51921,15.262,-0.006,0.132,540,0,0
0.074700,3.52015,15.688,0.031,0.196,540,0,0
0.074720,3.52110,15.916,-0.045,0.177,540,0,0
0.074740,3.52204,15.760,-0.038,0.194,0,0,0
0.074760,3.52298,15.578,-0.077,0.132,0,0,0
0.074780,3.52392,15.472,-0.041,0.210,0,0,0
0.074800,3.52487,15.281,0.015,0.047,0,0,0
0.074820,3.52581,15.186,0.017,0.039,0,0,0
0.074840,3.52675,15.152,-0.129,0.219,0,0,0
0.074860,3.52769,14.906,0.043,0.105,0,0,0
0.074880,3.52864,14.767,0.039,0.147,0,0,0
0.074900,3.52958,14.575,0.008,0.141,0,0,0
0.074920,3.53052,14.461,-0.060,0.243,0,0,0
0.074940,3.53146,14.259,-0.086,0.097,0,0,0
0.074960,3.53241,14.161,-0.042,0.210,0,0,0
0.074980,3.53335,14.248,-0.083,0.149,540,0,0
0.075000,3.53429,14.666,-0.019,0.094,540,0,0
0.075020,3.53523,14.949,-0.043,0.130,540,0,0
0.075040,3.53618,15.192,-0.001,0.101,540,0,0
0.075060,3.53712,15.513,0.044,0.149,540,0,0
0.075080,3.53806,15.932,0.013,0.145,540,0,0
0.075100,3.53900,15.701,0.005,0.129,0,0,0
0.075120,3.53995,15.583,0.123,0.176,0,0,0
0.075140,3.54089,15.360,0.028,0.094,0,0,0
0.075160,3.54183,15.263,-0.045,0.202,0,0,0
0.075180,3.54277,15.082,-0.026,0.094,0,0,0
0.075200,3.54372,14.963,-0.003,0.237,0,0,0
0.075220,3.54466,14.830,0.020,0.128,0,0,0
0.075240,3.54560,14.644,-0.055,0.210,0,0,0
0.075260,3.54654,14.581,0.021,0.178,0,0,0
0.075280,3.54749,14.423,-0.010,0.123,0,0,0
0.075300,3.54843,14.316,-0.038,0.207,0,0,0
0.075320,3.54937,14.243,-0.008,0.164,0,0,0
0.075340,3.55031,14.270,-0.035,0.164,540,0,0
0.075360,3.55126,14.529,0.014,0.100,540,0,0
0.075380,3.55220,14.836,0.050,0.121,540,0,0
0.075400,3.55314,15.152,-0.063,0.124,540,0,0
0.075420,3.55408,15.478,-0.072,0.270,540,0,0
0.075440,3.55503,15.711,-0.073,0.096,540,0,0
0.075460,3.55597,15.770,-0.023,0.158,0,0,0
0.075480,3.55691,15.661,-0.007,0.142,0,0,0
0.075500,3.55785,15.572,0.030,0.186,0,0,0
0.075520,3.55880,15.400,-0.067,0.126,0,0,0
0.075540,3.55974,15.327,0.027,0.055,0,0,0
0.075560,3.56068,15.292,-0.044,0.091,0,0,0
0.075580,3.56162,15.038,0.042,0.237,0,0,0
0.075600,3.56257,14.826,0.067,0.170,0,0,0
0.075620,3.56351,14.855,0.038,0.131,0,0,0
0.075640,3.56445,14.616,-0.082,0.147,0,0,0
0.075660,3.56539,14.554,-0.071,0.156,0,0,0
0.075680,3.56634,14.462,0.001,0.225,0,0,0
0.075700,3.56728,14.256,0.006,0.136,0,0,0
0.075720,3.56822,14.180,0.032,0.141,0,0,0
0.075740,3.56916,14.255,0.043,0.094,0,0,0
0.075760,3.57011,14.318,0.003,0.055,540,0,0
0.075780,3.57105,14.690,-0.070,0.240,540,0,0
0.075800,3.57199,14.941,0.017,0.259,540,0,0
0.075820,3.57293,15.199,-0.010,0.212,540,0,0
0.075840,3.57388,15.423,0.019,0.081,540,0,0
0.075860,3.57482,15.735,0.004,0.253,540,0,0
0.075880,3.57576,15.955,0.020,0.187,0,0,0
0.075900,3.57670,15.725,-0.039,0.069,0,0,0
0.075920,3.57765,15.679,0.026,0.100,0,0,0
0.075940,3.57859,15.599,-0.023,0.170,0,0,0
0.075960,3.57953,15.440,0.030,0.096,0,0,0
0.075980,3.58047,15.282,0.030,0.145,0,0,0
0.076000,3.58142,15.274,-0.011,0.109,0,0,0
0.076020,3.58236,15.058,-0.012,0.112,0,0,0
0.076040,3.58330,14.990,0.032,0.146,0,0,0
0.076060,3.58424,14.840,-0.031,0.164,0,0,0
0.076080,3.58519,14.810,-0.074,0.154,0,0,0
0.076100,3.58613,14.743,0.011,0.087,0,0,0
0.076120,3.58707,14.553,-0.037,0.185,0,0,0
0.076140,3.58801,14.442,0.041,0.086,0,0,0
0.076160,3.58896,14.428,-0.033,0.182,0,0,0
0.076180,3.58990,14.294,0.066,0.146,0,0,0
0.076200,3.59084,14.184,-0.028,0.159,0,0,0
0.076220,3.59178,14.328,-0.009,0.225,540,0,0
0.076240,3.59273,14.715,-0.043,0.118,540,0,0
0.076260,3.59367,14.826,-0.097,0.132,540,0,0
0.076280,3.59461,15.267,-0.091,0.236,540,0,0
0.076300,3.59555,15.399,-0.024,0.078,540,0,0
0.076320,3.59650,15.621,0.028,0.097,540,0,0
0.076340,3.59744,15.879,-0.062,0.151,540,0,0
0.076360,3.59838,15.872,0.064,0.098,0,0,0
0.076380,3.59932,15.623,-0.038,0.214,0,0,0
0.076400,3.60027,15.677,0.023,0.098,0,0,0
0.076420,3.60121,15.582,0.028,0.141,0,0,0
0.076440,3.60215,15.455,-0.035,0.168,0,0,0
0.076460,3.60309,15.359,-0.073,0.130,0,0,0
0.076480,3.60404,15.282,-0.049,0.180,0,0,0
0.076500,3.60498,15.201,0.004,0.185,0,0,0
0.076520,3.60592,15.082,0.048,0.154,0,0,0
0.076540,3.60686,15.030,-0.116,0.167,0,0,0
0.076560,3.60781,14.907,0.025,0.139,0,0,0
0.076580,3.60875,14.905,0.150,0.189,0,0,0
0.076600,3.60969,14.821,0.079,0.131,0,0,0
0.076620,3.61063,14.615,0.011,0.121,0,0,0
0.076640,3.61157,14.717,0.120,0.160,0,0,0
0.076660,3.61252,14.490,-0.084,0.193,0,0,0
0.076680,3.61346,14.466,-0.015,0.147,0,0,0
0.076700,3.61440,14.347,-0.044,0.150,0,0,0
0.076720,3.61534,14.316,0.048,0.208,0,0,0
0.076740,3.61629,14.225,-0.067,0.103,0,0,0
0.076760,3.61723,14.301,-0.033,0.176,540,0,0
0.076780,3.61817,14.668,-0.017,0.173,540,0,0
0.076800,3.61911,14.829,0.012,0.299,540,0,0
0.076820,3.62006,15.190,0.007,0.155,540,0,0
0.076840,3.62100,15.398,-0.071,0.130,540,0,0
0.076860,3.62194,15.669,0.008,0.062,540,0,0
0.076880,3.62288,15.863,-0.022,0.263,540,0,0
0.076900,3.62383,15.927,0.072,0.197,0,0,0
0.076920,3.62477,15.740,0.007,0.199,0,0,0
0.076940,3.62571,15.689,-0.004,0.156,0,0,0
0.076960,3.62665,15.584,-0.009,0.088,0,0,0
0.076980,3.62760,15.591,-0.172,0.073,0,0,0
0.077000,3.62854,15.560,0.002,0.186,0,0,0
0.077020,3.62948,15.443,-0.020,0.129,0,0,0
0.077040,3.63042,15.298,0.088,0.344,0,0,0
0.077060,3.63137,15.331,0.016,0.142,0,0,0
0.077080,3.63231,15.222,0.030,0.168,0,0,0
0.077100,3.63325,15.157,-0.027,0.050,0,0,0
0.077120,3.63419,15.112,0.065,0.106,0,0,0
0.077140,3.63514,15.039,-0.006,0.166,0,0,0
0.077160,3.63608,14.951,-0.024,0.238,0,0,0
0.077180,3.63702,14.956,-0.146,0.179,0,0,0
0.077200,3.63796,14.889,0.044,0.050,0,0,0
0.077220,3.63891,14.776,-0.019,0.179,0,0,0
0.077240,3.63985,14.634,0.046,0.129,0,0,0
0.077260,3.64079,14.659,0.025,0.156,0,0,0
0.077280,3.64173,14.606,-0.095,0.054,0,0,0
0.077300,3.64268,14.599,-0.010,0.199,0,0,0
0.077320,3.64362,14.502,0.016,0.114,0,0,0
0.077340,3.64456,14.402,-0.006,0.153,0,0,0
0.077360,3.64550,14.450,0.079,0.011,0,0,0
0.077380,3.64645,14.412,-0.006,0.184,0,0,0
0.077400,3.64739,14.325,-0.072,0.195,0,0,0
0.077420,3.64833,14.224,0.051,0.214,0,0,0
0.077440,3.64927,14.183,0.055,0.175,0,0,0
0.077460,3.65022,14.499,-0.064,0.138,540,0,0
0.077480,3.65116,14.741,0.108,0.152,540,0,0
0.077500,3.65210,15.060,0.045,0.171,540,0,0
0.077520,3.65304,15.240,-0.012,0.159,540,0,0
0.077540,3.65399,15.542,0.002,0.154,540,0,0
0.077560,3.65493,15.840,0.050,0.170,540,0,0
0.077580,3.65587,15.799,-0.032,0.187,0,0,0
0.077600,3.65681,15.736,0.055,0.174,0,0,0
0.077620,3.65776,15.638,0.003,0.144,0,0,0
0.077640,3.65870,15.611,-0.042,0.083,0,0,0
0.077660,3.65964,15.620,0.001,0.117,0,0,0
0.077680,3.66058,15.525,0.040,0.165,0,0,0
0.077700,3.66153,15.394,0.080,0.171,0,0,0
0.077720,3.66247,15.453,-0.011,0.171,0,0,0
0.077740,3.66341,15.255,-0.061,0.205,0,0,0
0.077760,3.66435,15.326,0.038,0.173,0,0,0
0.077780,3.66530,15.240,-0.036,0.168,0,0,0
0.077800,3.66624,15.209,-0.062,0.121,0,0,0
0.077820,3.66718,15.275,-0.035,0.167,0,0,0
0.077840,3.66812,15.193,-0.017,0.072,0,0,0
0.077860,3.66907,15.000,0.015,0.183,0,0,0
0.077880,3.67001,15.197,0.011,0.236,0,0,0
0.077900,3.67095,15.027,-0.071,0.180,0,0,0
0.077920,3.67189,15.006,-0.046,0.096,0,0,0
0.077940,3.67284,14.928,0.054,0.222,0,0,0
0.077960,3.67378,14.856,0.054,0.174,0,0,0
0.077980,3.67472,14.735,0.082,0.143,0,0,0
0.078000,3.67566,14.899,0.086,0.184,0,0,0
0.078020,3.67661,14.663,-0.007,0.237,0,0,0
0.078040,3.67755,14.785,0.048,0.123,0,0,0
0.078060,3.67849,14.718,0.039,0.080,0,0,0
0.078080,3.67943,14.657,0.003,0.157,0,0,0
0.078100,3.68038,14.640,-0.043,0.243,0,0,0
0.078120,3.68132,14.511,-0.045,0.071,0,0,0
0.078140,3.68226,14.566,0.026,0.166,0,0,0
0.078160,3.68320,14.472,-0.023,0.239,0,0,0
0.078180,3.68415,14.517,0.038,0.170,0,0,0
0.078200,3.68509,14.534,0.045,0.137,0,0,0
0.078220,3.68603,14.458,-0.081,0.119,0,0,0
0.078240,3.68697,14.405,0.043,0.195,0,0,0
0.078260,3.68792,14.385,0.017,0.116,0,0,0
0.078280,3.68886,14.327,0.056,0.157,0,0,0
0.078300,3.68980,14.357,-0.066,0.097,0,0,0
0.078320,3.69074,14.260,0.001,0.152,0,0,0
0.078340,3.69169,14.195,0.078,0.199,0,0,0
0.078360,3.69263,14.223,0.022,0.240,0,0,0
0.078380,3.69357,14.459,0.066,0.108,540,0,0
0.078400,3.69451,14.775,0.020,0.153,540,0,0
0.078420,3.69546,14.946,0.055,0.187,540,0,0
0.078440,3.69640,15.335,-0.012,0.181,540,0,0
0.078460,3.69734,15.527,-0.013,0.127,540,0,0
0.078480,3.69828,15.836,-0.001,0.184,540,0,0
0.078500,3.69923,15.813,0.043,0.165,0,0,0
0.078520,3.70017,15.886,-0.044,0.121,0,0,0
0.078540,3.70111,15.778,-0.039,0.165,0,0,0
0.078560,3.70205,15.786,-0.031,0.194,0,0,0
0.078580,3.70300,15.769,0.030,0.140,0,0,0
0.078600,3.70394,15.704,-0.009,0.163,0,0,0
0.078620,3.70488,15.642,-0.025,0.196,0,0,0
0.078640,3.70582,15.700,-0.037,0.182,0,0,0
0.078660,3.70677,15.646,-0.040,0.146,0,0,0
0.078680,3.70771,15.653,0.040,0.169,0,0,0
0.078700,3.70865,15.598,-0.014,0.106,0,0,0
0.078720,3.70959,15.582,1.162,0.163,0,540,0
0.078740,3.71054,15.511,2.410,0.153,0,540,0
0.078760,3.71148,15.483,3.627,0.175,0,540,0
0.078780,3.71242,15.381,4.828,0.142,0,540,0
0.078800,3.71336,15.393,5.974,0.191,0,540,0
0.078820,3.71430,15.454,7.152,0.224,0,540,0
0.078840,3.71525,15.370,8.340,0.306,0,540,0
0.078860,3.71619,15.338,9.508,0.226,0,540,0
0.078880,3.71713,15.302,10.738,0.243,0,540,0
0.078900,3.71807,15.325,11.879,0.141,0,540,0
0.078920,3.71902,15.243,13.134,0.125,0,540,0
0.078940,3.71996,15.276,14.290,0.176,0,540,0
0.078960,3.72090,15.239,15.419,0.158,0,540,0
0.078980,3.72184,15.250,15.961,0.220,0,0,0
0.079000,3.72279,15.185,16.055,0.161,0,0,0
0.079020,3.72373,15.108,15.992,0.157,0,0,0
0.079040,3.72467,15.146,16.059,0.166,0,0,0
0.079060,3.72561,15.103,15.974,0.047,0,0,0
0.079080,3.72656,15.098,15.953,0.088,0,0,0
0.079100,3.72750,15.079,15.813,0.064,0,0,0
0.079120,3.72844,15.064,15.849,0.012,0,0,0
0.079140,3.72938,15.023,15.855,0.161,0,0,0
0.079160,3.73033,15.089,15.911,0.158,0,0,0
0.079180,3.73127,15.024,15.839,0.088,0,0,0
0.079200,3.73221,15.084,15.848,0.144,0,0,0
0.079220,3.73315,15.035,15.709,0.102,0,0,0
0.079240,3.73410,15.000,15.814,0.093,0,0,0
0.079260,3.73504,14.920,15.622,0.108,0,0,0
0.079280,3.73598,14.969,15.743,0.045,0,0,0
0.079300,3.73692,14.926,15.703,0.117,0,0,0
0.079320,3.73787,14.962,15.676,0.049,0,0,0
0.079340,3.73881,14.929,15.669,0.022,0,0,0
0.079360,3.73975,14.921,15.639,0.090,0,0,0
0.079380,3.74069,14.804,15.627,0.096,0,0,0
0.079400,3.74164,14.941,15.613,0.148,0,0,0
0.079420,3.74258,14.781,15.477,0.203,0,0,0
0.079440,3.74352,14.706,15.502,0.121,0,0,0
0.079460,3.74446,14.760,15.434,0.107,0,0,0
0.079480,3.74541,14.824,15.517,0.168,0,0,0
0.079500,3.74635,14.730,15.474,0.112,0,0,0
0.079520,3.74729,14.779,15.442,0.112,0,0,0
0.079540,3.74823,14.704,15.472,0.172,0,0,0
0.079560,3.74918,14.806,15.525,0.073,0,0,0
0.079580,3.75012,14.691,15.421,0.100,0,0,0
0.079600,3.75106,14.620,15.316,0.087,0,0,0
0.079620,3.75200,14.612,15.327,0.060,0,0,0
0.079640,3.75295,14.683,15.226,0.153,0,0,0
0.079660,3.75389,14.642,15.299,0.148,0,0,0
0.079680,3.75483,14.692,15.306,0.148,0,0,0
0.079700,3.75577,14.587,15.267,0.165,0,0,0
0.079720,3.75672,14.641,15.168,0.132,0,0,0
0.079740,3.75766,14.607,15.158,0.101,0,0,0
0.079760,3.75860,14.699,15.198,0.144,0,0,0
0.079780,3.75954,14.558,15.132,0.116,0,0,0
0.079800,3.76049,14.405,15.045,0.214,0,0,0
0.079820,3.76143,14.478,15.091,0.192,0,0,0
0.079840,3.76237,14.543,15.084,0.167,0,0,0
0.079860,3.76331,14.532,14.932,0.094,0,0,0
0.079880,3.76426,14.532,14.948,0.212,0,0,0
0.079900,3.76520,14.606,15.014,0.136,0,0,0
0.079920,3.76614,14.436,14.948,0.084,0,0,0
0.079940,3.76708,14.513,15.002,0.073,0,0,0
0.079960,3.76803,14.456,14.896,0.134,0,0,0
0.079980,3.76897,14.440,14.868,0.149,0,0,0
0.080000,3.76991,14.403,14.819,0.205,0,0,0
0.080020,3.77085,14.475,14.849,0.101,0,0,0
0.080040,3.77180,14.381,14.867,0.115,0,0,0
0.080060,3.77274,14.334,14.892,0.053,0,0,0
0.080080,3.77368,14.393,14.739,0.119,0,0,0
0.080100,3.77462,14.416,14.728,0.071,0,0,0
0.080120,3.77557,14.441,14.653,0.172,0,0,0
0.080140,3.77651,14.312,14.668,0.105,0,0,0
0.080160,3.77745,14.432,14.650,0.242,0,0,0
0.080180,3.77839,14.471,14.547,0.164,0,0,0
0.080200,3.77934,14.357,14.643,0.198,0,0,0
0.080220,3.78028,14.382,14.576,0.230,0,0,0
0.080240,3.78122,14.264,14.525,0.228,0,0,0
0.080260,3.78216,14.518,14.496,0.171,540,0,0
0.080280,3.78311,14.862,14.440,0.206,540,0,0
0.080300,3.78405,15.134,14.461,0.175,540,0,0
0.080320,3.78499,15.397,14.331,0.183,540,0,0
0.080340,3.78593,15.721,14.425,0.275,540,0,0
0.080360,3.78688,15.829,14.439,0.125,0,0,0
0.080380,3.78782,15.903,14.301,0.149,0,0,0
0.080400,3.78876,15.904,14.325,0.106,0,0,-540
0.080420,3.78970,15.944,14.258,0.109,0,0,0
0.080440,3.79065,15.851,14.231,0.095,0,0,0
0.080460,3.79159,15.777,14.342,0.072,0,0,0
0.080480,3.79253,15.758,15.394,0.061,0,540,0
0.080500,3.79347,15.864,15.930,0.103,0,0,0
0.080520,3.79442,15.856,15.989,0.114,0,0,0
0.080540,3.79536,15.851,15.890,0.121,0,0,0
0.080560,3.79630,15.608,15.840,0.002,-540,0,0
0.080580,3.79724,15.354,15.817,0.115,-540,0,0
0.080600,3.79819,14.991,15.750,0.177,-540,0,0
0.080620,3.79913,14.744,15.712,0.048,-540,0,0
0.080640,3.80007,14.403,15.804,0.170,-540,0,0
0.080660,3.80101,14.149,15.669,-0.028,-540,0,0
0.080680,3.80196,13.868,15.673,0.084,-540,0,0
0.080700,3.80290,13.560,15.648,0.161,-540,0,0
0.080720,3.80384,13.307,15.664,0.102,-540,0,0
0.080740,3.80478,13.011,15.553,0.014,-540,0,0
0.080760,3.80573,12.801,15.561,0.117,-540,0,0
0.080780,3.80667,12.519,15.425,0.124,-540,0,0
0.080800,3.80761,12.296,15.461,0.078,-540,0,0
0.080820,3.80855,11.992,15.488,0.092,-540,0,0
0.080840,3.80950,11.665,15.475,0.049,-540,0,0
0.080860,3.81044,11.519,15.301,0.082,-540,0,0
0.080880,3.81138,11.325,15.328,0.138,-540,0,0
0.080900,3.81232,11.056,15.339,0.078,-540,0,0
0.080920,3.81327,10.909,15.204,0.076,-540,0,0
0.080940,3.81421,10.731,15.272,0.104,-540,0,0
0.080960,3.81515,10.409,15.191,0.136,-540,0,0
0.080980,3.81609,10.141,15.135,0.098,-540,0,0
0.081000,3.81704,9.974,15.118,0.200,-540,0,0
0.081020,3.81798,9.785,15.076,0.163,-540,0,0
0.081040,3.81892,9.650,15.120,0.145,-540,0,0
0.081060,3.81986,9.354,15.089,0.099,-540,0,0
0.081080,3.82080,9.193,14.998,0.033,-540,0,0
0.081100,3.82175,8.991,14.942,0.096,-540,0,0
0.081120,3.82269,8.752,14.909,0.088,-540,0,0
0.081140,3.82363,8.546,14.925,0.105,-540,0,0
0.081160,3.82457,8.398,14.778,0.057,-540,0,0
0.081180,3.82552,8.221,14.765,0.193,-540,0,0
0.081200,3.82646,8.031,14.693,0.109,-540,0,0
0.081220,3.82740,7.965,14.614,-0.008,-540,0,0
0.081240,3.82834,7.706,14.685,0.061,-540,0,0
0.081260,3.82929,7.497,14.547,0.070,-540,0,0
0.081280,3.83023,7.246,14.595,0.139,-540,0,0
0.081300,3.83117,7.109,14.629,0.174,-540,0,0
0.081320,3.83211,6.918,14.416,0.021,-540,0,0
0.081340,3.83306,6.952,14.463,0.087,-540,0,0
0.081360,3.83400,6.659,14.420,0.055,-540,0,0
0.081380,3.83494,6.488,14.406,0.093,-540,0,0
0.081400,3.83588,6.416,14.208,0.149,-540,0,0
0.081420,3.83683,6.227,14.235,0.222,-540,0,0
0.081440,3.83777,5.996,14.279,0.146,-540,0,0
0.081460,3.83871,5.942,14.767,0.169,-540,540,0
0.081480,3.83965,5.678,15.959,0.059,-540,540,0
0.081500,3.84060,5.696,15.776,0.160,-540,0,0
0.081520,3.84154,5.569,15.919,0.127,-540,0,0
0.081540,3.84248,5.333,15.670,0.117,-540,0,0
0.081560,3.84342,5.103,15.616,0.133,-540,0,0
0.081580,3.84437,5.066,15.668,0.197,-540,0,0
0.081600,3.84531,4.881,15.570,0.089,-540,0,0
0.081620,3.84625,4.803,15.459,0.089,-540,0,0
0.081640,3.84719,4.584,15.434,0.089,-540,0,0
0.081660,3.84814,4.459,15.470,0.144,-540,0,0
0.081680,3.84908,4.422,15.366,0.069,-540,0,0
0.081700,3.85002,4.178,15.393,0.135,-540,0,0
0.081720,3.85096,4.055,15.286,0.109,-540,0,0
0.081740,3.85191,3.931,15.228,0.187,-540,0,0
0.081760,3.85285,3.895,15.089,0.199,-540,0,0
0.081780,3.85379,3.756,15.074,0.065,-540,0,0
0.081800,3.85473,3.634,15.147,0.104,-540,0,0
0.081820,3.85568,3.475,14.976,0.144,-540,0,0
0.081840,3.85662,3.432,14.886,0.144,-540,0,0
0.081860,3.85756,3.152,14.897,0.191,-540,0,0
0.081880,3.85850,3.121,14.934,0.140,-540,0,0
0.081900,3.85945,3.015,14.738,0.124,-540,0,0
0.081920,3.86039,2.863,14.714,0.192,-540,0,0
0.081940,3.86133,2.785,14.684,0.196,-540,0,0
0.081960,3.86227,2.625,14.579,0.148,-540,0,0
0.081980,3.86322,2.540,14.495,0.175,-540,0,0
0.082000,3.86416,2.497,14.447,0.084,-540,0,0
0.082020,3.86510,2.279,14.486,0.224,-540,0,0
0.082040,3.86604,2.135,14.338,0.135,-540,0,0
0.082060,3.86699,2.042,14.315,0.188,-540,0,0
0.082080,3.86793,2.001,14.235,0.188,-540,0,0
0.082100,3.86887,1.931,14.779,0.181,-540,540,0
0.082120,3.86981,1.754,15.761,0.306,-540,540,0
0.082140,3.87076,1.600,16.286,0.119,-540,0,0
0.082160,3.87170,1.615,16.125,0.265,-540,0,0
0.082180,3.87264,1.510,16.204,0.175,-540,0,0
0.082200,3.87358,1.310,16.054,0.199,-540,0,0
0.082220,3.87453,1.172,15.969,0.150,-540,0,0
0.082240,3.87547,1.118,15.967,0.123,-540,0,0
0.082260,3.87641,1.114,15.903,0.170,-540,0,0
0.082280,3.87735,0.975,15.812,0.136,-540,0,0
0.082300,3.87830,0.818,15.823,0.233,-540,0,0
0.082320,3.87924,0.759,15.758,0.238,-540,0,0
0.082340,3.88018,0.606,15.579,0.097,-540,0,0
0.082360,3.88112,0.624,15.532,0.237,-540,0,0
0.082380,3.88207,0.502,15.521,0.119,-540,0,0
0.082400,3.88301,0.469,15.427,0.151,-540,0,0
0.082420,3.88395,0.308,15.313,0.118,-540,0,0
0.082440,3.88489,0.255,15.193,0.146,-540,0,0
0.082460,3.88584,0.253,15.058,0.192,0,0,0
0.082480,3.88678,0.274,15.098,0.166,0,0,0
0.082500,3.88772,0.198,14.992,0.186,0,0,0
0.082520,3.88866,0.133,14.964,0.190,-540,0,0
0.082540,3.88961,0.169,14.862,0.197,0,0,0
0.082560,3.89055,0.179,14.765,0.278,0,0,0
0.082580,3.89149,0.190,14.629,0.012,0,0,0
0.082600,3.89243,0.119,14.595,-0.002,0,0,0
0.082620,3.89338,0.154,14.584,-0.043,0,0,0
0.082640,3.89432,0.130,14.423,0.045,0,0,0
0.082660,3.89526,0.138,14.449,0.055,0,0,0
0.082680,3.89620,0.138,14.312,0.001,0,0,0
0.082700,3.89715,0.217,14.196,0.031,0,0,0
0.082720,3.89809,0.108,14.688,0.008,0,540,0
0.082740,3.89903,0.082,15.597,0.030,0,540,0
0.082760,3.89997,0.155,16.030,0.033,0,0,0
0.082780,3.90092,0.203,16.041,-0.008,0,0,0
0.082800,3.90186,0.182,15.905,0.013,0,0,0
0.082820,3.90280,0.187,15.824,0.067,0,0,0
0.082840,3.90374,0.154,15.717,0.050,0,0,0
0.082860,3.90469,0.185,15.626,0.033,0,0,0
0.082880,3.90563,0.168,15.489,-0.015,0,0,0
0.082900,3.90657,0.121,15.508,0.056,0,0,0
0.082920,3.90751,0.207,15.323,-0.097,0,0,0
0.082940,3.90846,0.194,15.291,-0.051,0,0,0
0.082960,3.90940,0.183,15.061,-0.020,0,0,0
0.082980,3.91034,0.141,15.075,0.080,0,0,0
0.083000,3.91128,0.122,14.960,0.027,0,0,0
0.083020,3.91223,0.187,14.882,0.014,0,0,0
0.083040,3.91317,0.097,14.751,0.116,0,0,0
0.083060,3.91411,0.129,14.707,0.075,0,0,0
0.083080,3.91505,0.126,14.584,0.005,0,0,0
0.083100,3.91600,0.206,14.517,-0.049,0,0,0
0.083120,3.91694,0.042,14.356,-0.010,0,0,0
0.083140,3.91788,0.220,14.358,-0.041,0,0,0
0.083160,3.91882,0.169,14.210,0.014,0,0,0
0.083180,3.91977,0.171,14.161,0.043,0,0,0
0.083200,3.92071,0.123,15.009,-0.034,0,540,0
0.083220,3.92165,0.125,16.009,0.102,0,540,0
0.083240,3.92259,0.092,15.807,-0.031,0,0,0
0.083260,3.92354,0.155,15.713,0.015,0,0,0
0.083280,3.92448,0.119,15.631,-0.037,0,0,0
0.083300,3.92542,0.045,15.527,0.031,0,0,0
0.083320,3.92636,0.196,15.328,-0.012,0,0,0
0.083340,3.92730,0.192,15.229,-0.024,0,0,0
0.083360,3.92825,0.186,15.116,0.038,0,0,0
0.083380,3.92919,0.199,15.018,0.070,0,0,0
0.083400,3.93013,0.225,14.991,-0.082,0,0,0
0.083420,3.93107,0.192,14.766,-0.029,0,0,0
0.083440,3.93202,0.208,14.611,-0.003,0,0,0
0.083460,3.93296,0.168,14.634,0.026,0,0,0
0.083480,3.93390,0.129,14.487,0.062,0,0,0
0.083500,3.93484,0.247,14.335,-0.003,0,0,0
0.083520,3.93579,0.197,14.265,-0.002,0,0,0
0.083540,3.93673,0.086,14.099,-0.009,0,0,0
0.083560,3.93767,0.225,15.045,0.016,0,540,0
0.083580,3.93861,0.151,15.854,-0.051,0,540,0
0.083600,3.93956,0.163,15.733,0.017,0,0,0
0.083620,3.94050,0.201,15.716,-0.002,0,0,0
0.083640,3.94144,0.179,15.533,0.088,0,0,0
0.083660,3.94238,0.208,15.470,0.059,0,0,0
0.083680,3.94333,0.258,15.265,-0.033,0,0,0
0.083700,3.94427,0.213,15.108,0.097,0,0,0
0.083720,3.94521,0.113,14.997,0.026,0,0,0
0.083740,3.94615,0.180,14.771,-0.003,0,0,0
0.083760,3.94710,0.165,14.662,-0.083,0,0,0
0.083780,3.94804,0.093,14.604,0.067,0,0,0
0.083800,3.94898,0.268,14.525,-0.020,0,0,0
0.083820,3.94992,0.093,14.355,0.056,-540,0,0
0.083840,3.95087,0.100,14.312,0.016,0,0,0
0.083860,3.95181,0.074,14.278,-0.066,0,0,0
0.083880,3.95275,0.003,14.879,0.014,0,540,0
0.083900,3.95369,0.032,15.749,0.086,0,540,0
0.083920,3.95464,0.097,16.051,0.050,0,0,0
0.083940,3.95558,-0.005,15.981,-0.011,0,0,0
0.083960,3.95652,0.118,15.745,-0.017,0,0,0
0.083980,3.95746,0.150,15.629,-0.011,0,0,0
0.084000,3.95841,0.229,15.504,0.062,0,0,0
0.084020,3.95935,0.113,15.379,0.019,0,0,0
0.084040,3.96029,0.104,15.106,0.091,0,0,0
0.084060,3.96123,0.152,15.052,0.126,0,0,0
0.084080,3.96218,0.065,14.910,0.038,0,0,0
0.084100,3.96312,0.125,14.748,0.036,0,0,0
0.084120,3.96406,0.191,14.619,-0.006,0,0,0
0.084140,3.96500,0.100,14.548,0.109,0,0,0
0.084160,3.96595,0.134,14.390,0.115,0,0,0
0.084180,3.96689,-0.020,14.229,0.074,0,0,0
0.084200,3.96783,0.182,14.509,0.083,0,540,0
0.084220,3.96877,0.003,15.244,-0.012,0,540,0
0.084240,3.96972,0.020,15.951,0.041,0,540,0
0.084260,3.97066,0.072,15.904,-0.032,0,0,0
0.084280,3.97160,0.147,15.739,0.022,0,0,0
0.084300,3.97254,0.125,15.609,0.064,0,0,0
0.084320,3.97349,0.039,15.423,0.058,0,0,0
0.084340,3.97443,0.070,15.244,0.067,0,0,0
0.084360,3.97537,0.122,15.042,-0.036,0,0,0
0.084380,3.97631,0.194,15.005,0.035,0,0,0
0.084400,3.97726,0.134,14.865,-0.103,0,0,0
0.084420,3.97820,0.082,14.705,0.090,0,0,0
0.084440,3.97914,0.177,14.563,0.119,0,0,0
0.084460,3.98008,0.091,14.400,-0.106,0,0,0
0.084480,3.98103,0.066,14.315,0.079,0,0,0
0.084500,3.98197,0.076,14.204,0.014,0,0,0
0.084520,3.98291,0.098,14.409,0.105,0,540,0
0.084540,3.98385,0.089,14.957,0.073,0,540,0
0.084560,3.98480,0.047,15.778,-0.007,0,540,0
0.084580,3.98574,0.164,16.023,-0.073,0,0,0
0.084600,3.98668,0.032,15.883,0.095,0,0,0
0.084620,3.98762,0.070,15.649,0.052,0,0,0
0.084640,3.98857,0.092,15.538,-0.086,0,0,0
0.084660,3.98951,0.108,15.356,0.016,0,0,0
0.084680,3.99045,0.130,15.310,-0.086,0,0,0
0.084700,3.99139,0.139,15.012,0.007,0,0,0
0.084720,3.99234,0.089,14.908,-0.001,0,0,0
0.084740,3.99328,0.113,14.753,0.027,0,0,0
0.084760,3.99422,0.064,14.633,0.086,0,0,0
0.084780,3.99516,0.085,14.481,0.070,0,0,0
0.084800,3.99611,0.169,14.230,-0.060,0,0,0
0.084820,3.99705,0.052,14.219,0.042,0,0,0
0.084840,3.99799,0.100,14.905,0.092,0,540,0
0.084860,3.99893,0.099,15.498,0.045,0,540,0
0.084880,3.99988,0.022,16.045,0.050,0,540,0
0.084900,4.00082,0.150,15.897,0.073,0,0,0
0.084920,4.00176,0.124,15.722,0.079,0,0,0
0.084940,4.00270,0.172,15.558,0.104,0,0,0
0.084960,4.00365,0.106,15.356,0.051,0,0,0
0.084980,4.00459,0.107,15.212,0.035,0,0,0
0.085000,4.00553,0.101,15.077,0.010,0,0,0
0.085020,4.00647,0.099,14.942,-0.005,0,0,0
0.085040,4.00742,0.162,14.744,0.022,0,0,0
0.085060,4.00836,0.140,14.685,0.070,0,0,0
0.085080,4.00930,0.113,14.465,0.043,0,0,0
0.085100,4.01024,0.098,14.287,0.059,0,0,0
0.085120,4.01119,0.139,14.152,0.036,0,0,0
0.085140,4.01213,0.146,14.459,0.085,0,540,0
0.085160,4.01307,0.109,14.960,0.087,0,540,0
0.085180,4.01401,0.129,15.422,0.061,0,540,0
0.085200,4.01496,0.120,16.095,0.024,0,540,0
0.085220,4.01590,0.188,15.945,0.037,0,0,0
0.085240,4.01684,0.156,15.758,-0.044,0,0,0
0.085260,4.01778,0.099,15.636,0.020,0,0,0
0.085280,4.01873,0.135,15.454,0.082,0,0,0
0.085300,4.01967,0.166,15.220,0.076,0,0,0
0.085320,4.02061,0.091,15.143,0.054,0,0,0
0.085340,4.02155,0.139,14.977,0.106,0,0,0
0.085360,4.02250,0.118,14.814,0.086,0,0,0
0.085380,4.02344,0.096,14.663,0.082,0,0,0
0.085400,4.02438,0.103,14.448,0.068,0,0,0
0.085420,4.02532,0.204,14.361,0.003,0,0,0
0.085440,4.02627,0.110,14.158,0.061,0,0,0
0.085460,4.02721,0.147,14.049,-0.023,0,0,0
0.085480,4.02815,0.074,14.596,0.021,0,540,0
0.085500,4.02909,-0.036,15.082,0.078,0,540,0
0.085520,4.03004,0.054,15.570,0.020,0,540,0
0.085540,4.03098,0.145,15.758,0.104,0,0,0
0.085560,4.03192,0.047,15.596,0.142,0,0,0
0.085580,4.03286,0.178,15.535,0.052,0,0,0
0.085600,4.03380,0.182,15.328,0.023,0,0,0
0.085620,4.03475,0.027,15.202,0.032,0,0,0
0.085640,4.03569,0.078,15.024,-0.062,0,0,0
0.085660,4.03663,0.108,14.795,-0.006,0,0,0
0.085680,4.03757,0.100,14.702,0.100,0,0,0
0.085700,4.03852,0.042,14.705,0.001,0,0,0
0.085720,4.03946,0.120,14.466,0.040,0,0,0
0.085740,4.04040,0.095,14.304,0.072,0,0,0
0.085760,4.04134,0.133,14.118,0.114,0,0,0
0.085780,4.04229,0.193,14.678,0.016,0,540,0
0.085800,4.04323,0.102,15.141,0.015,0,540,0
0.085820,4.04417,0.066,15.593,0.069,0,540,0
0.085840,4.04511,0.067,15.713,-0.037,0,0,0
0.085860,4.04606,0.095,15.552,0.114,0,0,0
0.085880,4.04700,0.094,15.524,0.076,0,0,0
0.085900,4.04794,0.066,15.264,0.073,0,0,0
0.085920,4.04888,0.107,15.109,0.042,0,0,0
0.085940,4.04983,0.096,14.926,-0.027,0,0,0
0.085960,4.05077,0.058,14.771,0.081,0,0,0
0.085980,4.05171,0.111,14.733,-0.007,0,0,0
0.086000,4.05265,0.111,14.543,0.051,0,0,0
0.086020,4.05360,0.117,14.424,0.083,0,0,0
0.086040,4.05454,0.089,14.220,-0.053,0,0,0
0.086060,4.05548,0.115,14.144,0.079,0,0,0
0.086080,4.05642,0.129,14.616,0.039,0,540,0
0.086100,4.05737,0.141,15.084,0.004,0,540,0
0.086120,4.05831,0.081,15.495,0.033,0,540,0
0.086140,4.05925,0.048,16.004,0.054,0,540,0
0.086160,4.06019,0.145,15.840,0.145,0,0,0
0.086180,4.06114,0.060,15.592,0.031,0,0,0
0.086200,4.06208,0.075,15.529,0.069,0,0,0
0.086220,4.06302,0.142,15.325,0.054,0,0,0
0.086240,4.06396,0.048,15.307,0.051,0,0,0
0.086260,4.06491,0.127,15.105,0.069,0,0,0
0.086280,4.06585,0.096,15.048,-0.003,0,0,0
0.086300,4.06679,0.121,14.795,0.043,0,0,0
0.086320,4.06773,0.084,14.650,0.047,0,0,0
0.086340,4.06868,0.104,14.524,0.046,0,0,0
0.086360,4.06962,0.097,14.491,0.129,0,0,0
0.086380,4.07056,0.108,14.338,0.075,0,0,0
0.086400,4.07150,0.033,14.153,-0.006,0,0,0
0.086420,4.07245,0.096,14.560,-0.002,0,540,0
0.086440,4.07339,0.138,15.077,0.083,0,540,0
0.086460,4.07433,0.082,15.403,-0.051,0,540,0
0.086480,4.07527,0.081,15.866,0.042,0,540,0
0.086500,4.07622,0.050,15.679,0.113,0,0,0
0.086520,4.07716,0.038,15.598,0.013,0,0,0
0.086540,4.07810,0.106,15.493,0.040,0,0,0
0.086560,4.07904,0.084,15.297,0.089,0,0,0
0.086580,4.07999,0.022,15.259,0.069,0,0,0
0.086600,4.08093,0.087,15.022,0.118,0,0,0
0.086620,4.08187,0.046,14.923,0.052,0,0,0
0.086640,4.08281,0.072,14.841,0.086,0,0,0
0.086660,4.08376,0.059,14.708,0.093,0,0,0
0.086680,4.08470,0.106,14.726,0.015,0,0,0
0.086700,4.08564,0.076,14.457,0.080,0,0,0
0.086720,4.08658,0.158,14.373,0.019,0,0,0
0.086740,4.08753,0.135,14.208,0.121,0,0,0
0.086760,4.08847,0.110,14.337,-0.052,0,540,0
0.086780,4.08941,0.063,14.813,0.005,0,540,0
0.086800,4.09035,0.121,15.199,0.006,0,540,0
0.086820,4.09130,0.087,15.643,0.044,0,540,0
0.086840,4.09224,0.131,15.735,-0.060,0,0,0
0.086860,4.09318,0.110,15.588,0.020,0,0,0
0.086880,4.09412,0.144,15.557,0.067,0,0,0
0.086900,4.09507,0.141,15.415,0.091,0,0,0
0.086920,4.09601,0.085,15.357,0.155,0,0,0
0.086940,4.09695,0.085,15.133,0.127,0,0,0
0.086960,4.09789,0.044,15.038,-0.035,0,0,0
0.086980,4.09884,0.176,14.997,-0.008,0,0,0
0.087000,4.09978,0.158,14.756,0.032,0,0,0
0.087020,4.10072,0.184,14.700,-0.007,0,0,0
0.087040,4.10166,0.098,14.624,0.049,0,0,0
0.087060,4.10261,0.133,14.511,0.066,0,0,0
0.087080,4.10355,0.048,14.378,-0.001,0,0,0
0.087100,4.10449,0.195,14.195,0.060,0,0,0
0.087120,4.10543,0.127,14.208,0.060,0,0,0
0.087140,4.10638,0.096,14.477,-0.108,0,540,0
0.087160,4.10732,-0.001,14.963,-0.051,0,540,0
0.087180,4.10826,0.228,15.382,0.065,0,540,0
0.087200,4.10920,0.139,15.800,0.085,0,540,0
0.087220,4.11015,0.007,15.885,0.071,0,0,0
0.087240,4.11109,0.216,15.745,0.072,0,0,0
0.087260,4.11203,0.140,15.750,-0.016,0,0,0
0.087280,4.11297,0.137,15.597,-0.012,0,0,0
0.087300,4.11392,0.170,15.536,0.063,0,0,0
0.087320,4.11486,0.029,15.342,0.047,0,0,0
0.087340,4.11580,0.118,15.260,0.010,0,0,0
0.087360,4.11674,0.091,15.197,0.002,0,0,0
0.087380,4.11769,0.054,15.042,0.096,0,0,0
0.087400,4.11863,0.099,14.972,0.028,0,0,0
0.087420,4.11957,0.100,14.963,0.061,0,0,0
0.087440,4.12051,0.109,14.834,0.041,0,0,0
0.087460,4.12146,0.108,14.691,0.014,0,0,0
0.087480,4.12240,0.077,14.633,0.002,0,0,0
0.087500,4.12334,0.080,14.583,-0.014,0,0,0
0.087520,4.12428,0.072,14.451,0.017,0,0,0
0.087540,4.12523,0.084,14.463,-0.072,0,0,0
0.087560,4.12617,0.069,14.237,-0.008,0,0,0
0.087580,4.12711,0.097,14.230,0.023,0,0,0
0.087600,4.12805,0.114,14.624,-0.025,0,540,0
0.087620,4.12900,0.048,14.935,0.006,0,540,0
0.087640,4.12994,0.123,15.316,0.061,0,540,0
0.087660,4.13088,0.103,15.719,0.071,0,540,0
0.087680,4.13182,0.165,15.870,0.121,0,0,0
0.087700,4.13277,0.167,15.734,0.002,0,0,0
0.087720,4.13371,0.045,15.715,0.081,0,0,0
0.087740,4.13465,0.154,15.541,0.048,0,0,0
0.087760,4.13559,-0.002,15.503,0.056,0,0,0
0.087780,4.13654,0.143,15.389,0.051,0,0,0
0.087800,4.13748,0.185,15.346,0.049,0,0,0
0.087820,4.13842,0.182,15.376,0.053,0,0,0
0.087840,4.13936,0.171,15.187,0.092,0,0,0
0.087860,4.14030,0.065,15.101,-0.043,0,0,0
0.087880,4.14125,0.128,15.019,0.002,0,0,0
0.087900,4.14219,0.090,14.935,-0.009,0,0,0
0.087920,4.14313,0.132,14.919,0.017,0,0,0
0.087940,4.14407,0.116,14.740,0.064,0,0,0
0.087960,4.14502,0.075,14.778,0.081,0,0,0
0.087980,4.14596,0.079,14.734,-0.003,0,0,0
0.088000,4.14690,0.020,14.551,-0.017,0,0,0
0.088020,4.14784,0.007,14.576,0.051,0,0,0
0.088040,4.14879,0.172,14.510,0.037,0,0,0
0.088060,4.14973,0.116,14.354,0.018,0,0,0
0.088080,4.15067,0.142,14.229,0.057,0,0,0
0.088100,4.15161,0.192,14.181,0.105,0,0,0
0.088120,4.15256,0.073,14.035,0.044,0,0,0
0.088140,4.15350,0.121,14.507,0.098,0,540,0
0.088160,4.15444,0.061,14.956,0.006,0,540,0
0.088180,4.15538,0.026,15.265,0.015,0,540,0
0.088200,4.15633,0.021,15.666,-0.015,0,540,0
0.088220,4.15727,0.032,15.599,-0.050,0,0,0
0.088240,4.15821,0.125,15.598,0.021,0,0,0
0.088260,4.15915,0.052,15.477,0.085,0,0,0
0.088280,4.16010,0.201,15.453,-0.041,0,0,0
0.088300,4.16104,0.092,15.349,-0.008,0,0,0
0.088320,4.16198,0.082,15.256,0.010,0,0,0
0.088340,4.16292,0.174,15.170,-0.003,0,0,0
0.088360,4.16387,0.142,15.231,-0.019,0,0,0
0.088380,4.16481,0.144,15.125,0.084,0,0,0
0.088400,4.16575,0.104,15.046,0.002,0,0,0
0.088420,4.16669,0.181,15.072,0.067,0,0,0
0.088440,4.16764,0.045,14.933,0.059,0,0,0
0.088460,4.16858,0.047,14.820,0.111,0,0,0
0.088480,4.16952,0.171,14.792,0.075,0,0,0
0.088500,4.17046,0.120,14.631,0.022,0,0,0
0.088520,4.17141,0.132,14.639,-0.025,0,0,0
0.088540,4.17235,0.085,14.649,0.022,0,0,0
0.088560,4.17329,0.133,14.614,0.014,0,0,0
0.088580,4.17423,0.106,14.533,0.069,0,0,0
0.088600,4.17518,0.163,14.451,0.024,0,0,0
0.088620,4.17612,0.116,14.406,0.090,0,0,0
0.088640,4.17706,0.143,14.458,-0.009,0,0,0
0.088660,4.17800,0.013,14.327,0.029,0,0,0
0.088680,4.17895,-0.021,14.359,0.091,0,0,0
0.088700,4.17989,0.058,14.218,0.009,0,0,0
0.088720,4.18083,0.043,14.155,-0.046,0,0,0
0.088740,4.18177,0.162,14.483,-0.011,0,540,0
0.088760,4.18272,0.089,14.850,0.115,0,540,0
0.088780,4.18366,0.126,15.196,0.080,0,540,0
0.088800,4.18460,0.071,15.647,-0.059,0,540,0
0.088820,4.18554,0.055,15.898,-0.021,0,0,0
0.088840,4.18649,0.087,15.715,-0.047,0,0,0
0.088860,4.18743,0.047,15.710,-0.021,0,0,0
0.088880,4.18837,0.061,15.731,0.062,0,0,0
0.088900,4.18931,0.178,15.607,0.102,0,0,0
0.088920,4.19026,0.188,15.589,0.003,0,0,0
0.088940,4.19120,0.114,15.528,0.060,0,0,0
0.088960,4.19214,0.156,15.483,0.011,0,0,0
0.088980,4.19308,0.205,15.406,0.057,0,0,0
0.089000,4.19403,0.081,15.439,0.089,0,0,0
0.089020,4.19497,0.115,15.366,0.095,0,0,0
0.089040,4.19591,0.125,15.237,0.004,0,0,0
0.089060,4.19685,0.026,15.273,-0.022,0,0,0
0.089080,4.19780,0.100,15.239,0.022,0,0,0
0.089100,4.19874,0.185,15.194,0.085,0,0,0
0.089120,4.19968,0.183,15.205,0.007,0,0,0
0.089140,4.20062,0.126,15.173,-0.007,0,0,0
0.089160,4.20157,0.042,15.097,0.035,0,0,0
0.089180,4.20251,0.171,15.061,0.015,0,0,0
0.089200,4.20345,0.118,15.080,-0.050,0,0,0
0.089220,4.20439,0.120,14.976,0.020,0,0,0
0.089240,4.20534,0.066,14.936,-0.089,0,0,0
0.089260,4.20628,0.174,14.821,0.039,0,0,0
0.089280,4.20722,0.111,14.915,0.033,0,0,0
0.089300,4.20816,0.154,14.777,0.021,0,0,0
0.089320,4.20911,0.104,14.674,0.097,0,0,0
0.089340,4.21005,0.088,14.801,-0.075,0,0,0
0.089360,4.21099,0.143,14.777,0.004,0,0,0
0.089380,4.21193,0.136,14.709,0.025,0,0,0
0.089400,4.21288,0.183,14.593,-0.003,0,0,0
0.089420,4.21382,0.110,14.703,0.028,0,0,0
0.089440,4.21476,0.079,14.571,0.115,0,0,0
0.089460,4.21570,0.173,14.464,0.010,0,0,0
0.089480,4.21665,0.008,14.510,0.081,0,0,0
0.089500,4.21759,0.076,14.500,-0.037,0,0,0
0.089520,4.21853,0.101,14.465,0.053,0,0,0
0.089540,4.21947,0.106,14.495,0.016,0,0,0
0.089560,4.22042,0.158,14.348,0.015,0,0,0
0.089580,4.22136,0.093,14.326,0.034,0,0,0
0.089600,4.22230,0.208,14.359,0.007,0,0,0
0.089620,4.22324,0.086,14.331,-0.009,0,0,0
0.089640,4.22419,0.059,14.316,-0.019,0,0,0
0.089660,4.22513,0.120,14.329,0.039,0,0,0
0.089680,4.22607,0.057,14.321,0.103,0,0,0
0.089700,4.22701,0.143,14.188,-0.042,0,0,0
0.089720,4.22796,0.092,14.696,0.011,0,540,0
0.089740,4.22890,0.044,14.915,-0.040,0,540,0
0.089760,4.22984,0.155,15.335,0.035,0,540,0
0.089780,4.23078,0.126,15.697,0.045,0,540,0
0.089800,4.23173,0.177,15.832,0.092,0,0,0
0.089820,4.23267,0.196,15.885,0.492,0,0,540
0.089840,4.23361,0.103,15.857,1.355,0,0,540
0.089860,4.23455,0.167,15.839,2.307,0,0,540
0.089880,4.23550,0.046,15.873,3.199,0,0,540
0.089900,4.23644,0.050,15.741,4.100,0,0,540
0.089920,4.23738,0.146,15.739,4.864,0,0,540
0.089940,4.23832,0.094,15.701,5.840,0,0,540
0.089960,4.23927,0.029,15.663,6.746,0,0,540
0.089980,4.24021,0.128,15.729,7.668,0,0,540
0.090000,4.24115,0.055,15.590,8.611,0,0,540
0.090020,4.24209,0.128,15.631,9.427,0,0,540
0.090040,4.24304,0.085,15.578,10.357,0,0,540
0.090060,4.24398,0.086,15.472,11.133,0,0,540
0.090080,4.24492,0.115,15.419,12.055,0,0,540
0.090100,4.24586,0.213,15.401,12.986,0,0,540
0.090120,4.24680,0.141,15.540,13.847,0,0,540
0.090140,4.24775,0.129,15.538,14.718,0,0,540
0.090160,4.24869,0.162,15.445,15.726,0,0,540
0.090180,4.24963,0.108,15.394,16.173,0,0,0
0.090200,4.25057,0.150,15.321,16.061,0,0,0
0.090220,4.25152,0.085,15.312,16.087,0,0,0
0.090240,4.25246,0.106,15.316,16.025,0,0,0
0.090260,4.25340,0.199,15.285,15.983,0,0,0
0.090280,4.25434,0.146,15.289,16.003,0,0,0
0.090300,4.25529,0.189,15.195,16.056,0,0,0
0.090320,4.25623,0.119,15.257,16.003,0,0,0
0.090340,4.25717,0.138,15.258,15.900,0,0,0
0.090360,4.25811,0.096,15.147,15.917,0,0,0
0.090380,4.25906,0.054,15.234,15.893,0,0,0
0.090400,4.26000,0.104,15.145,15.887,0,0,0
0.090420,4.26094,0.156,15.158,15.832,0,0,0
0.090440,4.26188,0.126,15.080,15.723,0,0,0
0.090460,4.26283,0.134,15.060,15.833,0,0,0
0.090480,4.26377,0.198,15.135,15.837,0,0,0
0.090500,4.26471,0.207,15.056,15.853,0,0,0
0.090520,4.26565,0.240,15.027,15.692,0,0,0
0.090540,4.26660,0.150,15.106,15.814,0,0,0
0.090560,4.26754,0.212,14.972,15.780,0,0,0
0.090580,4.26848,0.206,15.029,15.728,0,0,0
0.090600,4.26942,0.143,15.018,15.698,0,0,0
0.090620,4.27037,0.155,14.892,15.616,0,0,0
0.090640,4.27131,0.155,14.936,15.632,0,0,0
0.090660,4.27225,0.003,14.869,15.647,0,0,0
0.090680,4.27319,0.215,15.017,15.668,0,0,0
0.090700,4.27414,0.031,14.903,15.647,0,0,0
0.090720,4.27508,0.130,14.846,15.582,0,0,0
0.090740,4.27602,0.040,14.815,15.581,0,0,0
0.090760,4.27696,0.126,14.827,15.471,0,0,0
0.090780,4.27791,0.052,14.964,15.494,0,0,0
0.090800,4.27885,0.154,14.796,15.627,0,0,0
0.090820,4.27979,0.061,14.831,15.428,0,0,0
0.090840,4.28073,0.170,14.944,15.485,0,0,0
0.090860,4.28168,0.040,14.831,15.465,0,0,0
0.090880,4.28262,0.113,14.735,15.382,0,0,0
0.090900,4.28356,0.168,14.706,15.489,0,0,0
0.090920,4.28450,0.113,14.754,15.400,0,0,0
0.090940,4.28545,0.128,14.686,15.499,0,0,0
0.090960,4.28639,0.027,14.784,15.330,0,0,0
0.090980,4.28733,0.161,14.766,15.351,0,0,0
0.091000,4.28827,0.128,14.633,15.339,0,0,0
0.091020,4.28922,0.075,14.618,15.245,0,0,0
0.091040,4.29016,0.080,14.690,15.298,0,0,0
0.091060,4.29110,0.048,14.612,15.231,0,0,0
0.091080,4.29204,0.126,14.676,15.208,0,0,0
0.091100,4.29299,0.017,14.586,15.251,0,0,0
0.091120,4.29393,0.154,14.611,15.197,0,0,0
0.091140,4.29487,0.112,14.508,15.160,0,0,0
0.091160,4.29581,0.063,14.527,15.167,0,0,0
0.091180,4.29676,0.089,14.486,15.196,0,0,0
0.091200,4.29770,0.161,14.652,15.153,0,0,0
0.091220,4.29864,0.161,14.545,15.073,0,0,0
0.091240,4.29958,0.021,14.546,15.097,0,0,0
0.091260,4.30053,0.164,14.530,15.038,0,0,0
0.091280,4.30147,0.193,14.499,15.080,0,0,0
0.091300,4.30241,0.151,14.463,14.948,0,0,0
0.091320,4.30335,0.080,14.554,14.939,0,0,0
0.091340,4.30430,0.066,14.403,14.947,0,0,0
0.091360,4.30524,0.126,14.493,15.041,0,0,0
0.091380,4.30618,0.084,14.520,14.962,0,0,0
0.091400,4.30712,0.017,14.446,14.853,0,0,0
0.091420,4.30807,0.092,14.403,14.806,0,0,0
0.091440,4.30901,0.037,14.363,14.822,0,0,0
0.091460,4.30995,0.122,14.351,14.874,0,0,0
0.091480,4.31089,0.109,14.375,14.824,0,0,0
0.091500,4.31184,0.104,14.300,14.715,0,0,0
0.091520,4.31278,0.085,14.484,14.815,0,0,0
0.091540,4.31372,0.212,14.292,14.699,0,0,0
0.091560,4.31466,0.139,14.391,14.642,0,0,0
0.091580,4.31561,0.061,14.340,14.735,0,0,0
0.091600,4.31655,0.126,14.272,14.689,0,0,0
0.091620,4.31749,0.137,14.318,14.580,0,0,0
0.091640,4.31843,0.123,14.331,14.592,0,0,0
0.091660,4.31938,0.079,14.219,14.571,0,0,0
0.091680,4.32032,0.160,13.919,14.634,0,-540,0
0.091700,4.32126,0.094,13.531,14.561,0,-540,0
0.091720,4.32220,0.049,13.170,14.426,0,-540,0
0.091740,4.32315,0.159,12.876,14.497,0,-540,0
0.091760,4.32409,0.140,12.477,14.458,0,-540,0
0.091780,4.32503,0.160,12.108,14.445,0,-540,0
0.091800,4.32597,0.154,11.834,14.472,0,-540,0
0.091820,4.32692,0.084,11.569,14.328,0,-540,0
0.091840,4.32786,0.106,11.239,14.394,0,-540,0
0.091860,4.32880,0.110,10.942,14.381,0,-540,0
0.091880,4.32974,0.212,10.543,14.336,0,-540,0
0.091900,4.33069,0.110,10.332,14.213,0,-540,0
0.091920,4.33163,0.033,9.966,14.260,0,-540,0
0.091940,4.33257,0.133,9.833,14.207,0,-540,0
0.091960,4.33351,0.057,9.462,14.607,0,-540,540
0.091980,4.33446,0.120,9.239,15.502,0,-540,540
0.092000,4.33540,0.130,8.930,15.826,0,-540,0
0.092020,4.33634,0.141,8.644,15.907,0,-540,0
0.092040,4.33728,0.179,8.451,15.831,0,-540,0
0.092060,4.33823,0.159,8.168,15.860,0,-540,0
0.092080,4.33917,0.129,7.959,15.771,0,-540,0
0.092100,4.34011,0.127,7.643,15.749,0,-540,0
0.092120,4.34105,0.102,7.517,15.747,0,-540,0
0.092140,4.34200,0.181,7.331,15.662,0,-540,0
0.092160,4.34294,0.089,6.964,15.592,0,-540,0
0.092180,4.34388,0.048,6.852,15.550,0,-540,0
0.092200,4.34482,0.112,6.624,15.599,0,-540,0
0.092220,4.34577,0.239,6.363,15.623,0,-540,0
0.092240,4.34671,0.058,6.203,15.490,0,-540,0
0.092260,4.34765,0.140,5.957,15.438,0,-540,0
0.092280,4.34859,0.082,5.780,15.322,0,-540,0
0.092300,4.34954,0.053,5.571,15.352,0,-540,0
0.092320,4.35048,0.170,5.466,15.313,0,-540,0
0.092340,4.35142,0.092,5.259,15.298,0,-540,0
0.092360,4.35236,0.154,5.028,15.277,0,-540,0
0.092380,4.35330,0.061,4.808,15.282,0,-540,0
0.092400,4.35425,0.132,4.716,15.214,0,-540,0
0.092420,4.35519,0.128,4.497,15.130,0,-540,0
0.092440,4.35613,0.085,4.297,15.138,0,-540,0
0.092460,4.35707,0.159,4.181,15.105,0,-540,0
0.092480,4.35802,0.149,3.975,15.011,0,-540,0
0.092500,4.35896,0.159,3.849,15.041,0,-540,0
0.092520,4.35990,0.061,3.584,14.915,0,-540,0
0.092540,4.36084,0.104,3.441,14.918,0,-540,0
0.092560,4.36179,0.156,3.366,14.864,0,-540,0
0.092580,4.36273,0.178,3.092,14.917,0,-540,0
0.092600,4.36367,0.133,2.951,14.843,0,-540,0
0.092620,4.36461,0.195,2.747,14.759,0,-540,0
0.092640,4.36556,0.109,2.752,14.764,0,-540,0
0.092660,4.36650,0.109,2.482,14.605,0,-540,0
0.092680,4.36744,0.166,2.326,14.658,0,-540,0
0.092700,4.36838,0.189,2.143,14.564,0,-540,0
0.092720,4.36933,0.150,2.103,14.616,0,-540,0
0.092740,4.37027,0.191,1.912,14.549,0,-540,0
0.092760,4.37121,0.170,1.799,14.474,0,-540,0
0.092780,4.37215,0.071,1.591,14.422,0,-540,0
0.092800,4.37310,0.166,1.509,14.331,0,-540,0
0.092820,4.37404,0.139,1.411,14.378,0,-540,0
0.092840,4.37498,0.201,1.282,14.301,0,-540,0
0.092860,4.37592,0.169,1.048,14.580,0,-540,540
0.092880,4.37687,0.198,0.985,15.440,0,-540,540
0.092900,4.37781,0.115,0.780,16.224,0,-540,540
0.092920,4.37875,0.193,0.716,16.211,0,-540,0
0.092940,4.37969,0.317,0.642,16.217,0,-540,0
0.092960,4.38064,0.227,0.495,16.153,0,-540,0
0.092980,4.38158,0.170,0.253,16.078,0,-540,0
0.093000,4.38252,0.123,0.245,15.988,0,0,0
0.093020,4.38346,0.121,0.245,15.983,0,0,0
0.093040,4.38441,0.148,0.307,16.002,0,0,0
0.093060,4.38535,0.080,0.197,15.902,0,0,0
0.093080,4.38629,0.143,0.219,15.760,0,0,0
0.093100,4.38723,0.012,0.248,15.666,-540,0,0
0.093120,4.38818,0.047,0.160,15.652,0,0,0
0.093140,4.38912,-0.034,0.239,15.630,0,0,0
0.093160,4.39006,0.011,0.217,15.607,0,0,0
0.093180,4.39100,0.044,0.235,15.567,0,0,0
0.093200,4.39195,0.020,0.249,15.456,0,0,0
0.093220,4.39289,-0.018,0.278,15.419,0,0,0
0.093240,4.39383,0.050,0.270,15.343,0,0,0
0.093260,4.39477,0.021,0.158,15.259,0,0,0
0.093280,4.39572,0.059,0.267,15.261,0,0,0
0.093300,4.39666,0.040,0.241,15.205,0,0,0
0.093320,4.39760,0.061,0.174,15.119,0,0,0
0.093340,4.39854,0.035,0.268,15.047,0,0,0
0.093360,4.39949,0.023,0.191,14.993,0,0,0
0.093380,4.40043,-0.021,0.273,14.913,0,-540,0
0.093400,4.40137,-0.078,0.120,14.859,0,0,0
0.093420,4.40231,0.097,0.159,14.867,0,0,0
0.093440,4.40326,0.071,0.205,14.698,0,0,0
0.093460,4.40420,0.028,0.121,14.685,0,0,0
0.093480,4.40514,0.050,0.133,14.604,0,0,0
0.093500,4.40608,0.050,0.135,14.520,0,0,0
0.093520,4.40703,0.111,0.132,14.473,0,0,0
0.093540,4.40797,0.049,0.098,14.350,0,0,0
0.093560,4.40891,0.049,0.192,14.258,0,0,0
0.093580,4.40985,0.051,0.216,14.268,0,0,0
0.093600,4.41080,-0.051,0.210,14.996,0,0,540
0.093620,4.41174,0.011,0.162,15.753,0,0,540
0.093640,4.41268,0.082,0.158,16.018,0,0,0
0.093660,4.41362,0.049,0.145,15.987,0,0,0
0.093680,4.41457,0.063,0.184,15.881,0,0,0
0.093700,4.41551,0.074,0.171,15.895,0,0,0
0.093720,4.41645,-0.035,0.081,15.761,0,-540,0
0.093740,4.41739,-0.002,0.096,15.644,0,0,0
0.093760,4.41834,0.084,0.069,15.678,0,0,0
0.093780,4.41928,0.129,0.017,15.598,0,0,0
0.093800,4.42022,0.039,0.029,15.493,0,0,0
0.093820,4.42116,0.141,0.148,15.267,0,0,0
0.093840,4.42211,-0.021,0.138,15.326,0,0,0
0.093860,4.42305,0.083,0.056,15.182,0,0,0
0.093880,4.42399,-0.003,0.072,15.123,0,0,0
0.093900,4.42493,0.057,0.108,15.094,0,0,0
0.093920,4.42588,0.019,0.144,14.962,0,0,0
0.093940,4.42682,-0.002,0.155,14.992,0,0,0
0.093960,4.42776,-0.011,0.171,14.783,0,0,0
0.093980,4.42870,-0.003,0.153,14.673,0,0,0
0.094000,4.42965,-0.010,0.120,14.740,0,0,0
0.094020,4.43059,0.060,0.048,14.428,0,0,0
0.094040,4.43153,0.001,0.117,14.469,0,0,0
0.094060,4.43247,0.090,0.036,14.359,0,0,0
0.094080,4.43342,0.116,0.023,14.299,0,0,0
0.094100,4.43436,0.020,0.031,14.171,0,0,0
0.094120,4.43530,0.045,0.122,14.516,0,0,540
0.094140,4.43624,0.038,0.072,15.176,0,0,540
0.094160,4.43719,-0.036,0.128,15.892,0,0,540
0.094180,4.43813,0.063,0.196,15.773,0,0,0
0.094200,4.43907,0.078,0.125,15.534,0,0,0
0.094220,4.44001,0.045,0.185,15.511,0,0,0
0.094240,4.44096,-0.038,0.042,15.466,0,0,0
0.094260,4.44190,0.074,0.006,15.322,0,0,0
0.094280,4.44284,-0.034,0.049,15.269,0,0,0
0.094300,4.44378,0.077,0.111,15.217,0,0,0
0.094320,4.44473,0.036,0.075,15.054,0,0,0
0.094340,4.44567,0.010,0.080,14.945,0,0,0
0.094360,4.44661,0.010,0.137,14.853,0,0,0
0.094380,4.44755,-0.036,0.091,14.815,0,0,0
0.094400,4.44850,0.028,0.135,14.608,0,0,0
0.094420,4.44944,0.059,0.064,14.629,0,0,0
0.094440,4.45038,-0.044,0.038,14.437,0,0,0
0.094460,4.45132,0.146,0.062,14.327,0,0,0
0.094480,4.45227,0.096,0.079,14.263,0,0,0
0.094500,4.45321,0.106,0.107,14.123,0,0,0
0.094520,4.45415,0.002,0.140,14.757,0,0,540
0.094540,4.45509,0.054,0.009,15.457,0,0,540
0.094560,4.45604,0.122,0.078,16.019,0,0,540
0.094580,4.45698,0.033,0.056,15.903,0,0,0
0.094600,4.45792,0.045,0.133,15.820,0,0,0
0.094620,4.45886,0.168,0.110,15.837,0,0,0
0.094640,4.45980,0.153,0.103,15.572,0,0,0
0.094660,4.46075,0.117,0.064,15.383,0,0,0
0.094680,4.46169,0.130,0.103,15.384,0,0,0
0.094700,4.46263,0.087,0.129,15.369,0,0,0
0.094720,4.46357,0.096,0.024,15.004,0,0,0
0.094740,4.46452,0.060,0.034,15.106,0,0,0
0.094760,4.46546,0.049,0.168,14.849,0,0,0
0.094780,4.46640,0.061,0.044,14.840,0,0,0
0.094800,4.46734,0.075,0.140,14.739,0,0,0
0.094820,4.46829,0.042,0.130,14.457,0,0,0
0.094840,4.46923,0.051,0.116,14.481,0,0,0
0.094860,4.47017,0.099,0.202,14.277,0,0,0
0.094880,4.47111,0.103,0.123,14.116,0,0,0
0.094900,4.47206,0.054,0.206,14.783,0,0,540
0.094920,4.47300,0.058,0.134,15.272,0,0,540
0.094940,4.47394,0.095,0.157,15.885,0,0,540
0.094960,4.47488,0.011,0.056,15.879,0,0,0
0.094980,4.47583,-0.003,-0.066,15.668,0,0,0
0.095000,4.47677,0.103,0.022,15.609,0,0,0
0.095020,4.47771,0.112,0.061,15.340,0,0,0
0.095040,4.47865,-0.019,0.085,15.238,0,0,0
0.095060,4.47960,0.167,0.099,15.177,0,0,0
0.095080,4.48054,0.149,0.146,14.984,0,0,0
0.095100,4.48148,0.046,0.042,14.923,0,0,0
0.095120,4.48242,0.035,0.108,14.719,0,0,0
0.095140,4.48337,0.035,0.123,14.668,0,0,0
0.095160,4.48431,0.096,0.162,14.580,0,0,0
0.095180,4.48525,0.004,0.069,14.398,0,0,0
0.095200,4.48619,0.092,0.044,14.385,0,0,0
0.095220,4.48714,0.116,0.107,14.459,0,0,540
0.095240,4.48808,0.026,0.085,14.985,0,0,540
0.095260,4.48902,0.033,0.089,15.557,0,0,540
0.095280,4.48996,0.123,-0.015,15.683,0,0,0
0.095300,4.49091,0.037,0.202,15.556,0,0,0
0.095320,4.49185,0.137,0.061,15.453,0,0,0
0.095340,4.49279,0.074,0.035,15.227,0,0,0
0.095360,4.49373,0.069,0.136,15.181,0,0,0
0.095380,4.49468,0.116,0.164,15.035,0,0,0
0.095400,4.49562,0.126,0.116,14.862,0,0,0
0.095420,4.49656,0.048,0.092,14.691,0,0,0
0.095440,4.49750,0.053,0.135,14.646,0,0,0
0.095460,4.49845,0.058,0.101,14.469,0,0,0
0.095480,4.49939,0.157,0.059,14.351,0,0,0
0.095500,4.50033,0.089,0.020,14.153,0,0,0
0.095520,4.50127,0.047,0.019,14.796,0,0,540
0.095540,4.50222,0.085,0.151,15.302,0,0,540
0.095560,4.50316,0.047,0.107,15.616,0,0,540
0.095580,4.50410,0.023,0.019,16.150,0,0,540
0.095600,4.50504,0.001,0.132,16.047,0,0,0
0.095620,4.50599,0.039,0.016,15.747,0,0,0
0.095640,4.50693,0.175,0.076,15.588,0,0,0
0.095660,4.50787,0.007,0.101,15.499,0,0,0
0.095680,4.50881,0.166,0.119,15.284,0,0,0
0.095700,4.50976,0.111,0.221,15.284,0,0,0
0.095720,4.51070,0.110,0.101,14.979,0,0,0
0.095740,4.51164,0.120,0.106,14.901,0,0,0
0.095760,4.51258,0.128,0.194,14.774,0,0,0
0.095780,4.51353,0.128,0.038,14.652,0,0,0
0.095800,4.51447,0.024,0.153,14.497,0,0,0
0.095820,4.51541,0.136,0.140,14.367,0,0,0
0.095840,4.51635,0.035,0.070,14.231,0,0,0
0.095860,4.51730,0.061,0.076,14.245,0,0,540
0.095880,4.51824,0.043,0.097,14.822,0,0,540
0.095900,4.51918,-0.007,0.070,15.256,0,0,540
0.095920,4.52012,0.037,0.085,15.687,0,0,540
0.095940,4.52107,0.107,0.047,15.812,0,0,0
0.095960,4.52201,0.044,0.120,15.655,0,0,0
0.095980,4.52295,0.161,0.115,15.526,0,0,0
0.096000,4.52389,0.074,0.097,15.341,0,0,0
0.096020,4.52484,0.088,0.022,15.207,0,0,0
0.096040,4.52578,0.145,0.108,15.059,0,0,0
0.096060,4.52672,0.066,0.064,14.910,0,0,0
0.096080,4.52766,0.139,0.134,14.736,0,0,0
0.096100,4.52861,0.121,0.182,14.574,0,0,0
0.096120,4.52955,0.056,0.036,14.437,0,0,0
0.096140,4.53049,0.063,0.036,14.325,0,0,0
0.096160,4.53143,0.146,0.036,14.423,0,0,540
0.096180,4.53238,0.123,-0.094,14.855,0,0,540
0.096200,4.53332,0.041,0.172,15.268,0,0,540
0.096220,4.53426,0.121,0.086,15.546,0,0,540
0.096240,4.53520,0.074,0.157,15.786,0,0,0
0.096260,4.53615,0.065,0.186,15.547,0,0,0
0.096280,4.53709,0.227,0.032,15.399,0,0,0
0.096300,4.53803,-0.024,0.041,15.351,0,0,0
0.096320,4.53897,-0.006,0.149,15.078,0,0,0
0.096340,4.53992,0.096,0.100,14.914,0,0,0
0.096360,4.54086,0.076,0.051,14.849,0,0,0
0.096380,4.54180,-0.015,0.097,14.587,0,0,0
0.096400,4.54274,0.096,0.077,14.476,0,0,0
0.096420,4.54369,0.071,0.102,14.324,0,0,0
0.096440,4.54463,0.063,0.143,14.240,0,0,0
0.096460,4.54557,0.005,0.027,14.381,0,0,540
0.096480,4.54651,0.069,0.178,14.679,0,0,540
0.096500,4.54746,0.043,0.175,15.007,0,0,540
0.096520,4.54840,0.096,0.132,15.413,0,0,540
0.096540,4.54934,0.064,0.105,15.791,0,0,540
0.096560,4.55028,0.090,0.127,15.653,0,0,0
0.096580,4.55123,0.179,0.132,15.544,0,0,0
0.096600,4.55217,0.107,0.091,15.370,0,0,0
0.096620,4.55311,0.007,0.073,15.180,0,0,0
0.096640,4.55405,0.093,0.103,15.004,0,0,0
0.096660,4.55500,0.105,0.049,14.820,0,0,0
0.096680,4.55594,0.129,0.077,14.656,0,0,0
0.096700,4.55688,0.140,0.112,14.569,0,0,0
0.096720,4.55782,0.081,0.015,14.364,0,0,0
0.096740,4.55877,0.052,0.031,14.318,0,0,0
0.096760,4.55971,0.096,0.114,14.154,0,0,0
0.096780,4.56065,0.105,0.156,14.481,0,0,540
0.096800,4.56159,0.049,0.035,14.780,0,0,540
0.096820,4.56254,0.077,0.041,15.216,0,0,540
0.096840,4.56348,0.105,0.126,15.434,0,0,540
0.096860,4.56442,0.094,0.065,15.780,0,0,540
0.096880,4.56536,0.158,0.112,15.664,0,0,0
0.096900,4.56630,0.068,0.036,15.464,0,0,0
0.096920,4.56725,0.106,0.066,15.438,0,0,0
0.096940,4.56819,0.020,0.124,15.257,0,0,0
0.096960,4.56913,0.125,0.043,15.081,0,0,0
0.096980,4.57007,0.141,0.116,14.916,0,0,0
0.097000,4.57102,0.044,0.060,14.767,0,0,0
0.097020,4.57196,0.134,0.153,14.756,0,0,0
0.097040,4.57290,0.148,0.058,14.571,0,0,0
0.097060,4.57384,0.127,0.027,14.421,0,0,0
0.097080,4.57479,0.095,0.046,14.296,0,0,0
0.097100,4.57573,0.170,0.077,14.543,0,0,540
0.097120,4.57667,0.144,0.049,14.765,0,0,540
0.097140,4.57761,0.120,0.077,15.131,0,0,540
0.097160,4.57856,0.054,0.165,15.462,0,0,540
0.097180,4.57950,0.060,0.125,15.702,0,0,540
0.097200,4.58044,0.150,0.120,15.926,0,0,0
0.097220,4.58138,0.091,0.104,15.686,0,0,0
0.097240,4.58233,0.171,0.046,15.585,0,0,0
0.097260,4.58327,0.129,0.044,15.391,0,0,0
0.097280,4.58421,0.060,0.112,15.254,0,0,0
0.097300,4.58515,0.015,0.097,15.097,0,0,0
0.097320,4.58610,0.198,0.106,14.985,0,0,0
0.097340,4.58704,0.135,0.207,14.888,0,0,0
0.097360,4.58798,0.048,0.126,14.742,0,0,0
0.097380,4.58892,0.058,0.157,14.629,0,0,0
0.097400,4.58987,0.159,0.127,14.396,0,0,0
0.097420,4.59081,0.038,0.137,14.346,0,0,0
0.097440,4.59175,0.106,-0.016,14.267,0,0,0
0.097460,4.59269,0.203,0.132,14.283,0,0,540
0.097480,4.59364,0.170,0.032,14.591,0,0,540
0.097500,4.59458,0.176,0.098,14.834,0,0,540
0.097520,4.59552,0.138,0.165,15.177,0,0,540
0.097540,4.59646,0.031,0.113,15.431,0,0,540
0.097560,4.59741,0.109,0.103,15.708,0,0,540
0.097580,4.59835,0.183,0.125,15.867,0,0,0
0.097600,4.59929,0.050,0.107,15.726,0,0,0
0.097620,4.60023,0.217,0.122,15.552,0,0,0
0.097640,4.60118,0.137,0.105,15.366,0,0,0
0.097660,4.60212,0.114,0.147,15.354,0,0,0
0.097680,4.60306,-0.021,0.127,15.150,0,0,0
0.097700,4.60400,0.061,0.090,15.026,0,0,0
0.097720,4.60495,0.128,0.079,15.013,0,0,0
0.097740,4.60589,0.079,0.146,14.761,0,0,0
0.097760,4.60683,0.120,0.145,14.623,0,0,0
0.097780,4.60777,0.100,0.098,14.582,0,0,0
0.097800,4.60872,0.101,0.024,14.447,0,0,0
0.097820,4.60966,-0.041,0.097,14.329,0,0,0
0.097840,4.61060,0.130,0.049,14.426,0,0,540
0.097860,4.61154,0.102,0.124,14.740,0,0,540
0.097880,4.61249,0.116,0.046,14.992,0,0,540
0.097900,4.61343,0.090,0.016,15.155,0,0,540
0.097920,4.61437,0.054,0.039,15.553,0,0,540
0.097940,4.61531,0.110,0.068,15.788,0,0,540
0.097960,4.61626,0.142,0.129,15.682,0,0,0
0.097980,4.61720,0.115,0.141,15.582,0,0,0
0.098000,4.61814,0.056,0.162,15.473,0,0,0
0.098020,4.61908,0.079,-0.020,15.409,0,0,0
0.098040,4.62003,0.145,0.063,15.164,0,0,0
0.098060,4.62097,0.000,0.083,15.099,0,0,0
0.098080,4.62191,0.043,0.040,14.990,0,0,0
0.098100,4.62285,0.063,0.074,14.866,0,0,0
0.098120,4.62380,0.103,0.096,14.848,0,0,0
0.098140,4.62474,0.062,-0.013,14.717,0,0,0
0.098160,4.62568,0.163,0.079,14.580,0,0,0
0.098180,4.62662,0.125,0.168,14.367,0,0,0
0.098200,4.62757,0.086,0.025,14.405,0,0,0
0.098220,4.62851,0.159,0.127,14.185,0,0,0
0.098240,4.62945,0.066,0.127,14.153,0,0,0
0.098260,4.63039,0.036,0.185,14.370,0,0,540
0.098280,4.63134,0.098,0.080,14.658,0,0,540
0.098300,4.63228,0.148,0.167,14.978,0,0,540
0.098320,4.63322,0.122,0.094,15.217,0,0,540
0.098340,4.63416,0.033,0.018,15.575,0,0,540
0.098360,4.63511,0.074,0.064,15.854,0,0,540
0.098380,4.63605,0.077,0.066,15.641,0,0,0
0.098400,4.63699,-0.015,0.161,15.521,0,0,0
0.098420,4.63793,0.178,0.060,15.443,0,0,0
0.098440,4.63888,0.128,0.160,15.410,0,0,0
0.098460,4.63982,0.113,-0.025,15.324,0,0,0
0.098480,4.64076,0.027,0.063,15.131,0,0,0
0.098500,4.64170,0.010,0.141,15.058,0,0,0
0.098520,4.64265,0.072,0.158,14.936,0,0,0
0.098540,4.64359,0.166,0.057,14.981,0,0,0
0.098560,4.64453,0.103,0.135,14.781,0,0,0
0.098580,4.64547,0.160,0.194,14.652,0,0,0
0.098600,4.64642,0.110,0.120,14.659,0,0,0
0.098620,4.64736,0.115,0.113,14.508,0,0,0
0.098640,4.64830,0.089,0.053,14.453,0,0,0
0.098660,4.64924,0.165,0.127,14.385,0,0,0
0.098680,4.65019,0.065,0.129,14.276,0,0,0
0.098700,4.65113,0.127,0.042,14.266,0,0,0
0.098720,4.65207,0.055,0.056,14.430,0,0,540
0.098740,4.65301,0.156,0.146,14.764,0,0,540
0.098760,4.65396,0.040,0.085,15.043,0,0,540
0.098780,4.65490,0.131,0.149,15.295,0,0,540
0.098800,4.65584,0.058,0.247,15.609,0,0,540
0.098820,4.65678,0.081,0.212,15.844,0,0,540
0.098840,4.65773,0.029,0.073,15.722,0,0,0
0.098860,4.65867,0.101,0.077,15.674,0,0,0
0.098880,4.65961,0.132,0.162,15.566,0,0,0
0.098900,4.66055,0.102,0.140,15.427,0,0,0
0.098920,4.66150,0.151,0.113,15.369,0,0,0
0.098940,4.66244,0.067,0.125,15.305,0,0,0
0.098960,4.66338,0.187,0.073,15.243,0,0,0
0.098980,4.66432,0.077,0.114,15.134,0,0,0
0.099000,4.66527,0.127,0.116,15.057,0,0,0
0.099020,4.66621,0.123,-0.000,15.015,0,0,0
0.099040,4.66715,0.001,0.066,14.964,0,0,0
0.099060,4.66809,0.096,0.153,14.823,0,0,0
0.099080,4.66904,0.126,0.138,14.830,0,0,0
0.099100,4.66998,0.086,0.126,14.721,0,0,0
0.099120,4.67092,0.109,0.050,14.704,0,0,0
0.099140,4.67186,-0.015,0.106,14.592,0,0,0
0.099160,4.67280,0.178,0.103,14.610,0,0,0
0.099180,4.67375,0.097,0.053,14.573,0,0,0
0.099200,4.67469,0.043,0.035,14.432,0,0,0
0.099220,4.67563,0.097,0.112,14.226,0,0,0
0.099240,4.67657,0.178,0.152,14.281,0,0,0
0.099260,4.67752,0.094,0.193,14.178,0,0,0
0.099280,4.67846,0.100,0.174,14.306,0,0,540
0.099300,4.67940,0.057,0.156,14.497,0,0,540
0.099320,4.68034,0.087,0.102,14.839,0,0,540
0.099340,4.68129,0.030,0.054,15.061,0,0,540
0.099360,4.68223,0.057,0.126,15.380,0,0,540
0.099380,4.68317,0.049,0.129,15.656,0,0,540
0.099400,4.68411,0.179,0.060,15.893,0,0,540
0.099420,4.68506,0.120,0.027,15.852,0,0,0
0.099440,4.68600,0.131,0.140,15.718,0,0,0
0.099460,4.68694,0.163,0.098,15.691,0,0,0
0.099480,4.68788,0.115,0.151,15.671,0,0,0
0.099500,4.68883,0.142,0.086,15.538,0,0,0
0.099520,4.68977,0.137,0.086,15.557,0,0,0
0.099540,4.69071,0.045,0.108,15.398,0,0,0
0.099560,4.69165,0.090,0.161,15.382,0,0,0
0.099580,4.69260,0.043,0.077,15.416,0,0,0
0.099600,4.69354,0.183,0.099,15.332,0,0,0
0.099620,4.69448,0.114,0.110,15.258,0,0,0
0.099640,4.69542,0.055,0.137,15.193,0,0,0
0.099660,4.69637,0.056,0.078,15.026,0,0,0
0.099680,4.69731,0.040,0.200,15.178,0,0,0
0.099700,4.69825,0.148,0.092,14.959,0,0,0
0.099720,4.69919,0.157,0.132,15.016,0,0,0
0.099740,4.70014,0.033,0.038,14.876,0,0,0
0.099760,4.70108,0.062,0.060,14.828,0,0,0
0.099780,4.70202,0.068,0.098,14.830,0,0,0
0.099800,4.70296,0.095,0.145,14.739,0,0,0
0.099820,4.70391,0.068,0.117,14.707,0,0,0
0.099840,4.70485,0.092,0.163,14.668,0,0,0
0.099860,4.70579,0.077,0.143,14.645,0,0,0
0.099880,4.70673,0.039,0.107,14.602,0,0,0
0.099900,4.70768,0.055,0.069,14.505,0,0,0
0.099920,4.70862,0.092,0.027,14.526,0,0,0
0.099940,4.70956,0.075,0.048,14.428,0,0,0
0.099960,4.71050,0.118,0.067,14.345,0,0,0
0.099980,4.71145,0.077,0.116,14.314,0,0,0
