# Вариант 6. Скорость 300 об/мин, задание тока 10 А, углы 10/150 эл. град, Udc 540 В, R фазы 0,6 Ом (паспорт)
# t_s,theta_mech_sensor_rad,ia_A,ib_A,ic_A,ua_V,ub_V,uc_V
0.000000,0.00000,0.133,-0.011,0.006,0,0,540
0.000020,0.00063,0.062,0.046,0.238,0,0,540
0.000040,0.00126,-0.025,-0.051,0.211,0,0,540
0.000060,0.00188,-0.013,-0.089,0.400,0,0,540
0.000080,0.00251,-0.052,-0.062,0.389,0,0,540
0.000100,0.00314,-0.013,-0.021,0.441,0,0,540
0.000120,0.00377,0.022,0.052,0.666,0,0,540
0.000140,0.00440,0.014,-0.019,0.701,0,0,540
0.000160,0.00503,-0.024,-0.043,0.892,0,0,540
0.000180,0.00565,-0.008,0.031,0.952,0,0,540
0.000200,0.00628,-0.006,0.005,0.966,0,0,540
0.000220,0.00691,-0.070,-0.013,1.153,0,0,540
0.000240,0.00754,0.007,0.009,1.289,0,0,540
0.000260,0.00817,0.032,0.034,1.433,0,0,540
0.000280,0.00880,-0.030,0.006,1.542,0,0,540
0.000300,0.00942,-0.006,0.026,1.678,0,0,540
0.000320,0.01005,-0.043,-0.076,1.831,0,0,540
0.000340,0.01068,-0.037,-0.007,1.871,0,0,540
0.000360,0.01131,-0.051,-0.044,1.963,0,0,540
0.000380,0.01194,-0.124,0.024,1.898,0,0,540
0.000400,0.01257,-0.071,0.070,2.272,0,0,540
0.000420,0.01319,-0.110,0.046,2.292,0,0,540
0.000440,0.01382,0.032,0.008,2.358,0,0,540
0.000460,0.01445,0.009,-0.064,2.455,0,0,540
0.000480,0.01508,-0.056,-0.115,2.568,0,0,540
0.000500,0.01571,0.031,-0.038,2.780,0,0,540
0.000520,0.01634,0.007,0.002,2.879,0,0,540
0.000540,0.01696,0.055,-0.008,3.057,0,0,540
0.000560,0.01759,0.006,-0.094,3.123,0,0,540
0.000580,0.01822,0.064,0.048,3.292,0,0,540
0.000600,0.01885,-0.018,0.000,3.335,0,0,540
0.000620,0.01948,-0.012,-0.096,3.522,0,0,540
0.000640,0.02011,0.050,0.080,3.676,0,0,540
0.000660,0.02073,-0.034,0.032,3.783,0,0,540
0.000680,0.02136,-0.034,-0.074,3.884,0,0,540
0.000700,0.02199,-0.008,-0.034,4.094,0,0,540
0.000720,0.02262,0.068,0.004,4.158,0,0,540
0.000740,0.02325,-0.018,-0.035,4.312,0,0,540
0.000760,0.02388,0.101,0.010,4.367,0,0,540
0.000780,0.02450,-0.006,0.009,4.514,0,0,540
0.000800,0.02513,0.141,-0.048,4.790,0,0,540
0.000820,0.02576,-0.037,-0.000,4.838,0,0,540
0.000840,0.02639,-0.007,-0.043,5.020,0,0,540
0.000860,0.02702,-0.040,-0.056,5.132,0,0,540
0.000880,0.02765,-0.003,-0.036,5.345,0,0,540
0.000900,0.02827,0.082,-0.045,5.336,0,0,540
0.000920,0.02890,-0.006,0.004,5.469,0,0,540
0.000940,0.02953,0.095,-0.008,5.683,0,0,540
0.000960,0.03016,-0.044,-0.042,5.883,0,0,540
0.000980,0.03079,0.010,0.014,5.975,0,0,540
0.001000,0.03142,-0.080,-0.021,6.176,0,0,540
0.001020,0.03204,0.030,-0.042,6.333,0,0,540
0.001040,0.03267,0.034,0.067,6.456,0,0,540
0.001060,0.03330,-0.021,0.037,6.601,0,0,540
0.001080,0.03393,-0.005,0.033,6.621,0,0,540
0.001100,0.03456,0.007,0.018,6.835,0,0,540
0.001120,0.03519,-0.043,-0.013,7.071,0,0,540
0.001140,0.03581,0.004,0.079,7.305,0,0,540
0.001160,0.03644,-0.007,0.128,7.389,0,0,540
0.001180,0.03707,0.018,0.019,7.631,0,0,540
0.001200,0.03770,-0.041,-0.057,7.736,0,0,540
0.001220,0.03833,0.021,-0.015,7.951,0,0,540
0.001240,0.03896,0.087,0.077,8.189,0,0,540
0.001260,0.03958,-0.023,0.050,8.335,0,0,540
0.001280,0.04021,-0.005,-0.065,8.454,0,0,540
0.001300,0.04084,-0.030,-0.046,8.613,0,0,540
0.001320,0.04147,-0.026,0.006,8.885,0,0,540
0.001340,0.04210,0.011,-0.006,9.128,0,0,540
0.001360,0.04273,-0.068,-0.120,9.344,0,0,540
0.001380,0.04335,-0.009,-0.016,9.425,0,0,540
0.001400,0.04398,0.942,-0.019,9.603,540,0,540
0.001420,0.04461,1.846,-0.062,9.829,540,0,540
0.001440,0.04524,2.741,0.083,10.026,540,0,540
0.001460,0.04587,3.616,-0.092,10.244,540,0,540
0.001480,0.04650,4.465,-0.049,10.412,540,0,540
0.001500,0.04712,5.464,0.033,10.599,540,0,540
0.001520,0.04775,6.342,-0.034,10.898,540,0,540
0.001540,0.04838,7.256,0.070,10.804,540,0,0
0.001560,0.04901,8.138,0.009,10.856,540,0,0
0.001580,0.04964,9.062,-0.070,10.806,540,0,0
0.001600,0.05027,9.918,-0.040,10.870,540,0,0
0.001620,0.05089,10.639,0.083,10.841,540,0,0
0.001640,0.05152,11.183,-0.019,10.733,0,0,0
0.001660,0.05215,11.100,0.020,10.751,0,0,0
0.001680,0.05278,11.190,0.029,10.797,0,0,0
0.001700,0.05341,11.140,-0.037,10.784,0,0,0
0.001720,0.05404,11.164,-0.029,10.733,0,0,0
0.001740,0.05466,11.074,0.022,10.825,0,0,0
0.001760,0.05529,11.043,0.003,10.708,0,0,0
0.001780,0.05592,11.050,-0.039,10.818,0,0,0
0.001800,0.05655,11.104,0.013,10.645,0,0,0
0.001820,0.05718,11.059,0.047,10.706,0,0,0
0.001840,0.05781,11.038,-0.089,10.646,0,0,0
0.001860,0.05843,11.080,0.017,10.641,0,0,0
0.001880,0.05906,11.082,-0.033,10.742,0,0,0
0.001900,0.05969,10.997,0.001,10.673,0,0,0
0.001920,0.06032,10.966,-0.039,10.738,0,0,0
0.001940,0.06095,11.023,-0.076,10.743,0,0,0
0.001960,0.06158,11.067,-0.036,10.629,0,0,0
0.001980,0.06220,10.978,-0.041,10.637,0,0,0
0.002000,0.06283,11.004,0.055,10.556,0,0,0
0.002020,0.06346,10.971,0.018,10.644,0,0,0
0.002040,0.06409,11.032,-0.010,10.598,0,0,0
0.002060,0.06472,10.886,0.099,10.607,0,0,0
0.002080,0.06535,10.946,-0.023,10.515,0,0,0
0.002100,0.06597,10.842,0.023,10.620,0,0,0
0.002120,0.06660,10.859,-0.114,10.497,0,0,0
0.002140,0.06723,10.929,0.054,10.569,0,0,0
0.002160,0.06786,10.841,0.105,10.521,0,0,0
0.002180,0.06849,10.918,-0.028,10.613,0,0,0
0.002200,0.06912,10.934,-0.068,10.599,0,0,0
0.002220,0.06974,10.818,-0.073,10.556,0,0,0
0.002240,0.07037,10.774,-0.035,10.574,0,0,0
0.002260,0.07100,10.766,0.105,10.513,0,0,0
0.002280,0.07163,10.775,0.063,10.539,0,0,0
0.002300,0.07226,10.780,-0.076,10.513,0,0,0
0.002320,0.07288,10.809,-0.037,10.527,0,0,0
0.002340,0.07351,10.760,0.054,10.512,0,0,0
0.002360,0.07414,10.657,-0.056,10.472,0,0,0
0.002380,0.07477,10.805,0.019,10.499,0,0,0
0.002400,0.07540,10.723,-0.004,10.439,0,0,0
0.002420,0.07603,10.689,-0.053,10.411,0,0,0
0.002440,0.07665,10.616,0.023,10.485,0,0,0
0.002460,0.07728,10.710,0.059,10.498,0,0,0
0.002480,0.07791,10.743,-0.078,10.444,0,0,0
0.002500,0.07854,10.610,-0.079,10.478,0,0,0
0.002520,0.07917,10.747,0.071,10.455,0,0,0
0.002540,0.07980,10.651,0.038,10.428,0,0,0
0.002560,0.08042,10.691,0.034,10.392,0,0,0
0.002580,0.08105,10.605,-0.031,10.370,0,0,0
0.002600,0.08168,10.679,0.020,10.387,0,0,0
0.002620,0.08231,10.567,0.002,10.430,0,0,0
0.002640,0.08294,10.498,0.032,10.397,0,0,0
0.002660,0.08357,10.663,0.054,10.389,0,0,0
0.002680,0.08419,10.521,0.020,10.367,0,0,0
0.002700,0.08482,10.584,0.096,10.356,0,0,0
0.002720,0.08545,10.581,0.052,10.404,0,0,0
0.002740,0.08608,10.464,0.004,10.349,0,0,0
0.002760,0.08671,10.527,-0.067,10.292,0,0,0
0.002780,0.08734,10.478,0.015,10.370,0,0,0
0.002800,0.08796,10.525,-0.080,10.354,0,0,0
0.002820,0.08859,10.456,-0.018,10.288,0,0,0
0.002840,0.08922,10.470,-0.001,10.339,0,0,0
0.002860,0.08985,10.511,0.012,10.467,0,0,0
0.002880,0.09048,10.496,0.054,10.321,0,0,0
0.002900,0.09111,10.483,-0.031,10.289,0,0,0
0.002920,0.09173,10.419,0.007,10.235,0,0,0
0.002940,0.09236,10.448,-0.003,10.290,0,0,0
0.002960,0.09299,10.471,0.056,10.290,0,0,0
0.002980,0.09362,10.399,0.001,10.340,0,0,0
0.003000,0.09425,10.383,-0.058,10.280,0,0,0
0.003020,0.09488,10.342,0.023,10.241,0,0,0
0.003040,0.09550,10.310,-0.058,10.382,0,0,0
0.003060,0.09613,10.244,0.062,10.206,0,0,0
0.003080,0.09676,10.309,-0.057,10.180,0,0,0
0.003100,0.09739,10.296,0.085,10.225,0,0,0
0.003120,0.09802,10.200,-0.033,10.205,0,0,0
0.003140,0.09865,10.241,-0.040,10.208,0,0,0
0.003160,0.09927,10.340,-0.029,10.204,0,0,0
0.003180,0.09990,10.227,0.019,10.245,0,0,0
0.003200,0.10053,10.184,-0.056,10.214,0,0,0
0.003220,0.10116,10.285,0.005,10.177,0,0,0
0.003240,0.10179,10.259,-0.045,10.251,0,0,0
0.003260,0.10242,10.244,-0.026,10.156,0,0,0
0.003280,0.10304,10.263,-0.032,10.236,0,0,0
0.003300,0.10367,10.092,0.081,10.211,0,0,0
0.003320,0.10430,10.222,0.010,10.261,0,0,0
0.003340,0.10493,10.205,0.021,10.201,0,0,0
0.003360,0.10556,10.166,-0.028,10.163,0,0,0
0.003380,0.10619,10.146,0.038,10.198,0,0,0
0.003400,0.10681,10.215,0.052,10.247,0,0,0
0.003420,0.10744,10.133,-0.010,10.193,0,0,0
0.003440,0.10807,10.074,-0.037,10.159,0,0,0
0.003460,0.10870,9.997,-0.017,9.962,0,0,0
0.003480,0.10933,9.996,-0.006,10.263,0,0,0
0.003500,0.10996,9.970,0.006,10.218,0,0,0
0.003520,0.11058,9.948,-0.042,10.149,0,0,0
0.003540,0.11121,10.144,0.010,10.105,0,0,0
0.003560,0.11184,10.047,-0.042,10.128,0,0,0
0.003580,0.11247,10.082,0.047,10.064,0,0,0
0.003600,0.11310,9.999,-0.058,10.134,0,0,0
0.003620,0.11373,9.883,-0.030,10.123,0,0,0
0.003640,0.11435,9.921,0.095,10.066,0,0,0
0.003660,0.11498,9.901,0.051,10.127,0,0,0
0.003680,0.11561,9.931,-0.034,10.085,0,0,0
0.003700,0.11624,10.041,-0.070,10.095,0,0,0
0.003720,0.11687,9.954,-0.102,10.195,0,0,0
0.003740,0.11750,9.796,-0.032,10.134,0,0,0
0.003760,0.11812,9.929,-0.134,10.108,0,0,0
0.003780,0.11875,9.872,0.045,10.133,0,0,0
0.003800,0.11938,9.811,0.005,10.018,0,0,0
0.003820,0.12001,9.859,-0.016,10.048,0,0,0
0.003840,0.12064,9.862,0.015,10.143,0,0,0
0.003860,0.12127,9.816,0.026,9.987,0,0,0
0.003880,0.12189,9.828,0.001,10.019,0,0,0
0.003900,0.12252,9.756,0.000,10.115,0,0,0
0.003920,0.12315,9.793,0.030,10.085,0,0,0
0.003940,0.12378,9.799,-0.017,9.985,0,0,0
0.003960,0.12441,9.743,-0.020,10.040,0,0,0
0.003980,0.12504,9.746,0.022,10.026,0,0,0
0.004000,0.12566,9.760,0.040,10.087,0,0,0
0.004020,0.12629,9.624,0.009,10.087,0,0,0
0.004040,0.12692,9.689,-0.003,10.080,0,0,0
0.004060,0.12755,9.657,-0.063,10.028,0,0,0
0.004080,0.12818,9.656,0.118,10.079,0,0,0
0.004100,0.12881,9.610,-0.026,10.056,0,0,0
0.004120,0.12943,9.540,0.045,9.990,0,0,0
0.004140,0.13006,9.514,0.036,10.024,0,0,0
0.004160,0.13069,9.691,0.023,10.060,0,0,0
0.004180,0.13132,9.633,-0.049,9.887,0,0,-540
0.004200,0.13195,9.582,0.031,9.634,0,0,-540
0.004220,0.13258,9.533,0.088,9.430,0,0,-540
0.004240,0.13320,9.549,0.158,9.109,0,0,-540
0.004260,0.13383,9.491,0.026,9.021,0,0,-540
0.004280,0.13446,9.545,-0.050,8.825,0,0,-540
0.004300,0.13509,9.430,-0.003,8.690,0,0,-540
0.004320,0.13572,9.512,-0.026,8.418,0,0,-540
0.004340,0.13635,9.441,0.049,8.313,0,0,-540
0.004360,0.13697,9.470,-0.062,8.082,0,0,-540
0.004380,0.13760,9.373,-0.076,7.897,0,0,-540
0.004400,0.13823,9.378,-0.008,7.686,0,0,-540
0.004420,0.13886,9.294,0.013,7.617,0,0,-540
0.004440,0.13949,9.310,0.023,7.404,0,0,-540
0.004460,0.14012,9.353,0.002,7.152,0,0,-540
0.004480,0.14074,9.332,0.022,7.052,0,0,-540
0.004500,0.14137,9.274,-0.058,6.930,0,0,-540
0.004520,0.14200,9.244,0.003,6.669,0,0,-540
0.004540,0.14263,9.280,-0.013,6.560,0,0,-540
0.004560,0.14326,9.246,-0.015,6.305,0,0,-540
0.004580,0.14388,9.733,-0.074,6.227,540,0,-540
0.004600,0.14451,10.521,-0.092,6.016,540,0,-540
0.004620,0.14514,10.964,0.030,5.977,0,0,-540
0.004640,0.14577,10.879,0.023,5.805,0,0,-540
0.004660,0.14640,11.011,-0.097,5.625,0,0,-540
0.004680,0.14703,10.898,0.013,5.649,0,0,-540
0.004700,0.14765,10.944,-0.022,5.306,0,0,-540
0.004720,0.14828,10.922,0.003,5.139,0,0,-540
0.004740,0.14891,10.809,-0.015,4.964,0,0,-540
0.004760,0.14954,10.836,-0.083,4.917,0,0,-540
0.004780,0.15017,10.955,-0.093,4.871,0,0,-540
0.004800,0.15080,10.864,0.053,4.579,0,0,-540
0.004820,0.15142,10.780,0.017,4.601,0,0,-540
0.004840,0.15205,10.774,0.052,4.344,0,0,-540
0.004860,0.15268,10.733,0.067,4.325,0,0,-540
0.004880,0.15331,10.725,-0.010,4.225,0,0,-540
0.004900,0.15394,10.744,-0.048,3.971,0,0,-540
0.004920,0.15457,10.647,0.032,3.851,0,0,-540
0.004940,0.15519,10.579,0.040,3.733,0,0,-540
0.004960,0.15582,10.591,-0.065,3.608,0,0,-540
0.004980,0.15645,10.606,-0.004,3.414,0,0,-540
0.005000,0.15708,10.520,0.073,3.333,0,0,-540
0.005020,0.15771,10.547,-0.021,3.177,0,0,-540
0.005040,0.15834,10.511,-0.003,3.141,0,0,-540
0.005060,0.15896,10.590,0.014,3.065,0,0,-540
0.005080,0.15959,10.464,-0.060,2.879,0,0,-540
0.005100,0.16022,10.479,0.119,2.775,0,0,-540
0.005120,0.16085,10.475,0.079,2.643,0,0,-540
0.005140,0.16148,10.488,-0.028,2.606,0,0,-540
0.005160,0.16211,10.430,0.010,2.417,0,0,-540
0.005180,0.16273,10.372,0.008,2.320,0,0,-540
0.005200,0.16336,10.317,0.021,2.167,0,0,-540
0.005220,0.16399,10.302,0.096,2.094,0,0,-540
0.005240,0.16462,10.367,-0.022,2.035,0,0,-540
0.005260,0.16525,10.284,0.092,1.842,0,0,-540
0.005280,0.16588,10.358,-0.131,1.818,0,0,-540
0.005300,0.16650,10.291,0.015,1.591,0,0,-540
0.005320,0.16713,10.198,-0.057,1.545,0,0,-540
0.005340,0.16776,10.286,-0.070,1.516,0,0,-540
0.005360,0.16839,10.209,-0.038,1.294,0,0,-540
0.005380,0.16902,10.120,0.000,1.219,0,0,-540
0.005400,0.16965,10.151,-0.015,1.218,0,0,-540
0.005420,0.17027,10.134,0.035,1.097,0,0,-540
0.005440,0.17090,10.097,0.023,0.879,0,0,-540
0.005460,0.17153,10.146,0.032,0.768,0,0,-540
0.005480,0.17216,10.106,-0.010,0.713,0,0,-540
0.005500,0.17279,10.059,-0.006,0.750,0,0,-540
0.005520,0.17342,10.080,-0.008,0.513,0,0,-540
0.005540,0.17404,9.996,0.000,0.534,0,0,-540
0.005560,0.17467,9.907,0.070,0.385,0,0,-540
0.005580,0.17530,9.913,0.002,0.302,0,0,-540
0.005600,0.17593,9.965,-0.009,0.338,0,0,0
0.005620,0.17656,9.812,0.082,0.291,0,0,-540
0.005640,0.17719,9.884,0.082,0.139,0,0,-540
0.005660,0.17781,9.898,-0.039,0.186,0,0,0
0.005680,0.17844,9.739,0.087,0.198,0,0,0
0.005700,0.17907,9.826,0.037,0.206,0,0,0
0.005720,0.17970,9.764,0.081,0.252,0,0,0
0.005740,0.18033,9.751,0.032,0.128,0,0,0
0.005760,0.18096,9.697,-0.125,0.149,0,0,0
0.005780,0.18158,9.669,0.022,0.216,0,0,0
0.005800,0.18221,9.719,0.008,0.127,0,0,0
0.005820,0.18284,9.615,-0.071,0.203,0,0,0
0.005840,0.18347,9.656,-0.003,0.170,0,0,0
0.005860,0.18410,9.605,-0.048,0.283,0,0,0
0.005880,0.18473,9.566,0.067,0.069,0,0,0
0.005900,0.18535,9.646,-0.045,0.181,0,0,0
0.005920,0.18598,9.512,0.058,0.271,0,0,0
0.005940,0.18661,9.506,0.050,0.238,0,0,0
0.005960,0.18724,9.450,0.050,0.202,0,0,0
0.005980,0.18787,9.438,-0.023,0.229,0,0,0
0.006000,0.18850,9.414,-0.008,0.200,0,0,0
0.006020,0.18912,9.372,0.025,0.178,0,0,0
0.006040,0.18975,9.298,0.006,0.156,0,0,0
0.006060,0.19038,9.324,-0.010,0.217,0,0,0
0.006080,0.19101,9.235,0.001,0.203,0,0,0
0.006100,0.19164,9.234,-0.048,0.167,0,0,0
0.006120,0.19227,9.296,-0.043,0.219,0,0,0
0.006140,0.19289,9.203,0.002,0.265,0,0,0
0.006160,0.19352,9.987,-0.095,0.210,540,0,0
0.006180,0.19415,10.750,-0.089,0.087,540,0,0
0.006200,0.19478,11.141,0.050,0.127,0,0,0
0.006220,0.19541,11.112,-0.010,0.141,0,0,0
0.006240,0.19604,11.201,0.072,0.180,0,0,0
0.006260,0.19666,11.165,-0.013,0.131,0,0,0
0.006280,0.19729,11.190,-0.038,0.198,0,0,0
0.006300,0.19792,10.985,-0.017,0.217,0,0,0
0.006320,0.19855,11.000,0.013,0.126,0,0,0
0.006340,0.19918,10.892,0.108,0.117,0,0,0
0.006360,0.19981,10.920,-0.025,0.144,0,0,0
0.006380,0.20043,10.926,0.057,0.182,0,0,0
0.006400,0.20106,10.918,0.027,0.129,0,0,0
0.006420,0.20169,10.861,0.010,0.140,0,0,0
0.006440,0.20232,10.828,0.066,0.108,0,0,0
0.006460,0.20295,10.804,-0.063,0.137,0,0,0
0.006480,0.20358,10.806,-0.009,0.103,0,0,0
0.006500,0.20420,10.721,-0.029,0.161,0,0,0
0.006520,0.20483,10.711,-0.017,0.161,0,0,0
0.006540,0.20546,10.636,0.034,0.216,0,0,0
0.006560,0.20609,10.696,-0.004,0.182,0,0,0
0.006580,0.20672,10.576,-0.007,0.130,0,0,0
0.006600,0.20735,10.558,0.019,0.171,0,0,0
0.006620,0.20797,10.453,-0.033,0.152,0,0,0
0.006640,0.20860,10.395,-0.110,0.164,0,0,0
0.006660,0.20923,10.571,0.041,0.018,0,0,0
0.006680,0.20986,10.475,-0.010,0.189,0,0,0
0.006700,0.21049,10.354,0.067,0.086,0,0,0
0.006720,0.21112,10.334,0.047,0.184,0,0,0
0.006740,0.21174,10.250,0.000,0.079,0,0,0
0.006760,0.21237,10.264,-0.082,0.186,0,0,0
0.006780,0.21300,10.319,-0.024,0.214,0,0,0
0.006800,0.21363,10.170,0.084,0.109,0,0,0
0.006820,0.21426,10.141,0.030,0.060,0,0,0
0.006840,0.21488,10.161,0.002,0.154,0,0,0
0.006860,0.21551,10.098,0.108,0.178,0,0,0
0.006880,0.21614,10.044,0.017,0.198,0,0,0
0.006900,0.21677,9.968,-0.086,0.162,0,0,0
0.006920,0.21740,9.852,-0.008,0.121,0,0,0
0.006940,0.21803,9.957,-0.030,0.205,0,0,0
0.006960,0.21865,9.866,-0.067,0.205,0,0,0
0.006980,0.21928,9.794,0.041,0.108,0,0,0
0.007000,0.21991,9.861,-0.037,0.182,0,0,0
0.007020,0.22054,9.735,-0.045,0.259,0,0,0
0.007040,0.22117,9.718,0.010,0.143,0,0,0
0.007060,0.22180,9.698,0.012,0.147,0,0,0
0.007080,0.22242,9.699,0.001,0.103,0,0,0
0.007100,0.22305,9.621,0.009,0.208,0,0,0
0.007120,0.22368,9.569,-0.028,0.166,0,0,0
0.007140,0.22431,9.598,-0.045,0.262,0,0,0
0.007160,0.22494,9.523,0.059,0.175,0,0,0
0.007180,0.22557,9.399,0.055,0.089,0,0,0
0.007200,0.22619,9.560,0.030,0.128,0,0,0
0.007220,0.22682,9.486,-0.008,0.174,0,0,0
0.007240,0.22745,9.333,-0.069,0.059,0,0,0
0.007260,0.22808,9.336,-0.088,0.150,0,0,0
0.007280,0.22871,9.362,0.052,0.162,0,0,0
0.007300,0.22934,9.303,-0.024,0.152,0,0,0
0.007320,0.22996,9.310,0.036,0.132,0,0,0
0.007340,0.23059,9.846,-0.049,0.169,540,0,0
0.007360,0.23122,10.769,-0.020,0.166,540,0,0
0.007380,0.23185,10.929,0.010,0.108,0,0,0
0.007400,0.23248,11.025,0.038,0.081,0,0,0
0.007420,0.23311,10.942,0.085,0.044,0,0,0
0.007440,0.23373,10.763,-0.060,0.138,0,0,0
0.007460,0.23436,10.808,0.025,0.081,0,0,0
0.007480,0.23499,10.767,0.056,0.190,0,0,0
0.007500,0.23562,10.668,-0.079,0.177,0,0,0
0.007520,0.23625,10.627,0.062,0.161,0,0,0
0.007540,0.23688,10.624,-0.088,0.145,0,0,0
0.007560,0.23750,10.674,-0.032,0.050,0,0,0
0.007580,0.23813,10.533,0.102,0.093,0,0,0
0.007600,0.23876,10.432,0.066,0.130,0,0,0
0.007620,0.23939,10.435,0.029,0.182,0,0,0
0.007640,0.24002,10.279,-0.015,0.103,0,0,0
0.007660,0.24065,10.344,-0.007,0.107,0,0,0
0.007680,0.24127,10.280,0.007,0.147,0,0,0
0.007700,0.24190,10.337,0.018,0.163,0,0,0
0.007720,0.24253,10.144,0.011,0.186,0,0,0
0.007740,0.24316,10.120,0.038,0.196,0,0,0
0.007760,0.24379,10.125,0.031,0.204,0,0,0
0.007780,0.24442,10.114,-0.001,0.171,0,0,0
0.007800,0.24504,10.024,0.003,0.115,0,0,0
0.007820,0.24567,9.928,0.020,0.104,0,0,0
0.007840,0.24630,9.904,0.080,0.138,0,0,0
0.007860,0.24693,9.753,0.012,0.083,0,0,0
0.007880,0.24756,9.850,0.065,0.209,0,0,0
0.007900,0.24819,9.782,0.035,0.113,0,0,0
0.007920,0.24881,9.611,0.046,0.030,0,0,0
0.007940,0.24944,9.639,-0.068,0.144,0,0,0
0.007960,0.25007,9.611,-0.048,0.122,0,0,0
0.007980,0.25070,9.713,-0.021,0.193,0,0,0
0.008000,0.25133,9.549,-0.005,0.127,0,0,0
0.008020,0.25196,9.526,-0.029,0.256,0,0,0
0.008040,0.25258,9.429,-0.025,0.124,0,0,0
0.008060,0.25321,9.466,-0.033,0.139,0,0,0
0.008080,0.25384,9.382,-0.009,0.144,0,0,0
0.008100,0.25447,9.314,0.016,0.152,0,0,0
0.008120,0.25510,10.011,-0.024,0.150,540,0,0
0.008140,0.25573,10.620,-0.042,0.259,540,0,0
0.008160,0.25635,10.947,-0.061,0.133,0,0,0
0.008180,0.25698,10.800,0.053,0.141,0,0,0
0.008200,0.25761,10.781,-0.018,0.032,0,0,0
0.008220,0.25824,10.814,0.010,0.226,0,0,0
0.008240,0.25887,10.730,-0.007,0.171,0,0,0
0.008260,0.25950,10.617,0.090,0.084,0,0,0
0.008280,0.26012,10.573,0.004,0.083,0,0,0
0.008300,0.26075,10.427,-0.035,0.172,0,0,0
0.008320,0.26138,10.425,0.044,0.205,0,0,0
0.008340,0.26201,10.453,0.008,0.159,0,0,0
0.008360,0.26264,10.330,0.020,0.216,0,0,0
0.008380,0.26327,10.352,0.057,0.157,0,0,0
0.008400,0.26389,10.237,0.042,0.119,0,0,0
0.008420,0.26452,10.189,-0.021,0.138,0,0,0
0.008440,0.26515,10.131,0.024,0.051,0,0,0
0.008460,0.26578,10.128,-0.002,0.166,0,0,0
0.008480,0.26641,10.038,0.020,0.144,0,0,0
0.008500,0.26704,9.946,-0.025,0.108,0,0,0
0.008520,0.26766,9.961,-0.040,0.089,0,0,0
0.008540,0.26829,9.882,-0.039,0.149,0,0,0
0.008560,0.26892,9.872,0.081,0.157,0,0,0
0.008580,0.26955,9.735,-0.002,0.106,0,0,0
0.008600,0.27018,9.666,0.059,0.096,0,0,0
0.008620,0.27081,9.606,-0.061,0.188,0,0,0
0.008640,0.27143,9.657,-0.001,0.101,0,0,0
0.008660,0.27206,9.540,-0.013,0.226,0,0,0
0.008680,0.27269,9.558,-0.050,0.266,0,0,0
0.008700,0.27332,9.412,-0.000,0.133,0,0,0
0.008720,0.27395,9.453,-0.013,0.150,0,0,0
0.008740,0.27458,9.305,0.060,0.137,0,0,0
0.008760,0.27520,9.293,-0.047,0.103,0,0,0
0.008780,0.27583,9.226,0.020,0.137,0,0,0
0.008800,0.27646,9.773,-0.055,0.300,540,0,0
0.008820,0.27709,10.328,0.066,0.145,540,0,0
0.008840,0.27772,10.985,0.000,0.210,540,0,0
0.008860,0.27835,10.983,0.089,0.164,0,0,0
0.008880,0.27897,10.811,-0.070,0.142,0,0,0
0.008900,0.27960,10.815,-0.023,0.180,0,0,0
0.008920,0.28023,10.759,-0.059,0.140,0,0,0
0.008940,0.28086,10.835,-0.051,0.256,0,0,0
0.008960,0.28149,10.634,0.037,0.132,0,0,0
0.008980,0.28212,10.569,-0.023,0.140,0,0,0
0.009000,0.28274,10.524,-0.033,0.123,0,0,0
0.009020,0.28337,10.423,-0.084,0.174,0,0,0
0.009040,0.28400,10.319,0.053,0.092,0,0,0
0.009060,0.28463,10.294,-0.002,0.265,0,0,0
0.009080,0.28526,10.227,0.089,0.052,0,0,0
0.009100,0.28588,10.147,-0.029,0.138,0,0,0
0.009120,0.28651,10.035,-0.018,0.167,0,0,0
0.009140,0.28714,9.973,0.042,0.112,0,0,0
0.009160,0.28777,9.914,-0.024,0.184,0,0,0
0.009180,0.28840,9.922,0.034,0.097,0,0,0
0.009200,0.28903,9.848,-0.075,0.209,0,0,0
0.009220,0.28965,9.765,0.046,0.172,0,0,0
0.009240,0.29028,9.734,-0.007,0.165,0,0,0
0.009260,0.29091,9.652,-0.020,0.183,0,0,0
0.009280,0.29154,9.615,0.021,0.107,0,0,0
0.009300,0.29217,9.515,-0.061,0.164,0,0,0
0.009320,0.29280,9.420,0.031,0.076,0,0,0
0.009340,0.29342,9.436,-0.017,0.123,0,0,0
0.009360,0.29405,9.404,0.003,0.199,0,0,0
0.009380,0.29468,9.407,-0.100,0.136,0,0,0
0.009400,0.29531,9.296,-0.030,0.223,0,0,0
0.009420,0.29594,9.186,0.066,0.195,0,0,0
0.009440,0.29657,9.392,0.033,0.122,540,0,0
0.009460,0.29719,9.946,0.038,0.280,540,0,0
0.009480,0.29782,10.515,-0.006,0.122,540,0,0
0.009500,0.29845,10.993,0.010,0.275,540,0,0
0.009520,0.29908,10.814,-0.062,0.104,0,0,-540
0.009540,0.29971,10.797,0.015,0.129,0,0,0
0.009560,0.30034,10.730,-0.001,0.101,0,0,0
0.009580,0.30096,10.617,-0.013,0.134,0,0,0
0.009600,0.30159,10.595,-0.038,0.138,0,0,0
0.009620,0.30222,10.533,-0.042,0.092,0,0,0
0.009640,0.30285,10.444,0.085,0.035,0,0,0
0.009660,0.30348,10.412,0.068,0.119,0,0,0
0.009680,0.30411,10.301,-0.053,0.083,0,0,0
0.009700,0.30473,10.276,0.013,0.066,0,0,0
0.009720,0.30536,10.228,0.028,0.048,0,0,0
0.009740,0.30599,10.108,-0.053,0.058,0,0,0
0.009760,0.30662,10.156,0.120,0.212,0,0,0
0.009780,0.30725,9.976,-0.072,0.128,0,0,0
0.009800,0.30788,9.948,0.066,0.167,0,0,0
0.009820,0.30850,9.889,-0.004,0.213,0,0,0
0.009840,0.30913,9.781,0.023,0.043,0,0,0
0.009860,0.30976,9.715,-0.100,0.118,0,0,0
0.009880,0.31039,9.733,-0.035,0.136,0,0,0
0.009900,0.31102,9.625,-0.094,0.205,0,0,0
0.009920,0.31165,9.602,-0.045,0.097,0,0,0
0.009940,0.31227,9.518,-0.024,0.185,0,0,0
0.009960,0.31290,9.352,0.004,0.079,0,0,0
0.009980,0.31353,9.306,-0.003,0.080,0,0,0
0.010000,0.31416,9.436,0.036,0.107,0,0,0
0.010020,0.31479,9.275,-0.021,0.136,0,0,0
0.010040,0.31542,9.207,0.071,0.142,0,0,0
0.010060,0.31604,9.642,-0.007,0.096,540,0,0
0.010080,0.31667,10.087,0.020,0.074,540,0,0
0.010100,0.31730,10.616,-0.074,0.094,540,0,0
0.010120,0.31793,10.724,-0.001,0.112,0,0,0
0.010140,0.31856,10.768,-0.009,0.090,0,0,0
0.010160,0.31919,10.590,-0.049,0.104,0,0,0
0.010180,0.31981,10.574,-0.041,-0.002,0,0,0
0.010200,0.32044,10.418,0.004,0.125,0,0,0
0.010220,0.32107,10.390,0.042,0.207,0,0,0
0.010240,0.32170,10.343,0.003,0.175,0,0,0
0.010260,0.32233,10.218,0.075,0.150,0,0,0
0.010280,0.32296,10.128,-0.096,0.132,0,0,0
0.010300,0.32358,10.095,-0.052,0.088,0,0,0
0.010320,0.32421,10.149,-0.029,0.087,0,0,0
0.010340,0.32484,9.951,-0.025,0.034,0,0,0
0.010360,0.32547,9.889,0.061,0.010,0,0,0
0.010380,0.32610,9.876,0.052,0.207,0,0,0
0.010400,0.32673,9.822,-0.025,0.086,0,0,0
0.010420,0.32735,9.656,-0.027,0.142,0,0,0
0.010440,0.32798,9.735,-0.053,0.098,0,0,0
0.010460,0.32861,9.598,0.015,0.108,0,0,0
0.010480,0.32924,9.501,-0.055,0.103,0,0,0
0.010500,0.32987,9.482,0.078,0.066,0,0,0
0.010520,0.33050,9.422,0.022,0.074,0,0,0
0.010540,0.33112,9.496,-0.060,0.118,0,0,0
0.010560,0.33175,9.229,-0.066,0.107,0,0,0
0.010580,0.33238,9.150,0.003,0.116,0,0,0
0.010600,0.33301,9.135,0.001,0.100,0,0,0
0.010620,0.33364,9.634,0.089,0.145,540,0,0
0.010640,0.33427,9.998,-0.042,0.047,540,0,0
0.010660,0.33489,10.283,0.045,0.065,540,0,0
0.010680,0.33552,10.703,-0.026,0.115,540,0,0
0.010700,0.33615,10.857,-0.016,0.183,0,0,0
0.010720,0.33678,10.909,0.027,0.071,0,0,0
0.010740,0.33741,10.762,-0.072,0.125,0,0,0
0.010760,0.33804,10.677,-0.046,0.115,0,0,0
0.010780,0.33866,10.614,-0.018,0.077,0,0,0
0.010800,0.33929,10.522,0.030,0.108,0,0,0
0.010820,0.33992,10.527,0.068,0.030,0,0,0
0.010840,0.34055,10.420,-0.031,0.043,0,0,0
0.010860,0.34118,10.324,-0.021,0.117,0,0,0
0.010880,0.34181,10.251,0.048,0.098,0,0,0
0.010900,0.34243,10.183,-0.052,0.082,0,0,0
0.010920,0.34306,10.238,-0.033,0.104,0,0,0
0.010940,0.34369,10.128,-0.045,0.089,0,0,0
0.010960,0.34432,10.021,-0.030,0.036,0,0,0
0.010980,0.34495,9.948,-0.044,0.171,0,0,0
0.011000,0.34558,9.837,0.009,0.161,0,0,0
0.011020,0.34620,9.775,0.011,0.027,0,0,0
0.011040,0.34683,9.764,-0.034,0.062,0,0,0
0.011060,0.34746,9.729,-0.010,0.021,0,0,0
0.011080,0.34809,9.625,0.077,0.032,0,0,0
0.011100,0.34872,9.473,-0.053,0.056,0,0,0
0.011120,0.34935,9.500,0.070,0.138,0,0,0
0.011140,0.34997,9.410,0.027,0.062,0,0,0
0.011160,0.35060,9.254,0.042,0.071,0,0,0
0.011180,0.35123,9.341,0.007,0.149,0,0,0
0.011200,0.35186,9.224,-0.052,0.101,0,0,0
0.011220,0.35249,9.129,0.016,0.034,0,0,0
0.011240,0.35312,9.356,0.019,0.121,540,0,0
0.011260,0.35374,9.676,0.024,0.079,540,0,0
0.011280,0.35437,9.958,0.034,0.106,540,0,0
0.011300,0.35500,10.420,-0.006,0.033,540,0,0
0.011320,0.35563,10.685,0.062,0.101,540,0,0
0.011340,0.35626,10.828,-0.008,0.103,0,0,0
0.011360,0.35688,10.818,-0.037,0.151,0,0,0
0.011380,0.35751,10.709,0.010,0.157,0,0,0
0.011400,0.35814,10.602,0.039,0.084,0,0,0
0.011420,0.35877,10.625,-0.012,0.178,0,0,0
0.011440,0.35940,10.534,0.029,0.123,0,0,0
0.011460,0.36003,10.458,0.050,0.129,0,0,0
0.011480,0.36065,10.534,0.008,0.183,0,0,0
0.011500,0.36128,10.332,-0.022,0.129,0,0,0
0.011520,0.36191,10.235,0.097,0.110,0,0,0
0.011540,0.36254,10.121,-0.004,0.081,0,0,0
0.011560,0.36317,10.058,-0.029,0.113,0,0,0
0.011580,0.36380,10.025,0.002,0.154,0,0,0
0.011600,0.36442,9.964,0.036,0.094,0,0,0
0.011620,0.36505,9.954,-0.051,0.046,0,0,0
0.011640,0.36568,9.831,0.040,0.050,0,0,0
0.011660,0.36631,9.807,-0.038,0.079,0,0,0
0.011680,0.36694,9.776,0.074,0.104,0,0,0
0.011700,0.36757,9.688,-0.011,0.151,0,0,0
0.011720,0.36819,9.599,0.085,0.085,0,0,0
0.011740,0.36882,9.541,0.021,0.137,0,0,0
0.011760,0.36945,9.503,-0.066,0.203,0,0,0
0.011780,0.37008,9.414,0.011,0.102,0,0,0
0.011800,0.37071,9.410,0.039,0.102,0,0,0
0.011820,0.37134,9.273,-0.034,0.023,0,0,0
0.011840,0.37196,9.264,0.017,-0.027,0,0,0
0.011860,0.37259,9.606,-0.030,0.107,540,0,0
0.011880,0.37322,9.832,0.029,0.161,540,0,0
0.011900,0.37385,10.116,0.050,0.134,540,0,0
0.011920,0.37448,10.537,-0.022,0.123,540,0,0
0.011940,0.37511,10.871,0.067,0.147,540,0,0
0.011960,0.37573,10.830,0.079,0.154,0,0,0
0.011980,0.37636,10.881,-0.099,0.089,0,0,0
0.012000,0.37699,10.851,0.054,0.126,0,0,0
0.012020,0.37762,10.600,-0.026,0.124,0,0,0
0.012040,0.37825,10.633,-0.027,0.062,0,0,0
0.012060,0.37888,10.602,-0.030,0.072,0,0,0
0.012080,0.37950,10.433,0.003,0.144,0,0,0
0.012100,0.38013,10.471,0.064,0.182,0,0,0
0.012120,0.38076,10.364,-0.045,0.073,0,0,0
0.012140,0.38139,10.364,0.025,0.157,0,0,0
0.012160,0.38202,10.256,-0.114,0.109,0,0,0
0.012180,0.38265,10.092,0.020,0.047,0,0,0
0.012200,0.38327,9.991,-0.043,0.076,0,0,0
0.012220,0.38390,10.033,-0.073,0.002,0,0,0
0.012240,0.38453,10.108,-0.008,0.127,0,0,0
0.012260,0.38516,9.912,-0.059,0.108,0,0,0
0.012280,0.38579,10.002,0.051,0.060,0,0,0
0.012300,0.38642,9.866,0.009,0.048,0,0,0
0.012320,0.38704,9.759,0.055,0.141,0,0,0
0.012340,0.38767,9.639,-0.003,0.017,0,0,0
0.012360,0.38830,9.572,-0.053,0.065,0,0,0
0.012380,0.38893,9.609,0.030,0.050,0,0,0
0.012400,0.38956,9.608,-0.075,0.064,0,0,0
0.012420,0.39019,9.604,0.069,0.087,0,0,0
0.012440,0.39081,9.425,0.014,0.097,0,0,0
0.012460,0.39144,9.320,0.056,0.058,0,0,0
0.012480,0.39207,9.378,0.056,0.048,0,0,0
0.012500,0.39270,9.342,-0.028,0.015,0,0,0
0.012520,0.39333,9.316,-0.119,0.094,0,0,0
0.012540,0.39396,9.381,-0.055,0.102,540,0,0
0.012560,0.39458,9.538,0.050,0.139,540,0,0
0.012580,0.39521,9.831,0.009,0.066,540,0,0
0.012600,0.39584,10.148,0.062,0.073,540,0,0
0.012620,0.39647,10.358,0.019,0.180,540,0,0
0.012640,0.39710,10.710,0.007,0.102,540,0,0
0.012660,0.39773,10.782,-0.021,0.153,0,0,0
0.012680,0.39835,10.713,0.089,0.050,0,0,0
0.012700,0.39898,10.742,0.058,0.111,0,0,0
0.012720,0.39961,10.692,0.016,0.128,0,0,0
0.012740,0.40024,10.542,0.010,0.122,0,0,0
0.012760,0.40087,10.509,-0.032,0.154,0,0,0
0.012780,0.40150,10.504,-0.057,0.139,0,0,0
0.012800,0.40212,10.400,-0.064,0.136,0,0,0
0.012820,0.40275,10.295,-0.046,0.061,0,0,0
0.012840,0.40338,10.270,0.049,0.087,0,0,0
0.012860,0.40401,10.233,-0.003,0.100,0,0,0
0.012880,0.40464,10.126,0.022,0.154,0,0,0
0.012900,0.40527,10.159,0.068,-0.001,0,0,0
0.012920,0.40589,10.059,-0.007,0.114,0,0,0
0.012940,0.40652,9.987,0.082,0.074,0,0,0
0.012960,0.40715,9.977,-0.007,0.098,0,0,0
0.012980,0.40778,9.933,-0.005,0.162,0,0,0
0.013000,0.40841,9.735,0.112,0.085,0,0,0
0.013020,0.40904,9.835,0.002,0.072,0,0,0
0.013040,0.40966,9.760,-0.062,0.097,0,0,0
0.013060,0.41029,9.716,-0.057,0.157,0,0,0
0.013080,0.41092,9.669,0.012,0.015,0,0,0
0.013100,0.41155,9.649,0.010,0.165,0,0,0
0.013120,0.41218,9.497,-0.012,0.111,0,0,0
0.013140,0.41281,9.432,-0.028,0.122,0,0,0
0.013160,0.41343,9.433,-0.050,0.104,0,0,0
0.013180,0.41406,9.374,0.010,0.091,0,0,0
0.013200,0.41469,9.374,-0.005,0.065,0,0,0
0.013220,0.41532,9.284,0.065,0.110,0,0,0
0.013240,0.41595,9.349,-0.061,0.144,0,0,0
0.013260,0.41658,9.232,0.015,0.179,0,0,0
0.013280,0.41720,9.264,-0.038,0.139,540,0,0
0.013300,0.41783,9.573,0.068,0.100,540,0,0
0.013320,0.41846,9.966,-0.087,0.085,540,0,0
0.013340,0.41909,10.084,-0.074,0.104,540,0,0
0.013360,0.41972,10.346,0.065,0.022,540,0,0
0.013380,0.42035,10.575,-0.000,0.177,540,0,0
0.013400,0.42097,10.842,0.001,0.090,540,0,0
0.013420,0.42160,10.843,-0.015,0.103,0,0,0
0.013440,0.42223,10.790,0.032,0.111,0,0,0
0.013460,0.42286,10.658,0.005,0.157,0,0,0
0.013480,0.42349,10.657,-0.000,0.123,0,0,0
0.013500,0.42412,10.604,0.032,0.062,0,0,0
0.013520,0.42474,10.511,0.040,0.130,0,0,0
0.013540,0.42537,10.549,0.045,0.101,0,0,0
0.013560,0.42600,10.458,0.107,0.072,0,0,0
0.013580,0.42663,10.311,0.079,0.117,0,0,0
0.013600,0.42726,10.296,-0.112,0.135,0,0,0
0.013620,0.42788,10.308,0.065,0.113,0,0,0
0.013640,0.42851,10.313,0.038,0.237,0,0,0
0.013660,0.42914,10.169,-0.019,0.035,0,0,0
0.013680,0.42977,10.123,0.052,0.142,0,0,0
0.013700,0.43040,10.088,0.027,0.096,0,0,0
0.013720,0.43103,10.026,-0.007,0.118,0,0,0
0.013740,0.43165,9.877,0.107,0.056,0,0,0
0.013760,0.43228,9.939,0.041,0.098,0,0,0
0.013780,0.43291,9.782,0.050,0.123,0,0,0
0.013800,0.43354,9.891,-0.028,0.062,0,0,0
0.013820,0.43417,9.823,-0.030,0.139,0,0,0
0.013840,0.43480,9.804,-0.010,0.144,0,0,0
0.013860,0.43542,9.766,-0.013,0.054,0,0,0
0.013880,0.43605,9.690,0.064,0.190,0,0,0
0.013900,0.43668,9.672,-0.118,0.068,0,0,0
0.013920,0.43731,9.559,-0.034,0.093,0,0,0
0.013940,0.43794,9.606,-0.045,0.070,0,0,0
0.013960,0.43857,9.532,0.027,0.147,0,0,0
0.013980,0.43919,9.546,-0.019,0.201,0,0,0
0.014000,0.43982,9.547,-0.051,0.059,0,0,0
0.014020,0.44045,9.550,0.071,0.123,0,0,0
0.014040,0.44108,9.350,-0.049,0.124,0,0,0
0.014060,0.44171,9.411,0.021,0.045,0,0,0
0.014080,0.44234,9.355,-0.009,0.018,0,0,0
0.014100,0.44296,9.362,-0.008,0.132,0,0,0
0.014120,0.44359,9.318,0.015,0.052,0,0,0
0.014140,0.44422,9.369,-0.018,0.113,540,0,0
0.014160,0.44485,9.506,0.029,0.078,540,0,0
0.014180,0.44548,9.740,-0.069,0.050,540,0,0
0.014200,0.44611,10.006,-0.040,0.053,540,0,0
0.014220,0.44673,10.225,0.035,0.045,540,0,0
0.014240,0.44736,10.474,0.047,0.059,540,0,0
0.014260,0.44799,10.645,-0.071,0.008,540,0,0
0.014280,0.44862,10.669,-0.008,0.149,0,0,0
0.014300,0.44925,10.691,-0.014,0.105,0,0,0
0.014320,0.44988,10.641,-0.027,-0.011,0,0,0
0.014340,0.45050,10.612,-0.101,0.123,0,0,0
0.014360,0.45113,10.735,-0.041,0.137,0,0,0
0.014380,0.45176,10.622,-0.013,0.135,0,0,0
0.014400,0.45239,10.472,-0.035,0.043,0,0,0
0.014420,0.45302,10.507,0.032,0.122,0,0,0
0.014440,0.45365,10.313,0.082,0.059,0,0,0
0.014460,0.45427,10.462,0.001,0.030,0,0,0
0.014480,0.45490,10.404,-0.020,0.122,0,0,0
0.014500,0.45553,10.333,0.042,0.110,0,0,0
0.014520,0.45616,10.196,0.094,0.155,0,0,0
0.014540,0.45679,10.214,0.007,0.077,0,0,0
0.014560,0.45742,10.247,0.063,0.143,0,0,0
0.014580,0.45804,10.173,-0.051,0.050,0,0,0
0.014600,0.45867,10.030,0.020,0.186,0,0,0
0.014620,0.45930,10.155,-0.027,0.061,0,0,0
0.014640,0.45993,10.072,0.007,0.090,0,0,0
0.014660,0.46056,10.042,0.050,0.082,0,0,0
0.014680,0.46119,10.061,-0.012,0.162,0,0,0
0.014700,0.46181,10.013,0.028,0.141,0,0,0
0.014720,0.46244,9.893,0.014,0.113,0,0,0
0.014740,0.46307,9.948,0.062,0.056,0,0,0
0.014760,0.46370,9.923,-0.030,0.077,0,0,0
0.014780,0.46433,9.815,-0.042,0.160,0,0,0
0.014800,0.46496,9.726,0.044,0.115,0,0,0
0.014820,0.46558,9.792,-0.012,0.101,0,0,0
0.014840,0.46621,9.660,0.022,0.113,0,0,0
0.014860,0.46684,9.801,0.046,0.115,0,0,0
0.014880,0.46747,9.717,0.036,0.198,0,0,0
0.014900,0.46810,9.681,-0.006,0.096,0,0,0
0.014920,0.46873,9.624,0.046,0.090,0,0,0
0.014940,0.46935,9.642,0.010,0.113,0,0,0
0.014960,0.46998,9.543,0.075,0.087,0,0,0
0.014980,0.47061,9.623,-0.005,0.164,0,0,0
0.015000,0.47124,9.495,0.088,0.101,0,0,0
0.015020,0.47187,9.495,-0.028,0.014,0,0,0
0.015040,0.47250,9.575,0.063,0.108,0,0,0
0.015060,0.47312,9.467,-0.041,0.124,0,0,0
0.015080,0.47375,9.358,-0.070,0.060,0,0,0
0.015100,0.47438,9.393,0.020,0.076,0,0,0
0.015120,0.47501,9.312,0.010,0.058,0,0,0
0.015140,0.47564,9.334,0.010,0.093,0,0,0
0.015160,0.47627,9.219,-0.020,0.033,0,0,0
0.015180,0.47689,9.363,0.138,0.105,0,0,0
0.015200,0.47752,9.229,-0.031,0.097,0,0,0
0.015220,0.47815,9.222,0.004,0.156,0,0,0
0.015240,0.47878,9.192,-0.107,0.117,0,0,0
0.015260,0.47941,9.265,0.008,0.079,540,0,0
0.015280,0.48004,9.516,-0.090,0.122,540,0,0
0.015300,0.48066,9.657,0.010,0.070,540,0,0
0.015320,0.48129,9.940,0.001,0.157,540,0,0
0.015340,0.48192,10.147,-0.002,0.147,540,0,0
0.015360,0.48255,10.298,0.091,0.117,540,0,0
0.015380,0.48318,10.509,0.004,0.097,540,0,0
0.015400,0.48381,10.811,0.061,0.114,540,0,0
0.015420,0.48443,10.830,-0.009,0.161,0,0,0
0.015440,0.48506,10.731,-0.012,0.146,0,0,0
0.015460,0.48569,10.795,-0.012,0.064,0,0,0
0.015480,0.48632,10.795,-0.028,0.145,0,0,0
0.015500,0.48695,10.668,-0.024,0.086,0,0,0
0.015520,0.48758,10.711,0.126,0.159,0,0,0
0.015540,0.48820,10.686,0.011,0.188,0,0,0
0.015560,0.48883,10.626,-0.032,0.140,0,0,0
0.015580,0.48946,10.581,-0.035,0.122,0,0,0
0.015600,0.49009,10.609,0.070,0.070,0,0,0
0.015620,0.49072,10.555,-0.041,0.131,0,0,0
0.015640,0.49135,10.501,-0.086,0.079,0,0,0
0.015660,0.49197,10.532,0.008,0.107,0,0,0
0.015680,0.49260,10.459,0.077,0.138,0,0,0
0.015700,0.49323,10.390,0.048,0.020,0,0,0
0.015720,0.49386,10.369,0.074,0.087,0,0,0
0.015740,0.49449,10.339,0.022,0.153,0,0,0
0.015760,0.49512,10.397,0.054,0.204,0,0,0
0.015780,0.49574,10.333,-0.021,0.162,0,0,0
0.015800,0.49637,10.338,-0.039,0.152,0,0,0
0.015820,0.49700,10.305,-0.016,0.072,0,0,0
0.015840,0.49763,10.318,-0.000,0.201,0,0,0
0.015860,0.49826,10.199,-0.059,0.061,0,0,0
0.015880,0.49888,10.262,-0.001,0.049,0,0,0
0.015900,0.49951,10.233,-0.031,0.068,0,0,0
0.015920,0.50014,10.159,0.102,0.071,0,0,0
0.015940,0.50077,10.135,0.036,0.103,0,0,0
0.015960,0.50140,10.137,0.007,0.110,0,0,0
0.015980,0.50203,10.169,0.055,0.052,0,0,0
0.016000,0.50265,10.111,0.028,0.070,0,0,0
0.016020,0.50328,10.088,-0.001,0.080,0,0,0
0.016040,0.50391,9.974,-0.005,0.128,0,0,0
0.016060,0.50454,10.015,0.029,0.128,0,0,0
0.016080,0.50517,10.028,-0.011,0.175,0,0,0
0.016100,0.50580,10.008,0.086,0.110,0,0,0
0.016120,0.50642,9.959,0.017,0.118,0,0,0
0.016140,0.50705,9.983,0.004,0.117,0,0,0
0.016160,0.50768,9.975,0.054,0.146,0,0,0
0.016180,0.50831,9.921,0.053,0.169,0,0,0
0.016200,0.50894,9.909,0.007,0.181,0,0,0
0.016220,0.50957,9.902,0.127,0.110,0,0,0
0.016240,0.51019,9.871,-0.009,0.100,0,0,0
0.016260,0.51082,9.781,-0.014,0.063,0,0,0
0.016280,0.51145,9.801,-0.025,0.190,0,0,0
0.016300,0.51208,9.772,0.019,0.142,0,0,0
0.016320,0.51271,9.776,-0.003,0.071,0,0,0
0.016340,0.51334,9.703,-0.056,0.140,0,0,0
0.016360,0.51396,9.645,-0.005,0.103,0,0,0
0.016380,0.51459,9.730,-0.017,0.143,0,0,0
0.016400,0.51522,9.662,-0.015,0.025,0,0,0
0.016420,0.51585,9.641,0.067,0.127,0,0,0
0.016440,0.51648,9.651,0.011,0.121,0,0,0
0.016460,0.51711,9.644,-0.001,0.215,0,0,0
0.016480,0.51773,9.589,-0.068,0.081,0,0,0
0.016500,0.51836,9.583,0.003,0.156,0,0,0
0.016520,0.51899,9.586,0.054,0.108,0,0,0
0.016540,0.51962,9.515,0.064,0.116,0,0,0
0.016560,0.52025,9.450,0.023,0.097,0,0,0
0.016580,0.52088,9.525,-0.052,0.114,0,0,0
0.016600,0.52150,9.569,-0.032,0.104,0,0,0
0.016620,0.52213,9.500,0.087,0.170,0,0,0
0.016640,0.52276,9.498,-0.021,0.090,0,0,0
0.016660,0.52339,9.508,-0.035,0.140,0,0,0
0.016680,0.52402,9.434,-0.013,0.229,0,0,0
0.016700,0.52465,9.435,-0.039,0.087,0,0,0
0.016720,0.52527,9.343,-0.006,0.157,0,0,0
0.016740,0.52590,9.386,0.039,0.130,0,0,0
0.016760,0.52653,9.521,-0.010,0.145,0,0,0
0.016780,0.52716,9.386,0.048,0.126,0,0,0
0.016800,0.52779,9.297,-0.039,0.133,0,0,0
0.016820,0.52842,9.378,0.028,0.097,0,0,0
0.016840,0.52904,9.274,0.009,0.011,0,0,0
0.016860,0.52967,9.327,-0.047,0.039,0,0,0
0.016880,0.53030,9.279,0.001,0.113,0,0,0
0.016900,0.53093,9.313,0.059,0.013,0,0,0
0.016920,0.53156,9.368,-0.160,0.085,0,0,0
0.016940,0.53219,9.269,-0.017,0.098,0,0,0
0.016960,0.53281,9.228,-0.036,0.133,0,0,0
0.016980,0.53344,9.225,-0.118,0.154,0,0,0
0.017000,0.53407,9.476,-0.001,0.144,540,0,0
0.017020,0.53470,9.601,0.004,0.130,540,0,0
0.017040,0.53533,9.849,-0.023,0.042,540,0,0
0.017060,0.53596,9.974,0.029,0.169,540,0,0
0.017080,0.53658,10.283,-0.085,0.098,540,0,0
0.017100,0.53721,10.458,-0.005,0.137,540,0,0
0.017120,0.53784,10.588,0.000,0.159,540,0,0
0.017140,0.53847,10.987,0.055,0.125,540,0,0
0.017160,0.53910,10.886,-0.045,0.122,0,0,0
0.017180,0.53973,10.770,-0.005,0.189,0,0,0
0.017200,0.54035,10.923,0.024,0.196,0,0,0
0.017220,0.54098,10.721,0.038,0.169,0,0,0
0.017240,0.54161,10.803,-0.051,0.172,0,0,0
0.017260,0.54224,10.709,-0.035,0.061,0,0,0
0.017280,0.54287,10.747,0.071,0.124,0,0,0
0.017300,0.54350,10.748,-0.056,0.114,0,0,0
0.017320,0.54412,10.747,0.086,0.104,0,0,0
0.017340,0.54475,10.650,-0.010,0.125,0,0,0
0.017360,0.54538,10.716,-0.052,0.168,0,0,0
0.017380,0.54601,10.767,-0.078,0.159,0,0,0
0.017400,0.54664,10.804,-0.070,0.162,0,0,0
0.017420,0.54727,10.680,-0.088,0.202,0,0,0
0.017440,0.54789,10.681,0.002,0.080,0,0,0
0.017460,0.54852,10.717,-0.008,0.158,0,0,0
0.017480,0.54915,10.619,0.055,0.116,0,0,0
0.017500,0.54978,10.692,-0.006,0.112,0,0,0
0.017520,0.55041,10.568,-0.123,0.075,0,0,0
0.017540,0.55104,10.538,0.032,0.133,0,0,0
0.017560,0.55166,10.562,-0.028,0.057,0,0,0
0.017580,0.55229,10.573,0.085,0.139,0,0,0
0.017600,0.55292,10.475,0.074,0.036,0,0,0
0.017620,0.55355,10.619,-0.053,0.091,0,0,0
0.017640,0.55418,10.553,0.012,0.189,0,0,0
0.017660,0.55481,10.544,0.094,0.151,0,0,0
0.017680,0.55543,10.526,-0.015,0.133,0,0,0
0.017700,0.55606,10.402,-0.047,0.099,0,0,0
0.017720,0.55669,10.380,-0.012,0.233,0,0,0
0.017740,0.55732,10.417,0.019,0.127,0,0,0
0.017760,0.55795,10.411,0.020,0.109,0,0,0
0.017780,0.55858,10.387,0.095,0.116,0,0,0
0.017800,0.55920,10.337,-0.010,0.065,0,0,0
0.017820,0.55983,10.361,0.066,0.082,0,0,0
0.017840,0.56046,10.335,-0.057,0.175,0,0,0
0.017860,0.56109,10.284,-0.059,0.192,0,0,0
0.017880,0.56172,10.351,-0.012,0.256,0,0,0
0.017900,0.56235,10.312,0.024,0.149,0,0,0
0.017920,0.56297,10.268,-0.002,0.086,0,0,0
0.017940,0.56360,10.369,0.006,0.133,0,0,0
0.017960,0.56423,10.360,-0.084,0.102,0,0,0
0.017980,0.56486,10.333,0.036,0.100,0,0,0
0.018000,0.56549,10.332,-0.030,0.131,0,0,0
0.018020,0.56611,10.287,-0.056,0.176,0,0,0
0.018040,0.56674,10.299,0.037,0.076,0,0,0
0.018060,0.56737,10.210,0.392,0.082,0,540,0
0.018080,0.56800,10.235,1.305,0.126,0,540,0
0.018100,0.56863,10.156,2.224,0.107,0,540,0
0.018120,0.56926,10.328,3.234,0.155,0,540,0
0.018140,0.56988,10.197,4.076,0.136,0,540,0
0.018160,0.57051,10.203,4.998,0.156,0,540,0
0.018180,0.57114,10.195,5.757,0.133,0,540,0
0.018200,0.57177,10.196,6.730,0.179,0,540,0
0.018220,0.57240,10.261,7.579,0.182,0,540,0
0.018240,0.57303,10.161,8.545,0.111,0,540,0
0.018260,0.57365,10.117,9.313,0.069,0,540,0
0.018280,0.57428,10.090,10.330,0.134,0,540,0
0.018300,0.57491,10.207,11.136,0.138,0,540,0
0.018320,0.57554,10.144,11.092,0.135,0,0,0
0.018340,0.57617,10.204,11.116,0.106,0,0,0
0.018360,0.57680,10.233,11.180,0.197,0,0,0
0.018380,0.57742,10.065,11.104,0.167,0,0,0
0.018400,0.57805,10.143,11.119,0.216,0,0,0
0.018420,0.57868,10.060,10.975,0.137,0,0,0
0.018440,0.57931,10.094,11.071,0.115,0,0,0
0.018460,0.57994,10.073,11.083,0.141,0,0,0
0.018480,0.58057,10.100,10.987,0.124,0,0,0
0.018500,0.58119,10.104,11.067,0.155,0,0,0
0.018520,0.58182,10.035,11.082,0.076,0,0,0
0.018540,0.58245,9.984,10.945,0.193,0,0,0
0.018560,0.58308,10.022,11.049,0.184,0,0,0
0.018580,0.58371,10.157,10.924,0.117,0,0,0
0.018600,0.58434,10.058,11.037,0.047,0,0,0
0.018620,0.58496,9.960,10.946,0.177,0,0,0
0.018640,0.58559,10.068,11.056,0.173,0,0,0
0.018660,0.58622,10.006,11.003,0.187,0,0,0
0.018680,0.58685,9.996,10.954,0.141,0,0,0
0.018700,0.58748,9.902,10.980,0.030,0,0,0
0.018720,0.58811,9.991,11.019,0.212,0,0,0
0.018740,0.58873,9.896,10.930,0.158,0,0,0
0.018760,0.58936,9.946,10.865,0.083,0,0,0
0.018780,0.58999,9.928,10.830,0.143,0,0,0
0.018800,0.59062,9.913,10.903,0.166,0,0,0
0.018820,0.59125,9.946,10.846,0.182,0,0,0
0.018840,0.59188,9.912,10.892,0.165,0,0,0
0.018860,0.59250,9.997,10.834,0.182,0,0,0
0.018880,0.59313,9.921,10.837,0.039,0,0,0
0.018900,0.59376,9.883,10.929,0.056,0,0,0
0.018920,0.59439,9.801,10.780,0.091,0,0,0
0.018940,0.59502,9.883,10.925,0.019,0,0,0
0.018960,0.59565,9.964,10.857,0.040,0,0,0
0.018980,0.59627,9.817,10.741,0.029,0,0,0
0.019000,0.59690,9.830,10.706,0.108,0,0,0
0.019020,0.59753,9.885,10.753,0.082,0,0,0
0.019040,0.59816,9.888,10.726,0.034,0,0,0
0.019060,0.59879,9.797,10.781,0.097,0,0,0
0.019080,0.59942,9.798,10.771,0.084,0,0,0
0.019100,0.60004,9.843,10.714,0.054,0,0,0
0.019120,0.60067,9.819,10.645,0.098,0,0,0
0.019140,0.60130,9.850,10.604,0.124,0,0,0
0.019160,0.60193,9.801,10.715,0.116,0,0,0
0.019180,0.60256,9.817,10.778,0.075,0,0,0
0.019200,0.60319,9.849,10.676,0.076,0,0,0
0.019220,0.60381,9.739,10.676,0.035,0,0,0
0.019240,0.60444,9.867,10.634,0.075,0,0,0
0.019260,0.60507,9.702,10.535,0.040,0,0,0
0.019280,0.60570,9.756,10.604,0.026,0,0,0
0.019300,0.60633,9.830,10.556,0.068,0,0,0
0.019320,0.60696,9.711,10.610,0.021,0,0,0
0.019340,0.60758,9.779,10.628,0.107,0,0,0
0.019360,0.60821,9.721,10.494,0.090,0,0,0
0.019380,0.60884,9.686,10.512,0.067,0,0,0
0.019400,0.60947,9.690,10.438,0.083,0,0,0
0.019420,0.61010,9.672,10.490,0.124,0,0,0
0.019440,0.61073,9.721,10.434,-0.025,0,0,0
0.019460,0.61135,9.575,10.549,0.088,0,0,0
0.019480,0.61198,9.654,10.447,0.243,0,0,0
0.019500,0.61261,9.604,10.474,0.122,0,0,0
0.019520,0.61324,9.680,10.481,0.123,0,0,0
0.019540,0.61387,9.695,10.419,0.130,0,0,0
0.019560,0.61450,9.670,10.365,0.056,0,0,0
0.019580,0.61512,9.700,10.466,0.067,0,0,0
0.019600,0.61575,9.713,10.367,0.061,0,0,0
0.019620,0.61638,9.642,10.476,0.005,0,0,0
0.019640,0.61701,9.609,10.327,0.025,0,0,0
0.019660,0.61764,9.714,10.415,0.098,0,0,0
0.019680,0.61827,9.696,10.238,0.081,0,0,0
0.019700,0.61889,9.589,10.425,0.116,0,0,0
0.019720,0.61952,9.667,10.346,0.046,0,0,0
0.019740,0.62015,9.692,10.379,0.112,0,0,0
0.019760,0.62078,9.658,10.241,0.094,0,0,0
0.019780,0.62141,9.664,10.257,0.022,0,0,0
0.019800,0.62204,9.652,10.330,0.120,0,0,0
0.019820,0.62266,9.607,10.280,0.197,0,0,0
0.019840,0.62329,9.601,10.293,0.081,0,0,0
0.019860,0.62392,9.542,10.365,0.113,0,0,0
0.019880,0.62455,9.646,10.227,0.072,0,0,0
0.019900,0.62518,9.737,10.227,0.072,0,0,0
0.019920,0.62581,9.664,10.161,-0.038,0,0,0
0.019940,0.62643,9.673,10.212,0.067,0,0,0
0.019960,0.62706,9.659,10.201,0.148,0,0,0
0.019980,0.62769,9.551,10.114,0.097,0,0,0
0.020000,0.62832,9.555,10.193,0.092,0,0,0
0.020020,0.62895,9.626,10.174,0.071,0,0,0
0.020040,0.62958,9.540,10.137,0.134,0,0,0
0.020060,0.63020,9.475,10.150,0.083,0,0,0
0.020080,0.63083,9.603,10.119,0.078,0,0,0
0.020100,0.63146,9.532,10.149,0.116,0,0,0
0.020120,0.63209,9.610,10.095,0.115,0,0,0
0.020140,0.63272,9.587,10.068,0.060,0,0,0
0.020160,0.63335,9.539,9.983,0.004,0,0,0
0.020180,0.63397,9.567,9.973,0.026,0,0,0
0.020200,0.63460,9.612,10.114,0.116,0,0,0
0.020220,0.63523,9.469,10.024,0.118,0,0,0
0.020240,0.63586,9.495,9.898,0.119,0,0,0
0.020260,0.63649,9.556,10.039,0.062,0,0,0
0.020280,0.63711,9.546,9.966,0.058,0,0,0
0.020300,0.63774,9.566,9.903,0.111,0,0,0
0.020320,0.63837,9.567,9.969,0.146,0,0,0
0.020340,0.63900,9.549,9.927,0.086,0,0,0
0.020360,0.63963,9.526,9.928,0.179,0,0,0
0.020380,0.64026,9.465,9.866,0.158,0,0,0
0.020400,0.64088,9.456,9.864,0.077,0,0,0
0.020420,0.64151,9.595,9.842,0.063,0,0,0
0.020440,0.64214,9.501,9.917,0.061,0,0,0
0.020460,0.64277,9.572,9.908,0.020,0,0,0
0.020480,0.64340,9.523,9.816,0.044,0,0,0
0.020500,0.64403,9.459,9.812,0.009,0,0,0
0.020520,0.64465,9.542,9.789,0.038,0,0,0
0.020540,0.64528,9.479,9.799,0.129,0,0,0
0.020560,0.64591,9.453,9.779,0.087,0,0,0
0.020580,0.64654,9.472,9.727,0.133,0,0,0
0.020600,0.64717,9.433,9.731,0.106,0,0,0
0.020620,0.64780,9.455,9.680,0.074,0,0,0
0.020640,0.64842,9.533,9.750,0.141,0,0,0
0.020660,0.64905,9.598,9.712,0.095,0,0,0
0.020680,0.64968,9.435,9.691,0.046,0,0,0
0.020700,0.65031,9.518,9.651,0.014,0,0,0
0.020720,0.65094,9.492,9.636,0.167,0,0,0
0.020740,0.65157,9.515,9.667,0.120,0,0,0
0.020760,0.65219,9.456,9.548,0.123,0,0,0
0.020780,0.65282,9.382,9.651,0.127,0,0,0
0.020800,0.65345,9.442,9.605,0.052,0,0,0
0.020820,0.65408,9.482,9.602,0.100,0,0,0
0.020840,0.65471,9.324,9.618,0.138,-540,0,0
0.020860,0.65534,9.138,9.618,0.139,-540,0,0
0.020880,0.65596,8.931,9.580,0.163,-540,0,0
0.020900,0.65659,8.701,9.488,0.105,-540,0,0
0.020920,0.65722,8.596,9.551,0.109,-540,0,0
0.020940,0.65785,8.360,9.510,0.088,-540,0,0
0.020960,0.65848,8.257,9.505,0.152,-540,0,0
0.020980,0.65911,8.016,9.405,0.117,-540,0,0
0.021000,0.65973,7.880,9.411,0.074,-540,0,0
0.021020,0.66036,7.660,9.419,0.138,-540,0,0
0.021040,0.66099,7.403,9.374,0.122,-540,0,0
0.021060,0.66162,7.327,9.384,0.148,-540,0,0
0.021080,0.66225,7.158,9.366,0.096,-540,0,0
0.021100,0.66288,7.003,9.411,0.122,-540,0,0
0.021120,0.66350,6.773,9.334,0.167,-540,0,0
0.021140,0.66413,6.626,9.297,0.032,-540,0,0
0.021160,0.66476,6.608,9.374,0.093,-540,0,0
0.021180,0.66539,6.313,9.331,0.087,-540,0,0
0.021200,0.66602,6.183,9.170,0.105,-540,0,0
0.021220,0.66665,5.965,9.234,0.095,-540,0,0
0.021240,0.66727,5.931,9.206,0.135,-540,0,0
0.021260,0.66790,5.695,10.113,0.177,-540,540,0
0.021280,0.66853,5.615,10.907,0.062,-540,540,0
0.021300,0.66916,5.505,10.808,0.111,-540,0,0
0.021320,0.66979,5.267,10.967,0.071,-540,0,0
0.021340,0.67042,5.095,10.917,0.076,-540,0,0
0.021360,0.67104,5.139,10.853,0.113,-540,0,0
0.021380,0.67167,4.757,10.881,0.104,-540,0,0
0.021400,0.67230,4.711,10.725,0.187,-540,0,0
0.021420,0.67293,4.469,10.868,0.108,-540,0,0
0.021440,0.67356,4.437,10.725,0.085,-540,0,0
0.021460,0.67419,4.375,10.785,0.016,-540,0,0
0.021480,0.67481,4.236,10.826,0.119,-540,0,0
0.021500,0.67544,4.119,10.731,0.236,-540,0,0
0.021520,0.67607,3.917,10.841,0.123,-540,0,0
0.021540,0.67670,3.810,10.748,0.094,-540,0,0
0.021560,0.67733,3.556,10.734,0.145,-540,0,0
0.021580,0.67796,3.575,10.746,0.096,-540,0,0
0.021600,0.67858,3.360,10.717,0.131,-540,0,0
0.021620,0.67921,3.333,10.615,0.168,-540,0,0
0.021640,0.67984,3.239,10.588,0.084,-540,0,0
0.021660,0.68047,3.086,10.594,0.069,-540,0,0
0.021680,0.68110,2.945,10.622,0.121,-540,0,0
0.021700,0.68173,2.849,10.561,0.161,-540,0,0
0.021720,0.68235,2.736,10.544,0.243,-540,0,0
0.021740,0.68298,2.525,10.400,0.234,-540,0,0
0.021760,0.68361,2.543,10.429,0.042,-540,0,0
0.021780,0.68424,2.381,10.501,0.112,-540,0,0
0.021800,0.68487,2.254,10.457,0.206,-540,0,0
0.021820,0.68550,2.141,10.448,0.113,-540,0,0
0.021840,0.68612,2.058,10.385,0.132,-540,0,0
0.021860,0.68675,1.950,10.390,0.195,-540,0,0
0.021880,0.68738,1.788,10.357,0.074,-540,0,0
0.021900,0.68801,1.729,10.292,0.115,-540,0,0
0.021920,0.68864,1.609,10.337,0.148,-540,0,0
0.021940,0.68927,1.543,10.269,0.151,-540,0,0
0.021960,0.68989,1.417,10.257,0.153,-540,0,0
0.021980,0.69052,1.307,10.269,0.151,-540,0,0
0.022000,0.69115,1.272,10.286,0.084,-540,0,0
0.022020,0.69178,1.199,10.255,0.127,-540,0,0
0.022040,0.69241,1.094,10.190,0.096,-540,0,0
0.022060,0.69304,0.979,10.222,0.141,-540,0,0
0.022080,0.69366,0.902,10.228,0.125,-540,0,0
0.022100,0.69429,0.727,10.105,0.139,-540,0,0
0.022120,0.69492,0.648,10.008,0.094,-540,0,0
0.022140,0.69555,0.543,10.104,0.195,-540,0,0
0.022160,0.69618,0.424,10.061,0.104,-540,0,0
0.022180,0.69681,0.367,10.023,0.114,-540,0,0
0.022200,0.69743,0.249,9.993,0.069,-540,0,0
0.022220,0.69806,0.305,9.958,0.168,0,0,0
0.022240,0.69869,0.182,9.959,0.057,0,0,0
0.022260,0.69932,0.238,9.976,0.108,0,0,0
0.022280,0.69995,0.202,9.910,0.143,0,0,0
0.022300,0.70058,0.154,9.898,0.207,0,0,0
0.022320,0.70120,0.257,9.877,0.174,0,0,0
0.022340,0.70183,0.322,9.826,0.110,0,0,0
0.022360,0.70246,0.222,9.794,0.153,0,0,0
0.022380,0.70309,0.202,9.754,0.180,0,0,0
0.022400,0.70372,0.258,9.813,0.133,0,0,0
0.022420,0.70435,0.214,9.647,0.158,0,0,0
0.022440,0.70497,0.161,9.686,0.180,0,0,0
0.022460,0.70560,0.239,9.729,0.165,0,0,0
0.022480,0.70623,0.288,9.709,0.216,0,0,0
0.022500,0.70686,0.239,9.609,0.174,0,0,0
0.022520,0.70749,0.192,9.584,0.135,0,0,0
0.022540,0.70811,0.200,9.639,0.161,0,0,0
0.022560,0.70874,0.157,9.572,0.187,0,0,0
0.022580,0.70937,0.230,9.570,0.113,0,0,0
0.022600,0.71000,0.286,9.510,0.129,0,0,0
0.022620,0.71063,0.294,9.517,0.171,0,0,0
0.022640,0.71126,0.187,9.484,0.231,0,0,0
0.022660,0.71188,0.205,9.425,0.102,0,0,0
0.022680,0.71251,0.232,9.443,0.133,0,0,0
0.022700,0.71314,0.294,9.314,0.139,0,0,0
0.022720,0.71377,0.184,9.384,0.156,0,0,0
0.022740,0.71440,0.191,9.330,0.165,0,0,0
0.022760,0.71503,0.189,9.297,0.167,0,0,0
0.022780,0.71565,0.244,9.195,0.127,0,0,0
0.022800,0.71628,0.205,9.138,0.154,0,0,0
0.022820,0.71691,0.121,9.994,0.213,0,540,0
0.022840,0.71754,0.289,10.911,0.119,0,540,0
0.022860,0.71817,0.187,11.139,0.239,0,0,0
0.022880,0.71880,0.161,11.114,0.181,0,0,0
0.022900,0.71942,0.193,11.111,0.186,0,0,0
0.022920,0.72005,0.200,11.132,0.149,0,0,0
0.022940,0.72068,0.153,11.089,0.188,-540,0,0
0.022960,0.72131,0.180,11.127,0.146,0,0,0
0.022980,0.72194,0.163,10.995,0.124,0,0,0
0.023000,0.72257,0.220,11.040,0.167,0,0,0
0.023020,0.72319,0.095,10.964,0.160,0,0,0
0.023040,0.72382,0.253,10.868,0.136,0,0,0
0.023060,0.72445,0.077,10.921,0.177,0,0,0
0.023080,0.72508,0.161,10.894,0.192,0,0,0
0.023100,0.72571,0.136,10.837,0.166,0,0,0
0.023120,0.72634,0.187,10.737,0.177,0,0,0
0.023140,0.72696,0.199,10.774,0.252,0,0,0
0.023160,0.72759,0.153,10.738,0.178,0,0,0
0.023180,0.72822,0.226,10.726,0.147,0,0,0
0.023200,0.72885,0.138,10.603,0.199,0,0,0
0.023220,0.72948,0.226,10.632,0.281,0,0,0
0.023240,0.73011,0.078,10.546,0.100,0,0,0
0.023260,0.73073,0.173,10.588,0.190,0,0,0
0.023280,0.73136,0.192,10.583,0.219,0,0,0
0.023300,0.73199,0.233,10.462,0.221,0,0,0
0.023320,0.73262,0.162,10.467,0.097,0,0,0
0.023340,0.73325,0.187,10.415,0.139,0,0,0
0.023360,0.73388,0.065,10.321,0.166,0,0,0
0.023380,0.73450,0.108,10.376,0.282,0,0,0
0.023400,0.73513,0.161,10.308,0.174,0,0,0
0.023420,0.73576,0.145,10.194,0.206,0,0,0
0.023440,0.73639,0.127,10.207,0.132,0,0,0
0.023460,0.73702,0.154,10.136,0.156,0,0,0
0.023480,0.73765,0.121,10.165,0.184,0,0,0
0.023500,0.73827,0.262,10.169,0.161,0,0,0
0.023520,0.73890,0.198,10.144,0.264,0,0,0
0.023540,0.73953,0.206,9.959,0.061,0,0,0
0.023560,0.74016,0.088,9.955,0.132,0,0,0
0.023580,0.74079,0.195,9.966,0.218,0,0,0
0.023600,0.74142,0.231,10.013,0.200,0,0,0
0.023620,0.74204,0.128,9.960,0.201,0,0,0
0.023640,0.74267,0.166,9.756,0.277,0,0,0
0.023660,0.74330,0.095,9.842,0.134,0,0,0
0.023680,0.74393,0.160,9.796,0.169,0,0,0
0.023700,0.74456,0.168,9.794,0.244,0,0,0
0.023720,0.74519,0.226,9.721,0.212,0,0,0
0.023740,0.74581,0.068,9.672,-0.048,0,0,-540
0.023760,0.74644,0.141,9.730,0.051,0,0,0
0.023780,0.74707,0.178,9.607,0.037,0,0,0
0.023800,0.74770,0.186,9.576,0.151,0,0,0
0.023820,0.74833,0.096,9.523,0.124,0,0,0
0.023840,0.74896,0.023,9.492,0.156,0,0,0
0.023860,0.74958,0.034,9.502,0.137,0,0,0
0.023880,0.75021,0.148,9.385,0.075,0,0,0
0.023900,0.75084,0.116,9.445,-0.089,0,0,0
0.023920,0.75147,0.140,9.346,0.121,0,0,0
0.023940,0.75210,0.101,9.305,0.138,0,0,0
0.023960,0.75273,0.151,9.228,0.093,0,0,0
0.023980,0.75335,0.102,9.214,-0.067,0,0,0
0.024000,0.75398,0.135,9.614,0.025,0,540,0
0.024020,0.75461,0.149,10.328,0.055,0,540,0
0.024040,0.75524,0.100,11.016,0.108,0,540,0
0.024060,0.75587,0.092,10.891,0.034,0,0,0
0.024080,0.75650,0.219,10.829,0.103,0,0,0
0.024100,0.75712,0.130,10.854,0.041,0,0,0
0.024120,0.75775,0.122,10.891,-0.030,0,0,0
0.024140,0.75838,0.106,10.773,0.009,0,0,0
0.024160,0.75901,0.136,10.679,0.087,0,0,0
0.024180,0.75964,0.123,10.693,-0.003,0,0,0
0.024200,0.76027,0.108,10.654,0.028,0,0,0
0.024220,0.76089,0.131,10.628,0.037,0,0,0
0.024240,0.76152,0.138,10.565,0.037,0,0,0
0.024260,0.76215,0.207,10.526,0.006,0,0,0
0.024280,0.76278,0.066,10.443,0.077,0,0,0
0.024300,0.76341,0.106,10.417,0.138,0,0,0
0.024320,0.76404,0.117,10.444,0.103,0,0,0
0.024340,0.76466,0.201,10.300,-0.004,0,0,0
0.024360,0.76529,0.096,10.246,0.146,0,0,0
0.024380,0.76592,0.007,10.153,-0.014,0,0,0
0.024400,0.76655,0.121,10.137,0.045,0,0,0
0.024420,0.76718,0.045,10.136,0.013,0,0,0
0.024440,0.76781,0.075,10.056,-0.036,0,0,0
0.024460,0.76843,0.106,10.085,0.016,0,0,0
0.024480,0.76906,0.078,9.984,0.074,0,0,0
0.024500,0.76969,0.118,9.892,-0.076,0,0,0
0.024520,0.77032,0.123,9.888,0.019,0,0,0
0.024540,0.77095,0.048,9.809,0.054,0,0,0
0.024560,0.77158,0.082,9.850,0.065,0,0,0
0.024580,0.77220,0.101,9.855,0.027,0,0,0
0.024600,0.77283,0.158,9.769,-0.016,0,0,0
0.024620,0.77346,0.207,9.661,0.078,0,0,0
0.024640,0.77409,0.186,9.633,0.004,0,0,0
0.024660,0.77472,0.102,9.585,-0.050,0,0,0
0.024680,0.77535,0.211,9.485,-0.031,0,0,0
0.024700,0.77597,0.204,9.481,0.061,0,0,0
0.024720,0.77660,0.138,9.432,0.031,0,0,0
0.024740,0.77723,0.148,9.332,-0.026,0,0,0
0.024760,0.77786,0.047,9.431,0.073,0,0,0
0.024780,0.77849,0.119,9.381,0.083,0,0,0
0.024800,0.77911,0.069,9.272,-0.037,0,0,0
0.024820,0.77974,0.153,9.282,0.104,0,0,0
0.024840,0.78037,0.130,9.192,0.070,0,0,0
0.024860,0.78100,0.195,9.790,0.062,0,540,0
0.024880,0.78163,0.160,10.521,0.046,0,540,0
0.024900,0.78226,0.144,11.046,0.036,0,540,0
0.024920,0.78288,-0.058,10.936,0.033,0,0,0
0.024940,0.78351,0.131,10.864,0.026,0,0,0
0.024960,0.78414,0.141,10.848,0.093,0,0,0
0.024980,0.78477,0.078,10.868,0.075,0,0,0
0.025000,0.78540,0.165,10.665,0.131,0,0,0
0.025020,0.78603,0.119,10.755,0.020,0,0,0
0.025040,0.78665,0.142,10.609,-0.022,0,0,0
0.025060,0.78728,0.211,10.525,0.040,0,0,0
0.025080,0.78791,0.168,10.566,-0.066,0,0,0
0.025100,0.78854,0.265,10.504,0.049,0,0,0
0.025120,0.78917,0.125,10.448,0.018,0,0,0
0.025140,0.78980,0.145,10.420,-0.025,0,0,0
0.025160,0.79042,0.101,10.355,-0.002,0,0,0
0.025180,0.79105,0.101,10.221,0.084,0,0,0
0.025200,0.79168,0.062,10.226,0.012,0,0,0
0.025220,0.79231,0.143,10.206,0.042,0,0,0
0.025240,0.79294,0.106,10.141,0.022,0,0,0
0.025260,0.79357,0.114,10.116,0.031,0,0,0
0.025280,0.79419,0.171,10.069,0.016,0,0,0
0.025300,0.79482,0.187,10.011,0.030,0,0,0
0.025320,0.79545,0.142,9.855,0.027,0,0,0
0.025340,0.79608,0.051,9.775,0.133,0,0,0
0.025360,0.79671,0.074,9.803,-0.003,0,0,0
0.025380,0.79734,0.160,9.765,0.000,0,0,0
0.025400,0.79796,0.022,9.689,-0.083,0,0,0
0.025420,0.79859,0.135,9.562,-0.072,0,0,0
0.025440,0.79922,0.168,9.584,0.015,0,0,0
0.025460,0.79985,0.069,9.570,0.038,0,0,0
0.025480,0.80048,0.164,9.500,0.135,0,0,0
0.025500,0.80111,0.156,9.321,-0.041,0,0,0
0.025520,0.80173,0.095,9.372,0.014,0,0,0
0.025540,0.80236,0.128,9.291,0.134,0,0,0
0.025560,0.80299,0.148,9.315,0.036,0,0,0
0.025580,0.80362,0.071,9.252,0.064,0,0,0
0.025600,0.80425,0.166,9.747,0.090,0,540,0
0.025620,0.80488,0.096,10.338,-0.037,0,540,0
0.025640,0.80550,0.027,10.928,0.027,0,540,0
0.025660,0.80613,0.048,10.783,0.153,0,0,0
0.025680,0.80676,0.142,10.762,0.106,0,0,0
0.025700,0.80739,0.185,10.687,0.024,0,0,0
0.025720,0.80802,0.132,10.556,0.059,0,0,0
0.025740,0.80865,0.129,10.581,0.038,0,0,0
0.025760,0.80927,0.160,10.441,-0.006,0,0,0
0.025780,0.80990,0.124,10.366,0.071,0,0,0
0.025800,0.81053,0.108,10.384,0.008,0,0,0
0.025820,0.81116,0.125,10.254,0.031,0,0,0
0.025840,0.81179,0.124,10.221,0.007,0,0,0
0.025860,0.81242,0.048,10.158,0.159,0,0,0
0.025880,0.81304,0.069,10.115,0.073,0,0,0
0.025900,0.81367,0.037,9.944,0.098,0,0,0
0.025920,0.81430,0.116,9.927,0.134,0,0,0
0.025940,0.81493,0.064,9.944,0.094,0,0,0
0.025960,0.81556,0.184,9.957,-0.039,0,0,0
0.025980,0.81619,0.075,9.847,0.034,0,0,0
0.026000,0.81681,0.138,9.794,0.138,0,0,0
0.026020,0.81744,0.151,9.712,-0.008,0,0,0
0.026040,0.81807,0.251,9.537,0.035,0,0,0
0.026060,0.81870,0.182,9.664,0.092,0,0,0
0.026080,0.81933,0.104,9.476,0.011,0,0,0
0.026100,0.81996,0.097,9.409,0.036,0,0,0
0.026120,0.82058,0.102,9.378,0.066,0,0,0
0.026140,0.82121,0.058,9.257,0.122,0,0,0
0.026160,0.82184,0.044,9.269,0.025,0,0,0
0.026180,0.82247,0.084,9.168,0.062,0,0,0
0.026200,0.82310,0.045,9.124,0.099,0,0,0
0.026220,0.82373,0.103,9.560,0.137,0,540,0
0.026240,0.82435,0.122,10.132,0.128,0,540,0
0.026260,0.82498,0.142,10.704,0.095,0,540,0
0.026280,0.82561,0.140,10.809,0.089,0,0,0
0.026300,0.82624,0.138,10.733,0.117,0,0,0
0.026320,0.82687,0.043,10.740,0.076,0,0,0
0.026340,0.82750,0.132,10.659,0.049,0,0,0
0.026360,0.82812,0.152,10.537,0.062,0,0,0
0.026380,0.82875,0.080,10.532,0.013,0,0,0
0.026400,0.82938,0.057,10.338,0.028,0,0,0
0.026420,0.83001,0.049,10.322,0.088,0,0,0
0.026440,0.83064,0.213,10.360,0.030,0,0,0
0.026460,0.83127,0.093,10.225,0.136,0,0,0
0.026480,0.83189,0.071,10.200,0.023,0,0,0
0.026500,0.83252,0.131,10.107,0.093,0,0,0
0.026520,0.83315,0.091,10.119,0.099,0,0,0
0.026540,0.83378,0.012,10.038,0.036,0,0,0
0.026560,0.83441,0.143,9.927,0.083,0,0,0
0.026580,0.83504,0.174,9.884,-0.017,0,0,0
0.026600,0.83566,0.138,9.810,-0.013,0,0,0
0.026620,0.83629,0.134,9.830,0.028,0,0,0
0.026640,0.83692,0.140,9.612,0.019,0,0,0
0.026660,0.83755,0.161,9.673,0.079,0,0,0
0.026680,0.83818,0.121,9.514,-0.022,0,0,0
0.026700,0.83881,0.134,9.433,0.101,0,0,0
0.026720,0.83943,0.140,9.501,0.096,0,0,0
0.026740,0.84006,0.144,9.358,0.090,0,0,0
0.026760,0.84069,0.118,9.303,0.157,0,0,0
0.026780,0.84132,0.018,9.161,0.118,0,0,0
0.026800,0.84195,0.075,9.441,0.099,0,540,0
0.026820,0.84258,0.132,9.916,0.046,0,540,0
0.026840,0.84320,0.187,10.292,-0.039,0,540,0
0.026860,0.84383,0.164,10.768,0.033,0,540,0
0.026880,0.84446,0.143,11.010,0.107,0,0,0
0.026900,0.84509,0.172,10.836,0.080,0,0,0
0.026920,0.84572,0.147,10.882,0.080,0,0,0
0.026940,0.84635,0.153,10.639,0.034,0,0,0
0.026960,0.84697,0.095,10.647,0.133,0,0,0
0.026980,0.84760,0.118,10.504,0.074,0,0,0
0.027000,0.84823,0.050,10.537,0.041,0,0,0
0.027020,0.84886,0.098,10.470,0.075,0,0,0
0.027040,0.84949,0.078,10.316,0.072,0,0,0
0.027060,0.85011,0.136,10.340,0.081,0,0,0
0.027080,0.85074,0.117,10.264,-0.012,0,0,0
0.027100,0.85137,0.060,10.072,0.029,0,0,0
0.027120,0.85200,0.018,10.070,0.014,0,0,0
0.027140,0.85263,0.178,9.981,0.060,0,0,0
0.027160,0.85326,0.240,9.903,0.036,0,0,0
0.027180,0.85388,0.149,9.920,0.133,0,0,0
0.027200,0.85451,-0.019,9.745,0.088,0,0,0
0.027220,0.85514,0.091,9.855,0.032,0,0,0
0.027240,0.85577,0.097,9.743,0.048,0,0,0
0.027260,0.85640,0.118,9.663,0.034,0,0,0
0.027280,0.85703,0.086,9.603,-0.021,0,0,0
0.027300,0.85765,0.115,9.495,0.136,0,0,0
0.027320,0.85828,0.068,9.344,-0.003,0,0,0
0.027340,0.85891,0.170,9.292,0.101,0,0,0
0.027360,0.85954,0.061,9.339,0.081,0,0,0
0.027380,0.86017,0.125,9.249,0.123,0,0,0
0.027400,0.86080,0.196,9.167,0.124,0,0,0
0.027420,0.86142,0.106,9.577,0.113,0,540,0
0.027440,0.86205,0.052,9.961,0.091,0,540,0
0.027460,0.86268,0.041,10.352,0.049,0,540,0
0.027480,0.86331,0.071,10.805,0.152,0,540,0
0.027500,0.86394,0.101,10.742,0.128,0,0,0
0.027520,0.86457,0.129,10.581,0.019,0,0,0
0.027540,0.86519,0.139,10.538,0.008,0,0,0
0.027560,0.86582,0.156,10.394,-0.007,0,0,0
0.027580,0.86645,0.018,10.397,0.114,0,0,0
0.027600,0.86708,0.062,10.318,0.096,0,0,0
0.027620,0.86771,0.085,10.190,0.036,0,0,0
0.027640,0.86834,0.152,10.228,0.141,0,0,0
0.027660,0.86896,0.113,10.046,0.022,0,0,0
0.027680,0.86959,0.164,10.039,0.013,0,0,0
0.027700,0.87022,0.150,10.040,-0.009,0,0,0
0.027720,0.87085,0.152,10.055,0.124,0,0,0
0.027740,0.87148,0.042,9.837,0.085,0,0,0
0.027760,0.87211,0.057,9.817,0.118,0,0,0
0.027780,0.87273,0.184,9.756,0.119,0,0,0
0.027800,0.87336,0.100,9.706,0.085,0,0,0
0.027820,0.87399,0.150,9.610,0.075,0,0,0
0.027840,0.87462,0.076,9.529,0.019,0,0,0
0.027860,0.87525,0.150,9.449,-0.019,0,0,0
0.027880,0.87588,0.116,9.498,0.194,0,0,0
0.027900,0.87650,0.073,9.356,0.086,0,0,0
0.027920,0.87713,0.044,9.217,0.111,0,0,0
0.027940,0.87776,0.064,9.257,0.064,0,0,0
0.027960,0.87839,0.166,9.387,0.062,0,540,0
0.027980,0.87902,0.140,9.592,0.060,0,540,0
0.028000,0.87965,0.084,10.033,0.099,0,540,0
0.028020,0.88027,0.103,10.415,0.126,0,540,0
0.028040,0.88090,0.143,10.695,0.016,0,540,0
0.028060,0.88153,0.025,10.933,0.005,0,0,0
0.028080,0.88216,0.212,10.844,0.071,0,0,0
0.028100,0.88279,0.125,10.734,0.084,0,0,0
0.028120,0.88342,0.091,10.752,0.039,0,0,0
0.028140,0.88404,0.083,10.612,0.078,0,0,0
0.028160,0.88467,0.163,10.640,0.111,0,0,0
0.028180,0.88530,0.123,10.466,0.017,0,0,0
0.028200,0.88593,0.059,10.386,0.091,0,0,0
0.028220,0.88656,0.081,10.318,0.085,0,0,0
0.028240,0.88719,0.154,10.310,0.004,0,0,0
0.028260,0.88781,0.089,10.190,-0.004,0,0,0
0.028280,0.88844,0.155,10.094,0.074,0,0,0
0.028300,0.88907,0.141,10.159,0.044,0,0,0
0.028320,0.88970,0.130,9.973,0.094,0,0,0
0.028340,0.89033,0.067,9.908,0.082,0,0,0
0.028360,0.89096,0.107,9.878,-0.009,0,0,0
0.028380,0.89158,0.131,9.813,-0.027,0,0,0
0.028400,0.89221,0.124,9.788,0.084,0,0,0
0.028420,0.89284,0.172,9.647,0.089,0,0,0
0.028440,0.89347,0.135,9.596,0.080,0,0,0
0.028460,0.89410,0.077,9.537,0.069,0,0,0
0.028480,0.89473,0.152,9.473,0.121,0,0,0
0.028500,0.89535,0.143,9.458,-0.001,0,0,0
0.028520,0.89598,0.155,9.391,0.153,0,0,0
0.028540,0.89661,0.099,9.316,0.130,0,0,0
0.028560,0.89724,0.106,9.241,0.038,0,0,0
0.028580,0.89787,0.038,9.176,0.074,0,0,0
0.028600,0.89850,0.096,9.212,0.092,0,540,0
0.028620,0.89912,0.078,9.662,0.084,0,540,0
0.028640,0.89975,0.183,9.858,0.042,0,540,0
0.028660,0.90038,0.143,10.290,0.100,0,540,0
0.028680,0.90101,0.083,10.594,0.098,0,540,0
0.028700,0.90164,0.197,10.798,0.126,0,540,0
0.028720,0.90227,0.119,10.770,0.099,0,0,0
0.028740,0.90289,0.137,10.801,0.085,0,0,0
0.028760,0.90352,0.124,10.644,0.065,0,0,0
0.028780,0.90415,0.125,10.623,0.156,0,0,0
0.028800,0.90478,0.100,10.489,0.074,0,0,0
0.028820,0.90541,0.154,10.427,0.028,0,0,0
0.028840,0.90604,0.134,10.412,0.076,0,0,0
0.028860,0.90666,0.117,10.362,0.058,0,0,0
0.028880,0.90729,0.196,10.260,0.098,0,0,0
0.028900,0.90792,0.132,10.174,0.130,0,0,0
0.028920,0.90855,0.076,10.169,0.031,0,0,0
0.028940,0.90918,0.119,10.081,0.147,0,0,0
0.028960,0.90981,0.142,9.999,0.041,0,0,0
0.028980,0.91043,0.115,10.024,0.127,0,0,0
0.029000,0.91106,0.163,9.906,0.043,0,0,0
0.029020,0.91169,0.129,9.954,0.031,0,0,0
0.029040,0.91232,0.158,9.864,0.123,0,0,0
0.029060,0.91295,0.151,9.671,0.082,0,0,0
0.029080,0.91358,0.110,9.702,0.118,0,0,0
0.029100,0.91420,0.103,9.660,0.082,0,0,0
0.029120,0.91483,0.209,9.591,0.095,0,0,0
0.029140,0.91546,0.148,9.487,0.032,0,0,0
0.029160,0.91609,0.193,9.527,0.080,0,0,0
0.029180,0.91672,0.123,9.319,0.002,0,0,0
0.029200,0.91735,0.132,9.317,0.156,0,0,0
0.029220,0.91797,0.173,9.253,0.047,0,0,0
0.029240,0.91860,0.033,9.180,0.068,0,0,0
0.029260,0.91923,0.126,9.174,0.112,0,0,0
0.029280,0.91986,0.153,9.447,0.085,0,540,0
0.029300,0.92049,0.019,9.779,0.004,0,540,0
0.029320,0.92111,0.108,9.979,0.103,0,540,0
0.029340,0.92174,0.079,10.234,0.084,0,540,0
0.029360,0.92237,0.043,10.522,0.078,0,540,0
0.029380,0.92300,0.080,10.682,0.098,0,540,0
0.029400,0.92363,0.085,10.901,0.069,0,0,0
0.029420,0.92426,0.108,10.738,0.101,0,0,0
0.029440,0.92488,0.166,10.914,0.050,0,0,0
0.029460,0.92551,0.088,10.790,0.084,0,0,0
0.029480,0.92614,0.188,10.635,0.040,0,0,0
0.029500,0.92677,0.124,10.584,0.053,0,0,0
0.029520,0.92740,0.066,10.577,0.044,0,0,0
0.029540,0.92803,0.147,10.561,0.064,0,0,0
0.029560,0.92865,0.126,10.529,-0.007,0,0,0
0.029580,0.92928,0.127,10.426,0.031,0,0,0
0.029600,0.92991,0.085,10.316,0.001,0,0,0
0.029620,0.93054,0.101,10.265,0.054,0,0,0
0.029640,0.93117,0.134,10.235,0.105,0,0,0
0.029660,0.93180,0.075,10.239,0.081,0,0,0
0.029680,0.93242,0.091,10.216,0.050,0,0,0
0.029700,0.93305,0.048,10.071,0.020,0,0,0
0.029720,0.93368,0.024,10.060,0.146,0,0,0
0.029740,0.93431,0.086,9.911,0.100,0,0,0
0.029760,0.93494,0.127,9.886,0.068,0,0,0
0.029780,0.93557,0.105,9.897,0.081,0,0,0
0.029800,0.93619,0.156,9.810,0.005,0,0,0
0.029820,0.93682,0.134,9.795,0.149,0,0,0
0.029840,0.93745,0.121,9.773,0.142,0,0,0
0.029860,0.93808,0.194,9.689,0.106,0,0,0
0.029880,0.93871,0.132,9.630,0.019,0,0,0
0.029900,0.93934,0.100,9.598,0.038,0,0,0
0.029920,0.93996,0.017,9.553,0.102,0,0,0
0.029940,0.94059,0.114,9.484,-0.035,0,0,0
0.029960,0.94122,0.079,9.497,0.112,0,0,0
0.029980,0.94185,0.037,9.387,0.137,0,0,0
0.030000,0.94248,0.100,9.382,0.061,0,0,0
0.030020,0.94311,0.088,9.353,0.121,0,0,0
0.030040,0.94373,0.014,9.288,0.014,0,0,0
0.030060,0.94436,0.125,9.230,0.109,0,0,0
0.030080,0.94499,0.078,9.128,0.090,0,0,0
0.030100,0.94562,0.225,9.121,0.046,0,0,0
0.030120,0.94625,0.190,9.324,0.050,0,540,0
0.030140,0.94688,0.084,9.546,0.075,0,540,0
0.030160,0.94750,0.122,9.808,0.198,0,540,0
0.030180,0.94813,0.182,10.086,0.121,0,540,0
0.030200,0.94876,0.189,10.371,0.120,0,540,0
0.030220,0.94939,0.167,10.626,0.002,0,540,0
0.030240,0.95002,0.021,10.831,0.090,0,540,0
0.030260,0.95065,0.134,10.817,0.061,0,0,0
0.030280,0.95127,0.105,10.713,0.075,0,0,0
0.030300,0.95190,0.095,10.678,0.082,0,0,0
0.030320,0.95253,0.107,10.635,0.029,0,0,0
0.030340,0.95316,0.058,10.629,0.044,0,0,0
0.030360,0.95379,0.092,10.599,0.087,0,0,0
0.030380,0.95442,0.142,10.459,0.098,0,0,0
0.030400,0.95504,0.171,10.491,0.025,0,0,0
0.030420,0.95567,0.124,10.379,0.074,0,0,0
0.030440,0.95630,0.062,10.302,0.047,0,0,0
0.030460,0.95693,0.214,10.254,0.119,0,0,0
0.030480,0.95756,0.159,10.285,0.046,0,0,0
0.030500,0.95819,0.074,10.310,0.001,0,0,0
0.030520,0.95881,0.102,10.146,0.005,0,0,0
0.030540,0.95944,0.188,10.182,0.146,0,0,0
0.030560,0.96007,0.181,10.010,0.107,0,0,0
0.030580,0.96070,0.103,10.026,0.074,0,0,0
0.030600,0.96133,0.153,9.962,0.098,0,0,0
0.030620,0.96196,0.157,10.040,0.115,0,0,0
0.030640,0.96258,0.122,9.981,-0.017,0,0,0
0.030660,0.96321,0.147,9.774,0.035,0,0,0
0.030680,0.96384,0.161,9.749,0.145,0,0,0
0.030700,0.96447,0.097,9.844,-0.063,0,0,0
0.030720,0.96510,0.116,9.775,0.098,0,0,0
0.030740,0.96573,0.064,9.673,0.121,0,0,0
0.030760,0.96635,0.159,9.687,0.033,0,0,0
0.030780,0.96698,0.053,9.645,0.130,0,0,0
0.030800,0.96761,0.022,9.590,0.129,0,0,0
0.030820,0.96824,0.085,9.608,-0.013,0,0,0
0.030840,0.96887,0.152,9.565,0.110,0,0,0
0.030860,0.96950,0.153,9.513,0.100,0,0,0
0.030880,0.97012,0.138,9.394,0.075,0,0,0
0.030900,0.97075,0.158,9.451,0.079,0,0,0
0.030920,0.97138,0.184,9.334,0.022,0,0,0
0.030940,0.97201,0.145,9.358,-0.062,0,0,0
0.030960,0.97264,0.124,9.312,0.125,0,0,0
0.030980,0.97327,0.078,9.309,0.074,0,0,0
0.031000,0.97389,0.171,9.187,0.067,0,0,0
0.031020,0.97452,0.143,9.174,0.077,0,0,0
0.031040,0.97515,0.086,9.347,0.145,0,540,0
0.031060,0.97578,0.070,9.608,0.134,0,540,0
0.031080,0.97641,0.088,9.879,0.039,0,540,0
0.031100,0.97704,0.104,10.044,0.007,0,540,0
0.031120,0.97766,0.227,10.267,0.076,0,540,0
0.031140,0.97829,0.026,10.491,0.001,0,540,0
0.031160,0.97892,0.147,10.708,0.086,0,540,0
0.031180,0.97955,0.140,10.878,0.084,0,0,0
0.031200,0.98018,0.202,10.783,0.148,0,0,0
0.031220,0.98081,0.170,10.798,0.047,0,0,0
0.031240,0.98143,0.116,10.705,0.036,0,0,0
0.031260,0.98206,0.161,10.707,0.115,0,0,0
0.031280,0.98269,0.171,10.578,0.083,0,0,0
0.031300,0.98332,0.081,10.634,0.064,0,0,0
0.031320,0.98395,0.168,10.606,0.042,0,0,0
0.031340,0.98458,0.128,10.645,0.068,0,0,0
0.031360,0.98520,0.136,10.482,-0.017,0,0,0
0.031380,0.98583,0.156,10.446,0.030,0,0,0
0.031400,0.98646,0.178,10.525,0.078,0,0,0
0.031420,0.98709,0.041,10.329,0.157,0,0,0
0.031440,0.98772,0.150,10.414,0.003,0,0,0
0.031460,0.98835,0.007,10.312,0.030,0,0,0
0.031480,0.98897,0.200,10.308,0.080,0,0,0
0.031500,0.98960,0.135,10.306,0.145,0,0,0
0.031520,0.99023,0.161,10.201,0.086,0,0,0
0.031540,0.99086,0.196,10.147,0.087,0,0,0
0.031560,0.99149,0.137,10.111,0.036,0,0,0
0.031580,0.99211,0.107,10.154,0.110,0,0,0
0.031600,0.99274,0.153,10.160,0.033,0,0,0
0.031620,0.99337,0.125,10.035,0.099,0,0,0
0.031640,0.99400,0.234,10.006,0.064,0,0,0
0.031660,0.99463,0.149,10.143,-0.076,0,0,0
0.031680,0.99526,0.121,10.024,-0.060,0,0,0
0.031700,0.99588,0.065,9.956,0.083,0,0,0
0.031720,0.99651,0.158,9.966,0.097,0,0,0
0.031740,0.99714,0.087,9.962,0.094,0,0,0
0.031760,0.99777,0.173,9.805,0.080,0,0,0
0.031780,0.99840,0.114,9.877,0.058,0,0,0
0.031800,0.99903,0.174,9.796,-0.022,0,0,0
0.031820,0.99965,0.185,9.653,0.072,0,0,0
0.031840,1.00028,0.151,9.803,0.046,0,0,0
0.031860,1.00091,0.192,9.688,0.042,0,0,0
0.031880,1.00154,0.095,9.631,0.058,0,0,0
0.031900,1.00217,0.222,9.641,0.117,0,0,0
0.031920,1.00280,0.146,9.566,0.053,0,0,0
0.031940,1.00342,0.044,9.539,0.139,0,0,0
0.031960,1.00405,0.135,9.532,0.058,0,0,0
0.031980,1.00468,0.075,9.524,0.127,0,0,0
0.032000,1.00531,0.148,9.586,0.036,0,0,0
0.032020,1.00594,0.084,9.405,-0.044,0,0,0
0.032040,1.00657,0.088,9.444,0.100,0,0,0
0.032060,1.00719,0.104,9.418,0.070,0,0,0
0.032080,1.00782,0.250,9.447,0.059,0,0,0
0.032100,1.00845,0.202,9.502,0.071,0,0,0
0.032120,1.00908,0.125,9.378,0.095,0,0,0
0.032140,1.00971,0.041,9.326,0.121,0,0,0
0.032160,1.01034,0.168,9.312,0.091,0,0,0
0.032180,1.01096,0.203,9.269,0.019,0,0,0
0.032200,1.01159,0.101,9.192,0.066,0,0,0
0.032220,1.01222,0.185,9.273,0.046,0,0,0
0.032240,1.01285,0.124,9.470,0.054,0,540,0
0.032260,1.01348,0.039,9.647,0.109,0,540,0
0.032280,1.01411,0.183,9.835,0.037,0,540,0
0.032300,1.01473,0.148,10.057,0.092,0,540,0
0.032320,1.01536,0.113,10.267,0.053,0,540,0
0.032340,1.01599,0.141,10.412,0.048,0,540,0
0.032360,1.01662,0.217,10.727,0.143,0,540,0
0.032380,1.01725,0.189,10.759,0.078,0,0,0
0.032400,1.01788,0.144,10.816,0.030,0,0,0
0.032420,1.01850,0.166,10.752,-0.009,0,0,0
0.032440,1.01913,0.178,10.698,0.061,0,0,0
0.032460,1.01976,0.089,10.714,0.094,0,0,0
0.032480,1.02039,0.075,10.548,0.076,0,0,0
0.032500,1.02102,0.117,10.562,0.031,0,0,0
0.032520,1.02165,0.151,10.663,0.089,0,0,0
0.032540,1.02227,0.148,10.588,0.092,0,0,0
0.032560,1.02290,0.213,10.646,0.048,0,0,0
0.032580,1.02353,0.245,10.533,0.031,0,0,0
0.032600,1.02416,0.130,10.520,0.024,0,0,0
0.032620,1.02479,0.152,10.541,0.002,0,0,0
0.032640,1.02542,0.118,10.520,0.075,0,0,0
0.032660,1.02604,0.140,10.396,0.055,0,0,0
0.032680,1.02667,0.110,10.459,0.056,0,0,0
0.032700,1.02730,0.055,10.526,0.030,0,0,0
0.032720,1.02793,0.014,10.452,0.008,0,0,0
0.032740,1.02856,0.024,10.382,0.015,0,0,0
0.032760,1.02919,0.111,10.313,0.093,0,0,0
0.032780,1.02981,0.169,10.344,0.073,0,0,0
0.032800,1.03044,0.106,10.286,0.011,0,0,0
0.032820,1.03107,0.092,10.279,0.079,0,0,0
0.032840,1.03170,0.166,10.298,-0.008,0,0,0
0.032860,1.03233,0.122,10.252,0.058,0,0,0
0.032880,1.03296,0.126,10.265,-0.007,0,0,0
0.032900,1.03358,0.168,10.161,0.091,0,0,0
0.032920,1.03421,0.200,10.216,-0.003,0,0,0
0.032940,1.03484,0.077,10.203,0.069,0,0,0
0.032960,1.03547,0.156,10.081,0.093,0,0,0
0.032980,1.03610,0.088,10.079,0.114,0,0,0
0.033000,1.03673,0.032,10.096,0.087,0,0,0
0.033020,1.03735,0.136,10.063,0.033,0,0,0
0.033040,1.03798,0.176,10.075,0.126,0,0,0
0.033060,1.03861,0.149,10.081,0.045,0,0,0
0.033080,1.03924,0.268,9.985,0.074,0,0,0
0.033100,1.03987,0.157,10.008,0.052,0,0,0
0.033120,1.04050,0.115,10.033,0.090,0,0,0
0.033140,1.04112,0.089,10.020,0.055,0,0,0
0.033160,1.04175,0.162,9.973,0.000,0,0,0
0.033180,1.04238,0.076,9.940,0.126,0,0,0
0.033200,1.04301,0.086,9.837,0.107,0,0,0
0.033220,1.04364,0.155,9.860,-0.034,0,0,0
0.033240,1.04427,0.122,9.886,0.079,0,0,0
0.033260,1.04489,0.145,9.813,0.168,0,0,0
0.033280,1.04552,0.153,9.752,0.012,0,0,0
0.033300,1.04615,0.149,9.764,0.044,0,0,0
0.033320,1.04678,0.239,9.752,0.000,0,0,0
0.033340,1.04741,0.120,9.858,0.086,0,0,0
0.033360,1.04804,0.165,9.759,0.053,0,0,0
0.033380,1.04866,0.156,9.652,0.007,0,0,0
0.033400,1.04929,0.159,9.748,0.117,0,0,0
0.033420,1.04992,0.137,9.607,0.102,0,0,0
0.033440,1.05055,0.135,9.715,0.009,0,0,0
0.033460,1.05118,0.090,9.718,0.087,0,0,0
0.033480,1.05181,0.096,9.573,0.037,0,0,0
0.033500,1.05243,0.152,9.701,0.067,0,0,0
0.033520,1.05306,0.205,9.609,0.064,0,0,0
0.033540,1.05369,0.103,9.639,0.120,0,0,0
0.033560,1.05432,0.032,9.556,-0.080,0,0,0
0.033580,1.05495,0.169,9.541,0.102,0,0,0
0.033600,1.05558,0.233,9.602,0.022,0,0,0
0.033620,1.05620,0.095,9.511,0.079,0,0,0
0.033640,1.05683,0.099,9.521,0.054,0,0,0
0.033660,1.05746,0.146,9.499,0.107,0,0,0
0.033680,1.05809,0.119,9.573,0.081,0,0,0
0.033700,1.05872,-0.024,9.527,0.098,0,0,0
0.033720,1.05935,0.236,9.486,0.046,0,0,0
0.033740,1.05997,0.067,9.396,-0.008,0,0,0
0.033760,1.06060,0.083,9.450,0.117,0,0,0
0.033780,1.06123,0.131,9.499,0.064,0,0,0
0.033800,1.06186,0.133,9.479,0.052,0,0,0
0.033820,1.06249,0.047,9.458,0.114,0,0,0
0.033840,1.06311,0.164,9.504,0.107,0,0,0
0.033860,1.06374,0.143,9.355,0.060,0,0,0
0.033880,1.06437,0.115,9.380,0.014,0,0,0
0.033900,1.06500,0.118,9.427,0.005,0,0,0
0.033920,1.06563,0.101,9.357,0.146,0,0,0
0.033940,1.06626,0.132,9.309,0.048,0,0,0
0.033960,1.06688,0.108,9.428,0.121,0,0,0
0.033980,1.06751,0.062,9.334,0.097,0,0,0
0.034000,1.06814,0.090,9.291,0.081,0,0,0
0.034020,1.06877,0.198,9.322,0.019,0,0,0
0.034040,1.06940,0.122,9.358,0.026,0,0,0
0.034060,1.07003,0.090,9.240,0.085,0,0,0
0.034080,1.07065,0.156,9.323,0.031,0,0,0
0.034100,1.07128,0.061,9.326,0.032,0,0,0
0.034120,1.07191,0.192,9.167,0.057,0,0,0
0.034140,1.07254,0.121,9.269,0.053,0,0,0
0.034160,1.07317,0.225,9.421,0.033,0,540,0
0.034180,1.07380,0.133,9.752,0.030,0,540,0
0.034200,1.07442,0.179,9.822,0.100,0,540,0
0.034220,1.07505,0.089,10.069,0.056,0,540,0
0.034240,1.07568,0.087,10.160,0.114,0,540,0
0.034260,1.07631,0.185,10.491,0.042,0,540,0
0.034280,1.07694,0.124,10.622,0.014,0,540,0
0.034300,1.07757,0.153,10.797,0.059,0,0,0
0.034320,1.07819,0.127,10.876,0.022,0,0,0
0.034340,1.07882,0.141,10.673,0.029,0,0,0
0.034360,1.07945,0.147,10.766,0.034,0,0,0
0.034380,1.08008,0.160,10.655,0.047,0,0,0
0.034400,1.08071,0.099,10.728,0.049,0,0,0
0.034420,1.08134,0.243,10.670,0.117,0,0,0
0.034440,1.08196,0.169,10.621,0.100,0,0,0
0.034460,1.08259,0.115,10.705,0.002,0,0,0
0.034480,1.08322,0.044,10.641,0.032,0,0,0
0.034500,1.08385,0.200,10.657,-0.028,0,0,0
0.034520,1.08448,0.024,10.566,0.092,0,0,0
0.034540,1.08511,0.051,10.625,0.091,0,0,0
0.034560,1.08573,0.115,10.600,0.145,0,0,0
0.034580,1.08636,0.119,10.638,0.038,0,0,0
0.034600,1.08699,0.216,10.514,0.103,0,0,0
0.034620,1.08762,0.185,10.539,0.063,0,0,0
0.034640,1.08825,0.086,10.542,0.039,0,0,0
0.034660,1.08888,0.120,10.537,0.101,0,0,0
0.034680,1.08950,0.181,10.476,0.046,0,0,0
0.034700,1.09013,0.151,10.484,0.048,0,0,0
0.034720,1.09076,0.166,10.529,0.104,0,0,0
0.034740,1.09139,0.169,10.437,0.919,0,0,540
0.034760,1.09202,0.147,10.463,1.876,0,0,540
0.034780,1.09265,0.189,10.450,2.759,0,0,540
0.034800,1.09327,0.134,10.370,3.597,0,0,540
0.034820,1.09390,0.093,10.517,4.510,0,0,540
0.034840,1.09453,0.065,10.396,5.407,0,0,540
0.034860,1.09516,0.110,10.374,6.292,0,0,540
0.034880,1.09579,0.122,10.504,7.296,0,0,540
0.034900,1.09642,0.158,10.413,8.141,0,0,540
0.034920,1.09704,0.175,10.390,9.007,0,0,540
0.034940,1.09767,0.154,10.346,9.900,0,0,540
0.034960,1.09830,0.097,10.406,10.758,0,0,540
0.034980,1.09893,0.135,10.310,11.091,0,0,0
0.035000,1.09956,0.058,10.329,11.162,0,0,0
0.035020,1.10019,0.124,10.310,11.245,0,0,0
0.035040,1.10081,0.066,10.396,11.199,0,0,0
0.035060,1.10144,0.084,10.393,11.068,0,0,0
0.035080,1.10207,0.197,10.319,11.178,0,0,0
0.035100,1.10270,0.099,10.259,11.217,0,0,0
0.035120,1.10333,0.156,10.342,11.181,0,0,0
0.035140,1.10396,0.102,10.413,11.116,0,0,0
0.035160,1.10458,0.143,10.343,11.080,0,0,0
0.035180,1.10521,0.172,10.237,11.045,0,0,0
0.035200,1.10584,0.210,10.287,11.109,0,0,0
0.035220,1.10647,0.162,10.315,11.106,0,0,0
0.035240,1.10710,0.087,10.276,11.101,0,0,0
0.035260,1.10773,0.094,10.240,11.074,0,0,0
0.035280,1.10835,0.143,10.264,11.014,0,0,0
0.035300,1.10898,0.124,10.270,11.014,0,0,0
0.035320,1.10961,0.109,10.193,10.961,0,0,0
0.035340,1.11024,0.160,10.235,10.964,0,0,0
0.035360,1.11087,0.160,10.218,11.029,0,0,0
0.035380,1.11150,0.134,10.184,10.940,0,0,0
0.035400,1.11212,0.180,10.145,10.980,0,0,0
0.035420,1.11275,0.115,10.150,10.934,0,0,0
0.035440,1.11338,0.139,10.192,10.935,0,0,0
0.035460,1.11401,0.209,10.138,10.956,0,0,0
0.035480,1.11464,0.144,10.171,10.946,0,0,0
0.035500,1.11527,0.172,10.061,10.965,0,0,0
0.035520,1.11589,0.085,10.210,10.839,0,0,0
0.035540,1.11652,0.149,10.088,10.902,0,0,0
0.035560,1.11715,0.145,10.064,10.948,0,0,0
0.035580,1.11778,0.201,10.120,10.830,0,0,0
0.035600,1.11841,0.196,10.111,10.805,0,0,0
0.035620,1.11904,0.059,10.110,10.894,0,0,0
0.035640,1.11966,0.125,10.068,10.838,0,0,0
0.035660,1.12029,0.145,10.020,10.919,0,0,0
0.035680,1.12092,0.175,10.098,10.794,0,0,0
0.035700,1.12155,0.136,10.061,10.853,0,0,0
0.035720,1.12218,0.195,10.074,10.774,0,0,0
0.035740,1.12281,0.173,10.122,10.826,0,0,0
0.035760,1.12343,0.021,10.182,10.690,0,0,0
0.035780,1.12406,0.101,10.144,10.807,0,0,0
0.035800,1.12469,0.189,9.942,10.695,0,0,0
0.035820,1.12532,0.135,9.993,10.722,0,0,0
0.035840,1.12595,0.203,10.086,10.664,0,0,0
0.035860,1.12658,0.042,10.028,10.709,0,0,0
0.035880,1.12720,0.164,10.045,10.781,0,0,0
0.035900,1.12783,0.147,10.015,10.676,0,0,0
0.035920,1.12846,0.162,10.082,10.607,0,0,0
0.035940,1.12909,0.171,10.048,10.748,0,0,0
0.035960,1.12972,0.203,10.017,10.669,0,0,0
0.035980,1.13035,0.095,9.881,10.652,0,0,0
0.036000,1.13097,0.105,9.984,10.682,0,0,0
0.036020,1.13160,0.148,9.954,10.641,0,0,0
0.036040,1.13223,0.161,10.036,10.682,0,0,0
0.036060,1.13286,0.140,10.027,10.605,0,0,0
0.036080,1.13349,0.239,9.986,10.564,0,0,0
0.036100,1.13411,0.210,9.954,10.610,0,0,0
0.036120,1.13474,0.139,10.044,10.530,0,0,0
0.036140,1.13537,0.168,9.955,10.628,0,0,0
0.036160,1.13600,0.203,9.882,10.518,0,0,0
0.036180,1.13663,0.208,9.924,10.436,0,0,0
0.036200,1.13726,0.183,9.940,10.460,0,0,0
0.036220,1.13788,0.125,9.831,10.543,0,0,0
0.036240,1.13851,0.138,9.911,10.442,0,0,0
0.036260,1.13914,0.055,9.985,10.425,0,0,0
0.036280,1.13977,0.236,9.853,10.476,0,0,0
0.036300,1.14040,0.250,9.915,10.395,0,0,0
0.036320,1.14103,0.112,9.939,10.347,0,0,0
0.036340,1.14165,0.091,9.895,10.356,0,0,0
0.036360,1.14228,0.225,9.836,10.388,0,0,0
0.036380,1.14291,0.063,9.892,10.404,0,0,0
0.036400,1.14354,0.156,9.887,10.423,0,0,0
0.036420,1.14417,0.127,9.856,10.329,0,0,0
0.036440,1.14480,0.184,9.788,10.406,0,0,0
0.036460,1.14542,0.182,9.853,10.374,0,0,0
0.036480,1.14605,0.171,9.726,10.319,0,0,0
0.036500,1.14668,0.198,9.904,10.277,0,0,0
0.036520,1.14731,0.158,9.881,10.228,0,0,0
0.036540,1.14794,0.118,9.836,10.335,0,0,0
0.036560,1.14857,0.281,9.868,10.269,0,0,0
0.036580,1.14919,0.208,9.841,10.238,0,0,0
0.036600,1.14982,0.123,9.754,10.200,0,0,0
0.036620,1.15045,0.146,9.863,10.241,0,0,0
0.036640,1.15108,0.249,9.810,10.187,0,0,0
0.036660,1.15171,0.210,9.788,10.180,0,0,0
0.036680,1.15234,0.053,9.823,10.185,0,0,0
0.036700,1.15296,0.273,9.788,10.166,0,0,0
0.036720,1.15359,0.150,9.694,10.205,0,0,0
0.036740,1.15422,0.079,9.816,10.127,0,0,0
0.036760,1.15485,0.128,9.927,10.191,0,0,0
0.036780,1.15548,0.157,9.829,10.168,0,0,0
0.036800,1.15611,0.213,9.749,10.055,0,0,0
0.036820,1.15673,0.166,9.839,10.221,0,0,0
0.036840,1.15736,0.231,9.801,10.023,0,0,0
0.036860,1.15799,0.183,9.785,10.141,0,0,0
0.036880,1.15862,0.208,9.652,10.041,0,0,0
0.036900,1.15925,0.150,9.783,10.033,0,0,0
0.036920,1.15988,0.081,9.688,10.066,0,0,0
0.036940,1.16050,0.162,9.683,9.962,0,0,0
0.036960,1.16113,0.263,9.719,10.037,0,0,0
0.036980,1.16176,0.139,9.748,10.048,0,0,0
0.037000,1.16239,0.180,9.808,9.929,0,0,0
0.037020,1.16302,0.198,9.626,9.937,0,0,0
0.037040,1.16365,0.129,9.678,9.916,0,0,0
0.037060,1.16427,0.172,9.761,10.033,0,0,0
0.037080,1.16490,0.238,9.741,9.945,0,0,0
0.037100,1.16553,0.192,9.758,9.787,0,0,0
0.037120,1.16616,0.129,9.691,9.993,0,0,0
0.037140,1.16679,0.074,9.683,9.889,0,0,0
0.037160,1.16742,0.195,9.736,9.819,0,0,0
0.037180,1.16804,0.151,9.651,9.922,0,0,0
0.037200,1.16867,0.265,9.726,9.827,0,0,0
0.037220,1.16930,0.159,9.747,9.819,0,0,0
0.037240,1.16993,0.178,9.725,9.763,0,0,0
0.037260,1.17056,0.151,9.789,9.770,0,0,0
0.037280,1.17119,0.234,9.706,9.828,0,0,0
0.037300,1.17181,0.110,9.666,9.752,0,0,0
0.037320,1.17244,0.192,9.698,9.649,0,0,0
0.037340,1.17307,0.185,9.600,9.773,0,0,0
0.037360,1.17370,0.174,9.618,9.674,0,0,0
0.037380,1.17433,0.163,9.634,9.716,0,0,0
0.037400,1.17496,0.144,9.698,9.638,0,0,0
0.037420,1.17558,0.227,9.641,9.716,0,0,0
0.037440,1.17621,0.178,9.670,9.553,0,0,0
0.037460,1.17684,0.162,9.685,9.638,0,0,0
0.037480,1.17747,0.279,9.568,9.628,0,0,0
0.037500,1.17810,0.234,9.517,9.562,0,-540,0
0.037520,1.17873,0.256,9.325,9.603,0,-540,0
0.037540,1.17935,0.262,9.065,9.613,0,-540,0
0.037560,1.17998,0.107,8.881,9.536,0,-540,0
0.037580,1.18061,0.326,8.753,9.616,0,-540,0
0.037600,1.18124,0.262,8.606,9.566,0,-540,0
0.037620,1.18187,0.161,8.390,9.551,0,-540,0
0.037640,1.18250,0.236,8.174,9.448,0,-540,0
0.037660,1.18312,0.156,7.982,9.567,0,-540,0
0.037680,1.18375,0.184,7.887,9.489,0,-540,0
0.037700,1.18438,0.154,7.633,9.480,0,-540,0
0.037720,1.18501,0.191,7.465,9.530,0,-540,0
0.037740,1.18564,0.232,7.335,9.375,0,-540,0
0.037760,1.18627,0.234,7.130,9.469,0,-540,0
0.037780,1.18689,0.293,6.988,9.403,0,-540,0
0.037800,1.18752,0.250,6.822,9.412,0,-540,0
0.037820,1.18815,0.200,6.616,9.366,0,-540,0
0.037840,1.18878,0.275,6.521,9.352,0,-540,0
0.037860,1.18941,0.155,6.204,9.389,0,-540,0
0.037880,1.19004,0.112,6.199,9.258,-540,-540,0
0.037900,1.19066,0.196,5.902,9.252,0,-540,0
0.037920,1.19129,0.119,5.927,10.160,0,-540,540
0.037940,1.19192,0.162,5.732,11.005,0,-540,540
0.037960,1.19255,0.256,5.625,11.020,0,-540,0
0.037980,1.19318,0.078,5.481,10.959,0,-540,0
0.038000,1.19381,0.207,5.292,11.014,0,-540,0
0.038020,1.19443,0.125,5.108,10.895,0,-540,0
0.038040,1.19506,0.060,5.032,10.852,0,-540,0
0.038060,1.19569,0.076,4.910,10.883,0,-540,0
0.038080,1.19632,0.272,4.669,10.812,0,-540,0
0.038100,1.19695,0.191,4.582,10.877,0,-540,0
0.038120,1.19758,0.105,4.366,10.878,0,-540,0
0.038140,1.19820,0.118,4.334,10.858,0,-540,0
0.038160,1.19883,0.083,4.234,10.742,0,-540,0
0.038180,1.19946,0.240,4.050,10.803,0,-540,0
0.038200,1.20009,0.180,3.891,10.799,0,-540,0
0.038220,1.20072,0.113,3.837,10.738,0,-540,0
0.038240,1.20135,0.114,3.669,10.739,0,-540,0
0.038260,1.20197,0.093,3.500,10.802,0,-540,0
0.038280,1.20260,0.128,3.469,10.681,0,-540,0
0.038300,1.20323,0.168,3.258,10.681,0,-540,0
0.038320,1.20386,0.124,3.184,10.641,0,-540,0
0.038340,1.20449,0.098,3.147,10.652,0,-540,0
0.038360,1.20511,0.219,3.040,10.588,0,-540,0
0.038380,1.20574,0.191,2.784,10.526,0,-540,0
0.038400,1.20637,0.264,2.679,10.588,0,-540,0
0.038420,1.20700,0.188,2.590,10.513,0,-540,0
0.038440,1.20763,0.185,2.462,10.560,0,-540,0
0.038460,1.20826,0.148,2.384,10.464,0,-540,0
0.038480,1.20888,0.135,2.279,10.554,0,-540,0
0.038500,1.20951,0.168,2.190,10.360,0,-540,0
0.038520,1.21014,0.204,2.097,10.370,0,-540,0
0.038540,1.21077,0.215,1.880,10.417,0,-540,0
0.038560,1.21140,0.089,1.939,10.369,0,-540,0
0.038580,1.21203,0.115,1.655,10.336,0,-540,0
0.038600,1.21265,0.206,1.676,10.329,0,-540,0
0.038620,1.21328,0.155,1.545,10.337,0,-540,0
0.038640,1.21391,0.137,1.271,10.326,0,-540,0
0.038660,1.21454,0.132,1.381,10.266,0,-540,0
0.038680,1.21517,0.179,1.279,10.251,0,-540,0
0.038700,1.21580,0.095,1.120,10.168,0,-540,0
0.038720,1.21642,0.229,0.997,10.183,0,-540,0
0.038740,1.21705,0.227,0.874,10.227,0,-540,0
0.038760,1.21768,0.199,0.791,10.192,0,-540,0
0.038780,1.21831,0.192,0.758,10.173,0,-540,0
0.038800,1.21894,0.111,0.661,10.119,0,-540,0
0.038820,1.21957,0.130,0.493,10.059,0,-540,0
0.038840,1.22019,0.120,0.465,10.075,0,-540,0
0.038860,1.22082,0.250,0.345,10.031,0,-540,0
0.038880,1.22145,0.201,0.336,10.014,0,0,0
0.038900,1.22208,0.165,0.211,9.883,0,-540,0
0.038920,1.22271,0.140,0.123,10.035,0,0,0
0.038940,1.22334,0.149,0.148,10.021,0,0,0
0.038960,1.22396,0.184,0.239,9.926,0,0,0
0.038980,1.22459,0.119,0.246,9.933,0,0,0
0.039000,1.22522,0.095,0.251,9.867,0,0,0
0.039020,1.22585,0.211,0.243,9.789,0,0,0
0.039040,1.22648,0.169,0.202,9.877,0,0,0
0.039060,1.22711,0.086,0.189,9.858,0,0,0
0.039080,1.22773,0.213,0.316,9.821,0,0,0
0.039100,1.22836,0.186,0.206,9.727,0,0,0
0.039120,1.22899,0.128,0.237,9.717,0,0,0
0.039140,1.22962,0.182,0.147,9.814,0,0,0
0.039160,1.23025,0.184,0.221,9.728,0,0,0
0.039180,1.23088,0.269,0.157,9.750,0,0,0
0.039200,1.23150,0.227,0.134,9.587,0,0,0
0.039220,1.23213,0.182,0.060,9.647,0,0,0
0.039240,1.23276,0.173,0.124,9.612,0,0,0
0.039260,1.23339,0.188,0.194,9.573,0,0,0
0.039280,1.23402,0.226,0.128,9.509,0,0,0
0.039300,1.23465,0.228,0.143,9.436,0,0,0
0.039320,1.23527,0.208,0.250,9.416,0,0,0
0.039340,1.23590,0.259,0.133,9.479,0,0,0
0.039360,1.23653,0.199,0.228,9.348,0,0,0
0.039380,1.23716,0.215,0.056,9.437,0,0,0
0.039400,1.23779,0.221,0.196,9.335,0,0,0
0.039420,1.23842,0.204,0.129,9.375,0,0,0
0.039440,1.23904,0.128,0.187,9.299,0,0,0
0.039460,1.23967,0.115,0.225,9.275,0,0,0
0.039480,1.24030,0.146,0.114,9.208,0,0,0
0.039500,1.24093,0.207,0.189,9.156,0,0,0
0.039520,1.24156,0.172,0.131,10.104,0,0,540
0.039540,1.24219,0.173,0.104,10.783,0,0,540
0.039560,1.24281,0.196,0.088,11.309,0,0,0
0.039580,1.24344,0.208,0.168,11.179,0,0,0
0.039600,1.24407,0.143,0.045,11.108,0,0,0
0.039620,1.24470,0.138,0.185,11.200,0,0,0
0.039640,1.24533,0.229,0.183,11.002,0,0,0
0.039660,1.24596,0.212,0.070,11.044,0,0,0
0.039680,1.24658,0.185,0.155,10.999,0,0,0
0.039700,1.24721,0.223,0.104,11.083,0,0,0
0.039720,1.24784,0.146,0.123,10.907,0,0,0
0.039740,1.24847,0.179,0.221,10.961,0,0,0
0.039760,1.24910,0.226,0.080,10.878,0,0,0
0.039780,1.24973,0.227,0.093,10.885,0,0,0
0.039800,1.25035,0.211,0.130,10.793,0,0,0
0.039820,1.25098,0.272,0.078,10.827,0,0,0
0.039840,1.25161,0.174,0.185,10.654,0,0,0
0.039860,1.25224,0.182,0.157,10.709,0,0,0
0.039880,1.25287,0.282,0.130,10.675,0,0,0
0.039900,1.25350,0.315,0.208,10.665,0,0,0
0.039920,1.25412,0.335,0.135,10.606,0,0,0
0.039940,1.25475,0.304,0.156,10.585,0,0,0
0.039960,1.25538,0.204,0.232,10.547,0,0,0
0.039980,1.25601,0.185,0.131,10.480,0,0,0
0.040000,1.25664,0.203,0.177,10.509,0,0,0
0.040020,1.25727,0.117,0.190,10.418,0,0,0
0.040040,1.25789,0.218,0.163,10.287,0,0,0
0.040060,1.25852,0.192,0.155,10.326,0,0,0
0.040080,1.25915,0.256,0.119,10.317,0,0,0
0.040100,1.25978,0.185,0.115,10.351,0,0,0
0.040120,1.26041,0.195,0.133,10.254,0,0,0
0.040140,1.26104,0.252,0.091,10.251,0,0,0
0.040160,1.26166,0.065,0.108,10.171,0,0,0
0.040180,1.26229,0.019,0.165,10.161,0,0,0
0.040200,1.26292,0.097,0.209,10.190,0,0,0
0.040220,1.26355,0.058,0.170,10.094,0,0,0
0.040240,1.26418,-0.014,0.072,10.003,0,0,0
0.040260,1.26481,0.167,0.045,10.021,0,0,0
0.040280,1.26543,0.027,0.101,9.934,0,0,0
0.040300,1.26606,0.000,0.131,10.027,0,0,0
0.040320,1.26669,0.085,0.119,9.874,0,0,0
0.040340,1.26732,0.106,0.165,9.908,0,0,0
0.040360,1.26795,0.073,0.209,9.846,0,0,0
0.040380,1.26858,0.024,0.172,9.875,0,0,0
0.040400,1.26920,0.089,0.115,9.751,0,0,0
0.040420,1.26983,0.072,0.195,9.695,0,0,0
0.040440,1.27046,-0.011,0.121,9.612,0,0,0
0.040460,1.27109,0.043,0.137,9.517,0,0,0
0.040480,1.27172,0.071,0.133,9.565,0,0,0
0.040500,1.27235,0.037,0.131,9.572,0,0,0
0.040520,1.27297,0.059,0.050,9.514,0,0,0
0.040540,1.27360,0.058,0.106,9.519,0,0,0
0.040560,1.27423,0.003,0.141,9.410,0,0,0
0.040580,1.27486,0.029,0.032,9.340,0,0,0
0.040600,1.27549,0.114,0.083,9.416,0,0,0
0.040620,1.27611,0.100,0.031,9.332,0,0,0
0.040640,1.27674,0.093,0.138,9.311,0,0,0
0.040660,1.27737,0.108,0.116,9.244,0,0,0
0.040680,1.27800,0.094,0.096,9.138,0,0,0
0.040700,1.27863,0.055,0.107,9.522,0,0,540
0.040720,1.27926,0.058,0.135,10.310,0,0,540
0.040740,1.27988,0.032,0.127,10.869,0,0,540
0.040760,1.28051,0.117,0.101,10.828,0,0,0
0.040780,1.28114,0.099,0.096,10.869,0,0,0
0.040800,1.28177,0.166,0.213,10.829,0,0,0
0.040820,1.28240,0.140,0.139,10.764,0,0,0
0.040840,1.28303,-0.058,0.006,10.726,0,0,0
0.040860,1.28365,0.106,0.154,10.717,0,0,0
0.040880,1.28428,0.057,0.104,10.646,0,0,0
0.040900,1.28491,0.157,0.152,10.535,0,0,0
0.040920,1.28554,0.060,0.159,10.501,0,0,0
0.040940,1.28617,0.143,0.139,10.446,0,0,0
0.040960,1.28680,0.047,0.149,10.468,0,0,0
0.040980,1.28742,0.019,0.127,10.367,0,0,0
0.041000,1.28805,0.092,0.012,10.318,0,0,0
0.041020,1.28868,0.131,0.068,10.228,0,0,0
0.041040,1.28931,0.118,0.086,10.251,0,0,0
0.041060,1.28994,0.016,0.144,10.109,0,0,0
0.041080,1.29057,0.047,0.127,10.240,0,0,0
0.041100,1.29119,0.062,0.181,10.212,0,0,0
0.041120,1.29182,0.073,0.078,10.095,0,0,0
0.041140,1.29245,0.074,0.161,10.045,0,0,0
0.041160,1.29308,0.002,0.238,9.969,0,0,0
0.041180,1.29371,0.082,0.160,9.932,0,0,0
0.041200,1.29434,0.188,0.148,9.910,0,0,0
0.041220,1.29496,0.038,0.182,9.850,0,0,0
0.041240,1.29559,0.075,0.126,9.788,0,0,0
0.041260,1.29622,0.133,0.130,9.766,0,0,0
0.041280,1.29685,0.014,0.154,9.738,0,0,0
0.041300,1.29748,0.070,0.152,9.553,0,0,0
0.041320,1.29811,0.137,0.054,9.601,0,0,0
0.041340,1.29873,0.107,0.131,9.608,0,0,0
0.041360,1.29936,0.028,0.156,9.465,0,0,0
0.041380,1.29999,0.083,0.003,9.318,0,0,0
0.041400,1.30062,0.169,0.121,9.359,0,0,0
0.041420,1.30125,0.015,0.173,9.341,0,0,0
0.041440,1.30188,0.083,0.084,9.407,0,0,0
0.041460,1.30250,0.167,0.119,9.318,0,0,0
0.041480,1.30313,0.209,0.095,9.251,0,0,0
0.041500,1.30376,0.073,0.110,9.897,0,0,540
0.041520,1.30439,-0.056,0.135,10.470,0,0,540
0.041540,1.30502,0.090,0.088,11.117,0,0,540
0.041560,1.30565,0.124,0.123,11.109,0,0,0
0.041580,1.30627,0.088,0.123,11.048,0,0,0
0.041600,1.30690,0.014,0.058,10.927,0,0,0
0.041620,1.30753,0.108,0.090,10.993,0,0,0
0.041640,1.30816,0.123,0.198,10.927,0,0,0
0.041660,1.30879,0.006,0.064,10.792,0,0,0
0.041680,1.30942,0.120,0.066,10.698,0,0,0
0.041700,1.31004,0.080,0.062,10.683,0,0,0
0.041720,1.31067,0.093,0.163,10.654,0,0,0
0.041740,1.31130,0.153,0.133,10.683,0,0,0
0.041760,1.31193,0.048,0.098,10.507,0,0,0
0.041780,1.31256,-0.024,0.241,10.555,0,0,0
0.041800,1.31319,0.226,0.088,10.372,0,0,0
0.041820,1.31381,0.082,0.141,10.305,0,0,0
0.041840,1.31444,0.121,0.090,10.318,0,0,0
0.041860,1.31507,0.149,0.001,10.198,0,0,0
0.041880,1.31570,0.171,0.173,10.203,0,0,0
0.041900,1.31633,0.173,0.153,10.104,0,0,0
0.041920,1.31696,0.039,0.158,10.106,0,0,0
0.041940,1.31758,0.113,0.098,10.148,0,0,0
0.041960,1.31821,0.100,0.158,9.920,0,0,0
0.041980,1.31884,0.088,0.128,9.961,0,0,0
0.042000,1.31947,0.145,0.111,9.884,0,0,0
0.042020,1.32010,0.088,0.126,9.963,0,0,0
0.042040,1.32073,0.196,0.025,9.694,0,0,0
0.042060,1.32135,0.087,0.044,9.704,0,0,0
0.042080,1.32198,0.115,0.067,9.737,0,0,0
0.042100,1.32261,0.107,0.063,9.558,0,0,0
0.042120,1.32324,0.069,0.112,9.532,0,0,0
0.042140,1.32387,0.064,0.037,9.492,0,0,0
0.042160,1.32450,0.068,0.091,9.433,0,0,0
0.042180,1.32512,0.099,0.167,9.328,0,0,0
0.042200,1.32575,0.075,0.028,9.316,0,0,0
0.042220,1.32638,0.036,0.101,9.210,0,0,0
0.042240,1.32701,0.223,0.130,9.176,0,0,0
0.042260,1.32764,0.066,0.135,9.705,0,0,540
0.042280,1.32827,0.184,0.186,10.379,0,0,540
0.042300,1.32889,0.088,0.122,10.941,0,0,540
0.042320,1.32952,0.110,0.160,10.924,0,0,0
0.042340,1.33015,0.061,0.093,10.697,0,0,0
0.042360,1.33078,0.053,0.177,10.690,0,0,0
0.042380,1.33141,0.045,0.191,10.637,0,0,0
0.042400,1.33204,0.129,0.124,10.616,0,0,0
0.042420,1.33266,0.116,0.136,10.514,0,0,0
0.042440,1.33329,0.095,0.151,10.420,0,0,0
0.042460,1.33392,0.091,0.069,10.407,0,0,0
0.042480,1.33455,0.063,0.077,10.339,0,0,0
0.042500,1.33518,0.058,0.116,10.210,0,0,0
0.042520,1.33581,0.089,0.148,10.230,0,0,0
0.042540,1.33643,0.152,0.151,10.144,0,0,0
0.042560,1.33706,0.079,0.081,10.105,0,0,0
0.042580,1.33769,0.135,0.119,10.057,0,0,0
0.042600,1.33832,0.193,0.142,9.934,0,0,0
0.042620,1.33895,0.075,0.115,9.803,0,0,0
0.042640,1.33958,0.183,0.142,9.824,0,0,0
0.042660,1.34020,0.177,0.230,9.776,0,0,0
0.042680,1.34083,0.096,0.205,9.758,0,0,0
0.042700,1.34146,0.141,0.158,9.750,0,0,0
0.042720,1.34209,0.153,0.126,9.678,0,0,0
0.042740,1.34272,0.170,0.058,9.581,0,0,0
0.042760,1.34335,0.153,0.194,9.577,0,0,0
0.042780,1.34397,0.203,0.154,9.419,0,0,0
0.042800,1.34460,0.109,0.057,9.324,0,0,0
0.042820,1.34523,0.109,0.135,9.383,0,0,0
0.042840,1.34586,0.129,0.106,9.574,0,0,540
0.042860,1.34649,0.022,0.111,10.084,0,0,540
0.042880,1.34711,0.134,0.124,10.520,0,0,540
0.042900,1.34774,0.056,0.157,10.784,0,0,0
0.042920,1.34837,0.079,0.099,10.711,0,0,0
0.042940,1.34900,0.133,0.088,10.664,0,0,0
0.042960,1.34963,0.047,0.069,10.615,0,0,0
0.042980,1.35026,0.144,0.112,10.452,0,0,0
0.043000,1.35088,0.127,0.042,10.413,0,0,0
0.043020,1.35151,0.099,0.108,10.348,0,0,0
0.043040,1.35214,0.076,0.179,10.285,0,0,0
0.043060,1.35277,0.154,0.102,10.286,0,0,0
0.043080,1.35340,0.095,0.112,10.208,0,0,0
0.043100,1.35403,0.129,0.088,10.085,0,0,0
0.043120,1.35465,0.192,0.020,9.992,0,0,0
0.043140,1.35528,0.126,0.152,9.952,0,0,0
0.043160,1.35591,0.138,0.087,9.889,0,0,0
0.043180,1.35654,0.189,0.099,9.788,0,0,0
0.043200,1.35717,0.065,0.137,9.785,0,0,0
0.043220,1.35780,0.150,0.170,9.649,0,0,0
0.043240,1.35842,0.130,0.135,9.640,0,0,0
0.043260,1.35905,0.113,0.044,9.582,0,0,0
0.043280,1.35968,0.109,0.106,9.514,0,0,0
0.043300,1.36031,0.149,0.183,9.427,0,0,0
0.043320,1.36094,0.103,0.140,9.519,0,0,0
0.043340,1.36157,0.215,0.106,9.342,0,0,0
0.043360,1.36219,0.065,0.138,9.340,0,0,0
0.043380,1.36282,0.079,0.136,9.211,0,0,0
0.043400,1.36345,0.013,0.075,9.455,0,0,540
0.043420,1.36408,0.197,0.084,9.848,0,0,540
0.043440,1.36471,0.144,0.129,10.302,0,0,540
0.043460,1.36534,0.144,0.246,10.753,0,0,540
0.043480,1.36596,0.056,0.072,10.984,0,0,0
0.043500,1.36659,0.121,0.021,10.785,0,0,0
0.043520,1.36722,0.100,0.120,10.803,0,0,0
0.043540,1.36785,0.014,0.114,10.695,0,0,0
0.043560,1.36848,0.042,0.084,10.578,0,0,0
0.043580,1.36911,0.148,0.006,10.628,0,0,0
0.043600,1.36973,0.177,0.115,10.506,0,0,0
0.043620,1.37036,0.099,0.085,10.390,0,0,0
0.043640,1.37099,0.115,0.171,10.353,0,0,0
0.043660,1.37162,0.111,0.103,10.352,0,0,0
0.043680,1.37225,0.238,0.153,10.263,0,0,0
0.043700,1.37288,0.093,0.144,10.123,0,0,0
0.043720,1.37350,0.136,0.113,10.118,0,0,0
0.043740,1.37413,0.070,0.048,9.988,0,0,0
0.043760,1.37476,0.140,0.048,10.062,0,0,0
0.043780,1.37539,0.149,0.054,9.830,0,0,0
0.043800,1.37602,0.175,0.137,9.723,0,0,0
0.043820,1.37665,0.106,0.105,9.714,0,0,0
0.043840,1.37727,0.157,0.098,9.688,0,0,0
0.043860,1.37790,0.165,0.122,9.602,0,0,0
0.043880,1.37853,0.214,0.126,9.593,0,0,0
0.043900,1.37916,0.123,0.164,9.431,0,0,0
0.043920,1.37979,0.074,0.126,9.485,0,0,0
0.043940,1.38042,0.073,0.131,9.405,0,0,0
0.043960,1.38104,0.128,0.091,9.348,0,0,0
0.043980,1.38167,0.183,0.045,9.261,0,0,0
0.044000,1.38230,0.195,0.033,9.218,0,0,0
0.044020,1.38293,0.096,0.069,9.171,0,0,0
0.044040,1.38356,0.141,0.115,9.473,0,0,540
0.044060,1.38419,0.147,0.127,9.903,0,0,540
0.044080,1.38481,0.141,0.083,10.249,0,0,540
0.044100,1.38544,0.108,0.041,10.718,0,0,540
0.044120,1.38607,0.158,0.173,10.776,0,0,0
0.044140,1.38670,0.125,0.036,10.835,0,0,0
0.044160,1.38733,0.196,0.142,10.716,0,0,0
0.044180,1.38796,0.152,0.163,10.567,0,0,0
0.044200,1.38858,0.207,0.035,10.565,0,0,0
0.044220,1.38921,0.109,0.104,10.445,0,0,0
0.044240,1.38984,0.190,0.053,10.403,0,0,0
0.044260,1.39047,0.162,0.097,10.369,0,0,0
0.044280,1.39110,0.078,0.139,10.285,0,0,0
0.044300,1.39173,0.261,0.144,10.258,0,0,0
0.044320,1.39235,0.093,0.077,10.219,0,0,0
0.044340,1.39298,0.111,0.124,10.106,0,0,0
0.044360,1.39361,0.099,0.220,10.013,0,0,0
0.044380,1.39424,0.135,0.146,9.899,0,0,0
0.044400,1.39487,0.167,0.105,9.848,0,0,0
0.044420,1.39550,0.151,0.061,9.814,0,0,0
0.044440,1.39612,0.097,-0.025,9.706,0,0,0
0.044460,1.39675,0.124,0.142,9.727,0,0,0
0.044480,1.39738,0.075,0.195,9.579,0,0,0
0.044500,1.39801,0.119,0.073,9.577,0,0,0
0.044520,1.39864,0.165,0.171,9.539,0,0,0
0.044540,1.39927,0.127,0.126,9.404,0,0,0
0.044560,1.39989,0.196,0.056,9.509,0,0,0
0.044580,1.40052,0.112,0.064,9.350,0,0,0
0.044600,1.40115,0.241,0.032,9.282,0,0,0
0.044620,1.40178,0.068,0.153,9.245,0,0,0
0.044640,1.40241,0.175,0.118,9.580,0,0,540
0.044660,1.40304,0.129,0.159,9.903,0,0,540
0.044680,1.40366,0.159,0.134,10.293,0,0,540
0.044700,1.40429,0.100,0.102,10.501,0,0,540
0.044720,1.40492,0.143,0.152,10.963,0,0,540
0.044740,1.40555,0.180,0.091,10.816,0,0,0
0.044760,1.40618,0.101,0.149,10.770,0,0,0
0.044780,1.40681,0.205,0.105,10.663,0,0,0
0.044800,1.40743,0.160,0.071,10.656,0,0,0
0.044820,1.40806,0.185,0.222,10.650,0,0,0
0.044840,1.40869,0.163,0.189,10.489,0,0,0
0.044860,1.40932,0.146,0.159,10.378,0,0,0
0.044880,1.40995,0.188,0.136,10.419,0,0,0
0.044900,1.41058,0.148,0.121,10.282,0,0,0
0.044920,1.41120,0.154,0.103,10.184,0,0,0
0.044940,1.41183,0.141,0.093,10.090,0,0,0
0.044960,1.41246,0.191,0.124,10.053,0,0,0
0.044980,1.41309,0.208,0.103,10.009,0,0,0
0.045000,1.41372,0.063,0.059,10.015,0,0,0
0.045020,1.41435,0.171,0.157,9.761,0,0,0
0.045040,1.41497,0.135,0.083,9.833,0,0,0
0.045060,1.41560,0.151,0.136,9.734,0,0,0
0.045080,1.41623,0.245,0.074,9.769,0,0,0
0.045100,1.41686,0.145,0.020,9.630,0,0,0
0.045120,1.41749,0.062,0.074,9.694,0,0,0
0.045140,1.41811,0.162,0.136,9.576,0,0,0
0.045160,1.41874,0.232,0.094,9.522,0,0,0
0.045180,1.41937,0.182,0.093,9.425,0,0,0
0.045200,1.42000,0.050,0.113,9.394,0,0,0
0.045220,1.42063,0.211,0.136,9.312,0,0,0
0.045240,1.42126,0.080,0.138,9.244,0,0,0
0.045260,1.42188,0.148,0.098,9.110,0,0,0
0.045280,1.42251,0.201,0.113,9.451,0,0,540
0.045300,1.42314,0.099,0.091,9.733,0,0,540
0.045320,1.42377,0.184,0.126,10.186,0,0,540
0.045340,1.42440,0.249,0.152,10.350,0,0,540
0.045360,1.42503,0.228,0.148,10.698,0,0,540
0.045380,1.42565,0.113,0.150,10.838,0,0,0
0.045400,1.42628,0.102,0.139,10.746,0,0,0
0.045420,1.42691,0.214,0.084,10.708,0,0,0
0.045440,1.42754,0.164,0.103,10.651,0,0,0
0.045460,1.42817,0.139,0.111,10.582,0,0,0
0.045480,1.42880,0.191,0.145,10.545,0,0,0
0.045500,1.42942,0.209,0.107,10.415,0,0,0
0.045520,1.43005,0.081,0.092,10.409,0,0,0
0.045540,1.43068,0.197,0.135,10.272,0,0,0
0.045560,1.43131,0.121,0.187,10.248,0,0,0
0.045580,1.43194,0.089,0.094,10.289,0,0,0
0.045600,1.43257,0.116,0.169,10.127,0,0,0
0.045620,1.43319,0.125,0.101,10.095,0,0,0
0.045640,1.43382,0.158,0.195,10.001,0,0,0
0.045660,1.43445,0.125,0.150,9.927,0,0,0
0.045680,1.43508,0.055,0.113,9.874,0,0,0
0.045700,1.43571,0.152,0.033,9.807,0,0,0
0.045720,1.43634,0.101,0.044,9.779,0,0,0
0.045740,1.43696,0.179,0.084,9.766,0,0,0
0.045760,1.43759,0.191,0.148,9.606,0,0,0
0.045780,1.43822,0.185,0.120,9.602,0,0,0
0.045800,1.43885,0.127,0.132,9.538,0,0,0
0.045820,1.43948,0.249,0.100,9.432,0,0,0
0.045840,1.44011,0.153,0.088,9.439,0,0,0
0.045860,1.44073,0.104,0.115,9.356,0,0,0
0.045880,1.44136,0.148,0.066,9.333,0,0,0
0.045900,1.44199,0.119,-0.026,9.283,0,0,0
0.045920,1.44262,0.167,0.159,9.187,0,0,0
0.045940,1.44325,0.206,0.111,9.172,0,0,0
0.045960,1.44388,0.126,0.189,9.307,0,0,540
0.045980,1.44450,0.089,0.155,9.478,0,0,540
0.046000,1.44513,0.170,0.149,9.739,0,0,540
0.046020,1.44576,0.215,0.171,10.077,0,0,540
0.046040,1.44639,0.079,0.177,10.292,0,0,540
0.046060,1.44702,0.218,0.075,10.588,0,0,540
0.046080,1.44765,0.128,0.154,10.975,0,0,540
0.046100,1.44827,0.122,0.088,10.996,0,0,0
0.046120,1.44890,0.214,0.106,10.779,0,0,0
0.046140,1.44953,0.198,0.058,10.712,0,0,0
0.046160,1.45016,0.132,0.157,10.698,0,0,0
0.046180,1.45079,0.089,0.089,10.612,0,0,0
0.046200,1.45142,0.192,0.092,10.573,0,0,0
0.046220,1.45204,0.241,0.231,10.512,0,0,0
0.046240,1.45267,0.171,0.178,10.439,0,0,0
0.046260,1.45330,0.047,0.148,10.404,0,0,0
0.046280,1.45393,0.213,0.062,10.263,0,0,0
0.046300,1.45456,0.105,0.117,10.264,0,0,0
0.046320,1.45519,0.174,0.150,10.267,0,0,0
0.046340,1.45581,0.219,0.101,10.166,0,0,0
0.046360,1.45644,0.163,0.033,10.161,0,0,0
0.046380,1.45707,0.188,0.183,10.121,0,0,0
0.046400,1.45770,0.150,0.128,9.989,0,0,0
0.046420,1.45833,0.176,0.237,9.870,0,0,0
0.046440,1.45896,0.071,0.150,9.944,0,0,0
0.046460,1.45958,0.224,0.096,9.868,0,0,0
0.046480,1.46021,0.098,0.126,9.738,0,0,0
0.046500,1.46084,0.167,0.126,9.763,0,0,0
0.046520,1.46147,0.175,0.098,9.763,0,0,0
0.046540,1.46210,0.148,0.131,9.659,0,0,0
0.046560,1.46273,0.169,0.085,9.651,0,0,0
0.046580,1.46335,0.146,0.158,9.591,0,0,0
0.046600,1.46398,0.184,0.168,9.416,0,0,0
0.046620,1.46461,0.158,0.171,9.432,0,0,0
0.046640,1.46524,0.128,0.087,9.443,0,0,0
0.046660,1.46587,0.166,0.077,9.356,0,0,0
0.046680,1.46650,0.107,0.159,9.414,0,0,0
0.046700,1.46712,0.227,0.181,9.270,0,0,0
0.046720,1.46775,0.095,0.110,9.247,0,0,0
0.046740,1.46838,0.250,0.028,9.323,0,0,540
0.046760,1.46901,0.149,0.111,9.517,0,0,540
0.046780,1.46964,0.140,0.183,9.860,0,0,540
0.046800,1.47027,0.076,0.116,10.033,0,0,540
0.046820,1.47089,0.119,0.077,10.407,0,0,540
0.046840,1.47152,0.208,0.095,10.542,0,0,540
0.046860,1.47215,0.044,0.134,10.818,0,0,540
0.046880,1.47278,0.105,0.031,10.765,0,0,0
0.046900,1.47341,0.134,0.049,10.691,0,0,0
0.046920,1.47404,0.115,0.071,10.696,0,0,0
0.046940,1.47466,0.197,0.182,10.692,0,0,0
0.046960,1.47529,0.187,0.206,10.572,0,0,0
0.046980,1.47592,0.107,0.049,10.513,0,0,0
0.047000,1.47655,0.236,0.155,10.519,0,0,0
0.047020,1.47718,0.144,0.163,10.429,0,0,0
0.047040,1.47781,0.253,0.060,10.337,0,0,0
0.047060,1.47843,0.001,0.006,10.238,0,0,0
0.047080,1.47906,0.247,0.110,10.341,0,0,0
0.047100,1.47969,0.179,0.114,10.184,0,0,0
0.047120,1.48032,0.150,0.128,10.168,0,0,0
0.047140,1.48095,0.115,0.123,10.189,0,0,0
0.047160,1.48158,0.152,0.062,10.126,0,0,0
0.047180,1.48220,0.307,0.114,10.071,0,0,0
0.047200,1.48283,0.051,0.115,10.083,0,0,0
0.047220,1.48346,0.116,0.120,9.926,0,0,0
0.047240,1.48409,0.091,0.174,9.918,0,0,0
0.047260,1.48472,0.139,0.135,9.898,0,0,0
0.047280,1.48535,0.108,0.076,9.811,0,0,0
0.047300,1.48597,0.151,0.137,9.885,0,0,0
0.047320,1.48660,0.131,0.112,9.660,0,0,0
0.047340,1.48723,0.262,0.117,9.739,0,0,0
0.047360,1.48786,0.202,0.105,9.781,0,0,0
0.047380,1.48849,0.197,0.160,9.695,0,0,0
0.047400,1.48911,0.121,0.070,9.637,0,0,0
0.047420,1.48974,0.171,0.108,9.649,0,0,0
0.047440,1.49037,0.148,0.093,9.541,0,0,0
0.047460,1.49100,0.143,0.110,9.487,0,0,0
0.047480,1.49163,0.170,0.148,9.376,0,0,0
0.047500,1.49226,0.252,0.132,9.333,0,0,0
0.047520,1.49288,0.059,0.302,9.407,0,0,0
0.047540,1.49351,0.092,0.150,9.387,0,0,0
0.047560,1.49414,0.183,0.123,9.258,0,0,0
0.047580,1.49477,0.184,0.041,9.197,0,0,0
0.047600,1.49540,0.158,0.094,9.243,0,0,0
0.047620,1.49603,0.131,0.172,9.347,0,0,540
0.047640,1.49665,0.228,0.112,9.511,0,0,540
0.047660,1.49728,0.150,0.072,9.784,0,0,540
0.047680,1.49791,0.151,0.182,10.028,0,0,540
0.047700,1.49854,0.253,0.109,10.225,0,0,540
0.047720,1.49917,0.152,0.121,10.374,0,0,540
0.047740,1.49980,0.155,0.111,10.633,0,0,540
0.047760,1.50042,0.188,0.073,10.930,0,0,540
0.047780,1.50105,0.100,0.162,10.766,0,0,0
0.047800,1.50168,0.194,0.067,10.808,0,0,0
0.047820,1.50231,0.235,0.028,10.866,0,0,0
0.047840,1.50294,0.123,0.026,10.735,0,0,0
0.047860,1.50357,0.121,0.176,10.649,0,0,0
0.047880,1.50419,0.153,0.150,10.579,0,0,0
0.047900,1.50482,0.143,0.241,10.671,0,0,0
0.047920,1.50545,0.146,0.156,10.617,0,0,0
0.047940,1.50608,0.201,0.023,10.587,0,0,0
0.047960,1.50671,0.041,0.187,10.425,0,0,0
0.047980,1.50734,0.135,0.114,10.558,0,0,0
0.048000,1.50796,0.110,0.065,10.481,0,0,0
0.048020,1.50859,0.125,0.096,10.320,0,0,0
0.048040,1.50922,0.188,0.074,10.385,0,0,0
0.048060,1.50985,0.123,0.067,10.361,0,0,0
0.048080,1.51048,0.219,0.153,10.269,0,0,0
0.048100,1.51111,0.117,0.113,10.262,0,0,0
0.048120,1.51173,0.087,0.029,10.359,0,0,0
0.048140,1.51236,0.086,0.077,10.225,0,0,0
0.048160,1.51299,0.249,0.063,10.169,0,0,0
0.048180,1.51362,0.073,0.028,10.151,0,0,0
0.048200,1.51425,0.197,0.109,10.041,0,0,0
0.048220,1.51488,0.109,0.224,10.076,0,0,0
0.048240,1.51550,0.122,0.056,10.109,0,0,0
0.048260,1.51613,0.192,0.144,9.887,0,0,0
0.048280,1.51676,0.180,0.125,9.852,0,0,0
0.048300,1.51739,0.200,0.102,9.927,0,0,0
0.048320,1.51802,0.079,0.104,9.818,0,0,0
0.048340,1.51865,0.220,0.152,9.900,0,0,0
0.048360,1.51927,0.054,0.144,9.754,0,0,0
0.048380,1.51990,0.140,0.117,9.860,0,0,0
0.048400,1.52053,0.156,0.103,9.858,0,0,0
0.048420,1.52116,0.218,0.102,9.781,0,0,0
0.048440,1.52179,0.203,0.072,9.742,0,0,0
0.048460,1.52242,0.102,0.077,9.636,0,0,0
0.048480,1.52304,0.169,0.100,9.620,0,0,0
0.048500,1.52367,0.143,0.176,9.583,0,0,0
0.048520,1.52430,0.086,0.166,9.636,0,0,0
0.048540,1.52493,0.118,0.103,9.508,0,0,0
0.048560,1.52556,0.171,0.097,9.508,0,0,0
0.048580,1.52619,0.243,0.044,9.535,0,0,0
0.048600,1.52681,0.102,0.053,9.567,0,0,0
0.048620,1.52744,0.117,0.106,9.423,0,0,0
0.048640,1.52807,0.163,0.078,9.482,0,0,0
0.048660,1.52870,0.183,0.008,9.499,0,0,0
0.048680,1.52933,0.050,0.152,9.415,0,0,0
0.048700,1.52996,0.060,0.054,9.379,0,0,0
0.048720,1.53058,0.204,0.179,9.406,0,0,0
0.048740,1.53121,0.086,0.200,9.351,0,0,0
0.048760,1.53184,0.189,0.171,9.298,0,0,0
0.048780,1.53247,0.060,0.263,9.328,0,0,0
0.048800,1.53310,0.141,0.096,9.213,0,0,0
0.048820,1.53373,0.078,0.050,9.231,0,0,0
0.048840,1.53435,0.148,0.204,9.271,0,0,540
0.048860,1.53498,0.120,0.122,9.530,0,0,540
0.048880,1.53561,0.321,0.117,9.721,0,0,540
0.048900,1.53624,0.041,0.148,9.943,0,0,540
0.048920,1.53687,0.078,0.147,10.173,0,0,540
0.048940,1.53750,0.237,0.103,10.351,0,0,540
0.048960,1.53812,0.163,0.088,10.514,0,0,540
0.048980,1.53875,0.085,0.115,10.755,0,0,540
0.049000,1.53938,0.047,0.083,10.781,0,0,0
0.049020,1.54001,0.160,0.199,10.859,0,0,0
0.049040,1.54064,0.164,0.145,10.674,0,0,0
0.049060,1.54127,0.183,0.110,10.635,0,0,0
0.049080,1.54189,0.067,0.200,10.699,0,0,0
0.049100,1.54252,0.068,0.017,10.620,0,0,0
0.049120,1.54315,0.126,0.078,10.588,0,0,0
0.049140,1.54378,0.149,0.145,10.626,0,0,0
0.049160,1.54441,0.170,0.131,10.582,0,0,0
0.049180,1.54504,0.076,0.112,10.503,0,0,0
0.049200,1.54566,0.167,0.101,10.393,0,0,0
0.049220,1.54629,0.179,0.013,10.510,0,0,0
0.049240,1.54692,0.154,0.091,10.401,0,0,0
0.049260,1.54755,0.075,0.174,10.432,0,0,0
0.049280,1.54818,0.104,0.025,10.405,0,0,0
0.049300,1.54881,0.167,0.017,10.381,0,0,0
0.049320,1.54943,0.112,0.118,10.386,0,0,0
0.049340,1.55006,0.208,0.152,10.315,0,0,0
0.049360,1.55069,0.031,0.149,10.234,0,0,0
0.049380,1.55132,0.190,0.031,10.248,0,0,0
0.049400,1.55195,0.137,0.166,10.347,0,0,0
0.049420,1.55258,0.196,0.163,10.280,0,0,0
0.049440,1.55320,0.165,0.090,10.217,0,0,0
0.049460,1.55383,0.202,0.168,10.200,0,0,0
0.049480,1.55446,0.149,0.151,10.241,0,0,0
0.049500,1.55509,0.155,0.069,10.182,0,0,0
0.049520,1.55572,0.231,0.178,10.252,0,0,0
0.049540,1.55635,0.102,0.191,10.030,0,0,0
0.049560,1.55697,0.166,0.073,10.079,0,0,0
0.049580,1.55760,0.198,0.059,10.099,0,0,0
0.049600,1.55823,0.193,0.101,10.070,0,0,0
0.049620,1.55886,0.147,0.167,9.972,0,0,0
0.049640,1.55949,0.241,0.040,10.033,0,0,0
0.049660,1.56011,0.134,0.210,9.957,0,0,0
0.049680,1.56074,0.156,0.074,9.980,0,0,0
0.049700,1.56137,0.182,0.127,10.009,0,0,0
0.049720,1.56200,0.141,0.201,9.938,0,0,0
0.049740,1.56263,0.159,0.141,9.978,0,0,0
0.049760,1.56326,0.163,0.188,9.846,0,0,0
0.049780,1.56388,0.031,0.154,9.976,0,0,0
0.049800,1.56451,0.139,0.134,9.863,0,0,0
0.049820,1.56514,0.167,0.097,9.789,0,0,0
0.049840,1.56577,0.181,0.086,9.823,0,0,0
0.049860,1.56640,0.242,0.182,9.787,0,0,0
0.049880,1.56703,0.182,0.025,9.867,0,0,0
0.049900,1.56765,0.203,0.133,9.807,0,0,0
0.049920,1.56828,0.210,0.058,9.753,0,0,0
0.049940,1.56891,0.138,0.071,9.722,0,0,0
0.049960,1.56954,0.153,0.169,9.758,0,0,0
0.049980,1.57017,0.145,0.119,9.749,0,0,0
0.050000,1.57080,0.135,0.193,9.751,0,0,0
0.050020,1.57142,0.118,0.153,9.709,0,0,0
0.050040,1.57205,0.110,0.074,9.688,0,0,0
0.050060,1.57268,0.121,0.075,9.672,0,0,0
0.050080,1.57331,0.244,0.137,9.622,0,0,0
0.050100,1.57394,0.101,0.147,9.565,0,0,0
0.050120,1.57457,0.151,0.203,9.635,0,0,0
0.050140,1.57519,0.065,-0.019,9.645,0,0,0
0.050160,1.57582,0.033,0.180,9.575,0,0,0
0.050180,1.57645,0.174,0.171,9.489,0,0,0
0.050200,1.57708,0.111,0.195,9.624,0,0,0
0.050220,1.57771,0.201,0.110,9.452,0,0,0
0.050240,1.57834,0.103,0.118,9.526,0,0,0
0.050260,1.57896,0.115,0.128,9.499,0,0,0
0.050280,1.57959,0.084,0.071,9.355,0,0,0
0.050300,1.58022,0.012,0.151,9.476,0,0,0
0.050320,1.58085,0.172,0.129,9.541,0,0,0
0.050340,1.58148,0.060,0.136,9.481,0,0,0
0.050360,1.58211,0.070,0.216,9.389,0,0,0
0.050380,1.58273,0.100,0.186,9.436,0,0,0
0.050400,1.58336,0.054,0.258,9.399,0,0,0
0.050420,1.58399,0.130,0.190,9.366,0,0,0
0.050440,1.58462,0.154,0.071,9.404,0,0,0
0.050460,1.58525,0.131,0.127,9.329,0,0,0
0.050480,1.58588,0.136,-0.002,9.317,0,0,0
0.050500,1.58650,0.117,0.237,9.266,0,0,0
0.050520,1.58713,0.133,0.164,9.426,0,0,0
0.050540,1.58776,0.168,0.197,9.339,0,0,0
0.050560,1.58839,0.191,0.144,9.267,0,0,0
0.050580,1.58902,0.122,0.072,9.282,0,0,0
0.050600,1.58965,0.150,0.196,9.270,0,0,0
0.050620,1.59027,0.075,0.177,9.314,0,0,0
0.050640,1.59090,0.133,0.098,9.238,0,0,0
0.050660,1.59153,0.200,0.118,9.215,0,0,0
0.050680,1.59216,0.090,0.205,9.421,0,0,540
0.050700,1.59279,0.046,0.110,9.687,0,0,540
0.050720,1.59342,0.104,0.116,9.814,0,0,540
0.050740,1.59404,0.141,0.143,10.063,0,0,540
0.050760,1.59467,0.190,0.169,10.212,0,0,540
0.050780,1.59530,0.140,0.075,10.455,0,0,540
0.050800,1.59593,0.105,0.094,10.580,0,0,540
0.050820,1.59656,0.123,0.098,10.737,0,0,0
0.050840,1.59719,0.148,0.078,10.768,0,0,0
0.050860,1.59781,0.074,0.105,10.630,0,0,0
0.050880,1.59844,0.135,0.197,10.691,0,0,0
0.050900,1.59907,0.111,0.131,10.603,0,0,0
0.050920,1.59970,0.166,0.104,10.636,0,0,0
0.050940,1.60033,0.105,0.237,10.582,0,0,0
0.050960,1.60096,0.180,0.181,10.707,0,0,0
0.050980,1.60158,0.160,0.125,10.630,0,0,0
0.051000,1.60221,0.212,0.164,10.619,0,0,0
0.051020,1.60284,0.121,0.149,10.575,0,0,0
0.051040,1.60347,0.066,0.127,10.634,0,0,0
0.051060,1.60410,0.079,0.174,10.590,0,0,0
0.051080,1.60473,0.090,0.168,10.572,0,0,0
0.051100,1.60535,0.116,0.126,10.521,0,0,0
0.051120,1.60598,0.231,0.118,10.529,0,0,0
0.051140,1.60661,0.108,0.187,10.536,0,0,0
0.051160,1.60724,0.127,0.161,10.476,0,0,0
0.051180,1.60787,0.036,0.176,10.524,0,0,0
0.051200,1.60850,0.076,0.111,10.499,0,0,0
0.051220,1.60912,0.195,0.217,10.534,0,0,0
0.051240,1.60975,0.142,0.103,10.482,0,0,0
0.051260,1.61038,0.079,0.157,10.429,0,0,0
0.051280,1.61101,0.160,0.159,10.453,0,0,0
0.051300,1.61164,0.133,0.228,10.359,0,0,0
0.051320,1.61227,0.219,0.170,10.371,0,0,0
0.051340,1.61289,0.134,0.079,10.349,0,0,0
0.051360,1.61352,0.044,0.171,10.460,0,0,0
0.051380,1.61415,0.114,0.199,10.371,0,0,0
0.051400,1.61478,1.107,0.117,10.413,540,0,0
0.051420,1.61541,1.922,0.150,10.492,540,0,0
0.051440,1.61604,2.848,0.106,10.359,540,0,0
0.051460,1.61666,3.695,0.222,10.368,540,0,0
0.051480,1.61729,4.597,0.153,10.305,540,0,0
0.051500,1.61792,5.548,0.174,10.261,540,0,0
0.051520,1.61855,6.299,0.175,10.280,540,0,0
0.051540,1.61918,7.361,0.126,10.325,540,0,0
0.051560,1.61981,8.155,0.068,10.329,540,0,0
0.051580,1.62043,9.073,0.174,10.195,540,0,0
0.051600,1.62106,9.939,0.078,10.283,540,0,0
0.051620,1.62169,10.864,0.084,10.214,540,0,0
0.051640,1.62232,10.837,0.125,10.276,0,0,0
0.051660,1.62295,10.827,0.098,10.251,0,0,0
0.051680,1.62358,10.761,0.189,10.219,0,0,0
0.051700,1.62420,10.825,0.190,10.222,0,0,0
0.051720,1.62483,10.888,0.163,10.238,0,0,0
0.051740,1.62546,10.748,0.069,10.083,0,0,0
0.051760,1.62609,10.823,0.016,10.261,0,0,0
0.051780,1.62672,10.801,0.177,10.284,0,0,0
0.051800,1.62734,10.779,0.156,10.248,0,0,0
0.051820,1.62797,10.770,0.094,10.219,0,0,0
0.051840,1.62860,10.755,0.075,10.125,0,0,0
0.051860,1.62923,10.742,0.140,10.177,0,0,0
0.051880,1.62986,10.745,0.131,10.086,0,0,0
0.051900,1.63049,10.612,0.073,10.046,0,0,0
0.051920,1.63111,10.773,0.192,10.158,0,0,0
0.051940,1.63174,10.650,0.133,10.107,0,0,0
0.051960,1.63237,10.569,0.147,10.099,0,0,0
0.051980,1.63300,10.692,0.137,10.098,0,0,0
0.052000,1.63363,10.713,0.147,10.070,0,0,0
0.052020,1.63426,10.628,0.113,10.139,0,0,0
0.052040,1.63488,10.644,0.091,10.122,0,0,0
0.052060,1.63551,10.621,0.099,10.153,0,0,0
0.052080,1.63614,10.615,0.180,10.152,0,0,0
0.052100,1.63677,10.618,0.112,10.073,0,0,0
0.052120,1.63740,10.549,0.243,10.064,0,0,0
0.052140,1.63803,10.612,0.166,10.059,0,0,0
0.052160,1.63865,10.547,0.212,9.998,0,0,0
0.052180,1.63928,10.563,0.103,10.042,0,0,0
0.052200,1.63991,10.565,0.148,9.974,0,0,0
0.052220,1.64054,10.463,0.188,10.040,0,0,0
0.052240,1.64117,10.418,0.175,9.955,0,0,0
0.052260,1.64180,10.552,0.188,9.941,0,0,0
0.052280,1.64242,10.353,0.087,9.985,0,0,0
0.052300,1.64305,10.422,0.202,9.979,0,0,0
0.052320,1.64368,10.399,0.167,10.019,0,0,0
0.052340,1.64431,10.435,0.077,9.983,0,0,0
0.052360,1.64494,10.501,0.007,9.949,0,0,0
0.052380,1.64557,10.394,0.161,9.965,0,0,0
0.052400,1.64619,10.432,0.132,9.930,0,0,0
0.052420,1.64682,10.380,0.192,9.934,0,0,0
0.052440,1.64745,10.382,0.080,9.975,0,0,0
0.052460,1.64808,10.394,0.117,9.987,0,0,0
0.052480,1.64871,10.438,0.151,10.020,0,0,0
0.052500,1.64934,10.466,0.178,9.887,0,0,0
0.052520,1.64996,10.404,0.140,9.933,0,0,0
0.052540,1.65059,10.311,0.198,9.911,0,0,0
0.052560,1.65122,10.295,0.240,9.957,0,0,0
0.052580,1.65185,10.217,0.126,9.903,0,0,0
0.052600,1.65248,10.261,0.187,9.894,0,0,0
0.052620,1.65311,10.225,0.122,9.893,0,0,0
0.052640,1.65373,10.194,0.043,10.002,0,0,0
0.052660,1.65436,10.324,0.182,9.821,0,0,0
0.052680,1.65499,10.183,0.111,9.893,0,0,0
0.052700,1.65562,10.214,0.268,9.829,0,0,0
0.052720,1.65625,10.199,0.049,9.950,0,0,0
0.052740,1.65688,10.193,0.129,9.772,0,0,0
0.052760,1.65750,10.217,0.148,9.780,0,0,0
0.052780,1.65813,10.208,0.127,9.812,0,0,0
0.052800,1.65876,10.236,0.134,9.894,0,0,0
0.052820,1.65939,10.206,0.133,9.848,0,0,0
0.052840,1.66002,10.184,0.014,9.932,0,0,0
0.052860,1.66065,10.159,0.076,9.811,0,0,0
0.052880,1.66127,10.178,0.177,9.808,0,0,0
0.052900,1.66190,10.110,0.218,9.835,0,0,0
0.052920,1.66253,10.173,0.184,9.841,0,0,0
0.052940,1.66316,10.023,0.103,9.875,0,0,0
0.052960,1.66379,10.125,0.181,9.745,0,0,0
0.052980,1.66442,10.011,0.075,9.798,0,0,0
0.053000,1.66504,10.087,0.078,9.705,0,0,0
0.053020,1.66567,10.016,0.223,9.846,0,0,0
0.053040,1.66630,9.938,0.190,9.857,0,0,0
0.053060,1.66693,10.058,0.200,9.774,0,0,0
0.053080,1.66756,9.986,0.133,9.745,0,0,0
0.053100,1.66819,9.991,0.195,9.746,0,0,0
0.053120,1.66881,10.024,0.176,9.724,0,0,0
0.053140,1.66944,9.971,0.098,9.843,0,0,0
0.053160,1.67007,9.860,0.145,9.712,0,0,0
0.053180,1.67070,9.865,0.193,9.780,0,0,0
0.053200,1.67133,10.011,0.212,9.749,0,0,0
0.053220,1.67196,9.792,0.156,9.749,0,0,0
0.053240,1.67258,9.882,0.178,9.711,0,0,0
0.053260,1.67321,9.856,0.041,9.746,0,0,0
0.053280,1.67384,9.938,0.072,9.709,0,0,0
0.053300,1.67447,9.912,0.195,9.676,0,0,0
0.053320,1.67510,9.872,0.078,9.669,0,0,0
0.053340,1.67573,9.818,0.021,9.644,0,0,0
0.053360,1.67635,9.935,0.129,9.759,0,0,0
0.053380,1.67698,9.803,0.060,9.663,0,0,0
0.053400,1.67761,9.781,0.135,9.719,0,0,0
0.053420,1.67824,9.793,0.177,9.707,0,0,0
0.053440,1.67887,9.815,0.065,9.769,0,0,0
0.053460,1.67950,9.650,0.134,9.632,0,0,0
0.053480,1.68012,9.789,0.191,9.719,0,0,0
0.053500,1.68075,9.690,0.036,9.644,0,0,0
0.053520,1.68138,9.782,0.136,9.608,0,0,0
0.053540,1.68201,9.807,0.061,9.660,0,0,0
0.053560,1.68264,9.706,0.172,9.591,0,0,0
0.053580,1.68327,9.662,0.024,9.671,0,0,0
0.053600,1.68389,9.686,0.100,9.661,0,0,0
0.053620,1.68452,9.706,0.289,9.637,0,0,0
0.053640,1.68515,9.669,0.123,9.687,0,0,0
0.053660,1.68578,9.703,0.093,9.695,0,0,0
0.053680,1.68641,9.530,0.115,9.540,0,0,0
0.053700,1.68704,9.626,0.131,9.632,0,0,0
0.053720,1.68766,9.628,0.212,9.635,0,0,0
0.053740,1.68829,9.560,0.147,9.585,0,0,0
0.053760,1.68892,9.566,0.040,9.564,0,0,0
0.053780,1.68955,9.584,0.017,9.663,0,0,0
0.053800,1.69018,9.736,0.181,9.656,0,0,0
0.053820,1.69081,9.530,0.146,9.677,0,0,0
0.053840,1.69143,9.564,0.049,9.632,0,0,0
0.053860,1.69206,9.540,0.056,9.586,0,0,0
0.053880,1.69269,9.410,0.087,9.624,0,0,0
0.053900,1.69332,9.443,0.177,9.547,0,0,0
0.053920,1.69395,9.537,0.207,9.648,0,0,0
0.053940,1.69458,9.447,0.134,9.523,0,0,0
0.053960,1.69520,9.466,0.107,9.520,0,0,0
0.053980,1.69583,9.376,0.175,9.627,0,0,0
0.054000,1.69646,9.330,0.174,9.571,0,0,0
0.054020,1.69709,9.453,0.123,9.515,0,0,0
0.054040,1.69772,9.374,0.176,9.478,0,0,0
0.054060,1.69834,9.342,0.019,9.551,0,0,0
0.054080,1.69897,9.238,0.156,9.416,0,0,0
0.054100,1.69960,9.298,0.203,9.543,0,0,0
0.054120,1.70023,9.275,0.048,9.563,0,0,0
0.054140,1.70086,9.381,0.136,9.558,0,0,0
0.054160,1.70149,9.347,0.155,9.568,0,0,0
0.054180,1.70211,10.173,0.102,9.337,540,0,-540
0.054200,1.70274,11.071,0.060,9.137,540,0,-540
0.054220,1.70337,11.095,0.175,8.913,0,0,-540
0.054240,1.70400,11.034,0.111,8.742,0,0,-540
0.054260,1.70463,10.945,0.152,8.536,0,0,-540
0.054280,1.70526,11.031,0.181,8.378,0,0,-540
0.054300,1.70588,10.942,0.067,8.145,0,0,-540
0.054320,1.70651,10.921,0.077,7.915,0,0,-540
0.054340,1.70714,10.904,0.115,7.861,0,0,-540
0.054360,1.70777,10.853,0.142,7.607,0,0,-540
0.054380,1.70840,10.920,0.091,7.454,0,0,-540
0.054400,1.70903,10.968,0.122,7.346,0,0,-540
0.054420,1.70965,10.786,0.162,7.206,0,0,-540
0.054440,1.71028,10.846,0.074,7.024,0,0,-540
0.054460,1.71091,10.781,0.145,6.805,0,0,-540
0.054480,1.71154,10.850,0.224,6.666,0,0,-540
0.054500,1.71217,10.819,0.089,6.508,0,0,-540
0.054520,1.71280,10.766,0.179,6.342,0,0,-540
0.054540,1.71342,10.692,0.115,6.209,0,0,-540
0.054560,1.71405,10.756,0.111,6.096,0,0,-540
0.054580,1.71468,10.686,0.094,5.850,0,0,-540
0.054600,1.71531,10.697,0.192,5.699,0,0,-540
0.054620,1.71594,10.631,0.118,5.622,0,0,-540
0.054640,1.71657,10.635,0.208,5.462,0,0,-540
0.054660,1.71719,10.648,0.111,5.243,0,0,-540
0.054680,1.71782,10.599,0.085,5.135,0,0,-540
0.054700,1.71845,10.699,0.034,5.106,0,0,-540
0.054720,1.71908,10.662,0.117,4.805,0,0,-540
0.054740,1.71971,10.518,0.169,4.817,0,0,-540
0.054760,1.72034,10.500,0.177,4.566,0,0,-540
0.054780,1.72096,10.526,0.102,4.509,0,0,-540
0.054800,1.72159,10.518,0.090,4.313,0,0,-540
0.054820,1.72222,10.494,0.163,4.187,0,0,-540
0.054840,1.72285,10.496,0.132,4.128,0,0,-540
0.054860,1.72348,10.481,0.066,3.916,0,0,-540
0.054880,1.72411,10.339,0.153,3.763,0,0,-540
0.054900,1.72473,10.498,0.215,3.687,0,0,-540
0.054920,1.72536,10.347,0.152,3.550,0,0,-540
0.054940,1.72599,10.360,0.115,3.348,0,0,-540
0.054960,1.72662,10.254,0.168,3.308,0,0,-540
0.054980,1.72725,10.290,0.160,3.136,0,0,-540
0.055000,1.72788,10.199,0.138,3.035,0,0,-540
0.055020,1.72850,10.282,0.242,2.896,0,0,-540
0.055040,1.72913,10.190,0.230,2.864,0,0,-540
0.055060,1.72976,10.154,0.196,2.677,0,0,-540
0.055080,1.73039,10.175,0.205,2.633,0,0,-540
0.055100,1.73102,10.222,0.117,2.448,0,0,-540
0.055120,1.73165,10.192,0.016,2.298,0,0,-540
0.055140,1.73227,10.175,0.110,2.377,0,0,-540
0.055160,1.73290,10.079,0.112,2.275,0,0,-540
0.055180,1.73353,10.097,0.095,2.026,0,0,-540
0.055200,1.73416,10.120,0.084,1.866,0,0,-540
0.055220,1.73479,10.120,0.162,1.833,0,0,-540
0.055240,1.73542,10.044,0.122,1.741,0,0,-540
0.055260,1.73604,10.052,0.250,1.636,0,0,-540
0.055280,1.73667,10.005,0.267,1.542,0,0,-540
0.055300,1.73730,9.931,0.177,1.413,0,0,-540
0.055320,1.73793,9.869,0.156,1.234,0,0,-540
0.055340,1.73856,9.944,0.071,1.247,0,0,-540
0.055360,1.73919,9.915,0.096,1.085,0,0,-540
0.055380,1.73981,9.816,0.217,1.093,0,0,-540
0.055400,1.74044,9.920,0.158,0.875,0,0,-540
0.055420,1.74107,9.853,0.143,0.832,0,0,-540
0.055440,1.74170,9.851,0.123,0.763,0,0,-540
0.055460,1.74233,9.757,0.188,0.596,0,0,-540
0.055480,1.74296,9.701,0.202,0.499,0,0,-540
0.055500,1.74358,9.691,0.174,0.481,0,0,-540
0.055520,1.74421,9.690,0.132,0.349,0,0,-540
0.055540,1.74484,9.740,0.147,0.247,0,0,-540
0.055560,1.74547,9.701,0.179,0.357,0,0,0
0.055580,1.74610,9.643,0.077,0.312,0,0,0
0.055600,1.74673,9.593,0.274,0.294,0,0,0
0.055620,1.74735,9.682,0.035,0.219,0,0,0
0.055640,1.74798,9.545,0.174,0.284,0,0,-540
0.055660,1.74861,9.528,0.147,0.204,0,0,0
0.055680,1.74924,9.548,0.137,0.290,0,0,0
0.055700,1.74987,9.467,0.094,0.227,0,0,0
0.055720,1.75050,9.428,0.170,0.173,0,0,0
0.055740,1.75112,9.524,0.247,0.185,0,0,0
0.055760,1.75175,9.464,0.106,0.205,0,0,0
0.055780,1.75238,9.367,0.169,0.280,0,0,0
0.055800,1.75301,9.410,0.125,0.276,0,0,0
0.055820,1.75364,9.428,0.161,0.203,0,0,0
0.055840,1.75427,9.384,0.135,0.234,0,0,0
0.055860,1.75489,9.316,0.185,0.161,0,0,0
0.055880,1.75552,9.365,0.161,0.189,0,0,0
0.055900,1.75615,9.226,0.144,0.164,0,0,0
0.055920,1.75678,9.646,0.180,0.305,540,0,0
0.055940,1.75741,10.500,0.178,0.162,540,0,0
0.055960,1.75804,10.832,0.143,0.211,0,0,0
0.055980,1.75866,10.867,0.211,0.140,0,0,0
0.056000,1.75929,10.725,0.115,0.172,0,0,0
0.056020,1.75992,10.718,0.170,0.134,0,0,0
0.056040,1.76055,10.748,0.198,0.157,0,0,0
0.056060,1.76118,10.690,0.160,0.207,0,0,0
0.056080,1.76181,10.698,0.287,0.169,0,0,0
0.056100,1.76243,10.692,0.198,0.179,0,0,0
0.056120,1.76306,10.600,0.265,0.121,0,0,0
0.056140,1.76369,10.515,0.198,0.106,0,0,0
0.056160,1.76432,10.557,0.196,0.257,0,0,0
0.056180,1.76495,10.489,0.138,0.160,0,0,0
0.056200,1.76558,10.456,0.038,0.267,0,-540,0
0.056220,1.76620,10.488,0.046,0.222,0,0,0
0.056240,1.76683,10.390,0.137,0.171,0,0,0
0.056260,1.76746,10.470,0.074,0.140,0,0,0
0.056280,1.76809,10.441,0.046,0.205,0,0,0
0.056300,1.76872,10.341,0.086,0.230,0,0,0
0.056320,1.76934,10.326,0.021,0.222,0,0,0
0.056340,1.76997,10.328,0.141,0.203,0,0,0
0.056360,1.77060,10.249,0.185,0.182,0,0,0
0.056380,1.77123,10.207,0.018,0.134,0,0,0
0.056400,1.77186,10.132,0.136,0.212,0,0,0
0.056420,1.77249,10.209,0.040,0.115,0,0,0
0.056440,1.77311,10.183,0.067,0.182,0,0,0
0.056460,1.77374,10.049,0.051,0.205,0,0,0
0.056480,1.77437,10.012,0.059,0.194,0,0,0
0.056500,1.77500,10.079,0.058,0.165,0,0,0
0.056520,1.77563,10.063,0.056,0.097,0,0,0
0.056540,1.77626,9.969,-0.086,0.235,0,0,0
0.056560,1.77688,9.926,0.099,0.157,0,0,0
0.056580,1.77751,9.961,0.109,0.138,0,0,0
0.056600,1.77814,9.889,0.072,0.144,0,0,0
0.056620,1.77877,9.903,0.074,0.210,0,0,0
0.056640,1.77940,9.771,0.103,0.146,0,0,0
0.056660,1.78003,9.703,0.067,0.178,0,0,0
0.056680,1.78065,9.759,0.121,0.209,0,0,0
0.056700,1.78128,9.705,0.113,0.116,0,0,0
0.056720,1.78191,9.697,0.069,0.158,0,0,0
0.056740,1.78254,9.573,0.027,0.268,0,0,0
0.056760,1.78317,9.552,0.103,0.116,0,0,-540
0.056780,1.78380,9.600,0.036,0.151,0,0,0
0.056800,1.78442,9.496,0.110,0.113,0,0,0
0.056820,1.78505,9.580,0.052,0.133,0,0,0
0.056840,1.78568,9.463,0.116,0.219,0,0,0
0.056860,1.78631,9.412,0.077,0.119,0,0,0
0.056880,1.78694,9.398,0.031,0.155,0,0,0
0.056900,1.78757,9.302,0.159,0.120,0,0,0
0.056920,1.78819,9.244,0.074,0.117,0,0,0
0.056940,1.78882,9.202,0.017,0.152,0,0,0
0.056960,1.78945,9.167,0.087,0.081,0,0,0
0.056980,1.79008,9.161,0.062,0.196,0,0,0
0.057000,1.79071,10.089,0.110,0.172,540,0,0
0.057020,1.79134,10.713,0.027,0.237,540,0,0
0.057040,1.79196,11.025,0.147,0.067,0,0,0
0.057060,1.79259,10.943,0.138,0.127,0,0,0
0.057080,1.79322,10.978,0.108,0.152,0,0,0
0.057100,1.79385,10.930,0.033,0.195,0,0,0
0.057120,1.79448,10.882,0.180,0.082,0,0,0
0.057140,1.79511,10.859,0.092,0.087,0,0,0
0.057160,1.79573,10.797,0.069,0.186,0,0,0
0.057180,1.79636,10.759,0.029,0.104,0,0,0
0.057200,1.79699,10.726,0.057,0.224,0,0,0
0.057220,1.79762,10.692,0.061,0.145,0,0,0
0.057240,1.79825,10.672,-0.037,0.079,0,0,0
0.057260,1.79888,10.621,0.062,0.122,0,0,0
0.057280,1.79950,10.494,0.031,0.119,0,0,0
0.057300,1.80013,10.502,0.146,0.194,0,0,0
0.057320,1.80076,10.400,0.011,0.147,0,0,0
0.057340,1.80139,10.492,0.088,0.123,0,0,0
0.057360,1.80202,10.388,0.078,0.071,0,0,0
0.057380,1.80265,10.288,0.040,0.149,0,0,0
0.057400,1.80327,10.363,0.140,0.121,0,0,0
0.057420,1.80390,10.315,0.092,0.108,0,0,0
0.057440,1.80453,10.183,0.129,0.153,0,0,0
0.057460,1.80516,10.288,0.059,0.118,0,0,0
0.057480,1.80579,10.068,0.111,0.171,0,0,0
0.057500,1.80642,10.003,0.008,0.117,0,0,0
0.057520,1.80704,10.072,0.045,0.202,0,0,0
0.057540,1.80767,10.014,-0.011,0.110,0,0,0
0.057560,1.80830,10.030,0.126,0.088,0,0,0
0.057580,1.80893,9.954,0.165,0.091,0,0,0
0.057600,1.80956,9.871,0.050,0.110,0,0,0
0.057620,1.81019,9.807,0.134,0.132,0,0,0
0.057640,1.81081,9.736,0.069,0.068,0,0,0
0.057660,1.81144,9.661,0.059,0.135,0,0,0
0.057680,1.81207,9.713,0.066,0.081,0,0,0
0.057700,1.81270,9.724,0.141,0.179,0,0,0
0.057720,1.81333,9.538,0.112,0.076,0,0,0
0.057740,1.81396,9.604,0.106,0.029,0,0,0
0.057760,1.81458,9.566,0.078,0.012,0,0,-540
0.057780,1.81521,9.559,0.079,0.057,0,0,0
0.057800,1.81584,9.462,0.074,0.050,0,0,0
0.057820,1.81647,9.459,0.038,0.119,0,0,0
0.057840,1.81710,9.273,0.152,0.182,0,0,0
0.057860,1.81773,9.325,0.089,0.088,0,0,0
0.057880,1.81835,9.238,0.179,0.052,0,0,0
0.057900,1.81898,9.224,0.093,0.038,0,0,0
0.057920,1.81961,9.864,0.064,0.114,540,0,0
0.057940,1.82024,10.453,0.104,0.112,540,0,0
0.057960,1.82087,10.741,0.119,0.085,0,0,0
0.057980,1.82150,10.765,0.169,0.078,0,0,0
0.058000,1.82212,10.729,0.046,0.131,0,0,0
0.058020,1.82275,10.568,0.186,0.077,0,0,0
0.058040,1.82338,10.579,0.140,0.045,0,0,0
0.058060,1.82401,10.578,0.138,0.049,0,0,0
0.058080,1.82464,10.501,0.073,-0.019,0,0,0
0.058100,1.82527,10.483,-0.032,0.054,0,0,0
0.058120,1.82589,10.423,0.118,-0.046,0,0,0
0.058140,1.82652,10.393,-0.002,0.111,0,0,0
0.058160,1.82715,10.331,0.132,0.103,0,0,0
0.058180,1.82778,10.279,0.070,0.006,0,0,0
0.058200,1.82841,10.272,0.116,0.054,0,0,0
0.058220,1.82904,10.185,0.108,-0.020,0,0,0
0.058240,1.82966,10.161,0.158,0.077,0,0,0
0.058260,1.83029,10.021,0.130,0.100,0,0,0
0.058280,1.83092,9.921,0.062,0.106,0,0,0
0.058300,1.83155,10.011,0.069,0.052,0,0,0
0.058320,1.83218,9.887,0.050,0.048,0,0,0
0.058340,1.83281,9.878,0.101,0.077,0,0,0
0.058360,1.83343,9.752,0.138,0.133,0,0,0
0.058380,1.83406,9.745,0.080,0.016,0,0,0
0.058400,1.83469,9.722,0.182,0.046,0,0,0
0.058420,1.83532,9.750,0.135,0.178,0,0,0
0.058440,1.83595,9.588,0.130,0.124,0,0,0
0.058460,1.83658,9.577,0.080,0.152,0,0,0
0.058480,1.83720,9.536,0.023,0.011,0,0,0
0.058500,1.83783,9.357,0.048,0.103,0,0,0
0.058520,1.83846,9.344,0.112,0.088,0,0,0
0.058540,1.83909,9.282,0.104,0.074,0,0,0
0.058560,1.83972,9.270,0.100,0.050,0,0,0
0.058580,1.84034,9.218,0.065,0.185,0,0,0
0.058600,1.84097,9.816,0.013,0.086,540,0,0
0.058620,1.84160,10.449,0.070,0.006,540,0,0
0.058640,1.84223,11.019,0.176,0.124,540,0,0
0.058660,1.84286,10.982,0.162,0.104,0,0,0
0.058680,1.84349,10.881,0.092,0.068,0,0,0
0.058700,1.84411,10.799,0.100,0.102,0,0,0
0.058720,1.84474,10.805,0.160,0.093,0,0,0
0.058740,1.84537,10.689,0.120,0.136,0,0,0
0.058760,1.84600,10.661,0.064,0.121,0,0,0
0.058780,1.84663,10.658,0.167,0.083,0,0,0
0.058800,1.84726,10.550,0.160,-0.006,0,0,0
0.058820,1.84788,10.554,0.032,-0.019,0,0,0
0.058840,1.84851,10.426,-0.031,0.060,0,0,0
0.058860,1.84914,10.411,0.084,0.113,0,0,0
0.058880,1.84977,10.197,0.170,0.017,0,0,0
0.058900,1.85040,10.247,0.205,0.077,0,0,0
0.058920,1.85103,10.205,0.094,0.091,0,0,0
0.058940,1.85165,10.070,0.065,0.087,0,0,0
0.058960,1.85228,10.111,0.086,0.054,0,0,0
0.058980,1.85291,9.993,0.069,0.078,0,0,0
0.059000,1.85354,9.940,0.065,0.064,0,0,0
0.059020,1.85417,9.840,0.156,0.066,0,0,0
0.059040,1.85480,9.868,0.207,0.071,0,0,0
0.059060,1.85542,9.768,0.070,0.042,0,0,0
0.059080,1.85605,9.717,0.154,0.108,0,0,0
0.059100,1.85668,9.669,0.006,0.125,0,0,0
0.059120,1.85731,9.563,0.107,0.095,0,0,0
0.059140,1.85794,9.527,0.225,0.064,0,0,0
0.059160,1.85857,9.442,0.098,0.009,0,0,0
0.059180,1.85919,9.414,0.084,0.031,0,0,0
0.059200,1.85982,9.467,0.025,0.054,0,0,0
0.059220,1.86045,9.387,0.118,0.032,0,0,0
0.059240,1.86108,9.232,0.132,0.081,0,0,0
0.059260,1.86171,9.411,0.093,0.075,540,0,0
0.059280,1.86234,10.030,0.108,-0.020,540,0,0
0.059300,1.86296,10.528,0.040,0.132,540,0,0
0.059320,1.86359,10.647,0.193,0.096,0,0,0
0.059340,1.86422,10.701,0.139,0.111,0,0,0
0.059360,1.86485,10.622,0.123,0.112,0,0,0
0.059380,1.86548,10.511,0.223,0.119,0,0,0
0.059400,1.86611,10.495,0.097,0.031,0,0,0
0.059420,1.86673,10.460,0.060,0.059,0,0,0
0.059440,1.86736,10.292,0.051,0.046,0,0,0
0.059460,1.86799,10.295,0.129,0.109,0,0,0
0.059480,1.86862,10.217,0.057,0.105,0,0,0
0.059500,1.86925,10.283,0.151,0.069,0,0,0
0.059520,1.86988,10.122,0.118,0.039,0,0,0
0.059540,1.87050,10.108,0.098,0.066,0,0,0
0.059560,1.87113,9.977,0.091,0.063,0,0,0
0.059580,1.87176,9.914,0.064,0.060,0,0,0
0.059600,1.87239,9.812,0.074,0.075,0,0,0
0.059620,1.87302,9.769,0.105,0.026,0,0,0
0.059640,1.87365,9.798,0.086,0.189,0,0,0
0.059660,1.87427,9.700,0.066,0.058,0,0,0
0.059680,1.87490,9.631,0.077,0.066,0,0,0
0.059700,1.87553,9.639,0.128,0.019,0,0,0
0.059720,1.87616,9.443,0.078,0.111,0,0,0
0.059740,1.87679,9.441,0.162,0.066,0,0,0
0.059760,1.87742,9.382,0.085,0.168,0,0,0
0.059780,1.87804,9.257,0.105,0.118,0,0,0
0.059800,1.87867,9.258,0.129,-0.050,0,0,0
0.059820,1.87930,9.189,0.149,0.190,0,0,0
0.059840,1.87993,9.664,0.148,0.132,540,0,0
0.059860,1.88056,10.155,0.158,0.020,540,0,0
0.059880,1.88119,10.579,0.116,0.106,540,0,0
0.059900,1.88181,10.799,0.105,0.007,0,0,0
0.059920,1.88244,10.735,0.136,0.128,0,0,0
0.059940,1.88307,10.660,0.177,0.103,0,0,0
0.059960,1.88370,10.651,0.023,0.196,0,0,0
0.059980,1.88433,10.535,0.057,0.130,0,0,0
0.060000,1.88496,10.468,0.007,0.078,0,0,0
0.060020,1.88558,10.299,0.133,0.115,0,0,0
0.060040,1.88621,10.352,0.136,0.115,0,0,0
0.060060,1.88684,10.256,0.035,0.135,0,0,0
0.060080,1.88747,10.188,0.150,0.063,0,0,0
0.060100,1.88810,10.082,0.116,0.082,0,0,0
0.060120,1.88873,9.976,0.065,0.046,0,0,0
0.060140,1.88935,9.905,0.131,0.026,0,0,0
0.060160,1.88998,9.875,0.197,0.132,0,0,0
0.060180,1.89061,9.905,0.112,0.058,0,0,0
0.060200,1.89124,9.806,0.211,0.075,0,0,0
0.060220,1.89187,9.734,0.061,0.120,0,0,0
0.060240,1.89250,9.656,0.187,0.058,0,0,0
0.060260,1.89312,9.584,0.129,0.030,0,0,0
0.060280,1.89375,9.519,0.050,0.094,0,0,0
0.060300,1.89438,9.457,0.178,0.026,0,0,0
0.060320,1.89501,9.324,0.094,0.043,0,0,0
0.060340,1.89564,9.343,0.047,0.082,0,0,0
0.060360,1.89627,9.288,-0.004,0.053,0,0,0
0.060380,1.89689,9.433,0.210,0.088,540,0,0
0.060400,1.89752,9.840,0.223,0.085,540,0,0
0.060420,1.89815,10.308,0.176,0.190,540,0,0
0.060440,1.89878,10.729,0.124,0.033,540,0,0
0.060460,1.89941,10.930,0.186,0.046,0,0,0
0.060480,1.90004,10.880,0.166,0.175,0,0,0
0.060500,1.90066,10.727,0.043,0.133,0,0,0
0.060520,1.90129,10.778,0.194,0.126,0,0,0
0.060540,1.90192,10.609,0.097,0.038,0,0,0
0.060560,1.90255,10.523,0.210,0.007,0,0,0
0.060580,1.90318,10.417,0.186,0.102,0,0,0
0.060600,1.90381,10.430,0.109,0.172,0,0,0
0.060620,1.90443,10.401,0.141,0.115,0,0,0
0.060640,1.90506,10.133,0.116,0.118,0,0,0
0.060660,1.90569,10.239,0.122,0.059,0,0,0
0.060680,1.90632,10.196,0.025,0.021,0,0,0
0.060700,1.90695,10.045,0.130,0.083,0,0,0
0.060720,1.90758,10.019,0.166,0.044,0,0,0
0.060740,1.90820,9.973,0.299,0.108,0,0,0
0.060760,1.90883,9.819,0.201,0.058,0,0,0
0.060780,1.90946,9.794,0.096,0.078,0,0,0
0.060800,1.91009,9.698,0.062,0.108,0,0,0
0.060820,1.91072,9.581,0.150,0.035,0,0,0
0.060840,1.91134,9.518,0.087,0.125,0,0,0
0.060860,1.91197,9.453,0.029,0.086,0,0,0
0.060880,1.91260,9.540,0.140,0.182,0,0,0
0.060900,1.91323,9.418,0.121,0.164,0,0,0
0.060920,1.91386,9.448,0.084,0.075,0,0,0
0.060940,1.91449,9.296,0.196,0.069,0,0,0
0.060960,1.91511,9.449,0.057,0.089,540,0,0
0.060980,1.91574,9.802,0.238,0.094,540,0,0
0.061000,1.91637,10.179,0.169,0.073,540,0,0
0.061020,1.91700,10.521,0.098,0.105,540,0,0
0.061040,1.91763,10.873,0.047,0.039,540,0,0
0.061060,1.91826,11.120,0.148,0.031,0,0,0
0.061080,1.91888,10.966,0.155,0.157,0,0,0
0.061100,1.91951,10.915,0.166,-0.015,0,0,0
0.061120,1.92014,10.837,0.186,0.012,0,0,0
0.061140,1.92077,10.781,0.076,0.162,0,0,0
0.061160,1.92140,10.686,0.165,0.048,0,0,0
0.061180,1.92203,10.643,0.173,0.089,0,0,0
0.061200,1.92265,10.620,0.092,0.074,0,0,0
0.061220,1.92328,10.373,0.040,-0.028,0,0,0
0.061240,1.92391,10.300,0.149,0.071,0,0,0
0.061260,1.92454,10.421,0.207,0.150,0,0,0
0.061280,1.92517,10.262,0.170,-0.030,0,0,0
0.061300,1.92580,10.185,0.121,0.150,0,0,0
0.061320,1.92642,10.113,0.157,0.155,0,0,0
0.061340,1.92705,10.037,0.140,0.115,0,0,0
0.061360,1.92768,9.983,0.175,0.032,0,0,0
0.061380,1.92831,9.946,0.117,0.046,0,0,0
0.061400,1.92894,9.916,0.051,0.142,0,0,0
0.061420,1.92957,9.830,0.124,0.044,0,0,0
0.061440,1.93019,9.771,0.146,0.133,0,0,0
0.061460,1.93082,9.658,0.190,0.127,0,0,0
0.061480,1.93145,9.612,0.102,0.026,0,0,0
0.061500,1.93208,9.566,0.130,0.088,0,0,0
0.061520,1.93271,9.472,0.187,0.006,0,0,0
0.061540,1.93334,9.395,0.090,0.063,0,0,0
0.061560,1.93396,9.364,0.197,0.086,0,0,0
0.061580,1.93459,9.341,0.153,0.093,0,0,0
0.061600,1.93522,9.325,0.096,0.085,0,0,0
0.061620,1.93585,9.305,0.090,0.104,0,0,0
0.061640,1.93648,9.371,0.255,0.065,540,0,0
0.061660,1.93711,9.672,0.085,0.106,540,0,0
0.061680,1.93773,9.957,0.138,0.049,540,0,0
0.061700,1.93836,10.298,0.182,0.044,540,0,0
0.061720,1.93899,10.625,0.138,0.057,540,0,0
0.061740,1.93962,10.719,0.122,0.133,0,0,0
0.061760,1.94025,10.706,0.163,0.061,0,0,0
0.061780,1.94088,10.654,0.128,0.070,0,0,0
0.061800,1.94150,10.551,0.165,0.129,0,0,0
0.061820,1.94213,10.589,0.202,0.024,0,0,0
0.061840,1.94276,10.431,0.144,0.083,0,0,0
0.061860,1.94339,10.368,0.142,0.102,0,0,0
0.061880,1.94402,10.357,0.182,0.082,0,0,0
0.061900,1.94465,10.226,0.149,0.065,0,0,0
0.061920,1.94527,10.135,0.169,0.067,0,0,0
0.061940,1.94590,10.012,0.113,0.081,0,0,0
0.061960,1.94653,10.060,0.122,0.168,0,0,0
0.061980,1.94716,9.899,0.084,0.072,0,0,0
0.062000,1.94779,9.990,0.247,0.066,0,0,0
0.062020,1.94842,9.802,0.149,0.112,0,0,0
0.062040,1.94904,9.845,0.203,0.048,0,0,0
0.062060,1.94967,9.759,0.107,-0.005,0,0,0
0.062080,1.95030,9.660,0.112,0.189,0,0,0
0.062100,1.95093,9.649,0.155,0.082,0,0,0
0.062120,1.95156,9.493,0.159,0.108,0,0,0
0.062140,1.95219,9.554,0.140,0.135,0,0,0
0.062160,1.95281,9.433,0.170,0.078,0,0,0
0.062180,1.95344,9.291,0.075,0.081,0,0,0
0.062200,1.95407,9.270,0.110,0.029,0,0,0
0.062220,1.95470,9.224,0.180,0.011,0,0,0
0.062240,1.95533,9.205,0.195,0.114,0,0,0
0.062260,1.95596,9.507,0.200,0.164,540,0,0
0.062280,1.95658,9.733,0.203,0.109,540,0,0
0.062300,1.95721,10.027,0.091,0.041,540,0,0
0.062320,1.95784,10.286,0.215,0.016,540,0,0
0.062340,1.95847,10.714,0.147,-0.019,540,0,0
0.062360,1.95910,10.768,0.175,0.132,0,0,0
0.062380,1.95973,10.717,0.207,-0.040,0,0,0
0.062400,1.96035,10.698,0.116,0.116,0,0,0
0.062420,1.96098,10.628,0.189,0.011,0,0,0
0.062440,1.96161,10.467,0.120,0.089,0,0,0
0.062460,1.96224,10.466,0.242,0.112,0,0,0
0.062480,1.96287,10.373,0.221,0.112,0,0,0
0.062500,1.96350,10.308,0.188,0.068,0,0,0
0.062520,1.96412,10.295,0.207,0.114,0,0,0
0.062540,1.96475,10.262,0.264,0.098,0,0,0
0.062560,1.96538,10.199,0.196,0.121,0,0,0
0.062580,1.96601,10.067,0.170,0.159,0,0,0
0.062600,1.96664,9.977,0.047,0.059,0,0,0
0.062620,1.96727,10.029,0.122,0.016,0,0,0
0.062640,1.96789,9.888,0.159,-0.014,0,0,0
0.062660,1.96852,9.792,0.253,0.053,0,0,0
0.062680,1.96915,9.851,0.152,0.141,0,0,0
0.062700,1.96978,9.777,0.204,0.026,0,0,0
0.062720,1.97041,9.704,0.074,0.059,0,0,0
0.062740,1.97104,9.697,0.149,0.048,0,0,0
0.062760,1.97166,9.649,0.140,0.105,0,0,0
0.062780,1.97229,9.636,0.059,0.077,0,0,0
0.062800,1.97292,9.476,0.176,0.145,0,0,0
0.062820,1.97355,9.476,0.135,0.011,0,0,0
0.062840,1.97418,9.453,0.239,0.017,0,0,0
0.062860,1.97481,9.382,0.141,0.131,0,0,0
0.062880,1.97543,9.335,0.142,0.102,0,0,0
0.062900,1.97606,9.224,0.141,0.137,0,0,0
0.062920,1.97669,9.104,0.187,0.110,0,0,0
0.062940,1.97732,9.194,0.219,0.062,0,0,0
0.062960,1.97795,9.411,0.070,0.135,540,0,0
0.062980,1.97858,9.730,0.136,0.075,540,0,0
0.063000,1.97920,10.013,0.165,0.091,540,0,0
0.063020,1.97983,10.165,0.187,0.037,540,0,0
0.063040,1.98046,10.525,0.203,0.071,540,0,0
0.063060,1.98109,10.629,0.142,0.121,540,0,0
0.063080,1.98172,11.033,0.122,0.024,540,0,0
0.063100,1.98234,10.990,0.192,0.082,0,0,0
0.063120,1.98297,10.902,0.180,0.057,0,0,0
0.063140,1.98360,10.769,0.234,0.183,0,0,0
0.063160,1.98423,10.775,0.200,0.005,0,0,0
0.063180,1.98486,10.734,0.114,0.094,0,0,0
0.063200,1.98549,10.603,0.132,0.080,0,0,0
0.063220,1.98611,10.588,0.173,0.085,0,0,0
0.063240,1.98674,10.536,0.242,0.019,0,0,0
0.063260,1.98737,10.524,0.168,0.079,0,0,0
0.063280,1.98800,10.393,0.096,0.062,0,0,0
0.063300,1.98863,10.279,0.230,0.001,0,0,0
0.063320,1.98926,10.294,0.053,0.104,0,0,0
0.063340,1.98988,10.373,0.169,0.161,0,0,0
0.063360,1.99051,10.204,0.202,0.080,0,0,0
0.063380,1.99114,10.227,0.175,0.086,0,0,0
0.063400,1.99177,10.128,0.096,0.096,0,0,0
0.063420,1.99240,10.077,0.099,0.110,0,0,0
0.063440,1.99303,10.014,0.116,0.106,0,0,0
0.063460,1.99365,10.011,0.216,0.094,0,0,0
0.063480,1.99428,9.957,0.186,-0.011,0,0,0
0.063500,1.99491,9.880,0.073,0.122,0,0,0
0.063520,1.99554,9.777,0.082,0.094,0,0,0
0.063540,1.99617,9.868,0.190,0.145,0,0,0
0.063560,1.99680,9.792,0.168,0.041,0,0,0
0.063580,1.99742,9.647,0.115,0.135,0,0,0
0.063600,1.99805,9.626,0.189,0.055,0,0,0
0.063620,1.99868,9.619,0.209,0.067,0,0,0
0.063640,1.99931,9.594,0.138,0.064,0,0,0
0.063660,1.99994,9.552,0.157,0.025,0,0,0
0.063680,2.00057,9.456,0.075,0.080,0,0,0
0.063700,2.00119,9.417,0.177,0.045,0,0,0
0.063720,2.00182,9.362,0.122,0.070,0,0,0
0.063740,2.00245,9.323,0.115,0.002,0,0,0
0.063760,2.00308,9.412,0.197,0.077,0,0,0
0.063780,2.00371,9.304,0.148,0.064,0,0,0
0.063800,2.00434,9.198,0.153,0.106,0,0,0
0.063820,2.00496,9.499,0.183,0.091,540,0,0
0.063840,2.00559,9.672,0.185,0.025,540,0,0
0.063860,2.00622,9.933,0.191,0.051,540,0,0
0.063880,2.00685,10.114,0.056,0.130,540,0,0
0.063900,2.00748,10.355,0.145,0.152,540,0,0
0.063920,2.00811,10.700,0.180,0.098,540,0,0
0.063940,2.00873,10.713,0.131,0.061,0,0,0
0.063960,2.00936,10.668,0.104,0.103,0,0,0
0.063980,2.00999,10.708,0.135,-0.032,0,0,0
0.064000,2.01062,10.500,0.133,0.082,0,0,0
0.064020,2.01125,10.580,0.181,0.121,0,0,0
0.064040,2.01188,10.467,0.150,0.117,0,0,0
0.064060,2.01250,10.498,0.180,0.056,0,0,0
0.064080,2.01313,10.391,0.159,0.095,0,0,0
0.064100,2.01376,10.384,0.178,0.088,0,0,0
0.064120,2.01439,10.454,0.114,0.149,0,0,0
0.064140,2.01502,10.265,0.108,0.140,0,0,0
0.064160,2.01565,10.226,0.087,0.094,0,0,0
0.064180,2.01627,10.225,0.173,0.094,0,0,0
0.064200,2.01690,10.169,0.123,0.074,0,0,0
0.064220,2.01753,10.169,0.101,0.006,0,0,0
0.064240,2.01816,10.027,0.127,-0.001,0,0,0
0.064260,2.01879,10.079,0.135,0.132,0,0,0
0.064280,2.01942,9.998,0.141,0.114,0,0,0
0.064300,2.02004,9.989,0.058,0.043,0,0,0
0.064320,2.02067,9.990,0.223,-0.026,0,0,0
0.064340,2.02130,9.897,0.156,0.049,0,0,0
0.064360,2.02193,9.833,0.157,0.135,0,0,0
0.064380,2.02256,9.847,0.122,0.041,0,0,0
0.064400,2.02319,9.769,0.119,-0.012,0,0,0
0.064420,2.02381,9.752,0.110,0.065,0,0,0
0.064440,2.02444,9.777,0.079,0.091,0,0,0
0.064460,2.02507,9.714,0.052,-0.014,0,0,0
0.064480,2.02570,9.643,0.149,0.039,0,0,0
0.064500,2.02633,9.647,0.083,0.072,0,0,0
0.064520,2.02696,9.423,0.253,0.054,0,0,0
0.064540,2.02758,9.391,0.049,0.038,0,0,0
0.064560,2.02821,9.519,0.182,0.027,0,0,0
0.064580,2.02884,9.538,0.130,0.058,0,0,0
0.064600,2.02947,9.505,0.246,0.215,0,0,0
0.064620,2.03010,9.424,0.231,0.066,0,0,0
0.064640,2.03073,9.439,0.169,0.074,0,0,0
0.064660,2.03135,9.267,0.106,0.171,0,0,0
0.064680,2.03198,9.386,0.175,0.072,0,0,0
0.064700,2.03261,9.302,0.108,0.122,0,0,0
0.064720,2.03324,9.354,0.152,-0.001,0,0,0
0.064740,2.03387,9.170,0.087,0.078,0,0,0
0.064760,2.03450,9.316,0.179,0.023,540,0,0
0.064780,2.03512,9.514,0.049,0.106,540,0,0
0.064800,2.03575,9.769,0.107,0.055,540,0,0
0.064820,2.03638,9.997,0.164,0.133,540,0,0
0.064840,2.03701,10.173,0.095,0.103,540,0,0
0.064860,2.03764,10.416,0.153,0.002,540,0,0
0.064880,2.03827,10.645,0.087,0.123,540,0,0
0.064900,2.03889,10.843,0.258,0.000,540,0,0
0.064920,2.03952,10.853,0.140,0.079,0,0,0
0.064940,2.04015,10.758,0.208,0.042,0,0,0
0.064960,2.04078,10.745,0.115,0.095,0,0,0
0.064980,2.04141,10.779,0.190,0.093,0,0,0
0.065000,2.04204,10.669,0.078,0.059,0,0,0
0.065020,2.04266,10.603,0.142,0.096,0,0,0
0.065040,2.04329,10.597,0.057,-0.008,0,0,0
0.065060,2.04392,10.539,0.150,0.052,0,0,0
0.065080,2.04455,10.541,0.082,0.145,0,0,0
0.065100,2.04518,10.441,0.160,0.066,0,0,0
0.065120,2.04581,10.504,0.134,0.120,0,0,0
0.065140,2.04643,10.380,0.095,0.095,0,0,0
0.065160,2.04706,10.357,0.165,0.121,0,0,0
0.065180,2.04769,10.425,0.125,0.133,0,0,0
0.065200,2.04832,10.271,0.111,0.089,0,0,0
0.065220,2.04895,10.293,0.080,0.143,0,0,0
0.065240,2.04958,10.275,0.072,0.011,0,0,0
0.065260,2.05020,10.229,0.067,0.120,0,0,0
0.065280,2.05083,10.271,0.199,0.095,0,0,0
0.065300,2.05146,10.204,0.196,0.053,0,0,0
0.065320,2.05209,10.123,0.050,0.049,0,0,0
0.065340,2.05272,10.118,0.214,0.033,0,0,0
0.065360,2.05334,10.061,0.117,0.071,0,0,0
0.065380,2.05397,10.128,0.176,0.106,0,0,0
0.065400,2.05460,10.103,0.201,0.093,0,0,0
0.065420,2.05523,10.032,0.157,0.129,0,0,0
0.065440,2.05586,10.055,0.160,0.112,0,0,0
0.065460,2.05649,10.045,0.097,0.142,0,0,0
0.065480,2.05711,9.964,0.127,0.163,0,0,0
0.065500,2.05774,9.934,0.106,0.112,0,0,0
0.065520,2.05837,9.947,0.105,0.134,0,0,0
0.065540,2.05900,9.948,0.126,0.033,0,0,0
0.065560,2.05963,9.892,0.160,0.126,0,0,0
0.065580,2.06026,9.849,0.072,0.065,0,0,0
0.065600,2.06088,9.772,0.181,0.066,0,0,0
0.065620,2.06151,9.749,0.165,0.041,0,0,0
0.065640,2.06214,9.795,0.124,0.087,0,0,0
0.065660,2.06277,9.777,0.138,0.107,0,0,0
0.065680,2.06340,9.739,0.196,0.027,0,0,0
0.065700,2.06403,9.643,0.103,0.101,0,0,0
0.065720,2.06465,9.639,0.172,0.130,0,0,0
0.065740,2.06528,9.677,0.212,0.058,0,0,0
0.065760,2.06591,9.607,0.075,0.038,0,0,0
0.065780,2.06654,9.487,0.212,0.097,0,0,0
0.065800,2.06717,9.528,0.069,0.139,0,0,0
0.065820,2.06780,9.613,0.090,0.070,0,0,0
0.065840,2.06842,9.480,0.097,0.035,0,0,0
0.065860,2.06905,9.577,0.113,0.152,0,0,0
0.065880,2.06968,9.401,0.202,0.069,0,0,0
0.065900,2.07031,9.464,0.224,0.100,0,0,0
0.065920,2.07094,9.410,0.146,-0.020,0,0,0
0.065940,2.07157,9.398,0.083,0.178,0,0,0
0.065960,2.07219,9.404,0.196,0.034,0,0,0
0.065980,2.07282,9.418,0.153,0.079,0,0,0
0.066000,2.07345,9.348,0.105,0.071,0,0,0
0.066020,2.07408,9.383,0.128,0.055,0,0,0
0.066040,2.07471,9.302,0.138,0.068,0,0,0
0.066060,2.07534,9.289,0.036,0.077,0,0,0
0.066080,2.07596,9.203,0.080,0.099,0,0,0
0.066100,2.07659,9.283,0.132,0.064,0,0,0
0.066120,2.07722,9.351,0.184,0.154,540,0,0
0.066140,2.07785,9.502,0.186,0.116,540,0,0
0.066160,2.07848,9.691,0.185,0.141,540,0,0
0.066180,2.07911,9.944,0.046,0.085,540,0,0
0.066200,2.07973,10.154,0.117,0.126,540,0,0
0.066220,2.08036,10.352,0.106,0.023,540,0,0
0.066240,2.08099,10.649,0.154,0.056,540,0,0
0.066260,2.08162,10.767,0.093,0.071,540,0,0
0.066280,2.08225,10.808,0.099,0.134,0,0,0
0.066300,2.08288,10.694,0.150,0.101,0,0,0
0.066320,2.08350,10.652,0.170,0.077,0,0,0
0.066340,2.08413,10.710,0.225,0.081,0,0,0
0.066360,2.08476,10.652,0.073,0.124,0,0,0
0.066380,2.08539,10.670,0.146,0.072,0,0,0
0.066400,2.08602,10.670,0.037,0.102,0,0,0
0.066420,2.08665,10.617,0.144,0.007,0,0,0
0.066440,2.08727,10.635,0.122,0.115,0,0,0
0.066460,2.08790,10.610,0.132,0.112,0,0,0
0.066480,2.08853,10.547,0.195,0.140,0,0,0
0.066500,2.08916,10.428,0.082,0.113,0,0,0
0.066520,2.08979,10.571,0.080,0.044,0,0,0
0.066540,2.09042,10.474,0.095,0.113,0,0,0
0.066560,2.09104,10.433,0.091,0.073,0,0,0
0.066580,2.09167,10.539,0.121,0.091,0,0,0
0.066600,2.09230,10.445,0.135,0.068,0,0,0
0.066620,2.09293,10.357,0.159,0.188,0,0,0
0.066640,2.09356,10.416,0.113,0.078,0,0,0
0.066660,2.09419,10.396,0.258,0.150,0,0,0
0.066680,2.09481,10.326,0.136,0.075,0,0,0
0.066700,2.09544,10.425,0.134,0.029,0,0,0
0.066720,2.09607,10.287,0.131,0.141,0,0,0
0.066740,2.09670,10.313,0.108,0.102,0,0,0
0.066760,2.09733,10.278,0.088,0.127,0,0,0
0.066780,2.09796,10.293,0.098,0.004,0,0,0
0.066800,2.09858,10.236,0.053,0.105,0,0,0
0.066820,2.09921,10.277,0.141,0.125,0,0,0
0.066840,2.09984,10.213,0.193,0.089,0,0,0
0.066860,2.10047,10.264,0.167,0.169,0,0,0
0.066880,2.10110,10.161,0.112,0.076,0,0,0
0.066900,2.10173,10.187,0.071,0.142,0,0,0
0.066920,2.10235,10.119,0.068,0.089,0,0,0
0.066940,2.10298,10.112,0.076,0.026,0,0,0
0.066960,2.10361,10.117,0.164,0.132,0,0,0
0.066980,2.10424,10.030,0.053,0.074,0,0,0
0.067000,2.10487,10.209,0.168,0.045,0,0,0
0.067020,2.10550,10.014,0.201,0.075,0,0,0
0.067040,2.10612,10.048,0.160,0.116,0,0,0
0.067060,2.10675,10.084,0.026,0.189,0,0,0
0.067080,2.10738,10.100,0.071,0.049,0,0,0
0.067100,2.10801,10.037,0.083,0.090,0,0,0
0.067120,2.10864,9.975,0.198,0.059,0,0,0
0.067140,2.10927,9.987,0.076,0.096,0,0,0
0.067160,2.10989,10.012,0.046,0.046,0,0,0
0.067180,2.11052,9.916,0.041,0.081,0,0,0
0.067200,2.11115,9.985,0.213,0.131,0,0,0
0.067220,2.11178,9.952,0.169,0.069,0,0,0
0.067240,2.11241,9.887,0.143,-0.035,0,0,0
0.067260,2.11304,9.957,0.097,0.113,0,0,0
0.067280,2.11366,10.054,0.079,0.048,0,0,0
0.067300,2.11429,9.867,0.219,0.173,0,0,0
0.067320,2.11492,9.854,0.126,0.111,0,0,0
0.067340,2.11555,9.834,-0.003,0.010,0,0,0
0.067360,2.11618,9.893,0.145,0.076,0,0,0
0.067380,2.11681,9.802,0.107,0.162,0,0,0
0.067400,2.11743,9.853,0.159,0.111,0,0,0
0.067420,2.11806,9.786,0.038,0.196,0,0,0
0.067440,2.11869,9.748,0.058,0.115,0,0,0
0.067460,2.11932,9.889,0.145,0.077,0,0,0
0.067480,2.11995,9.830,0.152,0.104,0,0,0
0.067500,2.12058,9.783,0.018,0.056,0,0,0
0.067520,2.12120,9.734,0.069,0.079,0,0,0
0.067540,2.12183,9.752,0.135,0.054,0,0,0
0.067560,2.12246,9.736,0.183,0.016,0,0,0
0.067580,2.12309,9.712,0.029,0.134,0,0,0
0.067600,2.12372,9.668,0.086,0.128,0,0,0
0.067620,2.12434,9.779,0.127,0.061,0,0,0
0.067640,2.12497,9.641,0.136,0.120,0,0,0
0.067660,2.12560,9.609,0.124,0.133,0,0,0
0.067680,2.12623,9.669,0.146,0.065,0,0,0
0.067700,2.12686,9.618,0.078,0.075,0,0,0
0.067720,2.12749,9.602,0.142,0.082,0,0,0
0.067740,2.12811,9.638,0.119,0.044,0,0,0
0.067760,2.12874,9.558,0.115,0.069,0,0,0
0.067780,2.12937,9.582,0.086,0.084,0,0,0
0.067800,2.13000,9.595,0.206,0.141,0,0,0
0.067820,2.13063,9.578,0.111,0.101,0,0,0
0.067840,2.13126,9.651,0.087,0.121,0,0,0
0.067860,2.13188,9.575,0.159,0.066,0,0,0
0.067880,2.13251,9.507,0.213,0.080,0,0,0
0.067900,2.13314,9.482,0.225,0.158,0,0,0
0.067920,2.13377,9.570,0.003,0.119,0,0,0
0.067940,2.13440,9.481,0.123,0.120,0,0,0
0.067960,2.13503,9.548,0.149,0.083,0,0,0
0.067980,2.13565,9.500,0.192,0.075,0,0,0
0.068000,2.13628,9.432,0.076,0.100,0,0,0
0.068020,2.13691,9.433,0.016,0.040,0,0,0
0.068040,2.13754,9.504,0.124,0.046,0,0,0
0.068060,2.13817,9.502,0.529,0.198,0,540,0
0.068080,2.13880,9.389,1.460,0.053,0,540,0
0.068100,2.13942,9.381,2.397,0.109,0,540,0
0.068120,2.14005,9.404,3.287,0.087,0,540,0
0.068140,2.14068,9.332,4.137,0.065,0,540,0
0.068160,2.14131,9.359,5.030,0.118,0,540,0
0.068180,2.14194,9.412,6.003,0.092,0,540,0
0.068200,2.14257,9.353,6.941,0.109,0,540,0
0.068220,2.14319,9.337,7.670,0.120,0,540,0
0.068240,2.14382,9.421,8.585,0.118,0,540,0
0.068260,2.14445,9.389,9.533,0.092,0,540,0
0.068280,2.14508,9.355,10.481,0.137,0,540,0
0.068300,2.14571,9.349,10.875,0.095,0,0,0
0.068320,2.14634,9.368,10.878,0.162,0,0,0
0.068340,2.14696,9.436,10.734,0.176,0,0,0
0.068360,2.14759,9.334,10.871,0.181,0,0,0
0.068380,2.14822,9.372,10.810,0.140,0,0,0
0.068400,2.14885,9.337,10.836,0.056,0,0,0
0.068420,2.14948,9.337,10.785,0.057,0,0,0
0.068440,2.15011,9.359,10.823,0.029,0,0,0
0.068460,2.15073,9.267,10.760,0.194,0,0,0
0.068480,2.15136,9.302,10.677,0.060,0,0,0
0.068500,2.15199,9.322,10.689,0.195,0,0,0
0.068520,2.15262,9.334,10.766,0.141,0,0,0
0.068540,2.15325,9.252,10.684,0.107,0,0,0
0.068560,2.15388,9.236,10.672,0.123,0,0,0
0.068580,2.15450,9.224,10.636,0.077,0,0,0
0.068600,2.15513,9.441,10.721,0.178,540,0,0
0.068620,2.15576,9.758,10.668,0.063,540,0,0
0.068640,2.15639,9.813,10.641,0.157,540,0,0
0.068660,2.15702,10.056,10.718,0.096,540,0,0
0.068680,2.15765,10.322,10.692,0.039,540,0,0
0.068700,2.15827,10.368,10.548,0.084,540,0,0
0.068720,2.15890,10.751,10.618,0.161,540,0,0
0.068740,2.15953,10.891,10.585,0.041,540,0,0
0.068760,2.16016,10.915,10.509,0.165,0,0,0
0.068780,2.16079,10.898,10.560,0.149,0,0,0
0.068800,2.16142,10.962,10.600,0.159,0,0,0
0.068820,2.16204,10.798,10.469,0.117,0,0,0
0.068840,2.16267,10.828,10.467,0.090,0,0,0
0.068860,2.16330,10.746,10.562,0.111,0,0,0
0.068880,2.16393,10.909,10.460,0.162,0,0,0
0.068900,2.16456,10.833,10.478,0.098,0,0,0
0.068920,2.16519,10.853,10.571,0.101,0,0,0
0.068940,2.16581,10.844,10.593,0.045,0,0,0
0.068960,2.16644,10.773,10.487,0.123,0,0,0
0.068980,2.16707,10.822,10.532,0.050,0,0,0
0.069000,2.16770,10.761,10.395,0.069,0,0,0
0.069020,2.16833,10.788,10.500,0.085,0,0,0
0.069040,2.16896,10.812,10.443,0.089,0,0,0
0.069060,2.16958,10.761,10.413,0.096,0,0,0
0.069080,2.17021,10.762,10.484,0.076,0,0,0
0.069100,2.17084,10.760,10.358,0.202,0,0,0
0.069120,2.17147,10.762,10.403,0.133,0,0,0
0.069140,2.17210,10.705,10.401,0.076,0,0,0
0.069160,2.17273,10.732,10.359,0.034,0,0,0
0.069180,2.17335,10.602,10.341,0.263,0,0,0
0.069200,2.17398,10.654,10.300,0.038,0,0,0
0.069220,2.17461,10.735,10.330,0.011,0,0,0
0.069240,2.17524,10.671,10.352,0.047,0,0,0
0.069260,2.17587,10.739,10.311,0.138,0,0,0
0.069280,2.17650,10.732,10.368,0.129,0,0,0
0.069300,2.17712,10.608,10.339,0.155,0,0,0
0.069320,2.17775,10.680,10.230,0.139,0,0,0
0.069340,2.17838,10.652,10.284,0.142,0,0,0
0.069360,2.17901,10.612,10.311,0.070,0,0,0
0.069380,2.17964,10.709,10.267,0.129,0,0,0
0.069400,2.18027,10.759,10.211,0.151,0,0,0
0.069420,2.18089,10.564,10.168,0.075,0,0,0
0.069440,2.18152,10.620,10.210,0.135,0,0,0
0.069460,2.18215,10.621,10.238,0.059,0,0,0
0.069480,2.18278,10.615,10.214,0.059,0,0,0
0.069500,2.18341,10.621,10.131,0.191,0,0,0
0.069520,2.18404,10.532,10.202,0.130,0,0,0
0.069540,2.18466,10.539,10.089,0.058,0,0,0
0.069560,2.18529,10.515,10.192,0.061,0,0,0
0.069580,2.18592,10.562,10.103,0.172,0,0,0
0.069600,2.18655,10.732,10.003,0.142,0,0,0
0.069620,2.18718,10.537,10.105,0.138,0,0,0
0.069640,2.18781,10.588,10.079,0.113,0,0,0
0.069660,2.18843,10.630,9.958,0.135,0,0,0
0.069680,2.18906,10.634,10.044,0.139,0,0,0
0.069700,2.18969,10.567,9.969,0.097,0,0,0
0.069720,2.19032,10.528,10.021,0.077,0,0,0
0.069740,2.19095,10.525,10.125,0.091,0,0,0
0.069760,2.19158,10.497,10.028,-0.003,0,0,0
0.069780,2.19220,10.545,9.988,0.048,0,0,0
0.069800,2.19283,10.462,10.052,0.166,0,0,0
0.069820,2.19346,10.487,9.964,0.064,0,0,0
0.069840,2.19409,10.459,9.926,0.150,0,0,0
0.069860,2.19472,10.499,9.984,0.105,0,0,0
0.069880,2.19534,10.464,10.003,0.074,0,0,0
0.069900,2.19597,10.570,9.860,0.123,0,0,0
0.069920,2.19660,10.472,9.947,0.057,0,0,0
0.069940,2.19723,10.524,9.947,0.031,0,0,0
0.069960,2.19786,10.415,9.841,0.147,0,0,0
0.069980,2.19849,10.398,9.849,0.085,0,0,0
0.070000,2.19911,10.488,9.843,0.125,0,0,0
0.070020,2.19974,10.482,9.744,0.057,0,0,0
0.070040,2.20037,10.374,9.808,0.162,0,0,0
0.070060,2.20100,10.355,9.800,0.067,0,0,0
0.070080,2.20163,10.425,9.764,0.211,0,0,0
0.070100,2.20226,10.451,9.752,0.089,0,0,0
0.070120,2.20288,10.418,9.788,0.195,0,0,0
0.070140,2.20351,10.393,9.765,0.057,0,0,0
0.070160,2.20414,10.362,9.871,0.148,0,0,0
0.070180,2.20477,10.467,9.854,0.053,0,0,0
0.070200,2.20540,10.432,9.789,0.114,0,0,0
0.070220,2.20603,10.340,9.690,0.131,0,0,0
0.070240,2.20665,10.347,9.654,0.219,0,0,0
0.070260,2.20728,10.383,9.658,0.126,0,0,0
0.070280,2.20791,10.352,9.674,0.169,0,0,0
0.070300,2.20854,10.351,9.629,0.124,0,0,0
0.070320,2.20917,10.378,9.657,0.098,0,0,0
0.070340,2.20980,10.327,9.651,0.217,0,0,0
0.070360,2.21042,10.284,9.656,0.052,0,0,0
0.070380,2.21105,10.251,9.667,0.170,0,0,0
0.070400,2.21168,10.340,9.488,0.148,0,0,0
0.070420,2.21231,10.414,9.596,0.125,0,0,0
0.070440,2.21294,10.365,9.534,0.118,0,0,0
0.070460,2.21357,10.365,9.576,0.164,0,0,0
0.070480,2.21419,10.375,9.517,0.183,0,0,0
0.070500,2.21482,10.306,9.531,0.130,0,0,0
0.070520,2.21545,10.336,9.551,0.069,0,0,0
0.070540,2.21608,10.393,9.568,0.174,0,0,0
0.070560,2.21671,10.234,9.377,0.147,0,0,0
0.070580,2.21734,10.367,9.469,0.165,0,0,0
0.070600,2.21796,10.349,9.483,0.096,0,0,0
0.070620,2.21859,10.374,9.439,0.141,0,0,0
0.070640,2.21922,10.263,9.368,0.110,0,0,0
0.070660,2.21985,10.244,9.378,0.066,0,0,0
0.070680,2.22048,10.334,9.371,0.098,0,0,0
0.070700,2.22111,10.298,9.319,0.097,0,0,0
0.070720,2.22173,10.213,9.296,0.181,0,0,0
0.070740,2.22236,10.287,9.272,0.073,0,0,0
0.070760,2.22299,10.256,9.372,0.052,0,0,0
0.070780,2.22362,10.281,9.253,0.172,0,0,0
0.070800,2.22425,10.303,9.353,0.133,0,0,0
0.070820,2.22488,10.278,9.319,0.122,0,0,0
0.070840,2.22550,10.223,9.209,0.161,-540,0,0
0.070860,2.22613,9.929,9.291,0.146,-540,0,0
0.070880,2.22676,9.735,10.062,0.144,-540,540,0
0.070900,2.22739,9.496,11.014,0.114,-540,540,0
0.070920,2.22802,9.350,11.103,0.175,-540,0,0
0.070940,2.22865,9.212,10.999,0.126,-540,0,0
0.070960,2.22927,8.947,10.980,0.166,-540,0,0
0.070980,2.22990,8.799,10.993,0.129,-540,0,0
0.071000,2.23053,8.645,10.904,0.157,-540,0,0
0.071020,2.23116,8.334,10.903,0.084,-540,0,0
0.071040,2.23179,8.227,10.956,0.146,-540,0,0
0.071060,2.23242,7.999,10.855,0.276,-540,0,0
0.071080,2.23304,7.803,10.755,0.222,-540,0,0
0.071100,2.23367,7.710,10.823,0.095,-540,0,0
0.071120,2.23430,7.472,10.800,0.189,-540,0,0
0.071140,2.23493,7.282,10.778,0.182,-540,0,0
0.071160,2.23556,7.123,10.758,0.152,-540,0,0
0.071180,2.23619,6.990,10.807,0.175,-540,0,0
0.071200,2.23681,6.824,10.672,0.108,-540,0,0
0.071220,2.23744,6.659,10.691,0.068,-540,0,0
0.071240,2.23807,6.582,10.686,0.085,-540,0,0
0.071260,2.23870,6.295,10.634,0.148,-540,0,0
0.071280,2.23933,6.188,10.653,0.156,-540,0,0
0.071300,2.23996,5.900,10.653,0.125,-540,0,0
0.071320,2.24058,5.882,10.594,0.146,-540,0,0
0.071340,2.24121,5.767,10.630,0.153,-540,0,0
0.071360,2.24184,5.526,10.536,0.171,-540,0,0
0.071380,2.24247,5.486,10.554,0.119,-540,0,0
0.071400,2.24310,5.358,10.520,0.134,-540,0,0
0.071420,2.24373,5.112,10.558,0.136,-540,0,0
0.071440,2.24435,5.047,10.527,0.115,-540,0,0
0.071460,2.24498,4.799,10.618,0.130,-540,0,0
0.071480,2.24561,4.760,10.451,0.126,-540,0,0
0.071500,2.24624,4.632,10.481,0.202,-540,0,0
0.071520,2.24687,4.494,10.511,0.108,-540,0,0
0.071540,2.24750,4.274,10.446,0.210,-540,0,0
0.071560,2.24812,4.202,10.321,0.098,-540,0,0
0.071580,2.24875,3.971,10.374,0.137,-540,0,0
0.071600,2.24938,3.869,10.318,0.138,-540,0,0
0.071620,2.25001,3.841,10.335,0.174,-540,0,0
0.071640,2.25064,3.716,10.376,0.149,-540,0,0
0.071660,2.25127,3.558,10.279,0.160,-540,0,0
0.071680,2.25189,3.433,10.282,0.068,-540,0,0
0.071700,2.25252,3.332,10.318,0.165,-540,0,0
0.071720,2.25315,3.171,10.182,0.199,-540,0,0
0.071740,2.25378,3.076,10.221,0.036,-540,0,0
0.071760,2.25441,3.004,10.127,0.123,-540,0,0
0.071780,2.25504,2.895,10.088,0.185,-540,0,0
0.071800,2.25566,2.788,10.161,0.075,-540,0,0
0.071820,2.25629,2.581,10.184,0.159,-540,0,0
0.071840,2.25692,2.474,10.080,0.230,-540,0,0
0.071860,2.25755,2.331,10.087,0.082,-540,0,0
0.071880,2.25818,2.302,10.061,0.087,-540,0,0
0.071900,2.25881,2.190,10.076,0.193,-540,0,0
0.071920,2.25943,2.044,9.932,0.242,-540,0,0
0.071940,2.26006,1.935,9.987,0.159,-540,0,0
0.071960,2.26069,1.872,10.006,0.239,-540,0,0
0.071980,2.26132,1.794,9.983,0.178,-540,0,0
0.072000,2.26195,1.585,9.924,0.200,-540,0,0
0.072020,2.26258,1.576,9.927,0.106,-540,0,0
0.072040,2.26320,1.454,9.851,0.260,-540,0,0
0.072060,2.26383,1.263,9.967,0.182,-540,0,0
0.072080,2.26446,1.198,9.795,0.201,-540,0,0
0.072100,2.26509,1.204,9.744,0.211,-540,0,0
0.072120,2.26572,0.999,9.886,0.103,-540,0,0
0.072140,2.26634,0.910,9.694,0.145,-540,0,0
0.072160,2.26697,0.864,9.761,0.172,-540,0,0
0.072180,2.26760,0.715,9.803,0.155,-540,0,0
0.072200,2.26823,0.589,9.625,0.215,-540,0,0
0.072220,2.26886,0.531,9.743,0.187,-540,0,0
0.072240,2.26949,0.537,9.619,0.165,-540,0,0
0.072260,2.27011,0.416,9.722,0.161,-540,0,0
0.072280,2.27074,0.399,9.659,0.184,0,0,0
0.072300,2.27137,0.310,9.554,0.194,0,0,0
0.072320,2.27200,0.277,9.594,0.251,-540,0,0
0.072340,2.27263,0.194,9.482,0.195,0,0,0
0.072360,2.27326,0.257,9.541,0.198,0,0,0
0.072380,2.27388,0.194,9.430,0.065,0,0,0
0.072400,2.27451,0.150,9.541,0.282,0,0,0
0.072420,2.27514,0.234,9.457,0.225,0,0,0
0.072440,2.27577,0.196,9.387,0.016,0,0,-540
0.072460,2.27640,0.209,9.455,0.001,0,0,0
0.072480,2.27703,0.230,9.400,0.099,0,0,0
0.072500,2.27765,0.127,9.375,0.116,0,0,0
0.072520,2.27828,0.205,9.346,0.009,0,0,0
0.072540,2.27891,0.241,9.276,0.138,0,0,0
0.072560,2.27954,0.169,9.251,0.092,0,0,0
0.072580,2.28017,0.097,9.697,0.031,0,540,0
0.072600,2.28080,0.160,10.515,0.097,0,540,0
0.072620,2.28142,0.182,10.838,0.128,0,0,0
0.072640,2.28205,0.164,10.788,0.104,0,0,0
0.072660,2.28268,0.262,10.739,0.119,0,0,0
0.072680,2.28331,0.060,10.746,0.110,0,0,0
0.072700,2.28394,0.158,10.729,0.044,0,0,0
0.072720,2.28457,0.156,10.779,0.129,0,0,0
0.072740,2.28519,0.085,10.729,0.049,0,0,0
0.072760,2.28582,0.124,10.633,0.060,0,0,0
0.072780,2.28645,0.182,10.632,0.074,0,0,0
0.072800,2.28708,0.189,10.629,0.125,0,0,0
0.072820,2.28771,0.236,10.594,0.038,0,0,0
0.072840,2.28834,0.220,10.516,0.127,0,0,0
0.072860,2.28896,0.219,10.624,0.130,0,0,0
0.072880,2.28959,0.127,10.561,0.126,0,0,0
0.072900,2.29022,0.110,10.400,0.058,0,0,0
0.072920,2.29085,0.160,10.504,0.040,0,0,0
0.072940,2.29148,0.031,10.439,0.078,0,0,0
0.072960,2.29211,0.161,10.307,0.071,0,0,0
0.072980,2.29273,0.116,10.285,0.079,0,0,0
0.073000,2.29336,0.171,10.273,0.078,0,0,0
0.073020,2.29399,0.165,10.263,0.087,0,0,0
0.073040,2.29462,0.160,10.307,0.041,0,0,0
0.073060,2.29525,0.163,10.154,0.037,0,0,0
0.073080,2.29588,0.184,10.186,0.134,0,0,0
0.073100,2.29650,0.146,10.196,-0.007,0,0,0
0.073120,2.29713,0.165,10.111,0.095,0,0,0
0.073140,2.29776,0.220,10.100,0.132,0,0,0
0.073160,2.29839,0.117,9.966,0.087,0,0,0
0.073180,2.29902,0.276,10.003,0.135,0,0,0
0.073200,2.29965,0.115,9.937,0.180,0,0,0
0.073220,2.30027,0.137,9.934,0.040,0,0,0
0.073240,2.30090,0.099,9.933,0.105,0,0,0
0.073260,2.30153,0.193,9.805,0.133,0,0,0
0.073280,2.30216,0.179,9.858,0.032,0,0,0
0.073300,2.30279,0.214,9.847,0.174,0,0,0
0.073320,2.30342,0.189,9.753,0.135,0,0,0
0.073340,2.30404,0.232,9.848,0.156,0,0,0
0.073360,2.30467,0.231,9.711,0.141,0,0,0
0.073380,2.30530,0.140,9.685,0.028,0,0,0
0.073400,2.30593,0.137,9.579,0.107,0,0,0
0.073420,2.30656,0.258,9.702,0.018,0,0,0
0.073440,2.30719,0.152,9.628,0.060,0,0,0
0.073460,2.30781,0.161,9.494,0.149,0,0,0
0.073480,2.30844,0.169,9.464,0.057,0,0,0
0.073500,2.30907,0.072,9.465,0.081,0,0,0
0.073520,2.30970,0.185,9.460,0.122,0,0,0
0.073540,2.31033,0.175,9.329,0.129,0,0,0
0.073560,2.31096,0.034,9.446,0.109,0,0,0
0.073580,2.31158,0.169,9.348,0.039,0,0,0
0.073600,2.31221,0.139,9.298,0.125,0,0,0
0.073620,2.31284,0.135,9.306,0.134,0,0,0
0.073640,2.31347,0.168,9.270,0.038,0,0,0
0.073660,2.31410,0.167,9.141,0.066,0,0,0
0.073680,2.31473,0.085,9.143,0.114,0,0,0
0.073700,2.31535,0.066,9.832,0.142,0,540,0
0.073720,2.31598,0.204,10.616,0.080,0,540,0
0.073740,2.31661,0.100,11.029,0.082,0,0,0
0.073760,2.31724,0.165,10.814,0.155,0,0,0
0.073780,2.31787,0.127,10.881,0.084,0,0,0
0.073800,2.31850,0.216,10.844,0.021,0,0,0
0.073820,2.31912,0.179,10.929,0.191,0,0,0
0.073840,2.31975,0.183,10.761,0.072,0,0,0
0.073860,2.32038,0.036,10.695,0.026,0,0,0
0.073880,2.32101,0.170,10.672,0.179,0,0,0
0.073900,2.32164,0.058,10.553,0.122,0,0,0
0.073920,2.32227,0.164,10.552,0.093,0,0,0
0.073940,2.32289,0.139,10.544,0.159,0,0,0
0.073960,2.32352,0.089,10.530,0.209,0,0,0
0.073980,2.32415,0.101,10.503,0.130,0,0,0
0.074000,2.32478,0.186,10.480,0.035,0,0,0
0.074020,2.32541,0.111,10.386,0.188,0,0,0
0.074040,2.32604,0.177,10.488,-0.001,0,0,0
0.074060,2.32666,0.136,10.345,0.106,0,0,0
0.074080,2.32729,0.143,10.282,0.135,0,0,0
0.074100,2.32792,0.168,10.153,0.073,0,0,0
0.074120,2.32855,0.123,10.190,0.099,0,0,0
0.074140,2.32918,0.094,10.144,0.042,0,0,0
0.074160,2.32981,0.128,10.132,0.129,0,0,0
0.074180,2.33043,0.179,10.073,0.099,0,0,0
0.074200,2.33106,0.185,10.096,0.157,0,0,0
0.074220,2.33169,0.176,10.005,0.151,0,0,0
0.074240,2.33232,0.081,9.961,0.079,0,0,0
0.074260,2.33295,0.098,9.837,0.155,0,0,0
0.074280,2.33358,0.129,9.882,0.154,0,0,0
0.074300,2.33420,0.188,9.807,0.119,0,0,0
0.074320,2.33483,0.059,9.755,0.114,0,0,0
0.074340,2.33546,0.132,9.718,0.164,0,0,0
0.074360,2.33609,0.193,9.613,0.169,0,0,0
0.074380,2.33672,0.173,9.690,0.086,0,0,0
0.074400,2.33734,0.170,9.595,0.126,0,0,0
0.074420,2.33797,0.093,9.577,0.212,0,0,0
0.074440,2.33860,0.096,9.412,0.130,0,0,0
0.074460,2.33923,0.071,9.379,0.059,0,0,0
0.074480,2.33986,0.159,9.379,0.119,0,0,0
0.074500,2.34049,0.170,9.369,0.111,0,0,0
0.074520,2.34111,0.269,9.296,0.113,0,0,0
0.074540,2.34174,0.114,9.358,0.090,0,0,0
0.074560,2.34237,0.105,9.172,0.132,0,0,0
0.074580,2.34300,0.128,9.949,0.120,0,540,0
0.074600,2.34363,0.249,10.493,0.158,0,540,0
0.074620,2.34426,0.181,10.888,0.127,0,0,0
0.074640,2.34488,0.156,10.786,0.208,0,0,0
0.074660,2.34551,0.200,10.820,0.113,0,0,0
0.074680,2.34614,0.119,10.681,0.106,0,0,0
0.074700,2.34677,0.077,10.730,0.102,0,0,0
0.074720,2.34740,0.136,10.558,0.106,0,0,0
0.074740,2.34803,0.091,10.529,0.112,0,0,0
0.074760,2.34865,0.144,10.477,0.184,0,0,0
0.074780,2.34928,0.018,10.453,0.131,0,0,0
0.074800,2.34991,0.169,10.421,0.106,0,0,0
0.074820,2.35054,0.184,10.382,0.154,0,0,0
0.074840,2.35117,0.025,10.319,0.212,0,0,0
0.074860,2.35180,0.145,10.180,0.193,0,0,0
0.074880,2.35242,0.152,10.137,0.114,0,0,0
0.074900,2.35305,0.174,10.151,0.153,0,0,0
0.074920,2.35368,0.117,10.026,0.201,0,0,0
0.074940,2.35431,0.122,10.065,0.039,0,0,0
0.074960,2.35494,0.115,9.980,0.099,0,0,0
0.074980,2.35557,0.106,9.986,0.108,0,0,0
0.075000,2.35619,0.093,9.840,0.051,0,0,0
0.075020,2.35682,0.136,9.821,0.179,0,0,0
0.075040,2.35745,0.094,9.725,0.131,0,0,0
0.075060,2.35808,0.257,9.803,0.193,0,0,0
0.075080,2.35871,0.117,9.617,0.138,0,0,0
0.075100,2.35934,0.149,9.661,0.127,0,0,0
0.075120,2.35996,0.148,9.549,0.096,0,0,0
0.075140,2.36059,0.155,9.571,0.181,0,0,0
0.075160,2.36122,0.054,9.463,0.229,0,0,0
0.075180,2.36185,0.161,9.428,0.140,0,0,0
0.075200,2.36248,0.127,9.350,0.156,0,0,0
0.075220,2.36311,0.103,9.254,0.032,0,0,0
0.075240,2.36373,0.214,9.261,0.187,0,0,0
0.075260,2.36436,0.118,9.228,0.144,0,0,0
0.075280,2.36499,0.117,9.521,0.116,0,540,0
0.075300,2.36562,0.066,10.021,0.151,0,540,0
0.075320,2.36625,0.200,10.641,0.219,0,540,0
0.075340,2.36688,0.124,10.959,0.180,0,0,0
0.075360,2.36750,0.173,10.760,0.078,0,0,0
0.075380,2.36813,0.240,10.800,0.209,0,0,0
0.075400,2.36876,0.095,10.776,0.139,0,0,0
0.075420,2.36939,0.155,10.734,0.142,0,0,0
0.075440,2.37002,0.082,10.573,0.179,0,0,0
0.075460,2.37065,0.052,10.539,0.137,0,0,0
0.075480,2.37127,0.227,10.505,0.140,0,0,0
0.075500,2.37190,0.137,10.327,-0.021,0,0,-540
0.075520,2.37253,0.165,10.410,0.058,0,0,0
0.075540,2.37316,0.109,10.292,0.054,0,0,0
0.075560,2.37379,0.099,10.206,0.009,0,0,0
0.075580,2.37442,0.213,10.128,-0.050,0,0,0
0.075600,2.37504,0.079,10.140,0.067,0,0,0
0.075620,2.37567,0.183,10.171,0.005,0,0,0
0.075640,2.37630,0.111,10.072,0.023,0,0,0
0.075660,2.37693,0.115,9.954,-0.023,0,0,0
0.075680,2.37756,0.168,9.903,-0.008,0,0,0
0.075700,2.37819,0.033,9.844,0.025,0,0,0
0.075720,2.37881,0.129,9.848,0.070,0,0,0
0.075740,2.37944,0.097,9.764,0.063,0,0,0
0.075760,2.38007,0.144,9.661,0.077,0,0,0
0.075780,2.38070,0.056,9.729,-0.016,0,0,0
0.075800,2.38133,0.132,9.632,-0.040,0,0,0
0.075820,2.38196,0.121,9.399,-0.008,0,0,0
0.075840,2.38258,0.110,9.385,-0.067,0,0,0
0.075860,2.38321,0.174,9.325,0.011,0,0,0
0.075880,2.38384,0.126,9.328,-0.010,0,0,0
0.075900,2.38447,0.143,9.325,-0.063,0,0,0
0.075920,2.38510,0.119,9.533,0.042,0,540,0
0.075940,2.38573,0.173,10.045,0.019,0,540,0
0.075960,2.38635,0.212,10.592,-0.055,0,540,0
0.075980,2.38698,0.183,10.841,0.056,0,0,0
0.076000,2.38761,0.100,10.658,-0.041,0,0,0
0.076020,2.38824,0.112,10.666,-0.034,0,0,0
0.076040,2.38887,0.032,10.564,-0.029,0,0,0
0.076060,2.38950,0.154,10.485,0.067,0,0,0
0.076080,2.39012,0.117,10.452,-0.080,0,0,0
0.076100,2.39075,0.097,10.338,-0.006,0,0,0
0.076120,2.39138,0.076,10.382,0.102,0,0,0
0.076140,2.39201,0.133,10.260,0.121,0,0,0
0.076160,2.39264,0.099,10.292,0.055,0,0,0
0.076180,2.39327,0.127,10.083,0.041,0,0,0
0.076200,2.39389,0.218,10.087,-0.040,0,0,0
0.076220,2.39452,0.165,9.982,-0.051,0,0,0
0.076240,2.39515,0.048,9.985,0.027,0,0,0
0.076260,2.39578,0.118,9.768,-0.111,0,0,0
0.076280,2.39641,0.066,9.912,0.048,0,0,0
0.076300,2.39704,0.071,9.651,-0.026,0,0,0
0.076320,2.39766,0.113,9.881,-0.118,0,0,0
0.076340,2.39829,0.255,9.728,-0.022,0,0,0
0.076360,2.39892,0.188,9.649,0.054,0,0,0
0.076380,2.39955,0.187,9.511,-0.009,0,0,0
0.076400,2.40018,0.129,9.494,0.014,0,0,0
0.076420,2.40081,0.168,9.491,-0.006,0,0,0
0.076440,2.40143,0.053,9.399,-0.059,0,0,0
0.076460,2.40206,0.135,9.243,0.075,0,0,0
0.076480,2.40269,0.198,9.185,0.027,0,0,0
0.076500,2.40332,0.105,9.190,0.050,0,0,0
0.076520,2.40395,0.064,9.624,0.005,0,540,0
0.076540,2.40458,0.230,10.105,0.131,0,540,0
0.076560,2.40520,0.115,10.470,0.084,0,540,0
0.076580,2.40583,0.121,11.104,0.107,0,540,0
0.076600,2.40646,0.109,10.839,-0.093,0,0,0
0.076620,2.40709,0.164,10.895,0.001,0,0,0
0.076640,2.40772,0.087,10.832,0.127,0,0,0
0.076660,2.40834,0.029,10.758,-0.005,0,0,0
0.076680,2.40897,0.181,10.688,-0.077,0,0,0
0.076700,2.40960,0.054,10.562,0.076,0,0,0
0.076720,2.41023,0.155,10.466,0.047,0,0,0
0.076740,2.41086,0.174,10.470,0.074,0,0,0
0.076760,2.41149,0.179,10.347,0.099,0,0,0
0.076780,2.41211,0.130,10.343,0.085,0,0,0
0.076800,2.41274,0.080,10.227,0.021,0,0,0
0.076820,2.41337,0.120,10.180,-0.025,0,0,0
0.076840,2.41400,0.133,10.116,0.010,0,0,0
0.076860,2.41463,0.165,10.158,0.003,0,0,0
0.076880,2.41526,0.084,10.039,-0.053,0,0,0
0.076900,2.41588,0.063,9.876,-0.021,0,0,0
0.076920,2.41651,0.121,9.801,-0.046,0,0,0
0.076940,2.41714,0.131,9.699,-0.033,0,0,0
0.076960,2.41777,0.128,9.707,0.010,0,0,0
0.076980,2.41840,0.192,9.645,-0.033,0,0,0
0.077000,2.41903,0.151,9.699,-0.015,0,0,0
0.077020,2.41965,0.186,9.503,0.016,0,0,0
0.077040,2.42028,0.227,9.490,0.044,0,0,0
0.077060,2.42091,-0.003,9.347,0.079,0,0,0
0.077080,2.42154,0.112,9.353,-0.145,0,0,0
0.077100,2.42217,0.183,9.259,-0.021,0,0,0
0.077120,2.42280,0.152,9.252,-0.099,0,0,0
0.077140,2.42342,0.149,9.514,-0.054,0,540,0
0.077160,2.42405,0.135,10.035,-0.032,0,540,0
0.077180,2.42468,0.089,10.506,0.029,0,540,0
0.077200,2.42531,0.070,10.753,-0.055,0,540,0
0.077220,2.42594,0.055,10.762,0.006,0,0,0
0.077240,2.42657,0.200,10.760,0.004,0,0,0
0.077260,2.42719,0.200,10.777,-0.051,0,0,0
0.077280,2.42782,0.165,10.625,0.022,0,0,0
0.077300,2.42845,0.096,10.475,-0.020,0,0,0
0.077320,2.42908,0.050,10.501,-0.050,0,0,0
0.077340,2.42971,0.148,10.427,0.051,0,0,0
0.077360,2.43034,0.022,10.318,-0.007,0,0,0
0.077380,2.43096,0.236,10.256,0.045,0,0,0
0.077400,2.43159,0.149,10.178,0.014,0,0,0
0.077420,2.43222,0.161,10.083,0.045,0,0,0
0.077440,2.43285,0.102,9.946,0.009,0,0,0
0.077460,2.43348,0.035,9.976,0.000,0,0,0
0.077480,2.43411,0.131,9.885,-0.012,0,0,0
0.077500,2.43473,0.074,9.918,-0.004,0,0,0
0.077520,2.43536,0.149,9.757,-0.090,0,0,0
0.077540,2.43599,0.165,9.711,0.036,0,0,0
0.077560,2.43662,0.083,9.663,0.010,0,0,0
0.077580,2.43725,0.114,9.676,0.001,0,0,0
0.077600,2.43788,0.135,9.442,0.065,0,0,0
0.077620,2.43850,0.065,9.468,-0.007,0,0,0
0.077640,2.43913,0.172,9.327,-0.069,0,0,0
0.077660,2.43976,0.068,9.332,0.017,0,0,0
0.077680,2.44039,0.102,9.304,0.000,0,0,0
0.077700,2.44102,0.184,9.193,0.035,0,0,0
0.077720,2.44165,0.135,9.312,0.031,0,540,0
0.077740,2.44227,0.146,9.676,-0.047,0,540,0
0.077760,2.44290,0.133,9.974,0.017,0,540,0
0.077780,2.44353,0.156,10.340,0.019,0,540,0
0.077800,2.44416,0.185,10.820,-0.042,0,540,0
0.077820,2.44479,0.151,10.983,-0.018,0,0,0
0.077840,2.44542,0.132,10.886,-0.013,0,0,0
0.077860,2.44604,0.073,10.781,0.097,0,0,0
0.077880,2.44667,0.113,10.744,0.067,0,0,0
0.077900,2.44730,0.090,10.696,-0.085,0,0,0
0.077920,2.44793,0.175,10.602,-0.080,0,0,0
0.077940,2.44856,0.138,10.478,0.023,0,0,0
0.077960,2.44919,0.135,10.507,-0.110,0,0,0
0.077980,2.44981,0.082,10.431,-0.016,0,0,0
0.078000,2.45044,0.087,10.329,-0.027,0,0,0
0.078020,2.45107,0.254,10.246,-0.072,0,0,0
0.078040,2.45170,0.122,10.153,-0.005,0,0,0
0.078060,2.45233,0.172,10.101,0.027,0,0,0
0.078080,2.45296,0.213,10.030,-0.054,0,0,0
0.078100,2.45358,0.085,10.017,0.079,0,0,0
0.078120,2.45421,0.099,9.900,0.070,0,0,0
0.078140,2.45484,0.135,9.835,0.028,0,0,0
0.078160,2.45547,0.143,9.736,0.015,0,0,0
0.078180,2.45610,0.175,9.794,-0.064,0,0,0
0.078200,2.45673,0.111,9.639,0.053,0,0,0
0.078220,2.45735,0.090,9.602,0.015,0,0,0
0.078240,2.45798,0.165,9.508,-0.001,0,0,0
0.078260,2.45861,0.097,9.442,-0.042,0,0,0
0.078280,2.45924,0.096,9.511,0.015,0,0,0
0.078300,2.45987,0.171,9.337,-0.078,0,0,0
0.078320,2.46050,0.085,9.301,0.022,0,0,0
0.078340,2.46112,0.176,9.253,0.061,0,0,0
0.078360,2.46175,0.064,9.597,0.006,0,540,0
0.078380,2.46238,0.151,9.914,-0.063,0,540,0
0.078400,2.46301,0.154,10.217,-0.087,0,540,0
0.078420,2.46364,0.143,10.433,0.009,0,540,0
0.078440,2.46427,0.061,10.879,-0.017,0,540,0
0.078460,2.46489,0.144,10.811,0.077,0,0,0
0.078480,2.46552,0.157,10.698,-0.073,0,0,0
0.078500,2.46615,0.103,10.665,-0.007,0,0,0
0.078520,2.46678,0.121,10.576,-0.051,0,0,0
0.078540,2.46741,0.147,10.433,-0.017,0,0,0
0.078560,2.46804,0.126,10.466,-0.006,0,0,0
0.078580,2.46866,0.104,10.308,0.010,0,0,0
0.078600,2.46929,0.137,10.382,0.003,0,0,0
0.078620,2.46992,0.121,10.357,0.007,0,0,0
0.078640,2.47055,0.139,10.107,0.004,0,0,0
0.078660,2.47118,0.107,10.009,-0.011,0,0,0
0.078680,2.47181,0.088,10.004,-0.052,0,0,0
0.078700,2.47243,0.214,10.084,-0.018,0,0,0
0.078720,2.47306,0.076,9.907,0.088,0,0,0
0.078740,2.47369,0.136,9.876,-0.005,0,0,0
0.078760,2.47432,0.042,9.772,0.080,0,0,0
0.078780,2.47495,0.132,9.845,-0.005,0,0,0
0.078800,2.47558,0.075,9.717,0.074,0,0,0
0.078820,2.47620,0.120,9.683,-0.091,0,0,0
0.078840,2.47683,0.066,9.466,0.010,0,0,0
0.078860,2.47746,0.151,9.559,-0.130,0,0,0
0.078880,2.47809,0.086,9.540,0.029,0,0,0
0.078900,2.47872,0.104,9.285,0.018,0,0,0
0.078920,2.47934,0.108,9.370,0.081,0,0,0
0.078940,2.47997,0.116,9.276,-0.023,0,0,0
0.078960,2.48060,0.066,9.194,0.008,0,0,0
0.078980,2.48123,0.055,9.332,-0.063,0,540,0
0.079000,2.48186,0.181,9.635,-0.051,0,540,0
0.079020,2.48249,0.151,9.959,0.042,0,540,0
0.079040,2.48311,0.123,10.255,-0.023,0,540,0
0.079060,2.48374,0.095,10.514,0.077,0,540,0
0.079080,2.48437,0.194,10.764,-0.020,0,540,0
0.079100,2.48500,0.069,10.912,0.069,0,0,0
0.079120,2.48563,0.179,10.886,0.047,0,0,0
0.079140,2.48626,0.176,10.789,-0.036,0,0,0
0.079160,2.48688,0.048,10.681,0.049,0,0,0
0.079180,2.48751,0.068,10.606,-0.074,0,0,0
0.079200,2.48814,0.163,10.552,-0.103,0,0,0
0.079220,2.48877,0.113,10.514,0.079,0,0,0
0.079240,2.48940,0.189,10.395,0.141,0,0,0
0.079260,2.49003,0.056,10.420,0.054,0,0,0
0.079280,2.49065,0.072,10.367,-0.061,0,0,0
0.079300,2.49128,0.075,10.202,0.001,0,0,0
0.079320,2.49191,0.151,10.193,-0.016,0,0,0
0.079340,2.49254,0.050,10.213,-0.029,0,0,0
0.079360,2.49317,0.130,10.035,-0.005,0,0,0
0.079380,2.49380,0.145,10.060,0.003,0,0,0
0.079400,2.49442,0.047,10.088,0.020,0,0,0
0.079420,2.49505,0.098,9.934,-0.011,0,0,0
0.079440,2.49568,0.089,9.902,0.048,0,0,0
0.079460,2.49631,0.100,9.805,0.012,0,0,0
0.079480,2.49694,0.137,9.837,0.021,0,0,0
0.079500,2.49757,0.153,9.799,-0.036,0,0,0
0.079520,2.49819,0.132,9.650,0.004,0,0,0
0.079540,2.49882,0.198,9.622,-0.013,0,0,0
0.079560,2.49945,0.181,9.592,0.019,0,0,0
0.079580,2.50008,0.043,9.477,-0.020,0,0,0
0.079600,2.50071,0.144,9.493,0.010,0,0,0
0.079620,2.50134,0.170,9.442,0.000,0,0,0
0.079640,2.50196,0.137,9.352,-0.019,0,0,0
0.079660,2.50259,0.148,9.373,-0.005,0,0,0
0.079680,2.50322,0.113,9.301,0.066,0,0,0
0.079700,2.50385,0.109,9.238,0.000,0,0,0
0.079720,2.50448,0.071,9.366,-0.059,0,540,0
0.079740,2.50511,0.240,9.664,0.061,0,540,0
0.079760,2.50573,0.133,9.845,0.007,0,540,0
0.079780,2.50636,0.031,10.080,0.004,0,540,0
0.079800,2.50699,0.135,10.318,0.014,0,540,0
0.079820,2.50762,0.134,10.616,0.030,0,540,0
0.079840,2.50825,0.178,10.831,-0.029,0,540,0
0.079860,2.50888,0.014,10.840,-0.075,0,0,0
0.079880,2.50950,0.158,10.788,0.020,0,0,0
0.079900,2.51013,0.091,10.699,0.057,0,0,0
0.079920,2.51076,0.211,10.732,0.042,0,0,0
0.079940,2.51139,0.162,10.595,0.019,0,0,0
0.079960,2.51202,0.133,10.567,-0.069,0,0,0
0.079980,2.51265,0.096,10.486,-0.048,0,0,0
0.080000,2.51327,0.078,10.417,-0.005,0,0,0
0.080020,2.51390,0.201,10.421,-0.000,0,0,0
0.080040,2.51453,0.159,10.371,-0.097,0,0,0
0.080060,2.51516,0.065,10.317,0.086,0,0,0
0.080080,2.51579,0.125,10.145,0.013,0,0,0
0.080100,2.51642,0.106,10.128,0.042,0,0,0
0.080120,2.51704,0.067,10.088,-0.043,0,0,0
0.080140,2.51767,0.157,10.098,-0.040,0,0,0
0.080160,2.51830,0.092,10.051,0.074,0,0,0
0.080180,2.51893,0.068,10.017,0.027,0,0,0
0.080200,2.51956,0.174,9.862,0.007,0,0,0
0.080220,2.52019,0.135,9.963,0.089,0,0,0
0.080240,2.52081,0.078,9.844,-0.095,0,0,0
0.080260,2.52144,0.235,9.793,-0.009,0,0,0
0.080280,2.52207,0.148,9.812,-0.035,0,0,0
0.080300,2.52270,0.093,9.701,-0.018,0,0,0
0.080320,2.52333,0.184,9.681,-0.026,0,0,0
0.080340,2.52396,0.106,9.509,0.057,0,0,0
0.080360,2.52458,0.224,9.550,-0.019,0,0,0
0.080380,2.52521,0.177,9.575,-0.015,0,0,0
0.080400,2.52584,0.103,9.487,0.019,0,0,0
0.080420,2.52647,0.100,9.485,-0.005,0,0,0
0.080440,2.52710,0.163,9.534,0.039,0,0,0
0.080460,2.52773,0.143,9.418,-0.007,0,0,0
0.080480,2.52835,0.141,9.409,-0.051,0,0,0
0.080500,2.52898,0.086,9.314,-0.025,0,0,0
0.080520,2.52961,0.169,9.356,-0.030,0,0,0
0.080540,2.53024,0.110,9.328,0.094,0,0,0
0.080560,2.53087,0.119,9.240,-0.005,0,540,0
0.080580,2.53150,0.149,9.459,0.003,0,540,0
0.080600,2.53212,0.105,9.755,0.019,0,540,0
0.080620,2.53275,0.127,10.049,0.095,0,540,0
0.080640,2.53338,0.159,10.193,0.046,0,540,0
0.080660,2.53401,0.156,10.489,-0.013,0,540,0
0.080680,2.53464,0.116,10.694,0.025,0,540,0
0.080700,2.53527,0.139,10.811,-0.007,0,0,0
0.080720,2.53589,0.097,10.736,0.005,0,0,0
0.080740,2.53652,0.180,10.739,-0.004,0,0,0
0.080760,2.53715,0.033,10.756,-0.048,0,0,0
0.080780,2.53778,0.142,10.637,-0.044,0,0,0
0.080800,2.53841,0.130,10.549,-0.030,0,0,0
0.080820,2.53904,0.130,10.539,-0.011,0,0,0
0.080840,2.53966,0.161,10.547,-0.090,0,0,0
0.080860,2.54029,0.080,10.443,0.082,0,0,0
0.080880,2.54092,0.136,10.491,-0.026,0,0,0
0.080900,2.54155,0.114,10.418,-0.007,0,0,0
0.080920,2.54218,0.087,10.323,-0.085,0,0,0
0.080940,2.54281,0.145,10.334,-0.014,0,0,0
0.080960,2.54343,0.085,10.289,-0.043,0,0,0
0.080980,2.54406,0.169,10.292,-0.027,0,0,0
0.081000,2.54469,0.146,10.188,-0.024,0,0,0
0.081020,2.54532,0.094,10.072,-0.044,0,0,0
0.081040,2.54595,0.121,10.050,0.010,0,0,0
0.081060,2.54658,0.164,9.961,-0.015,0,0,0
0.081080,2.54720,0.134,9.981,0.087,0,0,0
0.081100,2.54783,0.214,9.901,0.028,0,0,0
0.081120,2.54846,0.104,9.946,-0.064,0,0,0
0.081140,2.54909,0.031,9.898,-0.029,0,0,0
0.081160,2.54972,0.178,9.767,-0.048,0,0,0
0.081180,2.55034,0.128,9.876,-0.092,0,0,0
0.081200,2.55097,0.130,9.769,-0.119,0,0,0
0.081220,2.55160,0.131,9.776,0.035,0,0,0
0.081240,2.55223,0.144,9.737,0.066,0,0,0
0.081260,2.55286,0.139,9.705,0.115,0,0,0
0.081280,2.55349,0.161,9.674,0.030,0,0,0
0.081300,2.55411,0.099,9.615,0.056,0,0,0
0.081320,2.55474,0.055,9.654,0.012,0,0,0
0.081340,2.55537,0.188,9.543,-0.060,0,0,0
0.081360,2.55600,0.128,9.584,0.009,0,0,0
0.081380,2.55663,0.128,9.470,0.033,0,0,0
0.081400,2.55726,0.168,9.433,0.086,0,0,0
0.081420,2.55788,0.068,9.492,-0.004,0,0,0
0.081440,2.55851,0.027,9.447,-0.007,0,0,0
0.081460,2.55914,0.187,9.385,0.036,0,0,0
0.081480,2.55977,0.104,9.219,-0.053,0,0,0
0.081500,2.56040,0.029,9.309,0.032,0,0,0
0.081520,2.56103,0.066,9.349,-0.029,0,0,0
0.081540,2.56165,0.102,9.296,-0.021,0,0,0
0.081560,2.56228,0.067,9.485,-0.022,0,540,0
0.081580,2.56291,0.073,9.713,0.079,0,540,0
0.081600,2.56354,0.174,9.907,-0.061,0,540,0
0.081620,2.56417,0.100,10.131,0.028,0,540,0
0.081640,2.56480,0.112,10.408,0.071,0,540,0
0.081660,2.56542,0.139,10.643,0.051,0,540,0
0.081680,2.56605,0.074,10.703,-0.007,0,540,0
0.081700,2.56668,0.094,10.798,-0.028,0,0,0
0.081720,2.56731,0.127,10.763,-0.006,0,0,0
0.081740,2.56794,0.114,10.723,-0.056,0,0,0
0.081760,2.56857,0.200,10.703,-0.042,0,0,0
0.081780,2.56919,0.173,10.617,-0.031,0,0,0
0.081800,2.56982,0.137,10.428,-0.071,0,0,0
0.081820,2.57045,0.039,10.611,-0.024,0,0,0
0.081840,2.57108,0.144,10.498,0.013,0,0,0
0.081860,2.57171,0.127,10.508,-0.027,0,0,0
0.081880,2.57234,0.164,10.386,0.031,0,0,0
0.081900,2.57296,0.083,10.424,0.032,0,0,0
0.081920,2.57359,0.060,10.316,0.004,0,0,0
0.081940,2.57422,0.094,10.314,0.016,0,0,0
0.081960,2.57485,0.160,10.328,0.019,0,0,0
0.081980,2.57548,0.133,10.236,0.038,0,0,0
0.082000,2.57611,0.087,10.251,0.050,0,0,0
0.082020,2.57673,0.055,10.277,-0.029,0,0,0
0.082040,2.57736,0.186,10.209,0.057,0,0,0
0.082060,2.57799,0.171,10.257,0.004,0,0,0
0.082080,2.57862,0.055,10.142,-0.080,0,0,0
0.082100,2.57925,0.155,10.044,0.138,0,0,0
0.082120,2.57988,0.177,10.163,-0.003,0,0,0
0.082140,2.58050,0.137,10.031,-0.065,0,0,0
0.082160,2.58113,0.017,10.124,0.058,0,0,0
0.082180,2.58176,0.210,10.009,0.072,0,0,0
0.082200,2.58239,0.149,10.045,0.013,0,0,0
0.082220,2.58302,0.158,9.955,-0.041,0,0,0
0.082240,2.58365,0.131,10.023,0.014,0,0,0
0.082260,2.58427,0.115,9.947,-0.010,0,0,0
0.082280,2.58490,0.121,9.902,0.023,0,0,0
0.082300,2.58553,0.146,9.852,-0.033,0,0,0
0.082320,2.58616,0.176,9.865,-0.054,0,0,0
0.082340,2.58679,0.130,9.864,-0.010,0,0,0
0.082360,2.58742,0.211,9.787,0.046,0,0,0
0.082380,2.58804,0.085,9.731,0.047,0,0,0
0.082400,2.58867,0.079,9.794,0.004,0,0,0
0.082420,2.58930,0.166,9.815,-0.025,0,0,0
0.082440,2.58993,0.127,9.672,-0.055,0,0,0
0.082460,2.59056,0.139,9.738,0.079,0,0,0
0.082480,2.59119,0.215,9.742,-0.033,0,0,0
0.082500,2.59181,0.107,9.579,-0.041,0,0,0
0.082520,2.59244,0.071,9.629,0.015,0,0,0
0.082540,2.59307,0.108,9.513,0.045,0,0,0
0.082560,2.59370,0.203,9.590,-0.033,0,0,0
0.082580,2.59433,0.240,9.496,0.087,0,0,0
0.082600,2.59496,0.181,9.464,-0.052,0,0,0
0.082620,2.59558,0.099,9.541,0.004,0,0,0
0.082640,2.59621,0.186,9.550,0.001,0,0,0
0.082660,2.59684,0.205,9.460,-0.038,0,0,0
0.082680,2.59747,0.173,9.471,0.006,0,0,0
0.082700,2.59810,0.070,9.489,-0.036,0,0,0
0.082720,2.59873,0.123,9.442,0.029,0,0,0
0.082740,2.59935,0.070,9.379,-0.029,0,0,0
0.082760,2.59998,0.030,9.398,0.045,0,0,0
0.082780,2.60061,0.125,9.387,-0.018,0,0,0
0.082800,2.60124,0.151,9.317,-0.048,0,0,0
0.082820,2.60187,0.089,9.285,-0.043,0,0,0
0.082840,2.60250,0.104,9.347,0.087,0,0,0
0.082860,2.60312,0.175,9.349,-0.019,0,0,0
0.082880,2.60375,0.093,9.327,0.028,0,0,0
0.082900,2.60438,0.131,9.328,0.075,0,0,0
0.082920,2.60501,0.241,9.321,0.037,0,540,0
0.082940,2.60564,0.057,9.421,-0.033,0,540,0
0.082960,2.60627,0.147,9.673,0.044,0,540,0
0.082980,2.60689,0.131,9.893,-0.099,0,540,0
0.083000,2.60752,0.092,10.134,0.032,0,540,0
0.083020,2.60815,0.143,10.298,0.024,0,540,0
0.083040,2.60878,0.163,10.544,-0.045,0,540,0
0.083060,2.60941,0.150,10.861,0.012,0,540,0
0.083080,2.61004,0.089,10.893,0.013,0,0,0
0.083100,2.61066,0.090,10.794,-0.000,0,0,0
0.083120,2.61129,0.143,10.858,-0.033,0,0,0
0.083140,2.61192,0.101,10.892,0.022,0,0,0
0.083160,2.61255,0.102,10.793,-0.034,0,0,0
0.083180,2.61318,0.173,10.808,0.017,0,0,0
0.083200,2.61381,0.166,10.706,0.003,0,0,0
0.083220,2.61443,0.103,10.729,-0.021,0,0,0
0.083240,2.61506,0.109,10.708,0.018,0,0,0
0.083260,2.61569,0.137,10.690,-0.008,0,0,0
0.083280,2.61632,0.142,10.694,0.083,0,0,0
0.083300,2.61695,0.064,10.676,0.033,0,0,0
0.083320,2.61757,0.070,10.598,-0.001,0,0,0
0.083340,2.61820,0.152,10.739,0.030,0,0,0
0.083360,2.61883,0.176,10.588,0.102,0,0,0
0.083380,2.61946,0.144,10.579,0.029,0,0,0
0.083400,2.62009,0.154,10.529,-0.018,0,0,0
0.083420,2.62072,0.184,10.555,0.010,0,0,0
0.083440,2.62134,0.085,10.605,0.052,0,0,0
0.083460,2.62197,0.099,10.466,-0.079,0,0,0
0.083480,2.62260,0.144,10.513,0.078,0,0,0
0.083500,2.62323,0.142,10.380,-0.044,0,0,0
0.083520,2.62386,0.203,10.401,-0.064,0,0,0
0.083540,2.62449,0.140,10.350,0.035,0,0,0
0.083560,2.62511,0.152,10.417,0.093,0,0,0
0.083580,2.62574,0.080,10.420,-0.025,0,0,0
0.083600,2.62637,0.138,10.394,-0.032,0,0,0
0.083620,2.62700,0.153,10.481,-0.034,0,0,0
0.083640,2.62763,0.163,10.369,0.018,0,0,0
0.083660,2.62826,0.127,10.369,-0.001,0,0,0
0.083680,2.62888,0.193,10.335,0.066,0,0,0
0.083700,2.62951,0.217,10.314,-0.032,0,0,0
0.083720,2.63014,0.172,10.280,0.001,0,0,0
0.083740,2.63077,0.109,10.271,-0.063,0,0,0
0.083760,2.63140,0.126,10.270,0.064,0,0,0
0.083780,2.63203,0.200,10.272,0.077,0,0,0
0.083800,2.63265,0.109,10.275,-0.048,0,0,0
0.083820,2.63328,0.143,10.239,-0.041,0,0,0
0.083840,2.63391,0.170,10.170,0.034,0,0,0
0.083860,2.63454,0.131,10.219,0.016,0,0,0
0.083880,2.63517,0.149,10.267,-0.049,0,0,0
0.083900,2.63580,0.200,10.243,-0.080,0,0,0
0.083920,2.63642,0.143,10.276,-0.070,0,0,0
0.083940,2.63705,0.160,10.092,-0.003,0,0,0
0.083960,2.63768,0.141,10.190,0.015,0,0,0
0.083980,2.63831,0.127,9.987,-0.004,0,0,0
0.084000,2.63894,0.178,10.139,-0.008,0,0,0
0.084020,2.63957,0.228,10.062,0.079,0,0,0
0.084040,2.64019,0.125,10.091,0.033,0,0,0
0.084060,2.64082,0.175,10.116,-0.011,0,0,0
0.084080,2.64145,0.180,10.070,0.105,0,0,0
0.084100,2.64208,0.091,10.079,-0.028,0,0,0
0.084120,2.64271,0.172,9.979,0.079,0,0,0
0.084140,2.64334,0.036,9.994,0.096,0,0,0
0.084160,2.64396,0.131,10.038,-0.076,0,0,0
0.084180,2.64459,0.124,10.055,-0.064,0,0,0
0.084200,2.64522,0.177,9.965,0.005,0,0,0
0.084220,2.64585,0.142,9.977,-0.030,0,0,0
0.084240,2.64648,0.177,9.870,-0.032,0,0,0
0.084260,2.64711,0.121,9.915,0.012,0,0,0
0.084280,2.64773,0.097,10.002,0.037,0,0,0
0.084300,2.64836,0.145,9.906,-0.032,0,0,0
0.084320,2.64899,0.130,9.830,-0.158,0,0,0
0.084340,2.64962,0.191,9.877,0.029,0,0,0
0.084360,2.65025,0.233,9.863,0.042,0,0,0
0.084380,2.65088,0.120,9.826,0.039,0,0,0
0.084400,2.65150,0.155,9.803,-0.044,0,0,0
0.084420,2.65213,0.191,9.815,0.013,0,0,0
0.084440,2.65276,0.178,9.849,0.078,0,0,0
0.084460,2.65339,0.119,9.767,0.037,0,0,0
0.084480,2.65402,0.089,9.761,0.017,0,0,0
0.084500,2.65465,0.139,9.854,0.004,0,0,0
0.084520,2.65527,0.095,9.854,-0.005,0,0,0
0.084540,2.65590,0.207,9.730,-0.060,0,0,0
0.084560,2.65653,0.112,9.838,0.001,0,0,0
0.084580,2.65716,0.221,9.786,0.015,0,0,0
0.084600,2.65779,0.160,9.698,0.038,0,0,0
0.084620,2.65842,0.128,9.746,0.049,0,0,0
0.084640,2.65904,0.162,9.747,0.043,0,0,0
0.084660,2.65967,0.077,9.804,-0.011,-540,0,0
0.084680,2.66030,0.067,9.752,0.044,0,0,0
0.084700,2.66093,0.169,9.735,0.062,0,0,0
0.084720,2.66156,0.119,9.738,0.042,0,0,0
0.084740,2.66219,0.177,9.751,0.949,0,0,540
0.084760,2.66281,0.053,9.624,1.803,0,0,540
0.084780,2.66344,0.051,9.654,2.693,0,0,540
0.084800,2.66407,0.049,9.571,3.585,0,0,540
0.084820,2.66470,0.112,9.714,4.444,0,0,540
0.084840,2.66533,0.090,9.671,5.463,0,0,540
0.084860,2.66596,0.152,9.583,6.281,0,0,540
0.084880,2.66658,0.049,9.575,7.113,0,0,540
0.084900,2.66721,-0.026,9.588,8.074,0,0,540
0.084920,2.66784,-0.007,9.550,8.892,0,0,540
0.084940,2.66847,0.093,9.573,9.848,0,0,540
0.084960,2.66910,0.047,9.557,10.715,0,0,540
0.084980,2.66973,0.086,9.482,11.203,0,0,0
0.085000,2.67035,0.042,9.505,11.137,0,0,0
0.085020,2.67098,0.102,9.547,11.201,0,0,0
0.085040,2.67161,0.065,9.497,11.078,0,0,0
0.085060,2.67224,0.151,9.453,11.104,0,0,0
0.085080,2.67287,0.100,9.524,11.147,0,0,0
0.085100,2.67350,0.132,9.542,11.106,0,0,0
0.085120,2.67412,0.031,9.512,11.054,0,0,0
0.085140,2.67475,0.188,9.583,11.088,0,0,0
0.085160,2.67538,0.091,9.531,11.068,0,0,0
0.085180,2.67601,0.008,9.436,11.035,0,0,0
0.085200,2.67664,0.105,9.489,11.081,0,0,0
0.085220,2.67727,0.162,9.507,11.029,0,0,0
0.085240,2.67789,0.121,9.448,10.944,0,0,0
0.085260,2.67852,0.094,9.490,10.965,0,0,0
0.085280,2.67915,0.090,9.388,10.956,0,0,0
0.085300,2.67978,0.120,9.420,10.935,0,0,0
0.085320,2.68041,0.100,9.442,11.017,0,0,0
0.085340,2.68104,0.057,9.429,10.966,0,0,0
0.085360,2.68166,0.080,9.467,10.928,0,0,0
0.085380,2.68229,0.115,9.392,10.923,0,0,0
0.085400,2.68292,0.068,9.380,10.940,0,0,0
0.085420,2.68355,0.114,9.412,10.963,0,0,0
0.085440,2.68418,0.041,9.326,10.954,0,0,0
0.085460,2.68481,0.144,9.279,10.895,0,0,0
0.085480,2.68543,0.084,9.321,10.896,0,0,0
0.085500,2.68606,0.037,9.363,10.840,0,0,0
0.085520,2.68669,0.039,9.406,10.853,0,0,0
0.085540,2.68732,0.011,9.341,10.802,0,0,0
0.085560,2.68795,0.137,9.345,10.844,0,0,0
0.085580,2.68857,0.167,9.316,10.873,0,0,0
0.085600,2.68920,0.027,9.371,10.847,0,0,0
0.085620,2.68983,0.163,9.321,10.816,0,0,0
0.085640,2.69046,0.040,9.259,10.688,0,0,0
0.085660,2.69109,0.113,9.310,10.832,0,0,0
0.085680,2.69172,0.133,9.280,10.839,0,0,0
0.085700,2.69234,0.168,9.331,10.796,0,0,0
0.085720,2.69297,0.120,9.276,10.698,0,0,0
0.085740,2.69360,0.108,9.303,10.767,0,0,0
0.085760,2.69423,0.061,9.312,10.783,0,0,0
0.085780,2.69486,0.033,9.243,10.700,0,0,0
0.085800,2.69549,0.113,9.380,10.696,0,0,0
0.085820,2.69611,0.024,9.227,10.671,0,0,0
0.085840,2.69674,0.082,9.465,10.694,0,540,0
0.085860,2.69737,0.174,9.648,10.631,0,540,0
0.085880,2.69800,0.152,9.861,10.767,0,540,0
0.085900,2.69863,0.065,10.101,10.675,0,540,0
0.085920,2.69926,0.122,10.210,10.703,0,540,0
0.085940,2.69988,0.012,10.479,10.583,0,540,0
0.085960,2.70051,0.046,10.702,10.501,0,540,0
0.085980,2.70114,0.099,11.001,10.584,0,540,0
0.086000,2.70177,0.202,10.873,10.528,0,0,0
0.086020,2.70240,0.019,10.919,10.570,0,0,0
0.086040,2.70303,0.142,10.841,10.525,0,0,0
0.086060,2.70365,0.118,10.838,10.480,0,0,0
0.086080,2.70428,0.126,10.888,10.456,0,0,0
0.086100,2.70491,0.080,10.837,10.572,0,0,0
0.086120,2.70554,0.108,10.768,10.599,0,0,0
0.086140,2.70617,0.043,10.760,10.398,0,0,0
0.086160,2.70680,0.122,10.743,10.457,0,0,0
0.086180,2.70742,0.073,10.822,10.477,0,0,0
0.086200,2.70805,0.188,10.812,10.429,0,0,0
0.086220,2.70868,0.078,10.858,10.532,0,0,0
0.086240,2.70931,0.091,10.790,10.358,0,0,0
0.086260,2.70994,0.063,10.790,10.491,0,0,0
0.086280,2.71057,0.116,10.892,10.414,0,0,0
0.086300,2.71119,0.065,10.746,10.448,0,0,0
0.086320,2.71182,0.099,10.704,10.296,0,0,0
0.086340,2.71245,0.122,10.774,10.338,0,0,0
0.086360,2.71308,0.104,10.685,10.323,0,0,0
0.086380,2.71371,0.156,10.756,10.345,0,0,0
0.086400,2.71434,0.154,10.754,10.273,0,0,0
0.086420,2.71496,0.127,10.697,10.279,0,0,0
0.086440,2.71559,0.123,10.696,10.351,0,0,0
0.086460,2.71622,0.045,10.689,10.325,0,0,0
0.086480,2.71685,0.053,10.753,10.363,0,0,0
0.086500,2.71748,0.152,10.764,10.272,0,0,0
0.086520,2.71811,0.129,10.715,10.163,0,0,0
0.086540,2.71873,0.028,10.665,10.088,0,0,0
0.086560,2.71936,0.064,10.697,10.212,0,0,0
0.086580,2.71999,0.139,10.700,10.158,0,0,0
0.086600,2.72062,0.083,10.741,10.248,0,0,0
0.086620,2.72125,0.035,10.746,10.215,0,0,0
0.086640,2.72188,0.132,10.654,10.150,0,0,0
0.086660,2.72250,0.127,10.768,10.205,0,0,0
0.086680,2.72313,0.160,10.635,10.139,0,0,0
0.086700,2.72376,0.131,10.621,10.173,0,0,0
0.086720,2.72439,0.193,10.712,10.192,0,0,0
0.086740,2.72502,0.137,10.629,9.997,0,0,0
0.086760,2.72565,0.110,10.575,10.083,0,0,0
0.086780,2.72627,0.034,10.666,10.091,0,0,0
0.086800,2.72690,0.067,10.705,10.022,0,0,0
0.086820,2.72753,0.096,10.684,10.123,0,0,0
0.086840,2.72816,0.107,10.629,10.090,0,0,0
0.086860,2.72879,0.141,10.542,10.082,0,0,0
0.086880,2.72942,0.057,10.739,10.005,0,0,0
0.086900,2.73004,0.237,10.642,10.002,0,0,0
0.086920,2.73067,0.059,10.579,10.039,0,0,0
0.086940,2.73130,0.062,10.721,9.977,0,0,0
0.086960,2.73193,0.039,10.614,9.974,0,0,0
0.086980,2.73256,0.114,10.579,9.992,0,0,0
0.087000,2.73319,0.215,10.617,9.882,0,0,0
0.087020,2.73381,0.057,10.559,10.002,0,0,0
0.087040,2.73444,0.223,10.690,9.824,0,0,0
0.087060,2.73507,0.114,10.623,9.902,0,0,0
0.087080,2.73570,0.202,10.502,9.859,0,0,0
0.087100,2.73633,0.068,10.596,9.815,0,0,0
0.087120,2.73696,0.158,10.551,9.897,0,0,0
0.087140,2.73758,0.088,10.570,9.765,0,0,0
0.087160,2.73821,0.094,10.580,9.790,0,0,0
0.087180,2.73884,0.184,10.525,9.905,0,0,0
0.087200,2.73947,0.173,10.514,9.774,0,0,0
0.087220,2.74010,0.104,10.549,9.777,0,0,0
0.087240,2.74073,0.186,10.565,9.807,0,0,0
0.087260,2.74135,0.070,10.555,9.809,0,0,0
0.087280,2.74198,0.102,10.450,9.700,0,0,0
0.087300,2.74261,0.206,10.578,9.754,0,0,0
0.087320,2.74324,0.112,10.571,9.700,0,0,0
0.087340,2.74387,0.128,10.542,9.700,0,0,0
0.087360,2.74450,0.190,10.524,9.715,0,0,0
0.087380,2.74512,0.081,10.420,9.586,0,0,0
0.087400,2.74575,0.063,10.446,9.556,0,0,0
0.087420,2.74638,0.148,10.501,9.610,0,0,0
0.087440,2.74701,0.041,10.557,9.634,0,0,0
0.087460,2.74764,0.106,10.458,9.489,0,0,0
0.087480,2.74827,0.119,10.441,9.645,0,0,0
0.087500,2.74889,0.166,10.316,9.513,0,-540,0
0.087520,2.74952,0.073,10.243,9.518,0,-540,0
0.087540,2.75015,0.124,9.993,9.563,0,-540,0
0.087560,2.75078,0.104,9.787,9.574,0,-540,0
0.087580,2.75141,0.143,9.543,9.545,0,-540,0
0.087600,2.75204,0.163,9.337,9.553,0,-540,0
0.087620,2.75266,0.204,9.209,9.496,0,-540,0
0.087640,2.75329,0.153,8.927,9.517,0,-540,0
0.087660,2.75392,0.133,8.649,9.406,0,-540,0
0.087680,2.75455,0.202,8.553,9.466,0,-540,0
0.087700,2.75518,0.163,8.390,9.443,0,-540,0
0.087720,2.75581,0.102,8.128,9.321,0,-540,0
0.087740,2.75643,0.141,8.048,9.331,0,-540,0
0.087760,2.75706,0.136,7.814,9.408,0,-540,0
0.087780,2.75769,0.035,7.650,9.320,0,-540,0
0.087800,2.75832,0.102,7.435,9.368,0,-540,0
0.087820,2.75895,0.176,7.354,9.377,0,-540,0
0.087840,2.75957,0.113,7.120,9.307,0,-540,0
0.087860,2.76020,0.141,7.032,9.222,0,-540,0
0.087880,2.76083,0.164,6.856,9.181,0,-540,0
0.087900,2.76146,0.125,6.625,9.290,0,-540,0
0.087920,2.76209,0.154,6.528,9.659,0,-540,540
0.087940,2.76272,0.220,6.222,10.494,0,-540,540
0.087960,2.76334,0.094,6.191,10.883,0,-540,0
0.087980,2.76397,0.199,5.982,10.953,0,-540,0
0.088000,2.76460,0.200,5.945,10.858,0,-540,0
0.088020,2.76523,0.022,5.744,10.855,0,-540,0
0.088040,2.76586,0.156,5.488,10.847,0,-540,0
0.088060,2.76649,0.116,5.416,10.912,0,-540,0
0.088080,2.76711,0.110,5.274,10.890,0,-540,0
0.088100,2.76774,0.082,5.124,10.831,0,-540,0
0.088120,2.76837,0.178,4.990,10.768,0,-540,0
0.088140,2.76900,0.232,4.828,10.784,0,-540,0
0.088160,2.76963,0.157,4.775,10.717,0,-540,0
0.088180,2.77026,0.125,4.664,10.808,0,-540,0
0.088200,2.77088,0.072,4.434,10.790,0,-540,0
0.088220,2.77151,0.074,4.463,10.782,0,-540,0
0.088240,2.77214,0.186,4.152,10.679,0,-540,0
0.088260,2.77277,0.183,4.051,10.691,0,-540,0
0.088280,2.77340,0.170,3.995,10.607,0,-540,0
0.088300,2.77403,0.209,3.813,10.664,0,-540,0
0.088320,2.77465,0.205,3.794,10.578,0,-540,0
0.088340,2.77528,0.131,3.626,10.573,0,-540,0
0.088360,2.77591,0.196,3.399,10.627,0,-540,0
0.088380,2.77654,0.117,3.248,10.560,0,-540,0
0.088400,2.77717,0.273,3.179,10.612,0,-540,0
0.088420,2.77780,0.130,3.066,10.502,0,-540,0
0.088440,2.77842,0.147,2.970,10.461,0,-540,0
0.088460,2.77905,0.163,2.822,10.486,0,-540,0
0.088480,2.77968,0.291,2.702,10.458,0,-540,0
0.088500,2.78031,0.176,2.599,10.314,0,-540,0
0.088520,2.78094,0.152,2.516,10.381,0,-540,0
0.088540,2.78157,0.166,2.371,10.372,0,-540,0
0.088560,2.78219,0.177,2.304,10.305,0,-540,0
0.088580,2.78282,0.274,2.106,10.346,0,-540,0
0.088600,2.78345,0.212,2.017,10.278,0,-540,0
0.088620,2.78408,0.147,1.967,10.241,0,-540,0
0.088640,2.78471,0.186,1.874,10.268,0,-540,0
0.088660,2.78534,0.175,1.730,10.225,0,-540,0
0.088680,2.78596,0.165,1.643,10.219,0,-540,0
0.088700,2.78659,0.232,1.464,10.204,0,-540,0
0.088720,2.78722,0.198,1.495,10.134,0,-540,0
0.088740,2.78785,0.107,1.391,10.125,0,-540,0
0.088760,2.78848,0.164,1.212,10.112,0,-540,0
0.088780,2.78911,0.171,1.146,10.071,0,-540,0
0.088800,2.78973,0.194,0.960,10.046,0,-540,0
0.088820,2.79036,0.171,0.848,10.077,0,-540,0
0.088840,2.79099,0.163,0.761,10.052,0,-540,0
0.088860,2.79162,0.290,0.751,10.049,0,-540,0
0.088880,2.79225,0.201,0.672,9.842,0,-540,0
0.088900,2.79288,0.149,0.527,9.961,0,-540,0
0.088920,2.79350,0.143,0.387,9.978,0,-540,0
0.088940,2.79413,0.092,0.307,9.910,0,-540,0
0.088960,2.79476,0.101,0.333,9.860,0,0,0
0.088980,2.79539,0.202,0.066,9.807,0,-540,0
0.089000,2.79602,0.091,0.169,9.963,0,0,0
0.089020,2.79665,0.223,0.204,9.809,0,0,0
0.089040,2.79727,0.332,0.247,9.700,0,0,0
0.089060,2.79790,0.213,0.225,9.844,0,0,0
0.089080,2.79853,0.228,0.244,9.734,0,0,0
0.089100,2.79916,0.212,0.262,9.702,0,0,0
0.089120,2.79979,0.260,0.202,9.721,0,0,0
0.089140,2.80042,0.196,0.162,9.647,0,0,0
0.089160,2.80104,0.158,0.213,9.635,0,0,0
0.089180,2.80167,0.204,0.300,9.671,0,0,0
0.089200,2.80230,0.262,0.264,9.603,0,0,0
0.089220,2.80293,0.180,0.142,9.608,0,0,0
0.089240,2.80356,0.149,0.324,9.543,0,0,0
0.089260,2.80419,0.083,0.228,9.547,0,0,0
0.089280,2.80481,0.238,0.155,9.555,0,0,0
0.089300,2.80544,0.175,0.196,9.460,0,0,0
0.089320,2.80607,0.192,0.129,9.492,0,0,0
0.089340,2.80670,0.182,0.117,9.397,0,0,0
0.089360,2.80733,0.085,0.223,9.334,-540,0,0
0.089380,2.80796,0.100,0.143,9.400,0,0,0
0.089400,2.80858,0.071,0.099,9.346,0,0,0
0.089420,2.80921,0.086,0.117,9.418,0,0,0
0.089440,2.80984,0.147,0.113,9.266,0,0,0
0.089460,2.81047,0.060,0.125,9.298,0,0,0
0.089480,2.81110,0.057,0.142,9.254,0,0,0
0.089500,2.81173,0.084,0.116,9.159,0,0,0
0.089520,2.81235,0.109,0.149,9.145,0,0,0
0.089540,2.81298,0.050,0.230,10.028,0,0,540
0.089560,2.81361,0.037,0.154,10.722,0,0,540
0.089580,2.81424,0.123,0.204,11.139,0,0,0
0.089600,2.81487,0.042,0.175,11.083,0,0,0
0.089620,2.81550,-0.020,0.167,11.044,0,0,0
0.089640,2.81612,0.039,0.121,11.060,0,0,0
0.089660,2.81675,0.039,0.199,11.004,0,0,0
0.089680,2.81738,0.071,0.126,11.027,0,0,0
0.089700,2.81801,0.145,0.163,10.880,0,0,0
0.089720,2.81864,0.143,0.289,10.969,0,0,0
0.089740,2.81927,0.109,0.143,10.909,0,0,0
0.089760,2.81989,0.050,0.134,10.846,0,0,0
0.089780,2.82052,0.083,0.250,10.798,0,0,0
0.089800,2.82115,0.145,0.155,10.756,0,0,0
0.089820,2.82178,0.067,0.089,10.742,0,0,0
0.089840,2.82241,0.106,0.210,10.699,0,0,0
0.089860,2.82304,0.167,0.118,10.574,0,0,0
0.089880,2.82366,0.086,0.164,10.696,0,0,0
0.089900,2.82429,0.117,0.186,10.505,0,0,0
0.089920,2.82492,0.144,0.175,10.647,0,0,0
0.089940,2.82555,0.093,0.216,10.548,0,0,0
0.089960,2.82618,0.022,0.224,10.399,0,0,0
0.089980,2.82681,0.061,0.198,10.422,0,0,0
0.090000,2.82743,0.145,0.107,10.456,0,0,0
0.090020,2.82806,0.057,0.172,10.491,0,0,0
0.090040,2.82869,0.092,0.123,10.348,0,0,0
0.090060,2.82932,0.036,0.127,10.297,0,0,0
0.090080,2.82995,0.094,0.216,10.352,0,0,0
0.090100,2.83057,0.011,0.191,10.152,0,0,0
0.090120,2.83120,0.070,0.142,10.258,0,0,0
0.090140,2.83183,0.057,0.145,10.300,0,0,0
0.090160,2.83246,0.032,0.221,10.097,0,0,0
0.090180,2.83309,0.015,0.176,10.064,0,0,0
0.090200,2.83372,0.060,0.152,10.122,0,0,0
0.090220,2.83434,0.094,0.198,10.001,0,0,0
0.090240,2.83497,0.006,0.168,9.952,0,0,0
0.090260,2.83560,0.078,0.129,9.884,0,0,0
0.090280,2.83623,0.036,0.131,9.896,0,0,0
0.090300,2.83686,0.137,0.145,9.936,0,0,0
0.090320,2.83749,0.051,0.258,9.900,0,0,0
0.090340,2.83811,0.058,0.189,9.848,0,0,0
0.090360,2.83874,0.050,0.166,9.705,0,0,0
0.090380,2.83937,0.104,0.108,9.739,0,0,0
0.090400,2.84000,0.108,0.234,9.740,0,0,0
0.090420,2.84063,0.107,0.079,9.706,0,0,0
0.090440,2.84126,0.139,0.201,9.684,0,0,0
0.090460,2.84188,0.082,0.219,9.646,0,0,0
0.090480,2.84251,0.172,0.143,9.491,0,0,0
0.090500,2.84314,0.098,0.189,9.463,0,0,0
0.090520,2.84377,0.112,0.197,9.511,0,0,0
0.090540,2.84440,0.054,0.152,9.457,0,0,0
0.090560,2.84503,0.187,0.167,9.459,0,0,0
0.090580,2.84565,0.116,0.202,9.461,0,0,0
0.090600,2.84628,0.092,0.040,9.436,0,0,0
0.090620,2.84691,0.154,0.091,9.197,0,0,0
0.090640,2.84754,0.024,0.021,9.230,0,0,0
0.090660,2.84817,0.131,0.027,9.253,0,0,0
0.090680,2.84880,0.128,0.155,9.909,0,0,540
0.090700,2.84942,0.204,0.099,10.663,0,0,540
0.090720,2.85005,0.138,0.194,10.991,0,0,0
0.090740,2.85068,0.153,0.130,10.960,0,0,0
0.090760,2.85131,0.136,0.160,10.885,0,0,0
0.090780,2.85194,0.077,0.108,10.790,0,0,0
0.090800,2.85257,0.097,0.217,10.854,0,0,0
0.090820,2.85319,0.132,0.156,10.744,0,0,0
0.090840,2.85382,0.068,0.161,10.780,0,0,0
0.090860,2.85445,0.100,0.161,10.649,0,0,0
0.090880,2.85508,0.056,0.029,10.432,0,0,0
0.090900,2.85571,0.128,0.087,10.544,0,0,0
0.090920,2.85634,0.162,0.198,10.547,0,0,0
0.090940,2.85696,0.142,0.132,10.468,0,0,0
0.090960,2.85759,0.078,0.125,10.394,0,0,0
0.090980,2.85822,0.080,0.132,10.379,0,0,0
0.091000,2.85885,0.093,0.202,10.362,0,0,0
0.091020,2.85948,0.115,0.170,10.176,0,0,0
0.091040,2.86011,0.116,0.179,10.208,0,0,0
0.091060,2.86073,0.194,0.152,10.290,0,0,0
0.091080,2.86136,0.134,0.167,10.157,0,0,0
0.091100,2.86199,0.169,0.207,10.101,0,0,0
0.091120,2.86262,0.143,0.074,10.025,0,0,0
0.091140,2.86325,0.117,0.106,9.952,0,0,0
0.091160,2.86388,0.035,0.180,9.987,0,0,0
0.091180,2.86450,0.078,0.151,9.892,0,0,0
0.091200,2.86513,0.187,0.158,9.909,0,0,0
0.091220,2.86576,0.079,0.078,9.827,0,0,0
0.091240,2.86639,0.100,0.052,9.864,0,0,0
0.091260,2.86702,0.055,0.143,9.688,0,0,0
0.091280,2.86765,0.058,0.161,9.685,0,0,0
0.091300,2.86827,0.080,0.196,9.583,0,0,0
0.091320,2.86890,0.093,0.110,9.587,0,0,0
0.091340,2.86953,0.158,0.141,9.526,0,0,0
0.091360,2.87016,0.166,0.181,9.562,0,0,0
0.091380,2.87079,0.125,-0.020,9.368,0,0,0
0.091400,2.87142,0.138,0.129,9.332,0,0,0
0.091420,2.87204,0.096,0.128,9.301,0,0,0
0.091440,2.87267,0.038,0.023,9.295,0,0,0
0.091460,2.87330,0.184,0.053,9.269,0,0,0
0.091480,2.87393,0.079,0.126,9.943,0,0,540
0.091500,2.87456,0.141,0.110,10.370,0,0,540
0.091520,2.87519,0.100,0.092,10.873,0,0,0
0.091540,2.87581,0.150,0.194,10.761,0,0,0
0.091560,2.87644,0.143,0.078,10.804,0,0,0
0.091580,2.87707,0.062,0.129,10.643,0,0,0
0.091600,2.87770,0.208,0.138,10.579,0,0,0
0.091620,2.87833,0.087,0.214,10.578,0,0,0
0.091640,2.87896,0.204,0.139,10.576,0,0,0
0.091660,2.87958,0.026,0.136,10.374,0,0,0
0.091680,2.88021,0.142,0.063,10.324,0,0,0
0.091700,2.88084,0.072,0.109,10.341,0,0,0
0.091720,2.88147,0.160,0.087,10.276,0,0,0
0.091740,2.88210,0.105,0.177,10.232,0,0,0
0.091760,2.88273,0.107,0.187,10.091,0,0,0
0.091780,2.88335,0.103,0.096,10.152,0,0,0
0.091800,2.88398,0.186,0.132,10.066,0,0,0
0.091820,2.88461,0.147,0.108,10.033,0,0,0
0.091840,2.88524,0.016,0.118,10.028,0,0,0
0.091860,2.88587,0.154,0.096,10.071,0,0,0
0.091880,2.88650,0.127,0.127,9.903,0,0,0
0.091900,2.88712,0.111,0.049,9.721,0,0,0
0.091920,2.88775,0.109,0.254,9.789,0,0,0
0.091940,2.88838,0.214,0.157,9.738,0,0,0
0.091960,2.88901,0.113,0.168,9.626,0,0,0
0.091980,2.88964,0.184,0.057,9.628,0,0,0
0.092000,2.89027,0.214,0.128,9.388,0,0,0
0.092020,2.89089,0.095,0.191,9.430,0,0,0
0.092040,2.89152,0.159,0.120,9.527,0,0,0
0.092060,2.89215,0.106,0.084,9.340,0,0,0
0.092080,2.89278,0.156,0.243,9.338,0,0,0
0.092100,2.89341,0.164,0.087,9.435,0,0,540
0.092120,2.89404,0.237,0.130,10.211,0,0,540
0.092140,2.89466,0.113,0.131,10.792,0,0,540
0.092160,2.89529,0.089,0.136,10.993,0,0,0
0.092180,2.89592,0.059,0.110,10.954,0,0,0
0.092200,2.89655,0.267,0.107,10.897,0,0,0
0.092220,2.89718,0.155,0.103,10.831,0,0,0
0.092240,2.89781,0.128,0.205,10.747,0,0,0
0.092260,2.89843,-0.047,0.059,10.659,0,0,0
0.092280,2.89906,0.181,0.104,10.618,0,0,0
0.092300,2.89969,0.206,0.109,10.568,0,0,0
0.092320,2.90032,0.071,0.129,10.496,0,0,0
0.092340,2.90095,0.185,0.009,10.392,0,0,0
0.092360,2.90157,0.135,0.115,10.346,0,0,0
0.092380,2.90220,0.267,0.100,10.336,0,0,0
0.092400,2.90283,0.176,0.137,10.303,0,0,0
0.092420,2.90346,0.198,0.119,10.172,0,0,0
0.092440,2.90409,0.158,0.137,10.156,0,0,0
0.092460,2.90472,0.160,0.147,10.077,0,0,0
0.092480,2.90534,0.224,0.105,10.067,0,0,0
0.092500,2.90597,0.183,0.190,9.942,0,0,0
0.092520,2.90660,0.161,0.057,9.921,0,0,0
0.092540,2.90723,0.069,0.129,9.778,0,0,0
0.092560,2.90786,0.172,0.116,9.755,0,0,0
0.092580,2.90849,0.149,0.102,9.680,0,0,0
0.092600,2.90911,0.163,0.208,9.589,0,0,0
0.092620,2.90974,0.259,0.123,9.550,0,0,0
0.092640,2.91037,0.153,0.011,9.669,0,0,0
0.092660,2.91100,0.124,0.120,9.542,0,0,0
0.092680,2.91163,0.181,0.126,9.453,0,0,0
0.092700,2.91226,0.087,0.044,9.371,0,0,0
0.092720,2.91288,0.222,0.171,9.339,0,0,0
0.092740,2.91351,0.152,0.085,9.195,0,0,0
0.092760,2.91414,0.168,0.133,9.733,0,0,540
0.092780,2.91477,0.153,0.126,10.282,0,0,540
0.092800,2.91540,0.194,0.117,10.741,0,0,540
0.092820,2.91603,0.076,0.145,11.041,0,0,0
0.092840,2.91665,0.181,0.128,10.993,0,0,0
0.092860,2.91728,0.079,0.072,10.885,0,0,0
0.092880,2.91791,0.169,0.138,10.754,0,0,0
0.092900,2.91854,0.154,0.171,10.760,0,0,0
0.092920,2.91917,0.114,0.221,10.627,0,0,0
0.092940,2.91980,0.153,0.018,10.561,0,0,0
0.092960,2.92042,0.003,0.167,10.474,0,0,0
0.092980,2.92105,0.049,0.123,10.448,0,0,0
0.093000,2.92168,-0.011,0.124,10.361,0,0,0
0.093020,2.92231,0.004,0.104,10.366,0,0,0
0.093040,2.92294,-0.037,0.137,10.299,0,0,0
0.093060,2.92357,-0.020,0.140,10.131,0,0,0
0.093080,2.92419,-0.150,0.143,10.130,0,0,0
0.093100,2.92482,0.008,0.135,10.092,0,0,0
0.093120,2.92545,-0.057,0.191,9.937,0,0,0
0.093140,2.92608,0.009,0.035,9.953,0,0,0
0.093160,2.92671,-0.005,0.268,9.916,0,0,0
0.093180,2.92734,-0.044,0.169,9.866,0,0,0
0.093200,2.92796,0.005,0.103,9.686,0,0,0
0.093220,2.92859,0.074,0.157,9.642,0,0,0
0.093240,2.92922,0.018,0.085,9.628,0,0,0
0.093260,2.92985,-0.129,0.118,9.561,0,0,0
0.093280,2.93048,0.025,0.142,9.522,0,0,0
0.093300,2.93111,0.010,0.168,9.465,0,0,0
0.093320,2.93173,-0.049,0.037,9.448,0,0,0
0.093340,2.93236,-0.016,0.233,9.301,0,0,0
0.093360,2.93299,-0.034,0.048,9.250,0,0,0
0.093380,2.93362,-0.045,0.108,9.222,0,0,0
0.093400,2.93425,-0.099,0.132,9.310,0,0,540
0.093420,2.93488,0.029,0.180,9.845,0,0,540
0.093440,2.93550,0.000,0.211,10.250,0,0,540
0.093460,2.93613,0.031,0.181,10.703,0,0,540
0.093480,2.93676,-0.047,0.133,10.954,0,0,0
0.093500,2.93739,0.009,0.159,10.881,0,0,0
0.093520,2.93802,0.012,0.160,10.716,0,0,0
0.093540,2.93865,0.045,0.172,10.728,0,0,0
0.093560,2.93927,-0.041,0.144,10.635,0,0,0
0.093580,2.93990,0.048,0.007,10.533,0,0,0
0.093600,2.94053,-0.045,0.107,10.497,0,0,0
0.093620,2.94116,-0.029,0.037,10.425,0,0,0
0.093640,2.94179,0.009,0.176,10.427,0,0,0
0.093660,2.94242,-0.051,0.215,10.256,0,0,0
0.093680,2.94304,0.015,0.112,10.194,0,0,0
0.093700,2.94367,0.007,0.073,10.110,0,0,0
0.093720,2.94430,0.014,0.152,10.074,0,0,0
0.093740,2.94493,0.018,0.109,10.013,0,0,0
0.093760,2.94556,-0.036,0.058,9.924,0,0,0
0.093780,2.94619,0.069,0.234,9.868,0,0,0
0.093800,2.94681,-0.052,0.093,9.786,0,0,0
0.093820,2.94744,-0.046,0.146,9.719,0,0,0
0.093840,2.94807,0.058,0.069,9.715,0,0,0
0.093860,2.94870,0.146,0.061,9.664,0,0,0
0.093880,2.94933,0.033,0.063,9.547,0,0,0
0.093900,2.94996,-0.053,0.182,9.578,0,0,0
0.093920,2.95058,-0.042,0.097,9.467,0,0,0
0.093940,2.95121,0.031,0.116,9.360,0,0,0
0.093960,2.95184,0.045,0.105,9.394,0,0,0
0.093980,2.95247,0.004,0.136,9.179,0,0,0
0.094000,2.95310,-0.044,0.075,9.630,0,0,540
0.094020,2.95373,0.028,0.154,10.026,0,0,540
0.094040,2.95435,0.107,0.015,10.419,0,0,540
0.094060,2.95498,-0.032,0.117,10.792,0,0,540
0.094080,2.95561,0.032,0.132,10.761,0,0,0
0.094100,2.95624,-0.051,0.102,10.627,0,0,0
0.094120,2.95687,-0.002,0.212,10.503,0,0,0
0.094140,2.95750,0.035,0.144,10.581,0,0,0
0.094160,2.95812,-0.026,0.107,10.341,0,0,0
0.094180,2.95875,0.005,0.077,10.349,0,0,0
0.094200,2.95938,-0.073,0.075,10.281,0,0,0
0.094220,2.96001,-0.054,0.136,10.303,0,0,0
0.094240,2.96064,-0.060,0.125,10.140,0,0,0
0.094260,2.96127,0.094,0.141,10.067,0,0,0
0.094280,2.96189,-0.048,0.153,10.059,0,0,0
0.094300,2.96252,-0.024,0.193,10.000,0,0,0
0.094320,2.96315,0.038,0.143,9.967,0,0,0
0.094340,2.96378,0.075,0.191,9.839,0,0,0
0.094360,2.96441,0.023,0.147,9.742,0,0,0
0.094380,2.96504,0.096,0.132,9.675,0,0,0
0.094400,2.96566,0.020,0.068,9.695,0,0,0
0.094420,2.96629,0.015,0.066,9.621,0,0,0
0.094440,2.96692,-0.004,0.184,9.586,0,0,0
0.094460,2.96755,-0.019,0.213,9.439,0,0,0
0.094480,2.96818,0.053,0.226,9.492,0,0,0
0.094500,2.96881,-0.051,0.144,9.320,0,0,0
0.094520,2.96943,0.080,0.183,9.262,0,0,0
0.094540,2.97006,0.005,0.216,9.201,0,0,0
0.094560,2.97069,-0.038,0.121,9.132,0,0,0
0.094580,2.97132,-0.016,0.184,9.233,0,0,540
0.094600,2.97195,0.050,0.146,9.593,0,0,540
0.094620,2.97257,-0.030,0.043,9.987,0,0,540
0.094640,2.97320,0.035,0.166,10.362,0,0,540
0.094660,2.97383,-0.027,0.070,10.743,0,0,540
0.094680,2.97446,0.009,0.189,10.814,0,0,0
0.094700,2.97509,-0.021,0.141,10.880,0,0,0
0.094720,2.97572,-0.096,0.196,10.668,0,0,0
0.094740,2.97634,0.003,0.145,10.651,0,0,0
0.094760,2.97697,0.079,0.088,10.560,0,0,0
0.094780,2.97760,-0.161,0.162,10.528,0,0,0
0.094800,2.97823,0.036,0.157,10.494,0,0,0
0.094820,2.97886,-0.051,0.179,10.353,0,0,0
0.094840,2.97949,-0.045,0.119,10.280,0,0,0
0.094860,2.98011,-0.016,0.209,10.222,0,0,0
0.094880,2.98074,0.051,0.082,10.128,0,0,0
0.094900,2.98137,0.015,0.212,10.089,0,0,0
0.094920,2.98200,0.025,0.150,10.100,0,0,0
0.094940,2.98263,-0.041,0.084,9.931,0,0,0
0.094960,2.98326,0.000,0.046,9.942,0,0,0
0.094980,2.98388,-0.081,0.128,9.805,0,0,0
0.095000,2.98451,0.101,0.133,9.779,0,0,0
0.095020,2.98514,0.036,0.125,9.691,0,0,0
0.095040,2.98577,0.013,0.146,9.687,0,0,0
0.095060,2.98640,-0.077,0.140,9.651,0,0,0
0.095080,2.98703,-0.015,0.147,9.492,0,0,0
0.095100,2.98765,-0.013,0.191,9.428,0,0,0
0.095120,2.98828,-0.005,0.138,9.369,0,0,0
0.095140,2.98891,0.018,0.221,9.339,0,0,0
0.095160,2.98954,0.033,0.094,9.346,0,0,0
0.095180,2.99017,0.020,0.076,9.080,0,0,0
0.095200,2.99080,-0.056,0.165,9.185,0,0,0
0.095220,2.99142,-0.032,0.172,9.505,0,0,540
0.095240,2.99205,-0.046,0.075,9.739,0,0,540
0.095260,2.99268,-0.001,0.052,10.094,0,0,540
0.095280,2.99331,0.066,0.166,10.363,0,0,540
0.095300,2.99394,-0.062,0.042,10.621,0,0,540
0.095320,2.99457,0.073,0.138,10.861,0,0,0
0.095340,2.99519,0.015,0.187,10.792,0,0,0
0.095360,2.99582,-0.007,0.163,10.677,0,0,0
0.095380,2.99645,0.032,0.128,10.713,0,0,0
0.095400,2.99708,0.041,0.176,10.466,0,0,0
0.095420,2.99771,0.107,0.107,10.577,0,0,0
0.095440,2.99834,-0.029,0.099,10.435,0,0,0
0.095460,2.99896,0.005,0.088,10.337,0,0,0
0.095480,2.99959,0.017,0.155,10.265,0,0,0
0.095500,3.00022,-0.004,0.147,10.257,0,0,0
0.095520,3.00085,-0.111,0.157,10.176,0,0,0
0.095540,3.00148,-0.045,0.099,10.142,0,0,0
0.095560,3.00211,-0.050,0.112,10.050,0,0,0
0.095580,3.00273,-0.048,0.156,10.036,0,0,0
0.095600,3.00336,0.021,0.118,9.877,0,0,0
0.095620,3.00399,0.058,0.105,9.865,0,0,0
0.095640,3.00462,-0.012,0.130,9.829,0,0,0
0.095660,3.00525,0.018,0.181,9.747,0,0,0
0.095680,3.00588,0.023,0.110,9.753,0,0,0
0.095700,3.00650,-0.002,0.116,9.769,0,0,0
0.095720,3.00713,-0.062,0.202,9.502,0,0,0
0.095740,3.00776,0.033,0.052,9.605,0,0,0
0.095760,3.00839,0.113,0.126,9.493,0,0,0
0.095780,3.00902,0.014,0.065,9.455,0,0,0
0.095800,3.00965,0.092,0.076,9.395,0,0,0
0.095820,3.01027,0.009,0.036,9.346,0,0,0
0.095840,3.01090,-0.028,0.100,9.290,0,0,0
0.095860,3.01153,0.030,0.184,9.167,0,0,0
0.095880,3.01216,0.009,0.136,9.101,0,0,0
0.095900,3.01279,0.103,0.113,9.432,0,0,540
0.095920,3.01342,0.011,0.184,9.662,0,0,540
0.095940,3.01404,0.041,0.178,9.950,0,0,540
0.095960,3.01467,-0.027,0.149,10.231,0,0,540
0.095980,3.01530,0.054,0.122,10.467,0,0,540
0.096000,3.01593,-0.032,0.102,10.813,0,0,540
0.096020,3.01656,-0.062,0.133,10.750,0,0,0
0.096040,3.01719,-0.062,0.120,10.721,0,0,0
0.096060,3.01781,0.042,0.074,10.659,0,0,0
0.096080,3.01844,0.005,0.072,10.513,0,0,0
0.096100,3.01907,0.023,0.167,10.479,0,0,0
0.096120,3.01970,-0.015,0.168,10.431,0,0,0
0.096140,3.02033,-0.024,0.179,10.439,0,0,0
0.096160,3.02096,0.001,0.101,10.385,0,0,0
0.096180,3.02158,0.044,0.101,10.337,0,0,0
0.096200,3.02221,-0.016,0.111,10.247,0,0,0
0.096220,3.02284,-0.012,0.097,10.134,0,0,0
0.096240,3.02347,0.093,0.118,10.170,0,0,0
0.096260,3.02410,0.019,0.088,10.004,0,0,0
0.096280,3.02473,0.063,0.076,9.999,0,0,0
0.096300,3.02535,0.014,0.130,10.037,0,0,0
0.096320,3.02598,-0.020,0.190,9.991,0,0,0
0.096340,3.02661,0.007,0.164,9.885,0,0,0
0.096360,3.02724,-0.026,0.249,9.900,0,0,0
0.096380,3.02787,-0.076,0.036,9.757,0,0,0
0.096400,3.02850,0.022,0.170,9.666,0,0,0
0.096420,3.02912,0.029,0.171,9.676,0,0,0
0.096440,3.02975,0.094,0.109,9.603,0,0,0
0.096460,3.03038,0.025,0.123,9.529,0,0,0
0.096480,3.03101,-0.038,0.058,9.431,0,0,0
0.096500,3.03164,-0.025,0.124,9.537,0,0,0
0.096520,3.03227,-0.025,0.188,9.395,0,0,0
0.096540,3.03289,-0.008,0.009,9.338,0,0,0
0.096560,3.03352,0.014,0.141,9.291,0,0,0
0.096580,3.03415,0.000,0.152,9.447,0,0,540
0.096600,3.03478,0.038,0.137,9.711,0,0,540
0.096620,3.03541,-0.053,0.103,9.914,0,0,540
0.096640,3.03604,0.102,0.190,10.167,0,0,540
0.096660,3.03666,0.077,0.011,10.387,0,0,540
0.096680,3.03729,0.014,0.117,10.654,0,0,540
0.096700,3.03792,0.019,0.134,10.804,0,0,0
0.096720,3.03855,-0.084,0.105,10.570,0,0,0
0.096740,3.03918,-0.089,0.131,10.664,0,0,0
0.096760,3.03981,0.006,0.119,10.585,0,0,0
0.096780,3.04043,-0.038,0.089,10.525,0,0,0
0.096800,3.04106,-0.037,0.123,10.486,0,0,0
0.096820,3.04169,0.020,0.074,10.478,0,0,0
0.096840,3.04232,-0.021,0.118,10.303,0,0,0
0.096860,3.04295,-0.035,0.141,10.369,0,0,0
0.096880,3.04357,-0.025,0.053,10.349,0,0,0
0.096900,3.04420,0.025,0.050,10.227,0,0,0
0.096920,3.04483,-0.032,0.124,10.239,0,0,0
0.096940,3.04546,-0.012,0.153,10.128,0,0,0
0.096960,3.04609,0.084,0.168,10.094,0,0,0
0.096980,3.04672,-0.024,0.117,10.054,0,0,0
0.097000,3.04734,0.032,0.015,10.055,0,0,0
0.097020,3.04797,-0.032,0.109,9.853,0,0,0
0.097040,3.04860,0.012,0.156,9.870,0,0,0
0.097060,3.04923,0.064,0.031,10.007,0,0,0
0.097080,3.04986,-0.015,0.094,9.838,0,0,0
0.097100,3.05049,-0.021,0.141,9.838,0,0,0
0.097120,3.05111,0.045,0.034,9.757,0,0,0
0.097140,3.05174,0.025,0.160,9.693,0,0,0
0.097160,3.05237,-0.032,0.176,9.673,0,0,0
0.097180,3.05300,0.046,0.102,9.615,0,0,0
0.097200,3.05363,0.010,0.098,9.464,0,0,0
0.097220,3.05426,0.017,0.108,9.534,0,0,0
0.097240,3.05488,-0.079,0.145,9.505,0,0,0
0.097260,3.05551,0.062,0.121,9.496,0,0,0
0.097280,3.05614,0.020,0.111,9.406,0,0,0
0.097300,3.05677,-0.001,0.066,9.323,0,0,0
0.097320,3.05740,-0.102,0.173,9.313,0,0,0
0.097340,3.05803,0.061,0.114,9.350,0,0,0
0.097360,3.05865,0.007,0.153,9.260,0,0,0
0.097380,3.05928,0.003,0.138,9.231,0,0,0
0.097400,3.05991,0.089,-0.012,9.288,0,0,540
0.097420,3.06054,0.025,0.051,9.597,0,0,540
0.097440,3.06117,0.027,0.134,9.698,0,0,540
0.097460,3.06180,-0.051,0.185,9.978,0,0,540
0.097480,3.06242,0.085,0.149,10.215,0,0,540
0.097500,3.06305,-0.036,0.085,10.398,0,0,540
0.097520,3.06368,-0.043,0.086,10.643,0,0,540
0.097540,3.06431,-0.116,0.113,10.954,0,0,540
0.097560,3.06494,-0.050,0.124,10.860,0,0,0
0.097580,3.06557,0.020,0.143,10.762,0,0,0
0.097600,3.06619,-0.002,0.140,10.724,0,0,0
0.097620,3.06682,0.007,0.071,10.827,0,0,0
0.097640,3.06745,-0.058,0.164,10.746,0,0,0
0.097660,3.06808,-0.033,0.108,10.669,0,0,0
0.097680,3.06871,0.027,0.089,10.673,0,0,0
0.097700,3.06934,0.020,0.077,10.565,0,0,0
0.097720,3.06996,0.032,0.010,10.573,0,0,0
0.097740,3.07059,-0.019,0.137,10.621,0,0,0
0.097760,3.07122,0.050,0.171,10.447,0,0,0
0.097780,3.07185,0.045,0.133,10.400,0,0,0
0.097800,3.07248,0.024,0.152,10.335,0,0,0
0.097820,3.07311,-0.009,0.198,10.303,0,0,0
0.097840,3.07373,-0.037,0.022,10.363,0,0,0
0.097860,3.07436,-0.055,0.156,10.272,0,0,0
0.097880,3.07499,0.016,0.052,10.342,0,0,0
0.097900,3.07562,-0.023,0.134,10.167,0,0,0
0.097920,3.07625,-0.069,0.197,10.168,0,0,0
0.097940,3.07688,0.014,0.145,10.106,0,0,0
0.097960,3.07750,-0.023,0.160,10.156,0,0,0
0.097980,3.07813,-0.059,0.157,10.095,0,0,0
0.098000,3.07876,0.062,0.108,10.055,0,0,0
0.098020,3.07939,0.014,0.157,10.041,0,0,0
0.098040,3.08002,0.059,0.117,9.943,0,0,0
0.098060,3.08065,0.038,0.162,9.987,0,0,0
0.098080,3.08127,0.084,0.089,9.841,0,0,0
0.098100,3.08190,0.010,0.146,9.904,0,0,0
0.098120,3.08253,0.008,0.127,9.901,0,0,0
0.098140,3.08316,-0.011,0.157,9.761,0,0,0
0.098160,3.08379,0.003,0.145,9.808,0,0,0
0.098180,3.08442,-0.062,0.097,9.760,0,0,0
0.098200,3.08504,0.108,0.135,9.648,0,0,0
0.098220,3.08567,0.000,0.108,9.598,0,0,0
0.098240,3.08630,-0.065,0.148,9.654,0,0,0
0.098260,3.08693,0.001,0.102,9.680,0,0,0
0.098280,3.08756,0.046,0.069,9.652,0,0,0
0.098300,3.08819,-0.027,0.099,9.597,0,0,0
0.098320,3.08881,0.057,0.160,9.542,0,0,0
0.098340,3.08944,0.021,0.078,9.523,0,0,0
0.098360,3.09007,-0.051,0.095,9.472,0,0,0
0.098380,3.09070,0.038,0.183,9.519,0,0,0
0.098400,3.09133,-0.035,0.165,9.442,0,0,0
0.098420,3.09196,-0.004,0.086,9.378,0,0,0
0.098440,3.09258,0.021,0.099,9.392,0,0,0
0.098460,3.09321,-0.077,0.129,9.293,0,0,0
0.098480,3.09384,-0.005,0.124,9.243,0,0,0
0.098500,3.09447,-0.069,0.161,9.313,0,0,0
0.098520,3.09510,-0.024,0.291,9.182,0,0,0
0.098540,3.09573,-0.098,0.188,9.417,0,0,540
0.098560,3.09635,-0.028,0.191,9.540,0,0,540
0.098580,3.09698,0.044,0.155,9.822,0,0,540
0.098600,3.09761,-0.001,0.168,10.039,0,0,540
0.098620,3.09824,0.047,-0.017,10.218,0,0,540
0.098640,3.09887,-0.021,0.172,10.437,0,0,540
0.098660,3.09950,0.072,0.170,10.638,0,0,540
0.098680,3.10012,-0.014,0.116,10.760,0,0,540
0.098700,3.10075,-0.019,0.043,10.857,0,0,0
0.098720,3.10138,-0.065,0.105,10.809,0,0,0
0.098740,3.10201,-0.051,0.100,10.698,0,0,0
0.098760,3.10264,0.015,0.099,10.644,0,0,0
0.098780,3.10327,-0.019,0.149,10.621,0,0,0
0.098800,3.10389,0.003,0.129,10.677,0,0,0
0.098820,3.10452,-0.003,0.273,10.536,0,0,0
0.098840,3.10515,0.040,0.053,10.569,0,0,0
0.098860,3.10578,0.034,0.057,10.532,0,0,0
0.098880,3.10641,0.020,0.133,10.620,0,0,0
0.098900,3.10704,-0.023,0.224,10.530,0,0,0
0.098920,3.10766,0.047,0.118,10.456,0,0,0
0.098940,3.10829,-0.057,0.149,10.476,0,0,0
0.098960,3.10892,-0.010,0.065,10.500,0,0,0
0.098980,3.10955,-0.042,0.082,10.359,0,0,0
0.099000,3.11018,-0.001,0.088,10.372,0,0,0
0.099020,3.11081,0.048,0.191,10.364,0,0,0
0.099040,3.11143,0.102,0.028,10.326,0,0,0
0.099060,3.11206,-0.062,0.141,10.278,0,0,0
0.099080,3.11269,0.073,0.205,10.291,0,0,0
0.099100,3.11332,-0.022,0.172,10.261,0,0,0
0.099120,3.11395,0.005,0.179,10.264,0,0,0
0.099140,3.11457,0.043,0.135,10.227,0,0,0
0.099160,3.11520,0.023,0.194,10.185,0,0,0
0.099180,3.11583,-0.015,0.169,10.117,0,0,0
0.099200,3.11646,-0.062,0.134,10.087,0,0,0
0.099220,3.11709,-0.008,0.120,10.080,0,0,0
0.099240,3.11772,-0.001,0.150,10.081,0,0,0
0.099260,3.11834,-0.124,0.182,10.075,0,0,0
0.099280,3.11897,0.073,0.158,10.058,0,0,0
0.099300,3.11960,0.043,0.166,10.027,0,0,0
0.099320,3.12023,-0.104,0.152,10.076,0,0,0
0.099340,3.12086,0.027,0.131,10.033,0,0,0
0.099360,3.12149,0.056,0.116,10.059,0,0,0
0.099380,3.12211,0.054,0.130,9.948,0,0,0
0.099400,3.12274,0.066,0.122,9.957,0,0,0
0.099420,3.12337,0.024,0.149,9.897,0,0,0
0.099440,3.12400,0.019,0.206,9.814,0,0,0
0.099460,3.12463,0.027,0.194,9.796,0,0,0
0.099480,3.12526,0.078,0.197,9.838,0,0,0
0.099500,3.12588,0.027,0.077,9.827,0,0,0
0.099520,3.12651,0.001,0.128,9.750,0,0,0
0.099540,3.12714,0.033,0.112,9.818,0,0,0
0.099560,3.12777,0.038,0.265,9.750,0,0,0
0.099580,3.12840,0.017,0.037,9.711,0,0,0
0.099600,3.12903,0.052,0.148,9.694,0,0,0
0.099620,3.12965,-0.048,0.086,9.716,0,0,0
0.099640,3.13028,0.047,0.037,9.582,0,0,0
0.099660,3.13091,0.026,0.175,9.638,0,0,0
0.099680,3.13154,0.014,0.089,9.681,0,0,0
0.099700,3.13217,0.038,0.235,9.667,0,0,0
0.099720,3.13280,-0.020,0.075,9.622,0,0,0
0.099740,3.13342,-0.107,0.081,9.544,0,0,0
0.099760,3.13405,-0.036,0.186,9.538,0,0,0
0.099780,3.13468,-0.012,0.116,9.590,0,0,0
0.099800,3.13531,0.027,0.141,9.520,0,0,0
0.099820,3.13594,-0.029,0.128,9.601,0,0,0
0.099840,3.13657,0.034,0.146,9.451,0,0,0
0.099860,3.13719,0.020,0.040,9.471,0,0,0
0.099880,3.13782,-0.032,0.165,9.503,0,0,0
0.099900,3.13845,0.041,0.165,9.374,0,0,0
0.099920,3.13908,-0.130,0.110,9.474,0,0,0
0.099940,3.13971,-0.033,0.124,9.446,0,0,0
0.099960,3.14034,-0.085,0.052,9.363,0,0,0
0.099980,3.14096,-0.072,0.102,9.355,0,0,0
0.100000,3.14159,0.086,0.130,9.397,0,0,0
0.100020,3.14222,0.067,0.202,9.358,0,0,0
0.100040,3.14285,-0.129,0.102,9.368,0,0,0
0.100060,3.14348,0.022,0.171,9.295,0,0,0
0.100080,3.14411,0.062,0.096,9.289,0,0,0
0.100100,3.14473,-0.041,0.163,9.289,0,0,0
0.100120,3.14536,0.031,0.123,9.266,0,0,0
0.100140,3.14599,-0.110,0.167,9.261,0,0,0
0.100160,3.14662,-0.002,0.091,9.238,0,0,0
0.100180,3.14725,-0.059,0.162,9.284,0,0,540
0.100200,3.14788,0.029,0.091,9.516,0,0,540
0.100220,3.14850,-0.016,0.165,9.660,0,0,540
0.100240,3.14913,0.048,0.176,9.895,0,0,540
0.100260,3.14976,0.125,0.198,10.093,0,0,540
0.100280,3.15039,0.026,0.222,10.296,0,0,540
0.100300,3.15102,0.000,0.137,10.624,0,0,540
0.100320,3.15165,-0.002,0.191,10.747,0,0,540
0.100340,3.15227,0.006,0.203,10.966,0,0,0
0.100360,3.15290,0.010,0.079,10.903,0,0,0
0.100380,3.15353,-0.009,0.181,10.914,0,0,0
0.100400,3.15416,-0.015,0.100,10.879,0,0,0
0.100420,3.15479,-0.057,0.170,10.725,0,0,0
0.100440,3.15542,-0.030,0.165,10.785,0,0,0
0.100460,3.15604,-0.047,0.258,10.659,0,0,0
0.100480,3.15667,-0.046,0.205,10.797,0,0,0
0.100500,3.15730,-0.043,0.117,10.754,0,0,0
0.100520,3.15793,0.071,0.096,10.690,0,0,0
0.100540,3.15856,-0.007,0.120,10.768,0,0,0
0.100560,3.15919,0.024,0.060,10.650,0,0,0
0.100580,3.15981,-0.066,0.129,10.749,0,0,0
0.100600,3.16044,-0.001,0.149,10.611,0,0,0
0.100620,3.16107,0.015,0.207,10.642,0,0,0
0.100640,3.16170,-0.017,0.010,10.616,0,0,0
0.100660,3.16233,0.008,0.025,10.541,0,0,0
0.100680,3.16296,0.002,0.184,10.594,0,0,0
0.100700,3.16358,0.012,0.130,10.623,0,0,0
0.100720,3.16421,0.040,0.136,10.610,0,0,0
0.100740,3.16484,-0.008,0.081,10.500,0,0,0
0.100760,3.16547,0.007,0.192,10.542,0,0,0
0.100780,3.16610,-0.034,0.232,10.545,0,0,0
0.100800,3.16673,0.057,0.061,10.510,0,0,0
0.100820,3.16735,-0.005,0.192,10.407,0,0,0
0.100840,3.16798,0.039,0.047,10.463,0,0,0
0.100860,3.16861,0.056,0.123,10.388,0,0,0
0.100880,3.16924,-0.008,0.032,10.413,0,0,0
0.100900,3.16987,-0.000,0.105,10.415,0,0,0
0.100920,3.17050,0.067,0.209,10.454,0,0,0
0.100940,3.17112,0.005,0.131,10.467,0,0,0
0.100960,3.17175,-0.016,0.003,10.459,0,0,0
0.100980,3.17238,0.007,0.105,10.451,0,0,0
0.101000,3.17301,-0.053,0.186,10.336,0,0,0
0.101020,3.17364,0.009,0.163,10.373,0,0,0
0.101040,3.17427,0.030,0.176,10.257,0,0,0
0.101060,3.17489,-0.033,0.084,10.353,0,0,0
0.101080,3.17552,-0.035,0.174,10.415,0,0,0
0.101100,3.17615,-0.096,0.117,10.391,0,0,0
0.101120,3.17678,0.148,0.149,10.371,0,0,0
0.101140,3.17741,-0.031,0.256,10.294,0,0,0
0.101160,3.17804,-0.081,0.159,10.224,0,0,0
0.101180,3.17866,0.060,0.067,10.247,0,0,0
0.101200,3.17929,-0.065,0.168,10.287,0,0,0
0.101220,3.17992,0.056,0.261,10.193,0,0,0
0.101240,3.18055,0.021,0.164,10.259,0,0,0
0.101260,3.18118,-0.023,0.136,10.194,0,0,0
0.101280,3.18181,-0.097,0.153,10.241,0,0,0
0.101300,3.18243,0.067,0.084,10.222,0,0,0
0.101320,3.18306,0.067,0.186,10.199,0,0,0
0.101340,3.18369,0.052,0.111,10.216,0,0,0
0.101360,3.18432,0.005,0.138,10.089,0,0,0
0.101380,3.18495,-0.023,0.194,10.201,0,0,0
0.101400,3.18557,0.788,0.175,10.276,540,0,0
0.101420,3.18620,1.800,0.210,10.094,540,0,0
0.101440,3.18683,2.651,0.123,10.162,540,0,0
0.101460,3.18746,3.540,0.221,10.090,540,0,0
0.101480,3.18809,4.399,0.102,10.097,540,0,0
0.101500,3.18872,5.319,0.108,10.064,540,0,0
0.101520,3.18934,6.237,0.171,10.101,540,0,0
0.101540,3.18997,7.120,0.237,10.121,540,0,0
0.101560,3.19060,8.093,0.196,10.078,540,0,0
0.101580,3.19123,8.926,0.064,9.980,540,0,0
0.101600,3.19186,9.927,0.160,10.024,540,0,0
0.101620,3.19249,10.711,0.181,9.995,540,0,0
0.101640,3.19311,11.148,0.110,10.070,0,0,0
0.101660,3.19374,11.088,0.163,10.055,0,0,0
0.101680,3.19437,11.014,0.243,10.064,0,0,0
0.101700,3.19500,11.195,0.127,9.930,0,0,0
0.101720,3.19563,11.024,0.262,10.006,0,0,0
0.101740,3.19626,11.126,0.128,9.974,0,0,0
0.101760,3.19688,11.071,0.125,9.978,0,0,0
0.101780,3.19751,11.094,0.190,9.957,0,0,0
0.101800,3.19814,11.143,0.183,9.883,0,0,0
0.101820,3.19877,11.063,0.158,9.954,0,0,0
0.101840,3.19940,11.040,0.226,9.967,0,0,0
0.101860,3.20003,11.058,0.152,9.895,0,0,0
0.101880,3.20065,11.082,0.126,9.869,0,0,0
0.101900,3.20128,11.000,0.157,9.901,0,0,0
0.101920,3.20191,11.029,0.205,9.940,0,0,0
0.101940,3.20254,11.015,0.213,10.012,0,0,0
0.101960,3.20317,10.970,0.177,9.921,0,0,0
0.101980,3.20380,10.914,0.183,9.908,0,0,0
0.102000,3.20442,11.076,0.263,9.982,0,0,0
0.102020,3.20505,10.929,0.168,9.831,0,0,0
0.102040,3.20568,10.938,0.180,9.891,0,0,0
0.102060,3.20631,10.915,0.266,9.772,0,0,0
0.102080,3.20694,10.844,0.162,9.879,0,0,0
0.102100,3.20757,10.872,0.161,9.805,0,0,0
0.102120,3.20819,10.909,0.135,9.783,0,0,0
0.102140,3.20882,10.762,0.168,9.680,0,0,0
0.102160,3.20945,10.808,0.275,9.810,0,0,0
0.102180,3.21008,10.797,0.152,9.813,0,0,0
0.102200,3.21071,10.789,0.125,9.793,0,0,0
0.102220,3.21134,10.794,0.165,9.793,0,0,0
0.102240,3.21196,10.798,0.112,9.797,0,0,0
0.102260,3.21259,10.866,0.125,9.854,0,0,0
0.102280,3.21322,10.830,0.170,9.770,0,0,0
0.102300,3.21385,10.768,0.093,9.810,0,0,0
0.102320,3.21448,10.703,0.161,9.763,0,0,0
0.102340,3.21511,10.769,0.218,9.669,0,0,0
0.102360,3.21573,10.697,0.179,9.681,0,0,0
0.102380,3.21636,10.709,0.156,9.769,0,0,0
0.102400,3.21699,10.716,0.093,9.719,0,0,0
0.102420,3.21762,10.654,0.112,9.733,0,0,0
0.102440,3.21825,10.721,0.192,9.732,0,0,0
0.102460,3.21888,10.795,0.166,9.673,0,0,0
0.102480,3.21950,10.675,0.093,9.678,0,0,0
0.102500,3.22013,10.645,0.118,9.779,0,0,0
0.102520,3.22076,10.698,0.179,9.708,0,0,0
0.102540,3.22139,10.610,0.112,9.710,0,0,0
0.102560,3.22202,10.570,0.259,9.674,0,0,0
0.102580,3.22265,10.640,0.135,9.743,0,0,0
0.102600,3.22327,10.638,0.181,9.638,0,0,0
0.102620,3.22390,10.623,0.186,9.679,0,0,0
0.102640,3.22453,10.674,0.206,9.675,0,0,0
0.102660,3.22516,10.497,0.091,9.682,0,0,0
0.102680,3.22579,10.562,0.149,9.625,0,0,0
0.102700,3.22642,10.566,0.213,9.655,0,0,0
0.102720,3.22704,10.490,0.173,9.618,0,0,0
0.102740,3.22767,10.564,0.178,9.579,0,0,0
0.102760,3.22830,10.541,0.147,9.666,0,0,0
0.102780,3.22893,10.481,0.101,9.689,0,0,0
0.102800,3.22956,10.553,0.101,9.700,0,0,0
0.102820,3.23019,10.503,0.099,9.623,0,0,0
0.102840,3.23081,10.461,0.167,9.660,0,0,0
0.102860,3.23144,10.449,0.150,9.743,0,0,0
0.102880,3.23207,10.505,0.187,9.610,0,0,0
0.102900,3.23270,10.435,0.194,9.543,0,0,0
0.102920,3.23333,10.396,0.173,9.612,0,0,0
0.102940,3.23396,10.421,0.145,9.600,0,0,0
0.102960,3.23458,10.352,0.210,9.660,0,0,0
0.102980,3.23521,10.414,0.169,9.582,0,0,0
0.103000,3.23584,10.350,0.202,9.611,0,0,0
0.103020,3.23647,10.359,0.165,9.493,0,0,0
0.103040,3.23710,10.309,0.199,9.487,0,0,0
0.103060,3.23773,10.337,0.185,9.609,0,0,0
0.103080,3.23835,10.278,0.173,9.550,0,0,0
0.103100,3.23898,10.274,0.183,9.531,0,0,0
0.103120,3.23961,10.386,0.239,9.633,0,0,0
0.103140,3.24024,10.273,0.195,9.505,0,0,0
0.103160,3.24087,10.320,0.140,9.557,0,0,0
0.103180,3.24150,10.322,0.135,9.514,0,0,0
0.103200,3.24212,10.226,0.077,9.521,0,0,0
0.103220,3.24275,10.196,0.112,9.487,0,0,0
0.103240,3.24338,10.276,0.055,9.516,0,0,0
0.103260,3.24401,10.235,0.183,9.498,0,0,0
0.103280,3.24464,10.260,0.152,9.466,0,0,0
0.103300,3.24527,10.141,0.028,9.530,0,0,0
0.103320,3.24589,10.205,0.105,9.601,0,0,0
0.103340,3.24652,10.174,0.030,9.634,0,0,0
0.103360,3.24715,10.242,0.164,9.425,0,0,0
0.103380,3.24778,10.176,0.169,9.600,0,0,0
0.103400,3.24841,10.109,0.097,9.443,0,0,0
0.103420,3.24904,10.092,0.074,9.471,0,0,0
0.103440,3.24966,10.152,0.175,9.409,0,0,0
0.103460,3.25029,10.013,0.040,9.550,0,0,0
0.103480,3.25092,9.986,0.213,9.536,0,0,0
0.103500,3.25155,10.065,0.085,9.389,0,0,0
0.103520,3.25218,10.044,0.051,9.442,0,0,0
0.103540,3.25281,9.987,0.041,9.403,0,0,0
0.103560,3.25343,10.059,0.151,9.364,0,0,0
0.103580,3.25406,9.970,0.032,9.453,0,0,0
0.103600,3.25469,9.960,0.089,9.495,0,0,0
0.103620,3.25532,9.857,0.244,9.429,0,0,0
0.103640,3.25595,9.997,0.092,9.470,0,0,0
0.103660,3.25657,10.047,0.130,9.517,0,0,0
0.103680,3.25720,9.981,0.072,9.501,0,0,0
0.103700,3.25783,10.001,0.118,9.421,0,0,0
0.103720,3.25846,9.965,0.146,9.444,0,0,0
0.103740,3.25909,9.866,0.181,9.385,0,0,0
0.103760,3.25972,9.942,0.114,9.416,0,0,0
0.103780,3.26034,9.875,0.121,9.340,0,0,0
0.103800,3.26097,9.868,0.131,9.409,0,0,0
0.103820,3.26160,9.866,0.200,9.384,0,0,0
0.103840,3.26223,9.726,0.047,9.328,0,0,0
0.103860,3.26286,9.786,0.160,9.306,0,0,0
0.103880,3.26349,9.785,0.128,9.448,0,0,0
0.103900,3.26411,9.686,0.068,9.484,0,0,0
0.103920,3.26474,9.723,0.188,9.370,0,0,0
0.103940,3.26537,9.698,0.040,9.385,0,0,0
0.103960,3.26600,9.679,0.178,9.322,0,0,0
0.103980,3.26663,9.616,0.066,9.353,0,0,0
0.104000,3.26726,9.711,0.100,9.294,0,0,0
0.104020,3.26788,9.676,0.194,9.331,0,0,0
0.104040,3.26851,9.667,0.130,9.456,0,0,0
0.104060,3.26914,9.688,0.118,9.328,0,0,0
0.104080,3.26977,9.634,0.206,9.282,0,0,0
0.104100,3.27040,9.695,0.221,9.331,0,0,0
0.104120,3.27103,9.647,0.112,9.414,0,0,0
0.104140,3.27165,9.625,0.182,9.433,0,0,0
0.104160,3.27228,9.551,0.135,9.247,0,0,0
0.104180,3.27291,9.539,0.176,9.150,0,0,-540
0.104200,3.27354,9.580,0.221,8.912,0,0,-540
0.104220,3.27417,9.598,0.102,8.737,0,0,-540
0.104240,3.27480,9.534,0.143,8.493,0,0,-540
0.104260,3.27542,9.483,0.189,8.391,0,0,-540
0.104280,3.27605,9.460,0.201,8.252,0,0,-540
0.104300,3.27668,9.407,0.121,7.996,0,0,-540
0.104320,3.27731,9.376,0.142,7.831,0,0,-540
0.104340,3.27794,9.326,0.177,7.549,0,0,-540
0.104360,3.27857,9.398,0.125,7.516,0,0,-540
0.104380,3.27919,9.341,0.123,7.251,0,0,-540
0.104400,3.27982,9.365,0.198,7.162,0,0,-540
0.104420,3.28045,9.352,0.044,6.914,0,0,-540
0.104440,3.28108,9.338,0.121,6.752,0,-540,-540
0.104460,3.28171,9.339,-0.032,6.701,0,0,-540
0.104480,3.28234,9.295,0.071,6.488,0,0,-540
0.104500,3.28296,9.336,-0.000,6.348,0,0,-540
0.104520,3.28359,9.356,-0.013,6.170,0,0,-540
0.104540,3.28422,9.324,0.012,6.042,0,0,-540
0.104560,3.28485,9.215,0.060,5.852,0,0,-540
0.104580,3.28548,9.264,0.116,5.643,0,0,-540
0.104600,3.28611,9.230,0.034,5.685,0,0,-540
0.104620,3.28673,9.296,0.126,5.454,0,0,-540
0.104640,3.28736,9.646,-0.020,5.334,540,0,-540
0.104660,3.28799,10.501,0.008,5.084,540,0,-540
0.104680,3.28862,10.904,0.049,4.996,0,0,-540
0.104700,3.28925,10.852,0.046,4.932,0,0,-540
0.104720,3.28988,10.868,0.137,4.800,0,0,-540
0.104740,3.29050,10.868,0.040,4.609,0,0,-540
0.104760,3.29113,10.872,0.110,4.428,0,0,-540
0.104780,3.29176,10.760,0.070,4.331,0,0,-540
0.104800,3.29239,10.711,0.091,4.217,0,0,-540
0.104820,3.29302,10.724,0.092,4.043,0,0,-540
0.104840,3.29365,10.712,0.006,3.930,0,0,-540
0.104860,3.29427,10.742,-0.026,3.752,0,0,-540
0.104880,3.29490,10.653,0.008,3.605,0,0,-540
0.104900,3.29553,10.717,0.056,3.600,0,0,-540
0.104920,3.29616,10.665,0.066,3.443,0,0,-540
0.104940,3.29679,10.619,0.057,3.255,0,0,-540
0.104960,3.29742,10.548,0.096,3.258,0,0,-540
0.104980,3.29804,10.523,-0.018,3.098,0,0,-540
0.105000,3.29867,10.505,0.030,3.024,0,0,-540
0.105020,3.29930,10.569,0.046,2.818,0,0,-540
0.105040,3.29993,10.479,0.059,2.692,0,0,-540
0.105060,3.30056,10.399,0.125,2.591,0,0,-540
0.105080,3.30119,10.434,0.094,2.505,0,0,-540
0.105100,3.30181,10.453,0.042,2.377,0,0,-540
0.105120,3.30244,10.464,0.161,2.239,0,0,-540
0.105140,3.30307,10.436,0.041,2.155,0,0,-540
0.105160,3.30370,10.444,0.035,2.071,0,0,-540
0.105180,3.30433,10.404,0.013,1.864,0,0,-540
0.105200,3.30496,10.406,0.049,1.820,0,0,-540
0.105220,3.30558,10.317,0.058,1.716,0,0,-540
0.105240,3.30621,10.218,0.076,1.624,0,0,-540
0.105260,3.30684,10.313,0.029,1.579,0,0,-540
0.105280,3.30747,10.326,0.040,1.474,0,0,-540
0.105300,3.30810,10.334,0.009,1.288,0,0,-540
0.105320,3.30873,10.227,0.006,1.255,0,0,-540
0.105340,3.30935,10.223,0.067,1.177,0,0,-540
0.105360,3.30998,10.147,0.027,1.037,0,0,-540
0.105380,3.31061,10.164,0.044,0.971,0,0,-540
0.105400,3.31124,10.135,0.036,0.855,0,0,-540
0.105420,3.31187,10.155,0.129,0.769,0,0,-540
0.105440,3.31250,10.203,0.072,0.591,0,0,-540
0.105460,3.31312,10.128,0.134,0.463,0,0,-540
0.105480,3.31375,9.964,0.073,0.460,0,0,-540
0.105500,3.31438,10.040,-0.037,0.350,0,0,-540
0.105520,3.31501,10.038,0.088,0.261,0,0,0
0.105540,3.31564,9.962,0.054,0.221,0,0,0
0.105560,3.31627,9.966,0.123,0.198,0,0,0
0.105580,3.31689,9.985,0.068,0.276,0,0,0
0.105600,3.31752,9.888,-0.044,0.263,0,0,0
0.105620,3.31815,9.904,0.080,0.153,0,0,0
0.105640,3.31878,9.838,0.055,0.299,0,0,0
0.105660,3.31941,9.756,0.072,0.176,0,0,-540
0.105680,3.32004,9.865,0.086,0.113,0,0,0
0.105700,3.32066,9.731,0.137,0.086,0,0,0
0.105720,3.32129,9.905,0.153,0.173,0,0,0
0.105740,3.32192,9.702,0.109,0.146,0,0,0
0.105760,3.32255,9.772,0.102,0.215,0,0,0
0.105780,3.32318,9.689,0.159,0.215,0,0,0
0.105800,3.32381,9.724,0.054,0.318,0,0,0
0.105820,3.32443,9.736,0.006,0.125,0,0,0
0.105840,3.32506,9.636,0.052,0.194,0,0,0
0.105860,3.32569,9.613,0.089,0.193,0,0,0
0.105880,3.32632,9.561,0.070,0.199,0,0,0
0.105900,3.32695,9.541,0.054,0.202,0,0,0
0.105920,3.32757,9.534,0.115,0.239,0,0,0
0.105940,3.32820,9.451,0.093,0.209,0,0,0
0.105960,3.32883,9.531,0.036,0.184,0,0,0
0.105980,3.32946,9.513,0.031,0.115,0,0,0
0.106000,3.33009,9.371,0.124,0.149,0,0,0
0.106020,3.33072,9.290,0.083,0.162,0,0,0
0.106040,3.33134,9.317,0.069,0.167,0,0,0
0.106060,3.33197,9.318,0.028,0.152,0,0,0
0.106080,3.33260,9.327,0.098,0.181,0,0,0
0.106100,3.33323,9.223,0.033,0.124,0,0,0
0.106120,3.33386,9.259,0.082,0.232,0,0,0
0.106140,3.33449,9.171,0.135,0.125,0,0,0
0.106160,3.33511,9.273,0.103,0.113,0,0,0
0.106180,3.33574,9.161,0.056,0.170,0,0,0
0.106200,3.33637,9.561,0.118,0.201,540,0,0
0.106220,3.33700,10.383,0.037,0.152,540,0,0
0.106240,3.33763,11.149,0.087,0.241,540,0,0
0.106260,3.33826,11.088,0.089,0.131,0,0,0
0.106280,3.33888,11.101,0.049,0.204,0,0,0
0.106300,3.33951,11.190,-0.003,0.181,0,0,0
0.106320,3.34014,11.041,0.115,0.184,0,0,0
0.106340,3.34077,11.031,0.133,0.143,0,0,0
0.106360,3.34140,10.905,-0.002,0.227,0,0,0
0.106380,3.34203,10.943,0.108,0.157,0,0,0
0.106400,3.34265,10.890,0.192,0.239,0,0,0
0.106420,3.34328,10.786,0.011,0.081,0,0,0
0.106440,3.34391,10.825,-0.019,0.215,0,0,0
0.106460,3.34454,10.774,0.094,0.121,0,0,0
0.106480,3.34517,10.722,0.148,0.214,0,0,0
0.106500,3.34580,10.774,-0.041,0.067,0,0,0
0.106520,3.34642,10.686,0.107,0.146,0,0,0
0.106540,3.34705,10.696,0.093,0.212,0,0,0
0.106560,3.34768,10.550,0.129,0.161,0,0,0
0.106580,3.34831,10.574,0.084,0.239,0,0,0
0.106600,3.34894,10.458,0.099,0.156,0,0,0
0.106620,3.34957,10.512,0.171,0.219,0,0,0
0.106640,3.35019,10.469,0.107,0.125,0,0,0
0.106660,3.35082,10.434,0.114,0.141,0,0,0
0.106680,3.35145,10.383,0.150,0.201,0,0,0
0.106700,3.35208,10.362,0.107,0.180,0,0,0
0.106720,3.35271,10.269,0.120,0.132,0,0,0
0.106740,3.35334,10.222,0.141,0.131,0,0,0
0.106760,3.35396,10.217,0.099,0.080,0,0,0
0.106780,3.35459,10.258,0.022,0.255,0,0,0
0.106800,3.35522,10.199,0.203,0.150,0,0,0
0.106820,3.35585,10.120,0.008,0.187,0,0,0
0.106840,3.35648,10.084,0.113,0.210,0,0,0
0.106860,3.35711,10.088,0.178,0.145,0,0,0
0.106880,3.35773,10.075,0.139,0.177,0,0,0
0.106900,3.35836,10.014,0.145,0.071,0,0,0
0.106920,3.35899,10.003,0.077,0.109,0,0,0
0.106940,3.35962,9.930,0.148,0.145,0,0,0
0.106960,3.36025,9.939,0.129,0.092,0,0,0
0.106980,3.36088,9.858,0.061,0.230,0,0,0
0.107000,3.36150,9.909,0.116,0.233,0,0,0
0.107020,3.36213,9.769,0.045,0.177,0,0,0
0.107040,3.36276,9.726,0.179,0.191,0,0,0
0.107060,3.36339,9.750,0.106,0.079,0,0,0
0.107080,3.36402,9.672,0.095,0.162,0,0,0
0.107100,3.36465,9.675,0.131,0.226,0,0,0
0.107120,3.36527,9.532,0.101,0.171,0,0,0
0.107140,3.36590,9.522,0.087,0.141,0,0,0
0.107160,3.36653,9.493,0.198,0.166,0,0,0
0.107180,3.36716,9.523,0.250,0.161,0,0,0
0.107200,3.36779,9.345,0.078,0.081,0,0,0
0.107220,3.36842,9.507,0.072,0.083,0,0,0
0.107240,3.36904,9.320,0.130,0.097,0,0,0
0.107260,3.36967,9.322,0.024,0.252,0,0,0
0.107280,3.37030,9.293,0.024,0.194,0,0,0
0.107300,3.37093,9.232,0.037,0.182,0,0,0
0.107320,3.37156,9.208,0.153,0.178,0,0,0
0.107340,3.37219,9.931,0.165,0.172,540,0,0
0.107360,3.37281,10.691,0.103,0.134,540,0,0
0.107380,3.37344,11.024,0.123,0.126,0,0,0
0.107400,3.37407,10.972,0.021,0.070,0,0,0
0.107420,3.37470,10.870,0.184,0.164,0,0,0
0.107440,3.37533,10.785,0.155,0.202,0,0,0
0.107460,3.37596,10.928,0.094,0.156,0,0,0
0.107480,3.37658,10.822,0.062,0.137,0,0,0
0.107500,3.37721,10.771,0.109,0.137,0,0,0
0.107520,3.37784,10.709,0.042,0.145,0,0,0
0.107540,3.37847,10.650,0.101,0.184,0,0,0
0.107560,3.37910,10.647,0.187,0.071,0,0,0
0.107580,3.37973,10.577,0.118,0.158,0,0,0
0.107600,3.38035,10.468,0.093,0.176,0,0,0
0.107620,3.38098,10.442,0.144,0.142,0,0,0
0.107640,3.38161,10.396,0.086,0.156,0,0,0
0.107660,3.38224,10.341,0.094,0.183,0,0,0
0.107680,3.38287,10.345,0.107,0.119,0,0,0
0.107700,3.38350,10.212,0.111,0.120,0,0,0
0.107720,3.38412,10.224,0.116,0.200,0,0,0
0.107740,3.38475,10.246,0.117,0.235,0,0,0
0.107760,3.38538,10.137,0.162,0.213,0,0,0
0.107780,3.38601,10.122,0.121,0.235,0,0,0
0.107800,3.38664,9.929,0.083,0.170,0,0,0
0.107820,3.38727,10.031,0.062,0.221,0,0,0
0.107840,3.38789,9.923,0.022,0.109,0,0,0
0.107860,3.38852,9.911,0.217,0.125,0,0,0
0.107880,3.38915,9.817,0.090,0.119,0,0,0
0.107900,3.38978,9.900,0.086,0.157,0,0,0
0.107920,3.39041,9.710,0.169,0.199,0,0,0
0.107940,3.39104,9.807,0.253,0.072,0,0,0
0.107960,3.39166,9.584,0.045,0.156,0,0,0
0.107980,3.39229,9.661,0.122,0.211,0,0,0
0.108000,3.39292,9.588,0.144,0.145,0,0,0
0.108020,3.39355,9.473,0.172,0.172,0,0,0
0.108040,3.39418,9.465,0.065,0.263,0,0,0
0.108060,3.39481,9.397,0.116,0.235,0,0,0
0.108080,3.39543,9.372,0.201,0.239,0,0,0
0.108100,3.39606,9.275,0.100,0.203,0,0,0
0.108120,3.39669,9.199,0.100,0.101,0,0,0
0.108140,3.39732,9.508,0.087,0.150,540,0,0
0.108160,3.39795,10.178,0.128,0.170,540,0,0
0.108180,3.39857,10.844,0.118,0.213,540,0,0
0.108200,3.39920,10.829,0.118,0.166,0,0,0
0.108220,3.39983,10.669,0.079,0.174,0,0,0
0.108240,3.40046,10.768,0.155,0.167,0,0,0
0.108260,3.40109,10.656,0.126,0.188,0,0,0
0.108280,3.40172,10.542,0.047,0.095,0,0,0
0.108300,3.40234,10.592,0.161,0.121,0,0,0
0.108320,3.40297,10.498,0.024,0.020,0,0,0
0.108340,3.40360,10.376,0.176,0.097,0,0,0
0.108360,3.40423,10.397,0.105,0.158,0,0,0
0.108380,3.40486,10.413,0.069,0.238,0,0,0
0.108400,3.40549,10.304,0.175,0.242,0,0,0
0.108420,3.40611,10.199,0.172,0.182,0,0,0
0.108440,3.40674,10.151,0.034,0.007,0,0,0
0.108460,3.40737,10.145,0.194,0.152,0,0,0
0.108480,3.40800,10.001,0.185,0.102,0,0,0
0.108500,3.40863,9.953,0.095,0.183,0,0,0
0.108520,3.40926,9.881,0.213,0.236,0,0,0
0.108540,3.40988,9.810,0.141,0.106,0,0,0
0.108560,3.41051,9.923,0.071,0.239,0,0,0
0.108580,3.41114,9.737,0.168,0.270,0,0,0
0.108600,3.41177,9.653,0.174,0.197,0,0,0
0.108620,3.41240,9.656,0.167,0.185,0,0,0
0.108640,3.41303,9.622,0.086,0.129,0,0,0
0.108660,3.41365,9.577,0.193,0.230,0,0,0
0.108680,3.41428,9.567,0.215,0.129,0,0,0
0.108700,3.41491,9.474,0.131,0.089,0,0,0
0.108720,3.41554,9.419,0.097,0.112,0,0,0
0.108740,3.41617,9.258,0.195,0.187,0,0,0
0.108760,3.41680,9.291,0.082,0.182,0,0,0
0.108780,3.41742,9.274,0.181,0.161,0,0,0
0.108800,3.41805,9.205,0.196,0.123,0,0,0
0.108820,3.41868,9.740,0.095,0.155,540,0,0
0.108840,3.41931,10.292,0.164,0.175,540,0,0
0.108860,3.41994,10.825,0.168,0.208,540,0,0
0.108880,3.42057,10.800,0.094,0.229,0,0,0
0.108900,3.42119,10.728,0.159,0.188,0,0,0
0.108920,3.42182,10.711,0.195,0.033,0,0,0
0.108940,3.42245,10.716,0.151,0.129,0,0,0
0.108960,3.42308,10.630,0.153,0.183,0,0,0
0.108980,3.42371,10.536,0.196,0.235,0,0,0
0.109000,3.42434,10.492,0.155,0.153,0,0,0
0.109020,3.42496,10.332,0.150,0.205,0,0,0
0.109040,3.42559,10.364,0.205,0.250,0,0,0
0.109060,3.42622,10.392,0.263,0.180,0,0,0
0.109080,3.42685,10.233,0.096,0.239,0,0,0
0.109100,3.42748,10.198,0.214,0.100,0,0,0
0.109120,3.42811,10.136,0.214,0.105,0,0,0
0.109140,3.42873,9.964,0.210,0.192,0,0,0
0.109160,3.42936,10.059,0.142,0.101,0,0,0
0.109180,3.42999,9.863,0.149,0.203,0,0,0
0.109200,3.43062,9.881,0.182,0.050,0,0,0
0.109220,3.43125,9.826,0.193,0.153,0,0,0
0.109240,3.43188,9.779,0.176,0.120,0,0,0
0.109260,3.43250,9.673,0.217,0.113,0,0,0
0.109280,3.43313,9.663,0.128,0.136,0,0,0
0.109300,3.43376,9.641,0.175,0.221,0,0,0
0.109320,3.43439,9.507,0.206,0.241,0,0,0
0.109340,3.43502,9.442,0.127,0.222,0,0,0
0.109360,3.43565,9.274,0.127,0.111,0,0,0
0.109380,3.43627,9.304,-0.025,0.225,0,-540,0
0.109400,3.43690,9.197,0.005,0.213,0,0,0
0.109420,3.43753,9.213,-0.027,0.148,0,0,0
0.109440,3.43816,9.622,0.081,0.243,540,0,0
0.109460,3.43879,10.313,0.023,0.094,540,0,0
0.109480,3.43942,10.712,0.042,0.195,540,0,0
0.109500,3.44004,10.588,0.015,0.146,0,0,0
0.109520,3.44067,10.634,-0.006,0.181,0,0,0
0.109540,3.44130,10.532,0.070,0.119,0,0,0
0.109560,3.44193,10.442,-0.097,0.172,0,0,0
0.109580,3.44256,10.314,-0.047,0.246,0,0,0
0.109600,3.44319,10.342,0.019,0.202,0,0,0
0.109620,3.44381,10.250,-0.099,0.155,0,0,0
0.109640,3.44444,10.230,0.007,0.182,0,0,0
0.109660,3.44507,10.176,0.011,0.232,0,0,0
0.109680,3.44570,10.108,0.007,0.148,0,0,0
0.109700,3.44633,10.050,0.026,0.208,0,0,0
0.109720,3.44696,10.013,-0.010,0.280,0,0,0
0.109740,3.44758,9.977,-0.010,0.131,0,0,0
0.109760,3.44821,9.874,-0.024,0.154,0,0,0
0.109780,3.44884,9.700,0.022,0.212,0,0,0
0.109800,3.44947,9.730,0.118,0.018,0,0,0
0.109820,3.45010,9.665,0.036,0.240,0,0,0
0.109840,3.45073,9.606,0.019,0.202,0,0,0
0.109860,3.45135,9.484,0.022,0.152,0,0,0
0.109880,3.45198,9.460,-0.026,0.198,0,0,0
0.109900,3.45261,9.342,0.011,0.137,0,0,0
0.109920,3.45324,9.294,0.029,0.260,0,0,0
0.109940,3.45387,9.230,-0.031,0.148,0,0,0
0.109960,3.45450,9.195,-0.002,0.236,0,0,0
0.109980,3.45512,9.381,-0.043,0.155,540,0,0
0.110000,3.45575,9.818,-0.067,0.113,540,0,0
0.110020,3.45638,10.334,-0.042,0.116,540,0,0
0.110040,3.45701,10.757,0.005,0.170,540,0,0
0.110060,3.45764,11.037,0.057,0.278,0,0,0
0.110080,3.45827,10.874,-0.019,0.323,0,0,0
0.110100,3.45889,10.835,-0.011,0.155,0,0,0
0.110120,3.45952,10.815,0.025,0.213,0,0,0
0.110140,3.46015,10.678,-0.047,0.154,0,0,0
0.110160,3.46078,10.593,0.054,0.171,0,0,0
0.110180,3.46141,10.522,-0.109,0.158,0,0,0
0.110200,3.46204,10.517,0.018,0.138,0,0,0
0.110220,3.46266,10.334,0.027,0.178,0,0,0
0.110240,3.46329,10.329,-0.034,0.117,0,0,0
0.110260,3.46392,10.242,0.062,0.157,0,0,0
0.110280,3.46455,10.099,0.020,0.217,0,0,0
0.110300,3.46518,10.116,0.072,0.241,0,0,0
0.110320,3.46581,10.044,0.027,0.085,0,0,0
0.110340,3.46643,10.033,0.007,0.197,0,0,0
0.110360,3.46706,9.953,-0.053,0.172,0,0,0
0.110380,3.46769,9.855,0.017,0.013,0,0,0
0.110400,3.46832,9.768,0.028,0.157,0,0,0
0.110420,3.46895,9.633,0.096,0.094,0,0,0
0.110440,3.46957,9.694,0.100,0.110,0,0,0
0.110460,3.47020,9.581,0.020,0.143,0,0,0
0.110480,3.47083,9.541,-0.018,0.118,0,0,0
0.110500,3.47146,9.490,-0.084,0.153,0,0,0
0.110520,3.47209,9.401,0.004,0.150,0,0,0
0.110540,3.47272,9.436,-0.026,0.184,0,0,0
0.110560,3.47334,9.402,-0.019,0.064,0,0,0
0.110580,3.47397,9.228,-0.084,0.200,0,0,0
0.110600,3.47460,9.346,-0.058,0.064,540,0,0
0.110620,3.47523,9.790,0.079,0.169,540,0,0
0.110640,3.47586,10.228,-0.046,0.051,540,0,0
0.110660,3.47649,10.553,-0.061,0.089,540,0,0
0.110680,3.47711,10.876,-0.082,0.174,540,0,0
0.110700,3.47774,10.955,0.030,0.253,0,0,0
0.110720,3.47837,10.862,-0.023,0.070,0,0,0
0.110740,3.47900,10.803,0.074,0.256,0,0,0
0.110760,3.47963,10.674,0.067,0.093,0,0,0
0.110780,3.48026,10.633,0.041,0.131,0,0,0
0.110800,3.48088,10.577,0.017,0.086,0,0,0
0.110820,3.48151,10.470,0.042,0.156,0,0,0
0.110840,3.48214,10.457,-0.064,0.135,0,0,0
0.110860,3.48277,10.452,-0.053,0.149,0,0,0
0.110880,3.48340,10.318,-0.004,0.052,0,0,0
0.110900,3.48403,10.127,-0.034,0.127,0,0,0
0.110920,3.48465,10.134,0.008,0.199,0,0,0
0.110940,3.48528,10.072,0.028,0.229,0,0,0
0.110960,3.48591,10.066,0.047,-0.018,0,0,0
0.110980,3.48654,9.947,-0.121,0.215,0,0,0
0.111000,3.48717,9.862,0.040,0.143,0,0,0
0.111020,3.48780,9.876,-0.027,0.141,0,0,0
0.111040,3.48842,9.731,0.055,0.127,0,0,0
0.111060,3.48905,9.730,-0.130,0.162,0,0,0
0.111080,3.48968,9.543,-0.066,0.144,0,0,0
0.111100,3.49031,9.538,-0.007,0.135,0,0,0
0.111120,3.49094,9.577,0.019,0.162,0,0,0
0.111140,3.49157,9.428,0.010,0.134,0,0,0
0.111160,3.49219,9.296,-0.088,0.095,0,0,0
0.111180,3.49282,9.310,0.024,0.085,0,0,0
0.111200,3.49345,9.304,0.001,0.141,0,0,0
0.111220,3.49408,9.444,0.080,0.100,540,0,0
0.111240,3.49471,9.822,-0.021,0.149,540,0,0
0.111260,3.49534,10.145,-0.044,0.081,540,0,0
0.111280,3.49596,10.509,0.043,0.122,540,0,0
0.111300,3.49659,10.807,0.050,0.203,540,0,0
0.111320,3.49722,10.819,0.024,0.076,0,0,0
0.111340,3.49785,10.569,0.013,0.151,0,0,0
0.111360,3.49848,10.477,0.059,0.179,0,0,0
0.111380,3.49911,10.458,-0.018,0.048,0,0,0
0.111400,3.49973,10.345,0.054,0.026,0,0,0
0.111420,3.50036,10.380,-0.032,0.170,0,0,0
0.111440,3.50099,10.297,0.005,0.178,0,0,0
0.111460,3.50162,10.228,-0.004,0.110,0,0,0
0.111480,3.50225,10.148,-0.029,0.275,0,0,0
0.111500,3.50288,10.151,0.088,0.128,0,0,0
0.111520,3.50350,10.056,0.015,0.114,0,0,0
0.111540,3.50413,10.083,0.002,0.073,0,0,0
0.111560,3.50476,9.975,-0.108,0.159,0,0,0
0.111580,3.50539,9.773,-0.001,0.053,0,0,0
0.111600,3.50602,9.790,-0.069,0.153,0,0,0
0.111620,3.50665,9.726,-0.023,0.084,0,0,0
0.111640,3.50727,9.636,-0.136,0.172,0,0,0
0.111660,3.50790,9.544,-0.022,0.116,0,0,0
0.111680,3.50853,9.477,0.021,0.077,0,0,0
0.111700,3.50916,9.429,0.016,0.118,0,0,0
0.111720,3.50979,9.400,-0.013,0.123,0,0,0
0.111740,3.51042,9.345,-0.012,0.176,0,0,0
0.111760,3.51104,9.257,0.070,0.102,0,0,0
0.111780,3.51167,9.241,0.041,0.052,0,0,0
0.111800,3.51230,9.220,0.037,0.093,0,0,0
0.111820,3.51293,9.359,-0.028,0.207,540,0,0
0.111840,3.51356,9.605,0.064,0.098,540,0,0
0.111860,3.51419,9.913,0.016,0.147,540,0,0
0.111880,3.51481,10.109,0.077,0.159,540,0,0
0.111900,3.51544,10.555,-0.008,0.094,540,0,0
0.111920,3.51607,10.950,0.028,0.116,540,0,0
0.111940,3.51670,10.788,-0.059,0.169,0,0,0
0.111960,3.51733,10.802,-0.054,0.189,0,0,0
0.111980,3.51796,10.756,0.071,0.026,0,0,0
0.112000,3.51858,10.640,-0.032,0.102,0,0,0
0.112020,3.51921,10.518,-0.024,0.146,0,0,0
0.112040,3.51984,10.423,-0.021,0.172,0,0,0
0.112060,3.52047,10.410,0.061,0.085,0,0,0
0.112080,3.52110,10.297,0.133,0.109,0,0,0
0.112100,3.52173,10.277,0.105,0.150,0,0,0
0.112120,3.52235,10.200,0.072,0.200,0,0,0
0.112140,3.52298,10.146,0.002,0.092,0,0,0
0.112160,3.52361,10.082,-0.020,0.081,0,0,0
0.112180,3.52424,10.046,-0.007,0.073,0,0,0
0.112200,3.52487,9.993,0.005,0.143,0,0,0
0.112220,3.52550,9.938,0.113,0.140,0,0,0
0.112240,3.52612,9.849,-0.024,0.184,0,0,0
0.112260,3.52675,9.780,-0.035,0.163,0,0,0
0.112280,3.52738,9.703,0.031,0.115,0,0,0
0.112300,3.52801,9.691,0.042,0.140,0,0,0
0.112320,3.52864,9.635,0.020,0.148,0,0,0
0.112340,3.52927,9.537,-0.038,0.149,0,0,0
0.112360,3.52989,9.503,-0.010,0.049,0,0,0
0.112380,3.53052,9.525,0.021,0.115,0,0,0
0.112400,3.53115,9.360,-0.060,0.097,0,0,0
0.112420,3.53178,9.298,-0.079,0.175,0,0,0
0.112440,3.53241,9.280,0.011,0.015,0,0,0
0.112460,3.53304,9.281,0.096,0.117,0,0,0
0.112480,3.53366,9.128,-0.009,0.082,0,0,0
0.112500,3.53429,9.496,-0.004,0.108,540,0,0
0.112520,3.53492,9.682,-0.011,0.112,540,0,0
0.112540,3.53555,10.026,-0.044,0.242,540,0,0
0.112560,3.53618,10.345,0.015,0.058,540,0,0
0.112580,3.53681,10.578,-0.016,-0.035,540,0,0
0.112600,3.53743,10.895,-0.049,0.141,540,0,0
0.112620,3.53806,10.916,-0.020,0.094,0,0,0
0.112640,3.53869,10.708,0.001,0.081,0,0,0
0.112660,3.53932,10.645,0.012,0.060,0,0,0
0.112680,3.53995,10.524,0.003,0.150,0,0,0
0.112700,3.54057,10.573,0.033,0.118,0,0,0
0.112720,3.54120,10.575,0.099,0.088,0,0,0
0.112740,3.54183,10.384,0.004,0.056,0,0,0
0.112760,3.54246,10.339,-0.043,0.072,0,0,0
0.112780,3.54309,10.317,0.086,0.117,0,0,0
0.112800,3.54372,10.258,-0.087,0.150,0,0,0
0.112820,3.54434,10.240,-0.004,0.070,0,0,0
0.112840,3.54497,10.098,-0.035,0.039,0,0,0
0.112860,3.54560,10.085,0.076,0.142,0,0,0
0.112880,3.54623,10.077,0.029,0.151,0,0,0
0.112900,3.54686,9.958,-0.063,0.025,0,0,0
0.112920,3.54749,9.973,-0.080,0.175,0,0,0
0.112940,3.54811,9.865,0.025,0.040,0,0,0
0.112960,3.54874,9.808,0.014,0.021,0,0,0
0.112980,3.54937,9.809,-0.066,0.064,0,0,0
0.113000,3.55000,9.698,-0.072,0.188,0,0,0
0.113020,3.55063,9.748,-0.005,0.108,0,0,0
0.113040,3.55126,9.617,0.099,0.120,0,0,0
0.113060,3.55188,9.523,0.053,0.156,0,0,0
0.113080,3.55251,9.514,0.016,0.188,0,0,0
0.113100,3.55314,9.443,0.009,0.150,0,0,0
0.113120,3.55377,9.467,-0.076,0.121,0,0,0
0.113140,3.55440,9.377,-0.126,0.005,0,0,0
0.113160,3.55503,9.344,0.002,0.123,0,0,0
0.113180,3.55565,9.288,0.016,0.076,0,0,0
0.113200,3.55628,9.234,-0.016,0.068,0,0,0
0.113220,3.55691,9.470,0.013,0.153,540,0,0
0.113240,3.55754,9.580,0.048,0.146,540,0,0
0.113260,3.55817,9.716,-0.021,0.152,540,0,0
0.113280,3.55880,10.063,0.059,0.175,540,0,0
0.113300,3.55942,10.361,0.009,0.081,540,0,0
0.113320,3.56005,10.580,-0.005,0.169,540,0,0
0.113340,3.56068,10.888,0.013,0.109,540,0,0
0.113360,3.56131,10.886,0.011,0.155,0,0,0
0.113380,3.56194,10.861,0.038,0.154,0,0,0
0.113400,3.56257,10.761,0.032,0.094,0,0,0
0.113420,3.56319,10.768,0.047,0.112,0,0,0
0.113440,3.56382,10.733,0.047,0.064,0,0,0
0.113460,3.56445,10.579,-0.070,0.129,0,0,0
0.113480,3.56508,10.682,-0.104,0.092,0,0,0
0.113500,3.56571,10.563,0.063,0.152,0,0,0
0.113520,3.56634,10.489,0.001,0.071,0,0,0
0.113540,3.56696,10.483,-0.088,0.058,0,0,0
0.113560,3.56759,10.425,-0.054,0.118,0,0,0
0.113580,3.56822,10.383,0.027,0.117,0,0,0
0.113600,3.56885,10.385,-0.030,0.251,0,0,0
0.113620,3.56948,10.226,0.006,0.067,0,0,0
0.113640,3.57011,10.281,-0.010,0.093,0,0,0
0.113660,3.57073,10.096,-0.121,0.079,0,0,0
0.113680,3.57136,10.109,0.061,0.038,0,0,0
0.113700,3.57199,10.009,-0.020,0.206,0,0,0
0.113720,3.57262,10.010,0.108,0.068,0,0,0
0.113740,3.57325,9.937,0.012,0.123,0,0,0
0.113760,3.57388,9.945,0.021,0.088,0,0,0
0.113780,3.57450,9.938,-0.053,0.254,0,0,0
0.113800,3.57513,9.838,-0.012,0.209,0,0,0
0.113820,3.57576,9.736,-0.067,0.112,0,0,0
0.113840,3.57639,9.868,0.025,0.056,0,0,0
0.113860,3.57702,9.772,0.013,0.214,0,0,0
0.113880,3.57765,9.664,-0.048,0.052,0,0,0
0.113900,3.57827,9.670,-0.012,0.161,0,0,0
0.113920,3.57890,9.600,0.035,0.086,0,0,0
0.113940,3.57953,9.546,0.093,0.168,0,0,0
0.113960,3.58016,9.519,-0.035,0.167,0,0,0
0.113980,3.58079,9.486,-0.091,0.214,0,0,0
0.114000,3.58142,9.460,-0.036,0.156,0,0,0
0.114020,3.58204,9.384,0.012,0.183,0,0,0
0.114040,3.58267,9.296,-0.081,0.165,0,0,0
0.114060,3.58330,9.325,0.077,0.099,0,0,0
0.114080,3.58393,9.315,0.034,0.142,0,0,0
0.114100,3.58456,9.273,0.052,0.135,0,0,0
0.114120,3.58519,9.250,-0.006,0.161,0,0,0
0.114140,3.58581,9.313,0.048,0.169,540,0,0
0.114160,3.58644,9.510,-0.024,0.122,540,0,0
0.114180,3.58707,9.788,-0.059,0.072,540,0,0
0.114200,3.58770,9.993,0.040,0.006,540,0,0
0.114220,3.58833,10.229,0.026,0.129,540,0,0
0.114240,3.58896,10.405,0.063,0.213,540,0,0
0.114260,3.58958,10.637,0.005,0.119,540,0,0
0.114280,3.59021,10.967,0.033,0.171,540,0,0
0.114300,3.59084,10.860,-0.047,0.058,0,0,0
0.114320,3.59147,10.879,-0.111,0.115,0,0,0
0.114340,3.59210,10.814,-0.039,0.088,0,0,0
0.114360,3.59273,10.781,-0.068,0.064,0,0,0
0.114380,3.59335,10.677,0.027,0.125,0,0,0
0.114400,3.59398,10.696,-0.013,0.247,0,0,0
0.114420,3.59461,10.663,0.024,0.115,0,0,0
0.114440,3.59524,10.631,-0.011,0.043,0,0,0
0.114460,3.59587,10.594,-0.000,0.129,0,0,0
0.114480,3.59650,10.551,0.034,0.046,0,0,0
0.114500,3.59712,10.361,0.005,0.062,0,0,0
0.114520,3.59775,10.512,-0.077,0.114,0,0,0
0.114540,3.59838,10.425,0.056,0.201,0,0,0
0.114560,3.59901,10.437,-0.021,0.150,0,0,0
0.114580,3.59964,10.285,-0.070,0.131,0,0,0
0.114600,3.60027,10.380,0.066,0.090,0,0,0
0.114620,3.60089,10.250,0.040,0.154,0,0,0
0.114640,3.60152,10.240,-0.003,0.120,0,0,0
0.114660,3.60215,10.096,-0.091,0.174,0,0,0
0.114680,3.60278,10.273,-0.115,0.049,0,0,0
0.114700,3.60341,10.157,-0.069,0.098,0,0,0
0.114720,3.60404,10.124,-0.003,0.202,0,0,0
0.114740,3.60466,9.994,-0.027,-0.034,0,0,0
0.114760,3.60529,10.051,0.012,0.160,0,0,0
0.114780,3.60592,9.927,0.018,0.143,0,0,0
0.114800,3.60655,9.895,-0.031,0.090,0,0,0
0.114820,3.60718,9.938,-0.046,0.281,0,0,0
0.114840,3.60781,9.914,0.030,0.004,0,0,0
0.114860,3.60843,9.877,0.038,0.173,0,0,0
0.114880,3.60906,9.701,0.043,0.164,0,0,0
0.114900,3.60969,9.802,0.024,0.185,0,0,0
0.114920,3.61032,9.771,0.007,0.223,0,0,0
0.114940,3.61095,9.760,0.087,0.083,0,0,0
0.114960,3.61157,9.723,-0.029,0.046,0,0,0
0.114980,3.61220,9.712,0.017,0.116,0,0,0
0.115000,3.61283,9.580,0.114,0.186,0,0,0
0.115020,3.61346,9.645,0.121,0.104,0,0,0
0.115040,3.61409,9.601,-0.042,0.158,0,0,0
0.115060,3.61472,9.552,0.034,0.193,0,0,0
0.115080,3.61534,9.596,-0.014,0.179,0,0,0
0.115100,3.61597,9.549,-0.104,0.214,0,0,0
0.115120,3.61660,9.393,-0.038,0.077,0,0,0
0.115140,3.61723,9.446,-0.079,0.081,0,0,0
0.115160,3.61786,9.368,0.023,0.073,0,0,0
0.115180,3.61849,9.358,-0.027,0.140,0,0,0
0.115200,3.61911,9.300,0.017,0.202,0,0,0
0.115220,3.61974,9.260,0.110,0.063,0,0,0
0.115240,3.62037,9.350,-0.089,0.082,0,0,0
0.115260,3.62100,9.343,0.040,0.034,0,0,0
0.115280,3.62163,9.222,-0.010,0.137,0,0,0
0.115300,3.62226,9.286,-0.023,0.207,0,0,0
0.115320,3.62288,9.286,-0.004,0.180,540,0,0
0.115340,3.62351,9.538,0.008,0.147,540,0,0
0.115360,3.62414,9.825,0.031,0.202,540,0,0
0.115380,3.62477,9.950,0.022,0.054,540,0,0
0.115400,3.62540,10.102,0.074,0.136,540,0,0
0.115420,3.62603,10.420,-0.016,0.111,540,0,0
0.115440,3.62665,10.598,-0.041,0.150,540,0,0
0.115460,3.62728,10.787,-0.043,0.047,540,0,0
0.115480,3.62791,10.981,-0.023,0.146,0,0,0
0.115500,3.62854,10.851,-0.028,0.059,0,0,0
0.115520,3.62917,10.848,0.135,0.178,0,0,0
0.115540,3.62980,10.753,-0.068,0.132,0,0,0
0.115560,3.63042,10.764,0.032,0.160,0,0,0
0.115580,3.63105,10.744,-0.065,0.123,0,0,0
0.115600,3.63168,10.618,0.031,0.200,0,0,0
0.115620,3.63231,10.611,-0.020,0.127,0,0,0
0.115640,3.63294,10.721,0.007,0.150,0,0,0
0.115660,3.63357,10.728,-0.007,0.158,0,0,0
0.115680,3.63419,10.595,-0.058,0.065,0,0,0
0.115700,3.63482,10.566,0.021,0.138,0,0,0
0.115720,3.63545,10.578,0.050,0.127,0,0,0
0.115740,3.63608,10.491,0.011,0.077,0,0,0
0.115760,3.63671,10.556,-0.106,0.081,0,0,0
0.115780,3.63734,10.482,-0.002,0.149,0,0,0
0.115800,3.63796,10.481,0.042,0.128,0,0,0
0.115820,3.63859,10.369,0.006,0.133,0,0,0
0.115840,3.63922,10.346,-0.020,0.102,0,0,0
0.115860,3.63985,10.401,0.003,0.086,0,0,0
0.115880,3.64048,10.297,0.073,0.168,0,0,0
0.115900,3.64111,10.309,0.100,0.242,0,0,0
0.115920,3.64173,10.355,-0.129,0.065,0,0,0
0.115940,3.64236,10.255,0.003,0.087,0,0,0
0.115960,3.64299,10.254,0.016,0.066,0,0,0
0.115980,3.64362,10.284,-0.014,0.144,0,0,0
0.116000,3.64425,10.157,-0.035,0.067,0,0,0
0.116020,3.64488,10.239,0.015,0.152,0,0,0
0.116040,3.64550,10.201,0.067,0.102,0,0,0
0.116060,3.64613,10.109,-0.068,0.102,0,0,0
0.116080,3.64676,10.183,-0.017,0.082,0,0,0
0.116100,3.64739,10.177,-0.023,0.127,0,0,0
0.116120,3.64802,10.038,0.006,0.223,0,0,0
0.116140,3.64865,9.969,0.039,0.135,0,0,0
0.116160,3.64927,9.998,0.019,0.052,0,0,0
0.116180,3.64990,10.024,-0.015,0.086,0,0,0
0.116200,3.65053,9.999,-0.057,0.151,0,0,0
0.116220,3.65116,10.081,0.042,0.049,0,0,0
0.116240,3.65179,9.888,0.031,0.042,0,0,0
0.116260,3.65242,9.852,0.050,0.166,0,0,0
0.116280,3.65304,9.954,-0.032,0.166,0,0,0
0.116300,3.65367,9.890,0.003,0.158,0,0,0
0.116320,3.65430,9.882,-0.049,0.144,0,0,0
0.116340,3.65493,9.837,-0.079,0.077,0,0,0
0.116360,3.65556,9.878,0.063,0.139,0,0,0
0.116380,3.65619,9.840,0.027,0.134,0,0,0
0.116400,3.65681,9.866,0.035,0.196,0,0,0
0.116420,3.65744,9.714,0.038,0.034,0,0,0
0.116440,3.65807,9.830,-0.058,0.080,0,0,0
0.116460,3.65870,9.785,-0.018,0.176,0,0,0
0.116480,3.65933,9.704,-0.101,0.223,0,0,0
0.116500,3.65996,9.730,-0.086,0.098,0,0,0
0.116520,3.66058,9.676,0.068,0.090,0,0,0
0.116540,3.66121,9.687,0.001,0.114,0,0,0
0.116560,3.66184,9.636,-0.047,0.135,0,0,0
0.116580,3.66247,9.605,-0.016,0.094,0,0,0
0.116600,3.66310,9.617,0.025,0.139,0,0,0
0.116620,3.66373,9.512,-0.018,0.156,0,0,0
0.116640,3.66435,9.507,-0.014,0.124,0,0,0
0.116660,3.66498,9.553,-0.006,0.196,0,0,0
0.116680,3.66561,9.526,0.010,0.088,0,0,0
0.116700,3.66624,9.519,-0.034,0.260,0,0,0
0.116720,3.66687,9.580,0.043,0.144,0,0,0
0.116740,3.66750,9.431,0.001,0.037,0,0,0
0.116760,3.66812,9.492,-0.008,0.230,0,0,0
0.116780,3.66875,9.529,-0.003,0.101,0,0,0
0.116800,3.66938,9.392,-0.050,0.126,0,0,0
0.116820,3.67001,9.488,0.067,0.142,0,0,0
0.116840,3.67064,9.374,0.012,0.069,0,0,0
0.116860,3.67127,9.460,0.005,0.152,0,0,0
0.116880,3.67189,9.470,-0.054,0.080,0,0,0
0.116900,3.67252,9.406,-0.026,0.034,0,0,0
0.116920,3.67315,9.381,-0.084,0.047,0,0,0
0.116940,3.67378,9.297,0.107,0.255,0,0,0
0.116960,3.67441,9.320,0.011,0.109,0,0,0
0.116980,3.67504,9.338,0.037,0.169,0,0,0
0.117000,3.67566,9.317,-0.097,0.158,0,0,0
0.117020,3.67629,9.402,0.063,0.184,0,0,0
0.117040,3.67692,9.270,-0.115,0.163,0,0,0
0.117060,3.67755,9.249,0.032,0.137,0,0,0
0.117080,3.67818,9.312,0.085,0.027,0,0,0
0.117100,3.67880,9.238,-0.050,0.133,0,0,0
0.117120,3.67943,9.265,-0.023,0.189,0,0,0
0.117140,3.68006,9.367,-0.038,0.138,540,0,0
0.117160,3.68069,9.603,0.058,0.085,540,0,0
0.117180,3.68132,9.658,0.047,0.105,540,0,0
0.117200,3.68195,9.875,-0.023,0.169,540,0,0
0.117220,3.68257,10.199,-0.086,0.109,540,0,0
0.117240,3.68320,10.326,-0.157,0.207,540,0,0
0.117260,3.68383,10.508,0.022,0.130,540,0,0
0.117280,3.68446,10.807,0.028,0.128,540,0,0
0.117300,3.68509,10.899,-0.049,0.199,0,0,0
0.117320,3.68572,10.832,-0.045,0.100,0,0,0
0.117340,3.68634,10.907,0.038,0.109,0,0,0
0.117360,3.68697,10.896,0.009,0.077,0,0,0
0.117380,3.68760,10.760,-0.039,0.144,0,0,0
0.117400,3.68823,10.743,-0.013,0.078,0,0,0
0.117420,3.68886,10.662,-0.020,0.120,0,0,0
0.117440,3.68949,10.751,-0.054,0.164,0,0,0
0.117460,3.69011,10.781,-0.054,0.108,0,0,0
0.117480,3.69074,10.794,-0.039,0.130,0,0,0
0.117500,3.69137,10.763,-0.022,0.134,0,0,0
0.117520,3.69200,10.736,0.037,0.173,0,0,0
0.117540,3.69263,10.713,-0.054,0.080,0,0,0
0.117560,3.69326,10.686,-0.085,0.147,0,0,0
0.117580,3.69388,10.564,0.026,0.089,0,0,0
0.117600,3.69451,10.613,0.022,0.058,0,0,0
0.117620,3.69514,10.612,-0.026,0.093,0,0,0
0.117640,3.69577,10.635,0.003,0.171,0,0,0
0.117660,3.69640,10.604,-0.025,0.086,0,0,0
0.117680,3.69703,10.601,0.022,0.264,0,0,0
0.117700,3.69765,10.680,0.010,0.124,0,0,0
0.117720,3.69828,10.613,0.051,0.179,0,0,0
0.117740,3.69891,10.622,-0.086,0.162,0,0,0
0.117760,3.69954,10.529,-0.066,0.067,0,0,0
0.117780,3.70017,10.560,-0.010,0.102,0,0,0
0.117800,3.70080,10.476,0.097,0.156,0,0,0
0.117820,3.70142,10.518,0.030,0.049,0,0,0
0.117840,3.70205,10.528,-0.034,0.045,0,0,0
0.117860,3.70268,10.476,0.155,0.091,0,0,0
0.117880,3.70331,10.515,0.020,0.008,0,0,0
0.117900,3.70394,10.517,-0.005,0.133,0,0,0
0.117920,3.70457,10.481,-0.030,0.130,0,0,0
0.117940,3.70519,10.512,0.000,0.135,0,0,0
0.117960,3.70582,10.400,-0.018,0.167,0,0,0
0.117980,3.70645,10.459,-0.030,0.157,0,0,0
0.118000,3.70708,10.410,-0.000,0.085,0,0,0
0.118020,3.70771,10.406,-0.065,0.094,0,0,0
0.118040,3.70834,10.364,-0.046,0.102,0,0,0
0.118060,3.70896,10.399,0.602,0.132,0,540,0
0.118080,3.70959,10.392,1.338,0.116,0,540,0
0.118100,3.71022,10.331,2.239,0.074,0,540,0
0.118120,3.71085,10.291,3.193,0.189,0,540,0
0.118140,3.71148,10.325,4.119,0.180,0,540,0
0.118160,3.71211,10.325,5.009,0.122,0,540,0
0.118180,3.71273,10.352,5.808,0.054,0,540,0
0.118200,3.71336,10.398,6.764,0.180,0,540,0
0.118220,3.71399,10.351,7.576,0.154,0,540,0
0.118240,3.71462,10.327,8.510,0.209,0,540,0
0.118260,3.71525,10.302,9.452,0.089,0,540,0
0.118280,3.71588,10.268,10.310,0.093,0,540,0
0.118300,3.71650,10.214,11.185,0.237,0,540,0
0.118320,3.71713,10.213,11.198,0.182,0,0,0
0.118340,3.71776,10.262,11.165,0.134,0,0,0
0.118360,3.71839,10.167,11.173,0.164,0,0,0
0.118380,3.71902,10.204,11.182,0.136,0,0,0
0.118400,3.71965,10.233,11.188,0.168,0,0,0
0.118420,3.72027,10.231,11.132,0.268,0,0,0
0.118440,3.72090,10.109,11.162,0.086,0,0,0
0.118460,3.72153,10.231,11.064,0.006,0,0,0
0.118480,3.72216,10.210,11.076,0.222,0,0,0
0.118500,3.72279,10.208,11.038,0.196,0,0,0
0.118520,3.72342,10.250,10.921,0.109,0,0,0
0.118540,3.72404,10.182,11.026,0.159,0,0,0
0.118560,3.72467,10.103,11.053,0.151,0,0,0
0.118580,3.72530,10.140,10.992,0.078,0,0,0
0.118600,3.72593,10.181,11.029,0.145,0,0,0
0.118620,3.72656,10.117,11.018,0.262,0,0,0
0.118640,3.72719,10.106,10.983,0.130,0,0,0
0.118660,3.72781,10.108,11.115,0.145,0,0,0
0.118680,3.72844,10.135,10.948,0.125,0,0,0
0.118700,3.72907,10.169,10.967,0.188,0,0,0
0.118720,3.72970,10.086,10.914,0.113,0,0,0
0.118740,3.73033,10.077,10.913,0.167,0,0,0
0.118760,3.73096,10.014,10.909,0.082,0,0,0
0.118780,3.73158,10.042,10.967,0.273,0,0,0
0.118800,3.73221,10.072,10.987,0.156,0,0,0
0.118820,3.73284,10.010,10.835,0.101,0,0,0
0.118840,3.73347,10.065,10.877,0.088,0,0,0
0.118860,3.73410,9.928,10.850,0.154,0,0,0
0.118880,3.73473,10.098,10.871,0.220,0,0,0
0.118900,3.73535,9.947,10.837,0.123,0,0,0
0.118920,3.73598,9.984,10.816,0.165,0,0,0
0.118940,3.73661,10.015,10.787,0.082,0,0,0
0.118960,3.73724,10.032,10.883,0.104,0,0,0
0.118980,3.73787,9.977,10.673,0.156,0,0,0
0.119000,3.73850,10.016,10.672,0.142,0,0,0
0.119020,3.73912,9.842,10.767,0.107,0,0,0
0.119040,3.73975,9.933,10.829,0.118,0,0,0
0.119060,3.74038,9.832,10.761,0.184,0,0,0
0.119080,3.74101,9.930,10.746,0.114,0,0,0
0.119100,3.74164,9.968,10.657,0.070,0,0,0
0.119120,3.74227,10.004,10.679,0.235,0,0,0
0.119140,3.74289,9.970,10.722,0.105,0,0,0
0.119160,3.74352,9.853,10.665,0.167,0,0,0
0.119180,3.74415,9.897,10.709,0.175,0,0,0
0.119200,3.74478,9.958,10.610,0.151,0,0,0
0.119220,3.74541,9.860,10.562,0.137,0,0,0
0.119240,3.74604,9.868,10.606,0.200,0,0,0
0.119260,3.74666,9.906,10.636,0.201,0,0,0
0.119280,3.74729,9.908,10.635,0.243,0,0,0
0.119300,3.74792,9.907,10.623,0.210,0,0,0
0.119320,3.74855,9.837,10.686,0.106,0,0,0
0.119340,3.74918,9.928,10.572,0.059,0,0,0
0.119360,3.74980,9.859,10.584,0.182,0,0,0
0.119380,3.75043,9.819,10.526,0.111,0,0,0
0.119400,3.75106,9.868,10.483,0.186,0,0,0
0.119420,3.75169,9.781,10.531,0.142,0,0,0
0.119440,3.75232,9.782,10.525,0.145,0,0,0
0.119460,3.75295,9.889,10.462,0.180,0,0,0
0.119480,3.75357,9.824,10.502,0.191,0,0,0
0.119500,3.75420,9.788,10.456,0.159,0,0,0
0.119520,3.75483,9.903,10.471,0.184,0,0,0
0.119540,3.75546,9.863,10.405,0.210,0,0,0
0.119560,3.75609,9.821,10.512,0.119,0,0,0
0.119580,3.75672,9.744,10.436,0.095,0,0,0
0.119600,3.75734,9.836,10.366,0.160,0,0,0
0.119620,3.75797,9.758,10.350,0.193,0,0,0
0.119640,3.75860,9.763,10.329,0.228,0,0,0
0.119660,3.75923,9.748,10.271,0.116,0,0,0
0.119680,3.75986,9.733,10.377,0.183,0,0,0
0.119700,3.76049,9.764,10.291,0.155,0,0,0
0.119720,3.76111,9.658,10.286,0.077,0,0,0
0.119740,3.76174,9.731,10.329,0.168,0,0,0
0.119760,3.76237,9.696,10.272,0.149,0,0,0
0.119780,3.76300,9.844,10.307,0.215,0,0,0
0.119800,3.76363,9.738,10.264,0.115,0,0,0
0.119820,3.76426,9.711,10.243,0.087,0,0,0
0.119840,3.76488,9.775,10.246,0.128,0,0,0
0.119860,3.76551,9.628,10.277,0.125,0,0,0
0.119880,3.76614,9.762,10.184,0.201,0,0,0
0.119900,3.76677,9.739,10.262,0.138,0,0,0
0.119920,3.76740,9.717,10.279,0.165,0,0,0
0.119940,3.76803,9.743,10.227,0.134,0,0,0
0.119960,3.76865,9.750,10.198,0.109,0,0,0
0.119980,3.76928,9.810,10.172,0.169,0,0,0
0.120000,3.76991,9.704,10.031,0.209,0,0,0
0.120020,3.77054,9.701,10.197,0.101,0,0,0
0.120040,3.77117,9.730,10.166,0.098,0,0,0
0.120060,3.77180,9.739,10.163,0.190,0,0,0
0.120080,3.77242,9.647,10.090,0.233,0,0,0
0.120100,3.77305,9.691,10.122,0.168,0,0,0
0.120120,3.77368,9.631,10.093,0.245,0,0,0
0.120140,3.77431,9.703,10.151,0.182,0,0,0
0.120160,3.77494,9.615,10.054,0.165,0,0,0
0.120180,3.77557,9.585,9.979,0.135,0,0,0
0.120200,3.77619,9.649,9.957,0.201,0,0,0
0.120220,3.77682,9.698,10.059,0.108,0,0,0
0.120240,3.77745,9.628,10.071,0.259,0,0,0
0.120260,3.77808,9.638,9.978,0.181,0,0,0
0.120280,3.77871,9.612,9.963,0.226,0,0,0
0.120300,3.77934,9.581,9.925,0.239,0,0,0
0.120320,3.77996,9.573,9.913,0.255,0,0,0
0.120340,3.78059,9.648,9.932,0.162,0,0,0
0.120360,3.78122,9.643,9.883,0.220,0,0,0
0.120380,3.78185,9.639,9.871,0.167,0,0,0
0.120400,3.78248,9.587,9.878,0.163,0,0,0
0.120420,3.78311,9.656,9.911,0.156,0,0,0
0.120440,3.78373,9.610,9.837,0.153,0,0,0
0.120460,3.78436,9.557,9.856,0.160,0,0,0
0.120480,3.78499,9.640,9.826,0.201,0,0,0
0.120500,3.78562,9.551,9.762,0.275,0,0,0
0.120520,3.78625,9.521,9.833,0.224,0,0,0
0.120540,3.78688,9.596,9.774,0.141,0,0,0
0.120560,3.78750,9.609,9.782,0.213,0,0,0
0.120580,3.78813,9.623,9.824,0.237,0,0,0
0.120600,3.78876,9.583,9.780,0.102,0,0,0
0.120620,3.78939,9.558,9.733,0.185,0,0,0
0.120640,3.79002,9.575,9.715,0.097,0,0,0
0.120660,3.79065,9.538,9.774,0.164,0,0,0
0.120680,3.79127,9.606,9.822,0.248,0,0,0
0.120700,3.79190,9.581,9.645,0.066,0,0,-540
0.120720,3.79253,9.537,9.695,0.171,0,0,0
0.120740,3.79316,9.579,9.626,0.157,0,0,0
0.120760,3.79379,9.498,9.613,0.143,0,0,0
0.120780,3.79442,9.532,9.638,0.085,0,0,0
0.120800,3.79504,9.599,9.637,0.160,0,0,0
0.120820,3.79567,9.481,9.597,0.145,0,0,0
0.120840,3.79630,9.495,9.585,0.118,-540,0,0
0.120860,3.79693,9.199,9.490,0.162,-540,0,0
0.120880,3.79756,9.054,9.516,0.171,-540,0,0
0.120900,3.79819,8.892,9.573,0.044,-540,0,0
0.120920,3.79881,8.697,9.549,0.130,-540,0,0
0.120940,3.79944,8.481,9.467,0.096,-540,0,0
0.120960,3.80007,8.289,9.527,0.143,-540,0,0
0.120980,3.80070,8.089,9.451,0.118,-540,0,0
0.121000,3.80133,7.893,9.429,0.145,-540,0,0
0.121020,3.80196,7.659,9.506,0.147,-540,0,0
0.121040,3.80258,7.476,9.425,0.078,-540,0,0
0.121060,3.80321,7.398,9.462,0.143,-540,0,0
0.121080,3.80384,7.186,9.487,0.207,-540,0,0
0.121100,3.80447,7.136,9.297,0.087,-540,0,0
0.121120,3.80510,6.971,9.399,0.184,-540,0,0
0.121140,3.80573,6.727,9.402,0.147,-540,0,0
0.121160,3.80635,6.510,9.267,0.172,-540,0,0
0.121180,3.80698,6.457,9.372,0.144,-540,0,0
0.121200,3.80761,6.237,9.161,0.113,-540,0,0
0.121220,3.80824,6.031,9.207,0.158,-540,0,0
0.121240,3.80887,5.934,9.665,0.103,-540,540,0
0.121260,3.80950,5.788,10.627,0.172,-540,540,0
0.121280,3.81012,5.558,10.998,0.128,-540,0,0
0.121300,3.81075,5.482,10.984,0.105,-540,0,0
0.121320,3.81138,5.333,10.795,0.127,-540,0,0
0.121340,3.81201,5.212,10.896,0.098,-540,0,0
0.121360,3.81264,5.110,10.807,0.099,-540,0,0
0.121380,3.81327,4.979,10.897,0.219,-540,0,0
0.121400,3.81389,4.769,10.882,0.160,-540,0,0
0.121420,3.81452,4.623,10.792,0.141,-540,0,0
0.121440,3.81515,4.541,10.778,0.116,-540,0,0
0.121460,3.81578,4.364,10.790,0.163,-540,0,0
0.121480,3.81641,4.284,10.760,0.111,-540,0,0
0.121500,3.81704,4.121,10.771,0.176,-540,0,0
0.121520,3.81766,3.992,10.775,0.177,-540,0,0
0.121540,3.81829,3.930,10.694,0.115,-540,0,0
0.121560,3.81892,3.895,10.747,0.113,-540,0,0
0.121580,3.81955,3.606,10.755,0.146,-540,0,0
0.121600,3.82018,3.492,10.611,0.202,-540,0,0
0.121620,3.82080,3.368,10.609,0.185,-540,0,0
0.121640,3.82143,3.167,10.565,0.075,-540,0,0
0.121660,3.82206,3.144,10.572,0.186,-540,0,0
0.121680,3.82269,3.124,10.581,0.120,-540,0,0
0.121700,3.82332,2.931,10.489,0.144,-540,0,0
0.121720,3.82395,2.773,10.569,0.185,-540,0,0
0.121740,3.82457,2.727,10.456,0.170,-540,0,0
0.121760,3.82520,2.529,10.500,0.180,-540,0,0
0.121780,3.82583,2.390,10.473,0.130,-540,0,0
0.121800,3.82646,2.319,10.470,0.199,-540,0,0
0.121820,3.82709,2.226,10.403,0.213,-540,0,0
0.121840,3.82772,2.156,10.494,0.131,-540,0,0
0.121860,3.82834,1.969,10.393,0.135,-540,0,0
0.121880,3.82897,1.925,10.337,0.064,-540,0,0
0.121900,3.82960,1.692,10.361,0.096,-540,0,0
0.121920,3.83023,1.580,10.337,0.080,-540,0,0
0.121940,3.83086,1.461,10.308,0.195,-540,0,0
0.121960,3.83149,1.454,10.288,0.004,-540,0,-540
0.121980,3.83211,1.474,10.272,0.128,-540,0,0
0.122000,3.83274,1.269,10.250,0.042,-540,0,0
0.122020,3.83337,1.161,10.119,0.060,-540,0,0
0.122040,3.83400,1.063,10.269,0.067,-540,0,0
0.122060,3.83463,0.950,10.070,-0.006,-540,0,0
0.122080,3.83526,0.869,10.085,-0.085,-540,0,0
0.122100,3.83588,0.804,10.047,0.055,-540,0,0
0.122120,3.83651,0.600,10.051,0.113,-540,0,0
0.122140,3.83714,0.572,10.022,0.053,-540,0,0
0.122160,3.83777,0.486,10.105,0.034,-540,0,0
0.122180,3.83840,0.394,10.039,0.038,-540,0,0
0.122200,3.83903,0.203,10.003,0.062,-540,0,0
0.122220,3.83965,0.242,9.944,0.053,0,0,0
0.122240,3.84028,0.233,9.900,0.074,0,0,0
0.122260,3.84091,0.290,9.878,0.079,0,0,0
0.122280,3.84154,0.134,9.880,0.012,0,0,0
0.122300,3.84217,0.154,9.942,-0.043,0,0,0
0.122320,3.84280,0.163,9.751,0.014,0,0,0
0.122340,3.84342,0.160,9.845,0.035,0,0,0
0.122360,3.84405,0.236,9.828,0.101,0,0,0
0.122380,3.84468,0.269,9.712,-0.003,0,0,0
0.122400,3.84531,0.132,9.798,0.069,0,0,0
0.122420,3.84594,0.252,9.733,0.070,0,0,0
0.122440,3.84657,0.186,9.644,0.167,0,0,0
0.122460,3.84719,0.354,9.731,0.034,0,0,0
0.122480,3.84782,0.278,9.559,0.037,-540,0,0
0.122500,3.84845,0.122,9.593,0.062,0,0,0
0.122520,3.84908,0.178,9.629,0.081,0,0,0
0.122540,3.84971,0.192,9.554,0.101,0,0,0
0.122560,3.85034,0.250,9.547,-0.041,0,0,0
0.122580,3.85096,0.171,9.494,0.089,0,0,0
0.122600,3.85159,0.197,9.619,0.141,0,0,0
0.122620,3.85222,0.174,9.414,0.034,0,0,0
0.122640,3.85285,0.167,9.511,0.075,0,0,0
0.122660,3.85348,0.143,9.464,0.069,0,0,0
0.122680,3.85411,0.092,9.412,-0.008,0,0,0
0.122700,3.85473,0.254,9.311,0.086,0,0,0
0.122720,3.85536,0.181,9.374,0.014,0,0,0
0.122740,3.85599,0.171,9.214,0.055,0,0,0
0.122760,3.85662,0.060,9.286,0.055,0,0,0
0.122780,3.85725,0.162,9.201,-0.020,0,0,0
0.122800,3.85788,0.092,9.280,0.057,0,0,0
0.122820,3.85850,0.062,9.698,0.144,0,540,0
0.122840,3.85913,0.133,10.467,0.075,0,540,0
0.122860,3.85976,0.178,11.168,0.078,0,540,0
0.122880,3.86039,0.190,11.149,0.059,0,0,0
0.122900,3.86102,0.179,11.128,0.075,0,0,0
0.122920,3.86165,0.209,11.111,0.121,0,0,0
0.122940,3.86227,0.101,11.045,0.082,0,0,0
0.122960,3.86290,0.183,11.001,0.045,0,0,0
0.122980,3.86353,0.177,11.007,0.095,0,0,0
0.123000,3.86416,0.186,11.020,0.101,0,0,0
0.123020,3.86479,0.132,10.917,0.043,0,0,0
0.123040,3.86542,0.132,10.884,0.172,0,0,0
0.123060,3.86604,0.081,10.869,0.128,0,0,0
0.123080,3.86667,0.032,10.867,0.103,0,0,0
0.123100,3.86730,0.144,10.835,-0.054,0,0,0
0.123120,3.86793,0.192,10.813,0.136,0,0,0
0.123140,3.86856,0.105,10.774,0.122,0,0,0
0.123160,3.86919,0.076,10.661,0.069,0,0,0
0.123180,3.86981,0.100,10.661,0.026,0,0,0
0.123200,3.87044,0.089,10.718,0.098,0,0,0
0.123220,3.87107,0.102,10.654,0.117,0,0,0
0.123240,3.87170,0.103,10.614,0.077,0,0,0
0.123260,3.87233,0.145,10.477,0.054,0,0,0
0.123280,3.87296,0.059,10.409,0.118,0,0,0
0.123300,3.87358,0.143,10.457,0.014,0,0,0
0.123320,3.87421,0.120,10.296,0.116,0,0,0
0.123340,3.87484,0.053,10.387,0.085,0,0,0
0.123360,3.87547,0.154,10.302,0.075,0,0,0
0.123380,3.87610,0.205,10.300,0.072,0,0,0
0.123400,3.87673,0.078,10.294,0.047,0,0,0
0.123420,3.87735,0.107,10.233,0.080,0,0,0
0.123440,3.87798,0.101,10.319,-0.011,0,0,0
0.123460,3.87861,0.090,10.091,0.087,0,0,0
0.123480,3.87924,0.103,10.097,0.089,0,0,0
0.123500,3.87987,0.079,10.089,0.118,0,0,0
0.123520,3.88050,0.121,10.107,-0.008,0,0,0
0.123540,3.88112,0.134,9.963,0.071,0,0,0
0.123560,3.88175,0.157,10.096,0.127,0,0,0
0.123580,3.88238,0.123,9.912,0.071,0,0,0
0.123600,3.88301,0.116,9.997,0.060,0,0,0
0.123620,3.88364,0.102,9.893,0.105,0,0,0
0.123640,3.88427,-0.011,9.815,0.108,0,0,0
0.123660,3.88489,0.168,9.807,0.080,0,0,0
0.123680,3.88552,0.071,9.830,0.087,0,0,0
0.123700,3.88615,0.046,9.757,0.102,0,0,0
0.123720,3.88678,0.137,9.700,0.210,0,0,0
0.123740,3.88741,0.093,9.713,0.069,0,0,0
0.123760,3.88804,0.108,9.608,0.106,0,0,0
0.123780,3.88866,0.047,9.646,0.052,0,0,0
0.123800,3.88929,0.058,9.560,0.018,0,0,0
0.123820,3.88992,0.077,9.641,0.056,0,0,0
0.123840,3.89055,0.192,9.545,-0.011,0,0,0
0.123860,3.89118,0.092,9.458,0.164,0,0,0
0.123880,3.89180,0.186,9.423,0.114,0,0,0
0.123900,3.89243,0.117,9.393,0.059,0,0,0
0.123920,3.89306,0.182,9.335,0.160,0,0,0
0.123940,3.89369,0.138,9.269,0.047,0,0,0
0.123960,3.89432,0.119,9.257,0.034,0,0,0
0.123980,3.89495,0.083,9.524,0.074,0,540,0
0.124000,3.89557,0.119,10.334,0.171,0,540,0
0.124020,3.89620,0.136,10.964,0.087,0,540,0
0.124040,3.89683,0.148,10.993,-0.015,0,0,0
0.124060,3.89746,0.227,10.946,0.116,0,0,0
0.124080,3.89809,0.168,10.888,0.073,0,0,0
0.124100,3.89872,0.118,10.823,0.060,0,0,0
0.124120,3.89934,0.147,10.833,0.005,0,0,0
0.124140,3.89997,0.073,10.797,0.139,0,0,0
0.124160,3.90060,0.070,10.722,0.112,0,0,0
0.124180,3.90123,0.052,10.800,-0.006,0,0,0
0.124200,3.90186,0.189,10.678,0.094,0,0,0
0.124220,3.90249,0.154,10.608,0.068,0,0,0
0.124240,3.90311,0.131,10.533,0.003,0,0,0
0.124260,3.90374,0.146,10.542,0.018,0,0,0
0.124280,3.90437,0.095,10.372,0.150,0,0,0
0.124300,3.90500,0.159,10.478,0.120,0,0,0
0.124320,3.90563,0.088,10.333,0.122,0,0,0
0.124340,3.90626,0.136,10.336,0.091,0,0,0
0.124360,3.90688,0.010,10.378,0.079,0,0,0
0.124380,3.90751,0.126,10.162,0.137,0,0,0
0.124400,3.90814,0.139,10.214,0.042,0,0,0
0.124420,3.90877,0.190,10.110,0.224,0,0,0
0.124440,3.90940,0.079,10.032,0.208,0,0,0
0.124460,3.91003,0.151,9.943,0.091,0,0,0
0.124480,3.91065,0.140,10.078,0.157,0,0,0
0.124500,3.91128,0.141,9.925,-0.016,0,0,0
0.124520,3.91191,0.031,9.884,0.195,0,0,0
0.124540,3.91254,0.169,9.848,0.052,0,0,0
0.124560,3.91317,0.128,9.832,0.169,0,0,0
0.124580,3.91380,0.075,9.688,0.135,0,0,0
0.124600,3.91442,0.013,9.678,0.149,0,0,0
0.124620,3.91505,0.215,9.687,0.101,0,0,0
0.124640,3.91568,0.163,9.553,0.042,0,0,0
0.124660,3.91631,0.157,9.563,0.056,0,0,0
0.124680,3.91694,0.129,9.576,0.037,0,0,0
0.124700,3.91757,0.168,9.475,0.154,0,0,0
0.124720,3.91819,0.146,9.360,0.164,0,0,0
0.124740,3.91882,0.099,9.457,0.095,0,0,0
0.124760,3.91945,0.108,9.325,0.175,0,0,0
0.124780,3.92008,0.113,9.329,0.024,0,0,0
0.124800,3.92071,0.075,9.248,0.046,0,0,0
0.124820,3.92134,0.081,9.557,0.110,0,540,0
0.124840,3.92196,0.141,10.168,0.174,0,540,0
0.124860,3.92259,0.095,10.796,0.072,0,540,0
0.124880,3.92322,0.042,10.703,0.132,0,0,0
0.124900,3.92385,0.081,10.727,0.131,0,0,0
0.124920,3.92448,0.140,10.678,0.146,0,0,0
0.124940,3.92511,0.085,10.605,0.040,0,0,0
0.124960,3.92573,0.096,10.476,0.087,0,0,0
0.124980,3.92636,0.103,10.562,0.036,0,0,0
0.125000,3.92699,0.097,10.407,0.100,0,0,0
0.125020,3.92762,0.102,10.407,0.182,0,0,0
0.125040,3.92825,0.145,10.455,0.088,0,0,0
0.125060,3.92888,0.155,10.217,0.151,0,0,0
0.125080,3.92950,0.062,10.134,0.092,0,0,0
0.125100,3.93013,0.127,10.122,0.168,0,0,0
0.125120,3.93076,0.200,10.028,0.175,0,0,0
0.125140,3.93139,-0.001,9.962,0.150,0,0,0
0.125160,3.93202,0.050,9.983,0.170,0,0,0
0.125180,3.93265,0.044,9.976,0.107,0,0,0
0.125200,3.93327,0.055,9.911,0.077,0,0,0
0.125220,3.93390,0.191,9.804,0.046,0,0,0
0.125240,3.93453,0.052,9.843,0.190,0,0,0
0.125260,3.93516,0.112,9.768,0.105,0,0,0
0.125280,3.93579,0.123,9.737,0.174,0,0,0
0.125300,3.93642,0.092,9.663,0.045,0,0,0
0.125320,3.93704,0.152,9.535,0.096,0,0,0
0.125340,3.93767,0.114,9.562,0.056,0,0,0
0.125360,3.93830,0.092,9.372,0.051,0,0,0
0.125380,3.93893,0.054,9.374,0.167,0,0,0
0.125400,3.93956,0.004,9.389,0.143,0,0,0
0.125420,3.94019,0.123,9.302,0.077,0,0,0
0.125440,3.94081,0.090,9.208,0.240,0,0,0
0.125460,3.94144,0.173,9.266,0.127,0,0,0
0.125480,3.94207,0.143,9.409,0.123,0,540,0
0.125500,3.94270,0.075,10.015,0.105,0,540,0
0.125520,3.94333,0.060,10.624,0.111,0,540,0
0.125540,3.94396,0.082,10.855,0.069,0,0,0
0.125560,3.94458,0.169,10.645,0.171,0,0,0
0.125580,3.94521,0.110,10.730,0.189,0,0,0
0.125600,3.94584,0.248,10.656,0.111,0,0,0
0.125620,3.94647,0.068,10.548,0.125,0,0,0
0.125640,3.94710,0.088,10.512,0.035,0,0,0
0.125660,3.94773,0.198,10.529,0.125,0,0,0
0.125680,3.94835,0.150,10.377,0.223,0,0,0
0.125700,3.94898,0.086,10.418,0.231,0,0,0
0.125720,3.94961,0.114,10.349,0.210,0,0,0
0.125740,3.95024,0.167,10.227,0.071,0,0,0
0.125760,3.95087,0.143,10.157,0.061,0,0,0
0.125780,3.95150,0.155,10.087,0.134,0,0,0
0.125800,3.95212,0.056,10.113,0.217,0,0,0
0.125820,3.95275,0.142,9.979,0.153,0,0,0
0.125840,3.95338,0.121,9.899,0.172,0,0,0
0.125860,3.95401,0.061,9.844,0.109,0,0,0
0.125880,3.95464,0.107,9.824,0.155,0,0,0
0.125900,3.95527,0.177,9.746,0.151,0,0,0
0.125920,3.95589,0.112,9.662,0.211,0,0,0
0.125940,3.95652,0.166,9.643,0.116,0,0,0
0.125960,3.95715,0.133,9.515,0.207,0,0,0
0.125980,3.95778,0.063,9.542,0.055,0,0,0
0.126000,3.95841,0.172,9.515,0.121,0,0,0
0.126020,3.95904,0.115,9.421,0.142,0,0,0
0.126040,3.95966,0.176,9.322,0.153,0,0,0
0.126060,3.96029,0.091,9.255,0.087,0,0,0
0.126080,3.96092,0.198,9.140,0.113,0,0,0
0.126100,3.96155,0.121,9.067,0.161,0,0,0
0.126120,3.96218,0.126,9.559,0.170,0,540,0
0.126140,3.96280,0.160,10.166,0.205,0,540,0
0.126160,3.96343,0.067,10.688,0.223,0,540,0
0.126180,3.96406,0.137,10.811,0.227,0,0,0
0.126200,3.96469,0.063,10.826,0.150,0,0,0
0.126220,3.96532,0.163,10.778,0.130,0,0,0
0.126240,3.96595,0.141,10.748,0.127,0,0,0
0.126260,3.96657,0.111,10.669,0.060,0,0,0
0.126280,3.96720,0.090,10.617,0.107,0,0,0
0.126300,3.96783,0.173,10.534,0.125,0,0,0
0.126320,3.96846,0.139,10.421,0.176,0,0,0
0.126340,3.96909,0.081,10.371,0.078,0,0,0
0.126360,3.96972,0.199,10.332,0.039,0,0,0
0.126380,3.97034,0.191,10.208,0.120,0,0,0
0.126400,3.97097,0.174,10.165,0.105,0,0,0
0.126420,3.97160,0.186,10.075,0.073,0,0,0
0.126440,3.97223,0.126,10.018,0.138,0,0,0
0.126460,3.97286,0.012,10.040,0.150,0,0,0
0.126480,3.97349,0.138,9.925,0.129,0,0,0
0.126500,3.97411,0.215,9.893,0.168,0,0,0
0.126520,3.97474,0.145,9.724,0.134,0,0,0
0.126540,3.97537,0.038,9.637,0.181,0,0,0
0.126560,3.97600,0.204,9.729,0.187,0,0,0
0.126580,3.97663,0.160,9.649,0.250,0,0,0
0.126600,3.97726,0.115,9.556,0.181,0,0,0
0.126620,3.97788,0.066,9.498,0.073,0,0,0
0.126640,3.97851,0.162,9.431,0.129,0,0,0
0.126660,3.97914,0.033,9.365,0.134,0,0,0
0.126680,3.97977,0.050,9.398,0.141,0,0,0
0.126700,3.98040,0.121,9.487,0.213,0,540,0
0.126720,3.98103,0.126,9.902,0.172,0,540,0
0.126740,3.98165,0.077,10.328,0.149,0,540,0
0.126760,3.98228,0.132,10.843,0.215,0,540,0
0.126780,3.98291,0.182,10.674,0.097,0,0,0
0.126800,3.98354,0.138,10.701,0.123,0,0,0
0.126820,3.98417,0.095,10.685,0.133,0,0,0
0.126840,3.98480,0.033,10.551,0.155,0,0,0
0.126860,3.98542,0.163,10.409,0.107,0,0,0
0.126880,3.98605,0.062,10.372,0.162,0,0,0
0.126900,3.98668,0.138,10.449,0.111,0,0,0
0.126920,3.98731,0.128,10.245,0.045,0,0,0
0.126940,3.98794,0.087,10.191,0.218,0,0,0
0.126960,3.98857,0.123,10.125,0.084,0,0,0
0.126980,3.98919,0.025,10.059,0.207,0,0,0
0.127000,3.98982,0.054,10.003,0.135,0,0,0
0.127020,3.99045,0.142,9.920,0.119,0,0,0
0.127040,3.99108,0.162,9.871,0.198,0,0,0
0.127060,3.99171,0.106,9.759,0.141,0,0,0
0.127080,3.99234,0.165,9.766,0.120,0,0,0
0.127100,3.99296,0.179,9.671,0.131,0,0,0
0.127120,3.99359,0.102,9.546,0.157,0,0,0
0.127140,3.99422,0.084,9.529,0.132,0,0,0
0.127160,3.99485,0.147,9.531,0.154,0,0,0
0.127180,3.99548,0.180,9.458,0.158,0,0,0
0.127200,3.99611,0.189,9.338,0.199,0,0,0
0.127220,3.99673,0.071,9.298,0.232,0,0,0
0.127240,3.99736,0.079,9.287,0.157,0,0,0
0.127260,3.99799,0.119,9.651,0.225,0,540,0
0.127280,3.99862,0.134,10.058,0.201,0,540,0
0.127300,3.99925,0.134,10.420,0.128,0,540,0
0.127320,3.99988,0.078,10.880,0.164,0,540,0
0.127340,4.00050,0.119,10.797,0.261,0,0,0
0.127360,4.00113,0.102,10.664,0.174,0,0,0
0.127380,4.00176,0.120,10.637,0.158,0,0,0
0.127400,4.00239,-0.007,10.496,0.150,0,0,0
0.127420,4.00302,0.109,10.537,0.102,0,0,0
0.127440,4.00365,0.132,10.397,0.135,0,0,0
0.127460,4.00427,0.057,10.458,0.180,0,0,0
0.127480,4.00490,0.104,10.231,0.143,0,0,0
0.127500,4.00553,0.139,10.271,0.175,0,0,0
0.127520,4.00616,0.070,10.157,0.313,0,0,0
0.127540,4.00679,0.162,10.038,0.146,0,0,0
0.127560,4.00742,0.081,10.035,0.163,0,0,0
0.127580,4.00804,0.204,10.005,0.201,0,0,0
0.127600,4.00867,0.141,9.918,0.127,0,0,0
0.127620,4.00930,0.079,9.837,0.133,0,0,0
0.127640,4.00993,0.056,9.729,0.199,0,0,0
0.127660,4.01056,0.142,9.642,0.153,0,0,0
0.127680,4.01119,0.137,9.617,0.101,0,0,0
0.127700,4.01181,0.076,9.490,0.172,0,0,0
0.127720,4.01244,0.095,9.500,0.146,0,0,0
0.127740,4.01307,0.060,9.440,0.134,0,0,0
0.127760,4.01370,0.108,9.186,0.203,0,0,0
0.127780,4.01433,0.224,9.330,0.156,0,0,0
0.127800,4.01496,0.223,9.242,0.122,0,0,0
0.127820,4.01558,0.066,9.180,0.195,0,0,0
0.127840,4.01621,0.099,9.552,0.195,0,540,0
0.127860,4.01684,0.164,10.003,0.202,0,540,0
0.127880,4.01747,0.121,10.230,0.173,0,540,0
0.127900,4.01810,0.026,10.609,0.173,0,540,0
0.127920,4.01873,0.071,10.908,0.201,0,540,0
0.127940,4.01935,0.041,10.921,0.218,0,0,0
0.127960,4.01998,0.137,10.895,0.176,0,0,0
0.127980,4.02061,0.187,10.747,0.219,0,0,0
0.128000,4.02124,0.172,10.712,0.172,0,0,0
0.128020,4.02187,0.177,10.534,0.185,0,0,0
0.128040,4.02250,0.161,10.566,0.174,0,0,0
0.128060,4.02312,0.200,10.372,0.200,0,0,0
0.128080,4.02375,0.105,10.382,0.241,0,0,0
0.128100,4.02438,0.019,10.330,0.192,0,0,0
0.128120,4.02501,0.034,10.332,0.133,0,0,0
0.128140,4.02564,0.094,10.205,0.029,0,0,0
0.128160,4.02627,0.103,10.206,0.257,0,0,0
0.128180,4.02689,0.099,10.095,0.187,0,0,0
0.128200,4.02752,0.127,9.968,0.194,0,0,0
0.128220,4.02815,0.103,9.987,0.103,0,0,0
0.128240,4.02878,0.154,9.809,0.139,0,0,0
0.128260,4.02941,0.115,9.950,0.219,0,0,0
0.128280,4.03004,0.075,9.666,0.056,0,0,0
0.128300,4.03066,0.080,9.652,0.119,0,0,0
0.128320,4.03129,0.147,9.603,0.121,0,0,0
0.128340,4.03192,0.111,9.517,0.227,0,0,0
0.128360,4.03255,0.107,9.444,0.196,0,0,0
0.128380,4.03318,0.129,9.371,0.185,0,0,0
0.128400,4.03380,0.091,9.374,0.090,0,0,0
0.128420,4.03443,0.161,9.354,0.191,0,0,0
0.128440,4.03506,0.057,9.219,0.106,0,0,0
0.128460,4.03569,0.163,9.208,0.247,0,0,0
0.128480,4.03632,0.094,9.372,0.069,0,540,0
0.128500,4.03695,0.109,9.697,0.178,0,540,0
0.128520,4.03757,0.118,9.875,0.213,0,540,0
0.128540,4.03820,0.186,10.251,0.181,0,540,0
0.128560,4.03883,0.127,10.517,0.135,0,540,0
0.128580,4.03946,0.065,10.871,0.211,0,540,0
0.128600,4.04009,0.167,10.806,0.163,0,0,0
0.128620,4.04072,0.106,10.745,0.282,0,0,0
0.128640,4.04134,0.064,10.664,0.186,0,0,0
0.128660,4.04197,0.076,10.597,0.126,0,0,0
0.128680,4.04260,0.125,10.500,0.242,0,0,0
0.128700,4.04323,0.150,10.544,0.150,0,0,0
0.128720,4.04386,0.072,10.412,0.072,0,0,0
0.128740,4.04449,0.087,10.372,0.193,0,0,0
0.128760,4.04511,0.128,10.241,0.128,0,0,0
0.128780,4.04574,0.086,10.178,0.206,0,0,0
0.128800,4.04637,0.166,10.191,0.166,0,0,0
0.128820,4.04700,0.121,10.168,0.135,0,0,0
0.128840,4.04763,0.109,10.118,0.110,0,0,0
0.128860,4.04826,0.057,10.023,0.268,0,0,0
0.128880,4.04888,0.137,9.919,0.134,0,0,0
0.128900,4.04951,0.100,9.938,0.247,0,0,0
0.128920,4.05014,0.159,9.856,0.178,0,0,0
0.128940,4.05077,0.172,9.670,0.137,0,0,0
0.128960,4.05140,0.123,9.680,0.176,0,0,0
0.128980,4.05203,0.088,9.626,0.117,0,0,0
0.129000,4.05265,0.146,9.608,0.224,0,0,0
0.129020,4.05328,0.149,9.413,0.252,0,0,0
0.129040,4.05391,0.147,9.471,0.103,0,0,0
0.129060,4.05454,0.030,9.392,0.145,0,0,0
0.129080,4.05517,0.108,9.354,0.159,0,0,0
0.129100,4.05580,0.107,9.213,0.182,0,0,0
0.129120,4.05642,0.094,9.251,0.173,0,0,0
0.129140,4.05705,0.172,9.161,0.166,0,0,0
0.129160,4.05768,0.111,9.510,0.123,0,540,0
0.129180,4.05831,0.124,9.694,0.222,0,540,0
0.129200,4.05894,0.100,10.092,0.191,0,540,0
0.129220,4.05957,0.155,10.218,0.132,0,540,0
0.129240,4.06019,0.126,10.666,0.136,0,540,0
0.129260,4.06082,0.067,10.820,0.158,0,540,0
0.129280,4.06145,0.158,10.854,0.175,0,0,0
0.129300,4.06208,0.041,10.697,0.056,0,0,0
0.129320,4.06271,0.073,10.680,0.270,0,0,0
0.129340,4.06334,0.006,10.610,0.147,0,0,0
0.129360,4.06396,0.050,10.575,0.175,0,0,0
0.129380,4.06459,0.195,10.526,0.250,0,0,0
0.129400,4.06522,0.135,10.417,0.204,0,0,0
0.129420,4.06585,0.152,10.386,0.183,0,0,0
0.129440,4.06648,0.138,10.285,0.152,0,0,0
0.129460,4.06711,0.111,10.244,0.091,0,0,0
0.129480,4.06773,0.097,10.181,0.176,0,0,0
0.129500,4.06836,0.163,10.088,0.135,0,0,0
0.129520,4.06899,0.242,10.097,0.249,0,0,0
0.129540,4.06962,0.137,10.127,0.172,0,0,0
0.129560,4.07025,0.049,10.012,0.212,0,0,0
0.129580,4.07088,0.133,9.911,0.220,0,0,0
0.129600,4.07150,0.081,9.786,0.142,0,0,0
0.129620,4.07213,0.072,9.848,0.208,0,0,0
0.129640,4.07276,0.104,9.738,0.138,0,0,0
0.129660,4.07339,0.172,9.666,0.145,0,0,0
0.129680,4.07402,0.063,9.697,0.268,0,0,0
0.129700,4.07465,0.064,9.661,0.139,0,0,0
0.129720,4.07527,0.142,9.655,0.241,0,0,0
0.129740,4.07590,0.056,9.436,0.173,0,0,0
0.129760,4.07653,-0.013,9.477,0.112,0,0,0
0.129780,4.07716,0.171,9.425,0.201,0,0,0
0.129800,4.07779,0.105,9.382,0.204,0,0,0
0.129820,4.07842,0.086,9.301,0.179,0,0,0
0.129840,4.07904,0.131,9.283,0.166,0,0,0
0.129860,4.07967,0.120,9.212,0.112,0,0,0
0.129880,4.08030,0.127,9.162,0.055,0,0,0
0.129900,4.08093,0.041,9.105,0.172,0,0,0
0.129920,4.08156,0.159,9.426,0.143,0,540,0
0.129940,4.08219,0.184,9.620,0.273,0,540,0
0.129960,4.08281,0.075,9.921,0.163,0,540,0
0.129980,4.08344,0.175,10.168,0.112,0,540,0
0.130000,4.08407,0.108,10.364,0.104,0,540,0
0.130020,4.08470,0.180,10.673,0.183,0,540,0
0.130040,4.08533,0.100,10.903,0.141,0,540,0
0.130060,4.08596,0.156,10.814,0.093,0,0,0
0.130080,4.08658,0.116,10.779,0.135,0,0,0
0.130100,4.08721,0.103,10.734,0.197,0,0,0
0.130120,4.08784,0.110,10.683,0.192,0,0,0
0.130140,4.08847,0.116,10.667,0.150,0,0,0
0.130160,4.08910,0.124,10.570,0.209,0,0,0
0.130180,4.08973,0.160,10.513,0.093,0,0,0
0.130200,4.09035,0.017,10.499,0.150,0,0,0
0.130220,4.09098,0.194,10.446,0.256,0,0,0
0.130240,4.09161,0.070,10.412,0.160,0,0,0
0.130260,4.09224,0.048,10.293,0.197,0,0,0
0.130280,4.09287,0.143,10.389,0.164,0,0,0
0.130300,4.09350,0.228,10.322,0.170,0,0,0
0.130320,4.09412,0.116,10.258,0.141,0,0,0
0.130340,4.09475,0.164,10.129,0.152,0,0,0
0.130360,4.09538,0.066,10.062,0.186,0,0,0
0.130380,4.09601,0.110,10.001,0.172,0,0,0
0.130400,4.09664,0.062,9.949,0.157,0,0,0
0.130420,4.09727,0.238,9.979,0.141,0,0,0
0.130440,4.09789,0.119,9.886,0.198,0,0,0
0.130460,4.09852,0.067,9.893,0.102,0,0,0
0.130480,4.09915,0.035,9.817,0.131,0,0,0
0.130500,4.09978,0.113,9.824,0.138,0,0,0
0.130520,4.10041,0.095,9.886,0.114,0,0,0
0.130540,4.10104,0.236,9.779,0.188,0,0,0
0.130560,4.10166,0.164,9.668,0.158,0,0,0
0.130580,4.10229,0.117,9.596,0.191,0,0,0
0.130600,4.10292,0.164,9.582,0.248,0,0,0
0.130620,4.10355,0.156,9.642,0.212,0,0,0
0.130640,4.10418,0.062,9.511,0.142,0,0,0
0.130660,4.10480,0.162,9.428,0.145,0,0,0
0.130680,4.10543,0.118,9.438,0.138,0,0,0
0.130700,4.10606,0.131,9.326,0.065,0,0,0
0.130720,4.10669,0.041,9.316,0.138,0,0,0
0.130740,4.10732,0.146,9.253,0.195,0,0,0
0.130760,4.10795,0.124,9.210,0.164,0,0,0
0.130780,4.10857,0.129,9.183,0.166,0,0,0
0.130800,4.10920,0.066,9.230,0.212,0,0,0
0.130820,4.10983,0.108,9.215,0.129,0,0,0
0.130840,4.11046,0.122,9.366,0.188,0,540,0
0.130860,4.11109,0.067,9.682,0.179,0,540,0
0.130880,4.11172,0.070,9.784,0.110,0,540,0
0.130900,4.11234,0.154,9.991,0.228,0,540,0
0.130920,4.11297,0.120,10.320,0.171,0,540,0
0.130940,4.11360,0.091,10.536,-0.004,0,540,0
0.130960,4.11423,0.166,10.768,0.015,0,540,0
0.130980,4.11486,0.122,10.793,0.066,0,0,0
0.131000,4.11549,0.026,10.686,-0.084,0,0,0
0.131020,4.11611,0.107,10.664,0.033,0,0,0
0.131040,4.11674,0.062,10.565,0.011,0,0,0
0.131060,4.11737,0.093,10.582,-0.005,0,0,0
0.131080,4.11800,0.094,10.570,-0.107,0,0,0
0.131100,4.11863,0.142,10.434,0.008,0,0,0
0.131120,4.11926,0.044,10.444,0.021,0,0,0
0.131140,4.11988,0.045,10.405,-0.004,0,0,0
0.131160,4.12051,0.103,10.294,0.065,0,0,0
0.131180,4.12114,0.092,10.366,-0.014,0,0,0
0.131200,4.12177,0.096,10.328,-0.131,0,0,0
0.131220,4.12240,0.195,10.213,-0.062,0,0,0
0.131240,4.12303,0.170,10.197,-0.016,0,0,0
0.131260,4.12365,0.207,10.150,0.108,0,0,0
0.131280,4.12428,0.127,10.129,0.046,0,0,0
0.131300,4.12491,0.155,10.107,0.013,0,0,0
0.131320,4.12554,0.102,10.080,-0.016,0,0,0
0.131340,4.12617,0.200,10.015,-0.054,0,0,0
0.131360,4.12680,0.164,9.950,-0.041,0,0,0
0.131380,4.12742,0.049,10.052,0.004,0,0,0
0.131400,4.12805,0.078,9.831,0.080,0,0,0
0.131420,4.12868,0.200,9.864,0.041,0,0,0
0.131440,4.12931,0.137,9.920,0.036,0,0,0
0.131460,4.12994,0.098,9.938,0.001,0,0,0
0.131480,4.13057,0.085,9.802,-0.019,0,0,0
0.131500,4.13119,0.166,9.735,-0.001,0,0,0
0.131520,4.13182,0.162,9.750,-0.117,0,0,0
0.131540,4.13245,0.055,9.695,0.023,0,0,0
0.131560,4.13308,0.124,9.655,-0.041,0,0,0
0.131580,4.13371,0.230,9.703,-0.109,0,0,0
0.131600,4.13434,0.187,9.598,-0.012,0,0,0
0.131620,4.13496,0.103,9.541,0.027,0,0,0
0.131640,4.13559,0.114,9.642,-0.054,0,0,0
0.131660,4.13622,0.130,9.513,-0.034,0,0,0
0.131680,4.13685,0.159,9.446,0.022,0,0,0
0.131700,4.13748,0.154,9.501,0.049,0,0,0
0.131720,4.13811,0.196,9.405,-0.035,0,0,0
0.131740,4.13873,0.147,9.407,0.066,0,0,0
0.131760,4.13936,0.065,9.393,0.037,0,0,0
0.131780,4.13999,0.081,9.375,-0.035,0,0,0
0.131800,4.14062,0.069,9.248,-0.059,0,0,0
0.131820,4.14125,0.090,9.272,0.080,0,0,0
0.131840,4.14188,0.170,9.371,0.113,0,0,0
0.131860,4.14250,0.145,9.218,-0.017,0,0,0
0.131880,4.14313,0.151,9.210,-0.058,0,0,0
0.131900,4.14376,0.114,9.389,0.025,0,540,0
0.131920,4.14439,0.051,9.608,-0.034,0,540,0
0.131940,4.14502,0.106,9.843,0.022,0,540,0
0.131960,4.14565,0.134,10.142,0.074,0,540,0
0.131980,4.14627,0.085,10.305,-0.041,0,540,0
0.132000,4.14690,0.127,10.518,-0.044,0,540,0
0.132020,4.14753,0.144,10.675,0.108,0,540,0
0.132040,4.14816,0.118,10.878,-0.005,0,540,0
0.132060,4.14879,0.181,10.904,-0.045,0,0,0
0.132080,4.14942,0.151,10.892,0.042,0,0,0
0.132100,4.15004,0.181,10.902,-0.009,0,0,0
0.132120,4.15067,0.128,10.878,0.029,0,0,0
0.132140,4.15130,0.071,10.830,-0.030,0,0,0
0.132160,4.15193,0.126,10.695,-0.015,0,0,0
0.132180,4.15256,0.115,10.767,-0.024,0,0,0
0.132200,4.15319,0.078,10.664,0.010,0,0,0
0.132220,4.15381,0.140,10.703,-0.040,0,0,0
0.132240,4.15444,0.093,10.545,0.047,0,0,0
0.132260,4.15507,0.107,10.621,0.014,0,0,0
0.132280,4.15570,0.195,10.569,-0.097,0,0,0
0.132300,4.15633,0.136,10.475,-0.066,0,0,0
0.132320,4.15696,0.141,10.529,0.019,0,0,0
0.132340,4.15758,0.158,10.390,0.046,0,0,0
0.132360,4.15821,0.218,10.456,-0.047,0,0,0
0.132380,4.15884,0.124,10.429,-0.016,0,0,0
0.132400,4.15947,0.151,10.414,0.014,0,0,0
0.132420,4.16010,0.103,10.440,0.062,0,0,0
0.132440,4.16073,0.183,10.263,0.012,0,0,0
0.132460,4.16135,0.265,10.247,-0.024,0,0,0
0.132480,4.16198,0.146,10.293,0.058,0,0,0
0.132500,4.16261,0.078,10.262,0.013,0,0,0
0.132520,4.16324,0.137,10.306,-0.100,0,0,0
0.132540,4.16387,0.168,10.227,-0.029,0,0,0
0.132560,4.16450,0.126,10.163,0.131,0,0,0
0.132580,4.16512,0.079,10.219,-0.057,0,0,0
0.132600,4.16575,0.095,10.165,-0.017,0,0,0
0.132620,4.16638,0.107,10.145,-0.053,0,0,0
0.132640,4.16701,0.148,10.114,-0.135,0,0,0
0.132660,4.16764,0.125,10.043,0.044,0,0,0
0.132680,4.16827,0.160,10.040,-0.008,0,0,0
0.132700,4.16889,0.209,9.985,-0.028,0,0,0
0.132720,4.16952,0.182,10.006,0.035,0,0,0
0.132740,4.17015,0.161,10.014,-0.028,0,0,0
0.132760,4.17078,0.132,10.078,-0.021,0,0,0
0.132780,4.17141,0.185,10.066,-0.046,0,0,0
0.132800,4.17204,0.135,9.913,0.007,0,0,0
0.132820,4.17266,0.117,9.915,0.073,0,0,0
0.132840,4.17329,0.183,9.863,-0.030,0,0,0
0.132860,4.17392,0.133,9.960,-0.051,0,0,0
0.132880,4.17455,0.100,9.919,0.025,0,0,0
0.132900,4.17518,0.011,9.831,0.042,0,0,0
0.132920,4.17580,0.028,9.787,0.006,0,0,0
0.132940,4.17643,0.160,9.827,-0.138,0,0,0
0.132960,4.17706,0.164,9.815,0.110,0,0,0
0.132980,4.17769,0.068,9.744,0.035,0,0,0
0.133000,4.17832,0.134,9.837,-0.009,0,0,0
0.133020,4.17895,0.111,9.761,-0.045,0,0,0
0.133040,4.17957,0.100,9.739,0.061,0,0,0
0.133060,4.18020,0.115,9.767,0.043,0,0,0
0.133080,4.18083,0.121,9.726,-0.024,0,0,0
0.133100,4.18146,0.127,9.681,0.009,0,0,0
0.133120,4.18209,0.108,9.706,-0.068,0,0,0
0.133140,4.18272,0.100,9.679,-0.055,0,0,0
0.133160,4.18334,0.196,9.567,-0.025,0,0,0
0.133180,4.18397,0.230,9.601,-0.036,0,0,0
0.133200,4.18460,0.142,9.534,-0.029,0,0,0
0.133220,4.18523,0.143,9.585,0.007,0,0,0
0.133240,4.18586,0.035,9.597,0.058,0,0,0
0.133260,4.18649,0.069,9.444,-0.027,0,0,0
0.133280,4.18711,0.147,9.481,-0.008,0,0,0
0.133300,4.18774,0.130,9.495,-0.077,0,0,0
0.133320,4.18837,0.164,9.461,0.043,0,0,0
0.133340,4.18900,0.155,9.471,-0.050,0,0,0
0.133360,4.18963,0.108,9.514,-0.015,0,0,0
0.133380,4.19026,0.195,9.368,-0.042,0,0,0
0.133400,4.19088,0.130,9.444,0.056,0,0,0
0.133420,4.19151,0.103,9.399,-0.011,0,0,0
0.133440,4.19214,0.080,9.404,-0.100,0,0,0
0.133460,4.19277,0.160,9.318,0.038,0,0,0
0.133480,4.19340,0.103,9.331,-0.006,0,0,0
0.133500,4.19403,0.161,9.295,0.075,0,0,0
0.133520,4.19465,0.113,9.312,0.016,0,0,0
0.133540,4.19528,0.164,9.269,0.040,0,0,0
0.133560,4.19591,0.102,9.306,-0.014,0,0,0
0.133580,4.19654,0.113,9.276,0.032,0,0,0
0.133600,4.19717,0.112,9.312,0.017,0,0,0
0.133620,4.19780,0.248,9.297,-0.088,0,0,0
0.133640,4.19842,0.178,9.269,0.017,0,0,0
0.133660,4.19905,0.115,9.431,-0.081,0,540,0
0.133680,4.19968,0.116,9.610,-0.069,0,540,0
0.133700,4.20031,0.194,9.886,-0.008,0,540,0
0.133720,4.20094,0.160,10.033,0.015,0,540,0
0.133740,4.20157,0.051,10.195,0.012,0,540,0
0.133760,4.20219,0.117,10.479,-0.001,0,540,0
0.133780,4.20282,0.152,10.634,-0.029,0,540,0
0.133800,4.20345,0.099,10.893,0.040,0,540,0
0.133820,4.20408,0.143,10.855,-0.093,0,0,0
0.133840,4.20471,0.168,10.843,0.029,0,0,0
0.133860,4.20534,0.135,10.854,-0.002,0,0,0
0.133880,4.20596,0.144,10.791,0.073,0,0,0
0.133900,4.20659,0.081,10.859,-0.064,0,0,0
0.133920,4.20722,0.099,10.802,-0.029,0,0,0
0.133940,4.20785,0.092,10.858,0.025,0,0,0
0.133960,4.20848,0.168,10.769,0.034,0,0,0
0.133980,4.20911,0.183,10.700,-0.040,0,0,0
0.134000,4.20973,0.052,10.671,-0.048,0,0,0
0.134020,4.21036,0.151,10.646,0.025,0,0,0
0.134040,4.21099,0.211,10.631,0.019,0,0,0
0.134060,4.21162,0.221,10.674,0.006,0,0,0
0.134080,4.21225,0.102,10.672,-0.016,0,0,0
0.134100,4.21288,0.171,10.687,0.023,0,0,0
0.134120,4.21350,0.231,10.636,-0.029,0,0,0
0.134140,4.21413,0.239,10.586,0.050,0,0,0
0.134160,4.21476,0.113,10.678,0.036,0,0,0
0.134180,4.21539,0.071,10.629,-0.020,0,0,0
0.134200,4.21602,0.112,10.518,0.008,0,0,0
0.134220,4.21665,0.136,10.598,0.023,0,0,0
0.134240,4.21727,0.226,10.564,0.034,0,0,0
0.134260,4.21790,0.190,10.666,0.024,0,0,0
0.134280,4.21853,0.167,10.480,-0.071,0,0,0
0.134300,4.21916,0.067,10.484,-0.006,0,0,0
0.134320,4.21979,0.156,10.546,0.056,0,0,0
0.134340,4.22042,0.139,10.444,-0.047,0,0,0
0.134360,4.22104,0.098,10.521,-0.010,0,0,0
0.134380,4.22167,0.099,10.547,0.014,0,0,0
0.134400,4.22230,0.132,10.444,0.058,0,0,0
0.134420,4.22293,0.111,10.504,0.000,0,0,0
0.134440,4.22356,0.137,10.360,0.070,0,0,0
0.134460,4.22419,0.157,10.384,-0.081,0,0,0
0.134480,4.22481,0.152,10.371,0.068,0,0,0
0.134500,4.22544,0.193,10.444,-0.016,0,0,0
0.134520,4.22607,0.096,10.442,0.089,0,0,0
0.134540,4.22670,0.158,10.436,0.021,0,0,0
0.134560,4.22733,0.244,10.303,0.023,0,0,0
0.134580,4.22796,0.156,10.347,0.054,0,0,0
0.134600,4.22858,0.143,10.359,-0.049,0,0,0
0.134620,4.22921,0.205,10.266,0.006,0,0,0
0.134640,4.22984,0.164,10.246,0.009,0,0,0
0.134660,4.23047,0.100,10.391,0.013,0,0,0
0.134680,4.23110,0.184,10.324,-0.033,0,0,0
0.134700,4.23173,0.208,10.185,0.076,0,0,0
0.134720,4.23235,0.244,10.309,0.029,0,0,0
0.134740,4.23298,0.207,10.231,1.018,0,0,540
0.134760,4.23361,0.103,10.144,1.769,0,0,540
0.134780,4.23424,0.211,10.255,2.765,0,0,540
0.134800,4.23487,0.167,10.244,3.633,0,0,540
0.134820,4.23550,0.145,10.263,4.512,0,0,540
0.134840,4.23612,0.140,10.246,5.431,0,0,540
0.134860,4.23675,0.121,10.199,6.277,0,0,540
0.134880,4.23738,0.121,10.126,7.198,0,0,540
0.134900,4.23801,0.178,10.263,8.015,0,0,540
0.134920,4.23864,0.078,10.197,8.910,0,0,540
0.134940,4.23927,0.136,10.125,9.891,0,0,540
0.134960,4.23989,0.041,10.189,10.747,0,0,540
0.134980,4.24052,0.111,10.170,11.206,0,0,0
0.135000,4.24115,0.087,10.177,11.245,0,0,0
0.135020,4.24178,0.057,10.066,11.184,0,0,0
0.135040,4.24241,0.171,10.130,11.226,0,0,0
0.135060,4.24304,0.071,10.062,11.100,0,0,0
0.135080,4.24366,0.311,10.098,11.155,0,0,0
0.135100,4.24429,0.036,10.077,11.063,0,0,0
0.135120,4.24492,0.092,10.105,10.995,0,0,0
0.135140,4.24555,0.145,10.138,11.038,0,0,0
0.135160,4.24618,0.233,10.030,11.018,0,0,0
0.135180,4.24680,0.073,10.006,11.048,0,0,0
0.135200,4.24743,0.269,10.066,11.012,0,0,0
0.135220,4.24806,0.142,10.064,11.039,0,0,0
0.135240,4.24869,0.216,9.970,10.990,0,0,0
0.135260,4.24932,0.142,10.019,10.968,0,0,0
0.135280,4.24995,0.112,10.112,11.029,0,0,0
0.135300,4.25057,0.283,10.047,11.004,0,0,0
0.135320,4.25120,0.153,9.943,11.093,0,0,0
0.135340,4.25183,0.118,9.945,11.011,0,0,0
0.135360,4.25246,0.126,9.953,11.000,0,0,0
0.135380,4.25309,0.175,9.989,10.900,0,0,0
0.135400,4.25372,0.125,10.038,10.938,0,0,0
0.135420,4.25434,0.185,9.893,10.934,0,0,0
0.135440,4.25497,0.132,9.966,10.979,0,0,0
0.135460,4.25560,0.153,10.011,10.909,0,0,0
0.135480,4.25623,0.117,10.013,11.001,0,0,0
0.135500,4.25686,0.148,9.917,10.844,0,0,0
0.135520,4.25749,0.147,9.925,10.918,0,0,0
0.135540,4.25811,0.145,9.956,10.865,0,0,0
0.135560,4.25874,0.196,9.970,10.835,0,0,0
0.135580,4.25937,0.129,9.863,10.785,0,0,0
0.135600,4.26000,0.146,9.908,10.791,0,0,0
0.135620,4.26063,0.142,9.773,10.816,0,0,0
0.135640,4.26126,0.096,9.852,10.869,0,0,0
0.135660,4.26188,0.121,9.885,10.741,0,0,0
0.135680,4.26251,0.070,9.898,10.780,0,0,0
0.135700,4.26314,0.050,9.821,10.709,0,0,0
0.135720,4.26377,0.088,9.822,10.737,0,0,0
0.135740,4.26440,0.106,9.846,10.682,0,0,0
0.135760,4.26503,0.214,9.853,10.762,0,0,0
0.135780,4.26565,0.127,9.843,10.729,0,0,0
0.135800,4.26628,0.055,9.935,10.646,0,0,0
0.135820,4.26691,0.201,9.737,10.697,0,0,0
0.135840,4.26754,0.216,9.876,10.770,0,0,0
0.135860,4.26817,0.207,9.910,10.627,0,0,0
0.135880,4.26880,0.176,9.815,10.556,0,0,0
0.135900,4.26942,0.167,9.823,10.633,0,0,0
0.135920,4.27005,0.122,9.773,10.587,0,0,0
0.135940,4.27068,0.250,9.706,10.553,0,0,0
0.135960,4.27131,0.111,9.889,10.606,0,0,0
0.135980,4.27194,0.208,9.766,10.604,0,0,0
0.136000,4.27257,0.059,9.747,10.603,0,0,0
0.136020,4.27319,0.158,9.675,10.548,0,0,0
0.136040,4.27382,0.194,9.742,10.651,0,0,0
0.136060,4.27445,0.203,9.777,10.548,0,0,0
0.136080,4.27508,0.116,9.742,10.466,0,0,0
0.136100,4.27571,0.174,9.691,10.565,0,0,0
0.136120,4.27634,0.120,9.670,10.540,0,0,0
0.136140,4.27696,0.188,9.820,10.512,0,0,0
0.136160,4.27759,0.258,9.677,10.528,0,0,0
0.136180,4.27822,0.196,9.747,10.504,0,0,0
0.136200,4.27885,0.154,9.630,10.324,0,0,0
0.136220,4.27948,0.166,9.745,10.520,0,0,0
0.136240,4.28011,0.188,9.721,10.423,0,0,0
0.136260,4.28073,0.172,9.784,10.400,0,0,0
0.136280,4.28136,0.179,9.727,10.389,0,0,0
0.136300,4.28199,0.136,9.703,10.420,0,0,0
0.136320,4.28262,0.177,9.786,10.353,0,0,0
0.136340,4.28325,0.138,9.677,10.361,0,0,0
0.136360,4.28388,0.208,9.708,10.275,0,0,0
0.136380,4.28450,0.223,9.654,10.363,0,0,0
0.136400,4.28513,0.130,9.681,10.259,0,0,0
0.136420,4.28576,0.081,9.608,10.239,0,0,0
0.136440,4.28639,0.144,9.626,10.354,0,0,0
0.136460,4.28702,0.224,9.622,10.312,0,0,0
0.136480,4.28765,0.204,9.599,10.283,0,0,0
0.136500,4.28827,0.223,9.624,10.266,0,0,0
0.136520,4.28890,0.126,9.624,10.247,0,0,0
0.136540,4.28953,0.159,9.652,10.123,0,0,0
0.136560,4.29016,0.135,9.701,10.245,0,0,0
0.136580,4.29079,0.212,9.683,10.173,0,0,0
0.136600,4.29142,0.137,9.654,10.212,0,0,0
0.136620,4.29204,0.181,9.683,10.159,0,0,0
0.136640,4.29267,0.162,9.576,10.238,0,0,0
0.136660,4.29330,0.130,9.636,10.104,0,0,0
0.136680,4.29393,0.317,9.589,10.124,0,0,0
0.136700,4.29456,0.173,9.526,10.188,0,0,0
0.136720,4.29519,0.147,9.517,10.099,0,0,0
0.136740,4.29581,0.185,9.494,10.133,0,0,0
0.136760,4.29644,0.253,9.569,10.133,0,0,0
0.136780,4.29707,0.144,9.537,10.075,0,0,0
0.136800,4.29770,0.164,9.570,10.124,0,0,0
0.136820,4.29833,0.182,9.524,10.083,0,0,0
0.136840,4.29896,0.297,9.553,9.975,0,0,0
0.136860,4.29958,0.123,9.467,10.075,0,0,0
0.136880,4.30021,0.081,9.512,10.028,0,0,0
0.136900,4.30084,0.217,9.581,9.963,0,0,0
0.136920,4.30147,0.094,9.541,9.953,0,0,0
0.136940,4.30210,0.123,9.612,9.867,0,0,0
0.136960,4.30273,0.072,9.552,10.012,0,0,0
0.136980,4.30335,0.173,9.550,9.984,0,0,0
0.137000,4.30398,0.171,9.496,9.929,0,0,0
0.137020,4.30461,0.093,9.479,9.934,0,0,0
0.137040,4.30524,0.093,9.491,9.925,0,0,0
0.137060,4.30587,0.058,9.536,9.972,0,0,0
0.137080,4.30650,0.079,9.486,9.970,0,0,0
0.137100,4.30712,0.098,9.509,9.899,0,0,0
0.137120,4.30775,0.117,9.487,9.785,0,0,0
0.137140,4.30838,0.090,9.484,9.895,0,0,0
0.137160,4.30901,0.141,9.424,9.840,0,0,0
0.137180,4.30964,0.119,9.402,9.921,0,0,0
0.137200,4.31027,0.004,9.449,9.852,0,0,0
0.137220,4.31089,0.176,9.464,9.686,0,0,0
0.137240,4.31152,0.166,9.507,9.704,0,0,0
0.137260,4.31215,0.221,9.355,9.728,0,0,0
0.137280,4.31278,0.138,9.511,9.741,0,0,0
0.137300,4.31341,0.057,9.418,9.669,0,0,0
0.137320,4.31404,0.147,9.442,9.789,0,0,0
0.137340,4.31466,0.038,9.439,9.696,0,0,0
0.137360,4.31529,0.080,9.462,9.671,0,0,0
0.137380,4.31592,0.102,9.480,9.679,0,0,0
0.137400,4.31655,0.097,9.472,9.583,0,0,0
0.137420,4.31718,0.148,9.483,9.662,0,0,0
0.137440,4.31780,0.121,9.443,9.725,0,0,0
0.137460,4.31843,0.108,9.435,9.608,0,0,0
0.137480,4.31906,0.124,9.359,9.510,0,0,0
0.137500,4.31969,0.049,9.252,9.571,0,-540,0
0.137520,4.32032,0.120,9.113,9.529,0,-540,0
0.137540,4.32095,0.053,8.917,9.554,0,-540,0
0.137560,4.32157,0.086,8.775,9.566,0,-540,0
0.137580,4.32220,0.154,8.520,9.477,0,-540,0
0.137600,4.32283,0.236,8.354,9.466,0,-540,0
0.137620,4.32346,0.086,8.168,9.410,0,-540,0
0.137640,4.32409,0.106,7.991,9.513,0,-540,0
0.137660,4.32472,0.087,7.792,9.385,0,-540,0
0.137680,4.32534,0.066,7.737,9.472,0,-540,0
0.137700,4.32597,0.101,7.426,9.542,0,-540,0
0.137720,4.32660,0.019,7.328,9.506,0,-540,0
0.137740,4.32723,0.142,7.140,9.448,0,-540,0
0.137760,4.32786,0.198,7.036,9.298,0,-540,0
0.137780,4.32849,0.148,6.853,9.381,0,-540,0
0.137800,4.32911,0.058,6.675,9.368,0,-540,0
0.137820,4.32974,0.149,6.551,9.298,0,-540,0
0.137840,4.33037,0.155,6.354,9.337,0,-540,0
0.137860,4.33100,0.083,6.216,9.414,0,-540,0
0.137880,4.33163,0.140,6.026,10.136,0,-540,540
0.137900,4.33226,0.158,5.920,11.092,0,-540,540
0.137920,4.33288,0.115,5.773,10.997,0,-540,0
0.137940,4.33351,0.139,5.627,10.903,0,-540,0
0.137960,4.33414,0.269,5.400,11.057,0,-540,0
0.137980,4.33477,0.092,5.289,10.908,0,-540,0
0.138000,4.33540,0.180,5.171,10.897,0,-540,0
0.138020,4.33603,0.165,5.109,10.872,0,-540,0
0.138040,4.33665,0.242,4.859,10.827,0,-540,0
0.138060,4.33728,0.102,4.767,10.876,0,-540,0
0.138080,4.33791,0.079,4.611,10.772,0,-540,0
0.138100,4.33854,0.079,4.453,10.837,0,-540,0
0.138120,4.33917,0.167,4.344,10.834,0,-540,0
0.138140,4.33980,0.185,4.191,10.942,0,-540,0
0.138160,4.34042,0.106,4.127,10.767,0,-540,0
0.138180,4.34105,0.150,3.969,10.778,0,-540,0
0.138200,4.34168,0.159,3.833,10.724,0,-540,0
0.138220,4.34231,0.096,3.670,10.774,0,-540,0
0.138240,4.34294,0.115,3.622,10.648,0,-540,0
0.138260,4.34357,0.162,3.359,10.795,0,-540,0
0.138280,4.34419,0.128,3.269,10.681,0,-540,0
0.138300,4.34482,0.092,3.282,10.646,0,-540,0
0.138320,4.34545,0.102,3.072,10.618,0,-540,0
0.138340,4.34608,0.125,2.944,10.611,0,-540,0
0.138360,4.34671,0.164,2.884,10.630,0,-540,0
0.138380,4.34734,0.098,2.798,10.567,0,-540,0
0.138400,4.34796,0.141,2.607,10.452,0,-540,0
0.138420,4.34859,0.137,2.538,10.479,0,-540,0
0.138440,4.34922,0.214,2.442,10.399,0,-540,0
0.138460,4.34985,0.150,2.198,10.410,0,-540,0
0.138480,4.35048,0.138,2.157,10.489,0,-540,0
0.138500,4.35111,0.144,2.202,10.379,0,-540,0
0.138520,4.35173,0.114,1.846,10.348,0,-540,0
0.138540,4.35236,0.263,1.786,10.367,0,-540,0
0.138560,4.35299,0.195,1.699,10.277,0,-540,0
0.138580,4.35362,0.141,1.583,10.311,0,-540,0
0.138600,4.35425,0.154,1.506,10.286,0,-540,0
0.138620,4.35488,0.287,1.376,10.279,0,-540,0
0.138640,4.35550,0.080,1.340,10.245,0,-540,0
0.138660,4.35613,0.197,1.160,10.263,0,-540,0
0.138680,4.35676,0.122,1.156,10.199,0,-540,0
0.138700,4.35739,0.131,1.033,10.203,0,-540,0
0.138720,4.35802,0.148,0.837,10.260,0,-540,0
0.138740,4.35865,0.225,0.847,10.080,0,-540,0
0.138760,4.35927,0.179,0.739,10.199,0,-540,0
0.138780,4.35990,0.203,0.566,10.149,0,-540,0
0.138800,4.36053,0.127,0.600,10.095,0,-540,0
0.138820,4.36116,0.205,0.539,10.040,0,-540,0
0.138840,4.36179,0.150,0.335,10.046,0,-540,0
0.138860,4.36242,0.148,0.284,9.955,0,-540,0
0.138880,4.36304,0.179,0.186,10.050,0,0,0
0.138900,4.36367,0.177,0.236,9.949,0,-540,0
0.138920,4.36430,0.180,0.202,9.929,0,0,0
0.138940,4.36493,0.130,0.258,9.916,0,0,0
0.138960,4.36556,0.189,0.198,9.840,0,0,0
0.138980,4.36619,0.154,0.160,9.876,0,0,0
0.139000,4.36681,0.106,0.224,9.758,0,0,0
0.139020,4.36744,0.170,0.188,9.815,0,0,0
0.139040,4.36807,0.140,0.327,9.654,0,0,0
0.139060,4.36870,0.120,0.192,9.764,0,0,0
0.139080,4.36933,0.208,0.176,9.768,0,0,0
0.139100,4.36996,0.022,0.103,9.651,0,0,0
0.139120,4.37058,0.154,0.177,9.703,0,0,0
0.139140,4.37121,0.160,0.110,9.646,0,0,0
0.139160,4.37184,0.125,0.248,9.616,0,0,0
0.139180,4.37247,0.190,0.180,9.575,0,0,0
0.139200,4.37310,0.160,0.172,9.512,0,0,0
0.139220,4.37373,0.294,0.075,9.578,0,0,0
0.139240,4.37435,0.172,0.122,9.540,0,0,0
0.139260,4.37498,0.071,0.145,9.472,0,0,0
0.139280,4.37561,0.168,0.174,9.410,0,0,0
0.139300,4.37624,0.182,0.200,9.429,0,0,0
0.139320,4.37687,0.233,0.148,9.361,0,0,0
0.139340,4.37750,0.235,0.200,9.457,0,0,0
0.139360,4.37812,0.193,0.197,9.410,0,0,0
0.139380,4.37875,0.269,0.214,9.415,0,0,0
0.139400,4.37938,0.185,0.213,9.259,0,0,0
0.139420,4.38001,0.080,0.075,9.251,0,0,0
0.139440,4.38064,0.175,0.140,9.235,0,0,0
0.139460,4.38127,0.199,0.111,9.218,0,0,0
0.139480,4.38189,0.159,0.145,9.574,0,0,540
0.139500,4.38252,0.147,0.127,10.402,0,0,540
0.139520,4.38315,0.102,0.131,10.761,0,0,0
0.139540,4.38378,0.206,0.103,10.768,0,0,0
0.139560,4.38441,0.227,0.120,10.693,0,0,0
0.139580,4.38504,0.191,0.208,10.762,0,0,0
0.139600,4.38566,0.124,0.159,10.687,0,0,0
0.139620,4.38629,0.133,0.227,10.685,0,0,0
0.139640,4.38692,0.079,0.170,10.694,-540,0,0
0.139660,4.38755,0.030,0.133,10.592,0,0,0
0.139680,4.38818,0.074,0.147,10.679,0,0,0
0.139700,4.38880,0.002,0.138,10.543,0,0,0
0.139720,4.38943,-0.030,0.195,10.518,0,0,0
0.139740,4.39006,0.010,0.166,10.455,0,0,0
0.139760,4.39069,0.083,0.174,10.365,0,0,0
0.139780,4.39132,0.098,0.265,10.382,0,0,0
0.139800,4.39195,0.023,0.091,10.391,0,0,0
0.139820,4.39257,0.041,0.148,10.273,0,0,0
0.139840,4.39320,0.068,0.129,10.341,0,0,0
0.139860,4.39383,-0.011,0.196,10.323,0,0,0
0.139880,4.39446,0.008,0.050,10.283,0,0,0
0.139900,4.39509,0.055,0.161,10.155,0,0,0
0.139920,4.39572,0.021,0.191,10.172,0,0,0
0.139940,4.39634,0.082,0.125,10.089,0,0,0
0.139960,4.39697,0.089,0.154,10.086,0,0,0
0.139980,4.39760,0.109,0.236,10.131,0,0,0
0.140000,4.39823,0.038,0.112,9.994,0,0,0
0.140020,4.39886,0.065,0.131,10.005,0,0,0
0.140040,4.39949,0.075,0.174,9.887,0,0,0
0.140060,4.40011,0.036,0.219,9.953,0,0,0
0.140080,4.40074,0.070,0.197,9.894,0,0,0
0.140100,4.40137,0.102,0.228,9.814,0,0,0
0.140120,4.40200,0.024,0.220,9.837,0,0,0
0.140140,4.40263,0.147,0.193,9.723,0,0,0
0.140160,4.40326,0.076,0.146,9.730,0,0,0
0.140180,4.40388,0.032,0.238,9.717,0,0,0
0.140200,4.40451,-0.001,0.129,9.632,0,0,0
0.140220,4.40514,0.029,0.146,9.543,0,0,0
0.140240,4.40577,-0.008,0.085,9.539,0,0,0
0.140260,4.40640,0.062,0.194,9.680,0,0,0
0.140280,4.40703,0.085,0.172,9.608,0,0,0
0.140300,4.40765,0.090,0.112,9.492,0,0,0
0.140320,4.40828,0.009,0.156,9.481,0,0,0
0.140340,4.40891,0.104,0.153,9.454,0,0,0
0.140360,4.40954,0.064,0.119,9.461,0,0,0
0.140380,4.41017,0.091,0.114,9.310,0,0,0
0.140400,4.41080,0.098,0.177,9.291,0,0,0
0.140420,4.41142,0.026,0.210,9.255,0,0,0
0.140440,4.41205,0.118,0.128,9.620,0,0,540
0.140460,4.41268,0.094,0.102,10.368,0,0,540
0.140480,4.41331,0.046,0.233,11.049,0,0,540
0.140500,4.41394,0.001,0.159,11.053,0,0,0
0.140520,4.41457,-0.037,0.155,11.002,0,0,0
0.140540,4.41519,0.078,0.231,10.914,0,0,0
0.140560,4.41582,0.009,0.158,10.894,0,0,0
0.140580,4.41645,-0.013,0.181,10.865,0,0,0
0.140600,4.41708,0.139,0.286,10.867,0,0,0
0.140620,4.41771,0.077,0.202,10.830,0,0,0
0.140640,4.41834,0.080,0.169,10.768,0,0,0
0.140660,4.41896,0.089,0.143,10.640,0,0,0
0.140680,4.41959,0.102,0.159,10.675,0,0,0
0.140700,4.42022,0.061,0.266,10.642,0,0,0
0.140720,4.42085,0.049,0.176,10.639,0,0,0
0.140740,4.42148,0.169,0.108,10.536,0,0,0
0.140760,4.42211,0.069,0.185,10.395,0,0,0
0.140780,4.42273,0.052,0.057,10.491,0,0,0
0.140800,4.42336,0.111,0.057,10.311,0,0,0
0.140820,4.42399,0.016,0.168,10.426,0,0,0
0.140840,4.42462,0.105,0.155,10.392,0,0,0
0.140860,4.42525,0.100,0.197,10.286,0,0,0
0.140880,4.42588,0.133,0.200,10.212,0,0,0
0.140900,4.42650,0.026,0.210,10.108,0,0,0
0.140920,4.42713,0.048,0.168,10.179,0,0,0
0.140940,4.42776,0.046,0.080,10.127,0,0,0
0.140960,4.42839,0.148,0.241,10.136,0,0,0
0.140980,4.42902,0.188,0.092,10.007,0,0,0
0.141000,4.42965,0.032,0.192,9.992,0,0,0
0.141020,4.43027,0.120,0.215,9.880,0,0,0
0.141040,4.43090,0.044,0.109,9.939,0,-540,0
0.141060,4.43153,0.084,0.117,9.787,0,0,0
0.141080,4.43216,0.075,0.143,9.836,0,0,0
0.141100,4.43279,0.091,0.132,9.785,0,0,0
0.141120,4.43342,0.168,0.119,9.680,0,0,0
0.141140,4.43404,0.101,0.166,9.590,0,0,0
0.141160,4.43467,0.026,0.144,9.542,0,0,0
0.141180,4.43530,0.096,0.063,9.473,0,0,0
0.141200,4.43593,0.157,0.066,9.513,0,0,0
0.141220,4.43656,0.124,0.139,9.445,0,0,0
0.141240,4.43719,0.025,0.108,9.446,0,0,0
0.141260,4.43781,0.091,0.215,9.349,0,0,0
0.141280,4.43844,0.084,0.153,9.363,0,0,0
0.141300,4.43907,0.141,0.136,9.321,0,0,0
0.141320,4.43970,0.023,0.173,9.646,0,0,540
0.141340,4.44033,0.122,0.108,10.207,0,0,540
0.141360,4.44096,0.004,0.216,10.889,0,0,540
0.141380,4.44158,0.063,0.144,10.861,0,0,0
0.141400,4.44221,0.024,0.088,10.767,0,0,0
0.141420,4.44284,0.028,0.119,10.767,0,0,0
0.141440,4.44347,0.087,0.141,10.657,0,0,0
0.141460,4.44410,0.031,0.131,10.641,0,0,0
0.141480,4.44473,0.072,0.123,10.579,0,0,0
0.141500,4.44535,0.081,0.148,10.473,0,0,0
0.141520,4.44598,0.093,0.176,10.471,0,0,0
0.141540,4.44661,0.118,0.087,10.442,0,0,0
0.141560,4.44724,0.092,0.159,10.309,0,0,0
0.141580,4.44787,0.126,0.158,10.244,0,0,0
0.141600,4.44850,0.107,0.060,10.219,0,0,0
0.141620,4.44912,0.025,0.143,10.257,0,0,0
0.141640,4.44975,0.019,0.153,10.177,0,0,0
0.141660,4.45038,0.174,0.181,10.149,0,0,0
0.141680,4.45101,0.157,0.096,10.054,0,0,0
0.141700,4.45164,0.120,0.102,9.986,0,0,0
0.141720,4.45227,0.116,0.133,9.911,0,0,0
0.141740,4.45289,0.081,0.123,9.990,0,0,0
0.141760,4.45352,0.188,0.135,9.866,0,0,0
0.141780,4.45415,0.064,0.119,9.763,0,0,0
0.141800,4.45478,0.099,0.058,9.776,0,0,0
0.141820,4.45541,0.040,0.144,9.644,0,0,0
0.141840,4.45604,0.136,0.094,9.569,0,0,0
0.141860,4.45666,0.073,0.173,9.709,0,0,0
0.141880,4.45729,0.165,0.195,9.605,0,0,0
0.141900,4.45792,0.175,0.114,9.561,0,0,0
0.141920,4.45855,0.105,0.158,9.446,0,0,0
0.141940,4.45918,0.158,0.149,9.322,0,0,0
0.141960,4.45980,0.054,0.108,9.313,0,0,0
0.141980,4.46043,0.168,0.049,9.305,0,0,0
0.142000,4.46106,0.165,0.123,9.273,0,0,0
0.142020,4.46169,0.171,0.071,9.820,0,0,540
0.142040,4.46232,0.095,0.155,10.451,0,0,540
0.142060,4.46295,0.104,0.021,11.000,0,0,540
0.142080,4.46357,0.054,0.138,10.888,0,0,0
0.142100,4.46420,0.185,0.079,10.856,0,0,0
0.142120,4.46483,0.120,0.083,10.798,0,0,0
0.142140,4.46546,0.108,0.106,10.715,0,0,0
0.142160,4.46609,0.083,0.116,10.621,0,0,0
0.142180,4.46672,0.113,0.074,10.630,0,0,0
0.142200,4.46734,0.133,0.140,10.600,0,0,0
0.142220,4.46797,0.280,0.132,10.468,0,0,0
0.142240,4.46860,0.150,0.100,10.341,0,0,0
0.142260,4.46923,0.103,0.077,10.265,0,0,0
0.142280,4.46986,0.037,0.123,10.239,0,0,0
0.142300,4.47049,-0.041,0.147,10.321,0,0,0
0.142320,4.47111,0.109,0.116,10.169,0,0,0
0.142340,4.47174,0.096,0.071,10.120,0,0,0
0.142360,4.47237,0.045,0.055,10.043,0,0,0
0.142380,4.47300,0.159,0.110,10.023,0,0,0
0.142400,4.47363,0.055,0.148,9.860,0,0,0
0.142420,4.47426,0.150,0.111,9.964,0,0,0
0.142440,4.47488,0.216,0.073,9.906,0,0,0
0.142460,4.47551,0.170,0.136,9.782,0,0,0
0.142480,4.47614,0.071,0.147,9.657,0,0,0
0.142500,4.47677,-0.025,0.206,9.634,0,0,0
0.142520,4.47740,0.140,0.054,9.595,0,0,0
0.142540,4.47803,0.147,0.060,9.554,0,0,0
0.142560,4.47865,0.109,0.002,9.436,0,0,0
0.142580,4.47928,0.142,0.036,9.477,0,0,0
0.142600,4.47991,0.191,0.155,9.300,0,0,0
0.142620,4.48054,0.157,0.146,9.282,0,0,0
0.142640,4.48117,0.153,0.083,9.251,0,0,0
0.142660,4.48180,0.116,0.112,9.810,0,0,540
0.142680,4.48242,0.112,0.218,10.266,0,0,540
0.142700,4.48305,0.103,0.029,10.823,0,0,540
0.142720,4.48368,0.281,0.122,10.723,0,0,0
0.142740,4.48431,0.076,-0.045,10.670,0,0,0
0.142760,4.48494,0.142,0.130,10.657,0,0,0
0.142780,4.48557,0.159,0.075,10.419,0,0,0
0.142800,4.48619,0.080,0.092,10.422,0,0,0
0.142820,4.48682,0.164,0.086,10.449,0,0,0
0.142840,4.48745,0.154,0.105,10.265,0,0,0
0.142860,4.48808,0.085,0.174,10.240,0,0,0
0.142880,4.48871,0.063,0.177,10.264,0,0,0
0.142900,4.48934,0.232,0.108,10.216,0,0,0
0.142920,4.48996,0.156,0.114,10.080,0,0,0
0.142940,4.49059,0.121,0.138,10.048,0,0,0
0.142960,4.49122,0.200,0.070,9.876,0,0,0
0.142980,4.49185,0.117,0.215,9.832,0,0,0
0.143000,4.49248,0.157,0.142,9.835,0,0,0
0.143020,4.49311,0.074,0.072,9.778,0,0,0
0.143040,4.49373,0.151,0.149,9.671,0,0,0
0.143060,4.49436,0.068,0.088,9.637,0,0,0
0.143080,4.49499,0.165,0.156,9.586,0,0,0
0.143100,4.49562,0.188,0.134,9.549,0,0,0
0.143120,4.49625,0.172,0.103,9.454,0,0,0
0.143140,4.49688,0.163,0.165,9.396,0,0,0
0.143160,4.49750,0.090,0.022,9.367,0,0,0
0.143180,4.49813,0.168,0.118,9.517,0,0,540
0.143200,4.49876,0.132,0.113,10.052,0,0,540
0.143220,4.49939,0.102,0.058,10.451,0,0,540
0.143240,4.50002,0.128,0.098,10.928,0,0,540
0.143260,4.50065,0.186,0.130,10.894,0,0,0
0.143280,4.50127,0.138,0.171,10.864,0,0,0
0.143300,4.50190,0.064,0.106,10.681,0,0,0
0.143320,4.50253,0.109,0.094,10.700,0,0,0
0.143340,4.50316,0.129,0.107,10.589,0,0,0
0.143360,4.50379,0.210,0.069,10.585,0,0,0
0.143380,4.50442,0.138,0.171,10.445,0,0,0
0.143400,4.50504,0.074,0.093,10.391,0,0,0
0.143420,4.50567,0.184,0.166,10.403,0,0,0
0.143440,4.50630,0.094,0.082,10.278,0,0,0
0.143460,4.50693,0.104,0.132,10.142,0,0,0
0.143480,4.50756,0.164,0.119,10.104,0,0,0
0.143500,4.50819,0.131,0.067,10.050,0,0,0
0.143520,4.50881,0.139,0.097,9.982,0,0,0
0.143540,4.50944,0.160,0.071,9.945,0,0,0
0.143560,4.51007,0.185,0.128,9.879,0,0,0
0.143580,4.51070,0.217,0.228,9.744,0,0,0
0.143600,4.51133,0.186,0.112,9.667,0,0,0
0.143620,4.51196,0.101,0.107,9.767,0,0,0
0.143640,4.51258,0.192,0.060,9.708,0,0,0
0.143660,4.51321,0.098,0.126,9.538,0,0,0
0.143680,4.51384,0.089,0.115,9.452,0,0,0
0.143700,4.51447,0.145,0.019,9.373,0,0,0
0.143720,4.51510,0.129,0.057,9.425,0,0,0
0.143740,4.51573,0.203,0.098,9.278,0,0,0
0.143760,4.51635,0.118,0.098,9.309,0,0,0
0.143780,4.51698,0.198,0.171,9.175,0,0,0
0.143800,4.51761,0.127,0.142,9.620,0,0,540
0.143820,4.51824,0.149,0.081,10.021,0,0,540
0.143840,4.51887,0.148,0.111,10.320,0,0,540
0.143860,4.51950,0.149,0.103,10.804,0,0,540
0.143880,4.52012,0.171,0.111,11.012,0,0,0
0.143900,4.52075,0.125,0.150,10.995,0,0,0
0.143920,4.52138,0.108,0.147,10.892,0,0,0
0.143940,4.52201,0.143,0.148,10.707,0,0,0
0.143960,4.52264,0.126,0.133,10.712,0,0,0
0.143980,4.52327,0.217,0.131,10.635,0,0,0
0.144000,4.52389,0.110,0.147,10.548,0,0,0
0.144020,4.52452,0.060,0.096,10.510,0,0,0
0.144040,4.52515,0.110,0.113,10.427,0,0,0
0.144060,4.52578,0.124,0.156,10.264,0,0,0
0.144080,4.52641,-0.030,0.165,10.286,0,0,0
0.144100,4.52704,0.106,0.075,10.166,0,0,0
0.144120,4.52766,0.168,0.053,10.097,0,0,0
0.144140,4.52829,0.093,0.123,10.117,0,0,0
0.144160,4.52892,0.160,0.080,9.994,0,0,0
0.144180,4.52955,0.107,0.078,9.983,0,0,0
0.144200,4.53018,0.148,0.162,9.833,0,0,0
0.144220,4.53080,0.065,0.115,9.831,0,0,0
0.144240,4.53143,0.164,0.146,9.750,0,0,0
0.144260,4.53206,0.134,0.156,9.618,0,0,0
0.144280,4.53269,0.177,0.088,9.680,0,0,0
0.144300,4.53332,0.190,0.153,9.563,0,0,0
0.144320,4.53395,0.270,0.067,9.607,0,0,0
0.144340,4.53457,0.104,0.098,9.493,0,0,0
0.144360,4.53520,0.204,0.091,9.338,0,0,0
0.144380,4.53583,0.039,0.115,9.361,0,0,0
0.144400,4.53646,0.197,0.156,9.225,0,0,0
0.144420,4.53709,0.240,0.176,9.596,0,0,540
0.144440,4.53772,0.187,0.116,9.967,0,0,540
0.144460,4.53834,0.084,0.085,10.332,0,0,540
0.144480,4.53897,0.219,0.117,10.579,0,0,540
0.144500,4.53960,0.086,0.135,10.777,0,0,0
0.144520,4.54023,0.144,0.197,10.750,0,0,0
0.144540,4.54086,0.200,0.154,10.672,0,0,0
0.144560,4.54149,0.121,0.021,10.601,0,0,0
0.144580,4.54211,0.099,0.117,10.461,0,0,0
0.144600,4.54274,0.093,0.177,10.485,0,0,0
0.144620,4.54337,0.155,0.153,10.372,0,0,0
0.144640,4.54400,0.171,0.158,10.309,0,0,0
0.144660,4.54463,0.154,0.068,10.239,0,0,0
0.144680,4.54526,0.124,0.112,10.162,0,0,0
0.144700,4.54588,0.184,0.091,10.147,0,0,0
0.144720,4.54651,0.102,0.110,10.054,0,0,0
0.144740,4.54714,0.091,0.069,10.033,0,0,0
0.144760,4.54777,0.150,0.131,9.887,0,0,0
0.144780,4.54840,0.168,0.074,9.932,0,0,0
0.144800,4.54903,0.128,0.107,9.840,0,0,0
0.144820,4.54965,0.135,0.026,9.865,0,0,0
0.144840,4.55028,0.115,0.172,9.770,0,0,0
0.144860,4.55091,0.226,0.083,9.651,0,0,0
0.144880,4.55154,0.149,0.134,9.583,0,0,0
0.144900,4.55217,0.201,0.094,9.539,0,0,0
0.144920,4.55280,0.140,0.077,9.450,0,0,0
0.144940,4.55342,0.268,0.032,9.415,0,0,0
0.144960,4.55405,0.194,0.047,9.353,0,0,0
0.144980,4.55468,0.215,0.115,9.230,0,0,0
0.145000,4.55531,0.096,0.066,9.229,0,0,0
0.145020,4.55594,0.125,0.182,9.160,0,0,0
0.145040,4.55657,0.169,0.195,9.413,0,0,540
0.145060,4.55719,0.176,0.099,9.751,0,0,540
0.145080,4.55782,0.136,0.037,10.074,0,0,540
0.145100,4.55845,0.071,0.131,10.495,0,0,540
0.145120,4.55908,0.158,0.173,10.774,0,0,540
0.145140,4.55971,0.074,0.137,10.854,0,0,0
0.145160,4.56034,0.100,0.200,10.913,0,0,0
0.145180,4.56096,0.145,0.119,10.769,0,0,0
0.145200,4.56159,0.180,0.114,10.643,0,0,0
0.145220,4.56222,0.114,0.092,10.522,0,0,0
0.145240,4.56285,0.065,0.147,10.508,0,0,0
0.145260,4.56348,0.189,0.081,10.469,0,0,0
0.145280,4.56411,0.197,0.162,10.428,0,0,0
0.145300,4.56473,0.122,0.135,10.282,0,0,0
0.145320,4.56536,0.117,0.146,10.236,0,0,0
0.145340,4.56599,0.102,0.072,10.225,0,0,0
0.145360,4.56662,0.138,0.127,10.168,0,0,0
0.145380,4.56725,0.217,0.118,10.058,0,0,0
0.145400,4.56788,0.040,0.059,9.985,0,0,0
0.145420,4.56850,0.154,0.049,9.872,0,0,0
0.145440,4.56913,0.112,0.146,9.844,0,0,0
0.145460,4.56976,0.191,0.080,9.866,0,0,0
0.145480,4.57039,0.120,0.181,9.703,0,0,0
0.145500,4.57102,0.160,0.103,9.685,0,0,0
0.145520,4.57165,0.106,0.142,9.619,0,0,0
0.145540,4.57227,0.234,0.098,9.605,0,0,0
0.145560,4.57290,0.142,0.168,9.616,0,0,0
0.145580,4.57353,0.113,0.127,9.529,0,0,0
0.145600,4.57416,0.048,0.098,9.439,0,0,0
0.145620,4.57479,0.199,-0.002,9.430,0,0,0
0.145640,4.57542,0.190,0.113,9.357,0,0,0
0.145660,4.57604,0.143,0.166,9.284,0,0,0
0.145680,4.57667,0.190,0.215,9.308,0,0,0
0.145700,4.57730,0.194,0.111,9.267,0,0,540
0.145720,4.57793,0.147,0.132,9.523,0,0,540
0.145740,4.57856,0.123,0.127,9.881,0,0,540
0.145760,4.57919,0.191,0.129,10.146,0,0,540
0.145780,4.57981,0.161,0.190,10.404,0,0,540
0.145800,4.58044,0.104,0.155,10.788,0,0,540
0.145820,4.58107,0.145,0.077,10.870,0,0,0
0.145840,4.58170,0.241,0.139,10.807,0,0,0
0.145860,4.58233,0.178,0.064,10.682,0,0,0
0.145880,4.58296,0.155,0.112,10.615,0,0,0
0.145900,4.58358,0.011,0.107,10.581,0,0,0
0.145920,4.58421,0.190,-0.014,10.508,0,0,0
0.145940,4.58484,0.005,0.180,10.477,0,0,0
0.145960,4.58547,0.110,0.067,10.340,0,0,0
0.145980,4.58610,0.137,0.177,10.303,0,0,0
0.146000,4.58673,0.192,0.089,10.266,0,0,0
0.146020,4.58735,0.119,0.067,10.246,0,0,0
0.146040,4.58798,0.116,0.188,10.185,0,0,0
0.146060,4.58861,0.213,0.112,10.192,0,0,0
0.146080,4.58924,0.153,0.122,9.975,0,0,0
0.146100,4.58987,0.180,0.139,10.091,0,0,0
0.146120,4.59050,0.161,0.069,9.944,0,0,0
0.146140,4.59112,0.150,0.208,9.914,0,0,0
0.146160,4.59175,0.099,0.104,9.879,0,0,0
0.146180,4.59238,0.177,0.160,9.763,0,0,0
0.146200,4.59301,0.078,0.029,9.787,0,0,0
0.146220,4.59364,0.070,0.174,9.765,0,0,0
0.146240,4.59427,0.138,0.058,9.674,0,0,0
0.146260,4.59489,0.156,0.106,9.575,0,0,0
0.146280,4.59552,0.102,0.233,9.568,0,0,0
0.146300,4.59615,0.166,0.080,9.436,0,0,0
0.146320,4.59678,0.149,0.106,9.436,0,0,0
0.146340,4.59741,0.089,0.024,9.318,0,0,0
0.146360,4.59804,0.170,0.060,9.343,0,0,0
0.146380,4.59866,0.112,0.134,9.299,0,0,0
0.146400,4.59929,0.179,0.190,9.219,0,0,0
0.146420,4.59992,0.122,0.160,9.311,0,0,540
0.146440,4.60055,0.116,0.061,9.521,0,0,540
0.146460,4.60118,0.153,0.100,9.831,0,0,540
0.146480,4.60180,0.106,0.130,10.124,0,0,540
0.146500,4.60243,0.177,0.116,10.429,0,0,540
0.146520,4.60306,0.027,0.206,10.634,0,0,540
0.146540,4.60369,0.016,0.132,10.952,0,0,540
0.146560,4.60432,0.236,0.097,10.794,0,0,0
0.146580,4.60495,0.093,0.150,10.841,0,0,0
0.146600,4.60557,0.187,0.005,10.699,0,0,0
0.146620,4.60620,0.120,0.105,10.697,0,0,0
0.146640,4.60683,0.116,0.021,10.619,0,0,0
0.146660,4.60746,0.088,0.227,10.498,0,0,0
0.146680,4.60809,0.192,0.098,10.544,0,0,0
0.146700,4.60872,0.221,0.115,10.489,0,0,0
0.146720,4.60934,0.168,0.163,10.347,0,0,0
0.146740,4.60997,0.144,0.093,10.305,0,0,0
0.146760,4.61060,0.096,0.171,10.361,0,0,0
0.146780,4.61123,0.119,0.194,10.359,0,0,0
0.146800,4.61186,0.162,0.129,10.232,0,0,0
0.146820,4.61249,0.109,0.102,10.184,0,0,0
0.146840,4.61311,0.093,0.131,10.090,0,0,0
0.146860,4.61374,0.155,0.105,10.085,0,0,0
0.146880,4.61437,0.145,0.083,10.088,0,0,0
0.146900,4.61500,0.158,0.221,9.983,0,0,0
0.146920,4.61563,0.158,0.156,9.887,0,0,0
0.146940,4.61626,0.143,0.226,9.846,0,0,0
0.146960,4.61688,0.145,0.092,9.844,0,0,0
0.146980,4.61751,0.158,0.078,9.797,0,0,0
0.147000,4.61814,0.162,0.158,9.698,0,0,0
0.147020,4.61877,0.065,0.256,9.729,0,0,0
0.147040,4.61940,0.065,0.115,9.646,0,0,0
0.147060,4.62003,0.111,0.102,9.598,0,0,0
0.147080,4.62065,0.181,0.132,9.575,0,0,0
0.147100,4.62128,0.152,0.058,9.508,0,0,0
0.147120,4.62191,0.217,0.184,9.541,0,0,0
0.147140,4.62254,0.100,0.154,9.497,0,0,0
0.147160,4.62317,0.172,0.123,9.300,0,0,0
0.147180,4.62380,0.091,0.252,9.404,0,0,0
0.147200,4.62442,0.187,0.046,9.340,0,0,0
0.147220,4.62505,0.094,0.061,9.315,0,0,0
0.147240,4.62568,0.238,0.170,9.237,0,0,0
0.147260,4.62631,0.112,0.084,9.206,0,0,0
0.147280,4.62694,0.190,0.188,9.516,0,0,540
0.147300,4.62757,0.234,0.102,9.621,0,0,540
0.147320,4.62819,0.227,0.177,9.942,0,0,540
0.147340,4.62882,0.174,0.114,10.105,0,0,540
0.147360,4.62945,0.115,0.157,10.408,0,0,540
0.147380,4.63008,0.168,0.095,10.602,0,0,540
0.147400,4.63071,0.223,0.156,10.875,0,0,540
0.147420,4.63134,0.224,0.138,10.805,0,0,0
0.147440,4.63196,0.231,0.089,10.735,0,0,0
0.147460,4.63259,0.174,0.067,10.622,0,0,0
0.147480,4.63322,0.070,0.057,10.633,0,0,0
0.147500,4.63385,0.015,0.196,10.582,0,0,0
0.147520,4.63448,0.105,0.149,10.606,0,0,0
0.147540,4.63511,0.128,0.134,10.440,0,0,0
0.147560,4.63573,0.094,0.040,10.586,0,0,0
0.147580,4.63636,0.177,0.114,10.457,0,0,0
0.147600,4.63699,0.088,0.094,10.341,0,0,0
0.147620,4.63762,0.102,0.139,10.283,0,0,0
0.147640,4.63825,0.146,0.032,10.331,0,0,0
0.147660,4.63888,0.165,0.205,10.282,0,0,0
0.147680,4.63950,0.141,0.143,10.168,0,0,0
0.147700,4.64013,0.192,0.146,10.188,0,0,0
0.147720,4.64076,0.193,0.077,10.207,0,0,0
0.147740,4.64139,0.133,0.118,10.144,0,0,0
0.147760,4.64202,0.136,0.077,10.176,0,0,0
0.147780,4.64265,0.082,0.075,9.995,0,0,0
0.147800,4.64327,0.123,0.152,10.010,0,0,0
0.147820,4.64390,0.132,0.131,9.964,0,0,0
0.147840,4.64453,0.138,0.174,9.972,0,0,0
0.147860,4.64516,0.064,0.139,9.865,0,0,0
0.147880,4.64579,0.167,0.133,9.956,0,0,0
0.147900,4.64642,0.196,0.162,9.829,0,0,0
0.147920,4.64704,0.312,0.143,9.765,0,0,0
0.147940,4.64767,0.203,0.154,9.820,0,0,0
0.147960,4.64830,0.155,0.128,9.650,0,0,0
0.147980,4.64893,0.030,0.106,9.652,0,0,0
0.148000,4.64956,0.121,0.184,9.625,0,0,0
0.148020,4.65019,0.086,0.143,9.589,0,0,0
0.148040,4.65081,0.197,0.133,9.586,0,0,0
0.148060,4.65144,0.200,0.079,9.556,0,0,0
0.148080,4.65207,0.091,0.087,9.536,0,0,0
0.148100,4.65270,0.179,0.129,9.446,0,0,0
0.148120,4.65333,0.096,0.106,9.492,0,0,0
0.148140,4.65396,0.123,0.167,9.464,0,0,0
0.148160,4.65458,0.094,0.209,9.437,0,0,0
0.148180,4.65521,0.197,0.195,9.425,0,0,0
0.148200,4.65584,0.188,0.116,9.344,0,0,0
0.148220,4.65647,0.147,0.199,9.254,0,0,0
0.148240,4.65710,0.122,0.174,9.314,0,0,0
0.148260,4.65773,0.058,0.242,9.205,0,0,0
0.148280,4.65835,0.218,0.167,9.435,0,0,540
0.148300,4.65898,0.181,0.115,9.627,0,0,540
0.148320,4.65961,0.217,0.085,9.942,0,0,540
0.148340,4.66024,0.124,0.128,10.082,0,0,540
0.148360,4.66087,0.187,0.067,10.445,0,0,540
0.148380,4.66150,0.125,0.120,10.631,0,0,540
0.148400,4.66212,0.101,0.111,10.753,0,0,540
0.148420,4.66275,0.094,0.136,10.925,0,0,0
0.148440,4.66338,0.051,0.131,10.887,0,-540,0
0.148460,4.66401,0.238,0.154,10.787,0,0,0
0.148480,4.66464,0.218,0.082,10.708,0,0,0
0.148500,4.66527,0.137,0.074,10.731,0,0,0
0.148520,4.66589,0.147,0.082,10.648,0,0,0
0.148540,4.66652,0.081,0.177,10.701,0,0,0
0.148560,4.66715,0.210,0.063,10.654,0,0,0
0.148580,4.66778,0.082,0.122,10.512,0,0,0
0.148600,4.66841,0.268,0.032,10.524,0,0,0
0.148620,4.66904,0.184,0.024,10.472,0,0,0
0.148640,4.66966,0.113,0.142,10.529,0,0,0
0.148660,4.67029,0.067,-0.047,10.519,0,0,0
0.148680,4.67092,0.078,0.025,10.411,0,0,0
0.148700,4.67155,0.177,0.052,10.459,0,0,0
0.148720,4.67218,0.179,0.101,10.436,0,0,0
0.148740,4.67280,0.097,0.087,10.392,0,0,0
0.148760,4.67343,0.088,-0.001,10.263,0,0,0
0.148780,4.67406,0.040,0.095,10.273,0,0,0
0.148800,4.67469,0.222,0.024,10.248,0,0,0
0.148820,4.67532,0.053,0.097,10.316,0,0,0
0.148840,4.67595,0.181,0.071,10.270,0,0,0
0.148860,4.67657,0.141,0.076,10.181,0,0,0
0.148880,4.67720,0.192,0.254,10.276,0,0,0
0.148900,4.67783,0.196,-0.012,10.164,0,0,0
0.148920,4.67846,0.151,0.090,10.134,0,0,0
0.148940,4.67909,0.145,0.085,10.125,0,0,0
0.148960,4.67972,0.170,0.093,10.039,0,0,0
0.148980,4.68034,0.134,0.048,10.082,0,0,0
0.149000,4.68097,0.159,-0.023,9.993,0,0,0
0.149020,4.68160,0.013,0.098,9.956,0,0,0
0.149040,4.68223,0.135,0.023,9.944,0,0,0
0.149060,4.68286,0.033,0.016,9.947,0,0,0
0.149080,4.68349,0.119,0.104,9.925,0,0,0
0.149100,4.68411,0.018,0.166,9.866,0,0,0
0.149120,4.68474,0.104,0.108,9.787,0,0,0
0.149140,4.68537,0.120,0.110,9.945,0,0,0
0.149160,4.68600,0.060,0.051,9.841,0,0,0
0.149180,4.68663,-0.010,0.108,9.806,0,0,0
0.149200,4.68726,0.153,0.155,9.808,0,0,0
0.149220,4.68788,0.165,0.011,9.734,0,0,0
0.149240,4.68851,0.169,0.082,9.851,0,0,0
0.149260,4.68914,0.081,0.044,9.636,0,0,0
0.149280,4.68977,0.141,0.150,9.733,0,0,0
0.149300,4.69040,0.176,0.135,9.691,0,0,0
0.149320,4.69103,0.155,0.035,9.661,0,0,0
0.149340,4.69165,0.173,0.108,9.645,0,0,0
0.149360,4.69228,0.207,0.010,9.601,0,0,0
0.149380,4.69291,0.075,0.074,9.582,0,0,0
0.149400,4.69354,0.137,0.103,9.560,0,0,0
0.149420,4.69417,0.103,0.078,9.543,0,0,0
0.149440,4.69480,0.128,0.082,9.641,0,0,0
0.149460,4.69542,0.089,0.136,9.503,0,0,0
0.149480,4.69605,0.128,0.021,9.549,0,0,0
0.149500,4.69668,0.105,0.120,9.399,0,0,0
0.149520,4.69731,0.102,0.047,9.394,0,0,0
0.149540,4.69794,0.013,0.117,9.410,0,0,0
0.149560,4.69857,0.062,0.084,9.405,0,0,0
0.149580,4.69919,0.159,0.034,9.360,0,0,0
0.149600,4.69982,0.126,0.026,9.379,0,0,0
0.149620,4.70045,0.149,0.139,9.349,0,0,0
0.149640,4.70108,0.075,0.051,9.390,0,0,0
0.149660,4.70171,0.090,0.111,9.385,0,0,0
0.149680,4.70234,0.105,0.067,9.285,0,0,0
0.149700,4.70296,0.134,0.087,9.521,0,0,540
0.149720,4.70359,0.160,0.028,9.721,0,0,540
0.149740,4.70422,0.161,0.003,9.904,0,0,540
0.149760,4.70485,0.164,0.013,10.152,0,0,540
0.149780,4.70548,0.125,0.126,10.339,0,0,540
0.149800,4.70611,0.101,0.053,10.574,0,0,540
0.149820,4.70673,0.082,0.023,10.727,0,0,540
0.149840,4.70736,0.106,0.077,10.769,0,0,0
0.149860,4.70799,0.034,0.025,10.831,0,0,0
0.149880,4.70862,0.141,0.026,10.851,0,0,0
0.149900,4.70925,0.082,0.004,10.875,0,0,0
0.149920,4.70988,0.223,0.081,10.766,0,0,0
0.149940,4.71050,0.148,0.097,10.778,0,0,0
0.149960,4.71113,0.210,0.018,10.740,0,0,0
0.149980,4.71176,0.145,0.056,10.672,0,0,0
