# Вариант 4. Скорость 300 об/мин, задание тока 10 А, углы 10/150 эл. град, Udc 540 В, R фазы 0,6 Ом (паспорт)
# t_s,theta_mech_sensor_rad,ia_A,ib_A,ic_A,ua_V,ub_V,uc_V
0.000000,0.00000,0.068,2.030,0.119,0,-540,540
0.000020,0.00063,0.034,2.028,0.109,0,-540,540
0.000040,0.00126,-0.072,2.047,0.275,0,-540,540
0.000060,0.00188,0.023,2.045,0.259,0,-540,540
0.000080,0.00251,-0.023,2.057,0.529,0,-540,540
0.000100,0.00314,0.046,1.914,0.563,0,-540,540
0.000120,0.00377,0.010,2.004,0.636,0,-540,540
0.000140,0.00440,-0.012,1.950,0.696,0,-540,540
0.000160,0.00503,0.112,2.034,0.825,0,-540,540
0.000180,0.00565,-0.045,2.089,1.018,0,-540,540
0.000200,0.00628,0.069,2.000,1.029,0,-540,540
0.000220,0.00691,0.032,2.040,1.299,0,-540,540
0.000240,0.00754,-0.033,1.944,1.307,0,-540,540
0.000260,0.00817,-0.000,2.019,1.398,0,-540,540
0.000280,0.00880,0.012,2.004,1.525,0,-540,540
0.000300,0.00942,-0.029,2.092,1.649,0,-540,540
0.000320,0.01005,-0.003,2.020,1.718,0,-540,540
0.000340,0.01068,-0.082,2.009,1.920,0,-540,540
0.000360,0.01131,-0.025,1.853,1.902,0,-540,540
0.000380,0.01194,-0.033,2.000,2.134,0,-540,540
0.000400,0.01257,-0.044,2.003,2.202,0,-540,540
0.000420,0.01319,-0.007,2.088,2.273,0,-540,540
0.000440,0.01382,0.016,1.992,2.370,0,-540,540
0.000460,0.01445,0.044,1.996,2.527,0,-540,540
0.000480,0.01508,0.001,1.937,2.673,0,-540,540
0.000500,0.01571,0.005,1.949,2.758,0,-540,540
0.000520,0.01634,-0.028,1.960,2.982,0,-540,540
0.000540,0.01696,-0.022,2.028,3.005,0,-540,540
0.000560,0.01759,-0.003,1.951,3.164,0,-540,540
0.000580,0.01822,0.006,2.181,3.294,0,-540,540
0.000600,0.01885,-0.044,2.000,3.424,0,-540,540
0.000620,0.01948,-0.014,1.943,3.472,0,-540,540
0.000640,0.02011,0.028,1.957,3.646,0,-540,540
0.000660,0.02073,0.021,1.934,3.799,0,-540,540
0.000680,0.02136,-0.040,1.973,3.929,0,-540,540
0.000700,0.02199,0.001,1.971,3.981,0,-540,540
0.000720,0.02262,0.072,2.012,4.194,0,-540,540
0.000740,0.02325,-0.041,1.919,4.290,0,-540,540
0.000760,0.02388,-0.020,2.024,4.377,0,-540,540
0.000780,0.02450,-0.052,1.948,4.515,0,-540,540
0.000800,0.02513,0.041,2.011,4.688,0,-540,540
0.000820,0.02576,0.011,1.996,4.829,0,-540,540
0.000840,0.02639,-0.064,1.948,4.971,0,-540,540
0.000860,0.02702,-0.002,1.901,5.032,0,-540,540
0.000880,0.02765,-0.058,1.952,5.214,0,-540,540
0.000900,0.02827,0.040,1.952,5.358,0,-540,540
0.000920,0.02890,-0.054,2.067,5.568,0,-540,540
0.000940,0.02953,0.078,2.039,5.714,0,-540,540
0.000960,0.03016,0.022,1.958,5.915,0,-540,540
0.000980,0.03079,-0.019,2.048,5.922,0,-540,540
0.001000,0.03142,-0.063,1.974,6.158,0,-540,540
0.001020,0.03204,0.037,2.013,6.277,0,-540,540
0.001040,0.03267,-0.019,2.043,6.483,0,-540,540
0.001060,0.03330,-0.043,1.942,6.609,0,-540,540
0.001080,0.03393,-0.082,1.937,6.818,0,-540,540
0.001100,0.03456,-0.195,1.998,6.992,0,-540,540
0.001120,0.03519,-0.078,2.019,7.145,0,-540,540
0.001140,0.03581,0.039,2.007,7.250,0,-540,540
0.001160,0.03644,0.017,1.994,7.430,0,-540,540
0.001180,0.03707,0.063,1.968,7.596,0,-540,540
0.001200,0.03770,-0.069,2.038,7.760,0,-540,540
0.001220,0.03833,-0.022,1.961,7.945,0,-540,540
0.001240,0.03896,-0.004,2.031,8.042,0,-540,540
0.001260,0.03958,-0.054,1.986,8.306,0,-540,540
0.001280,0.04021,0.040,2.059,8.508,0,-540,540
0.001300,0.04084,0.047,1.999,8.566,0,-540,540
0.001320,0.04147,-0.012,1.987,8.738,0,-540,540
0.001340,0.04210,-0.103,2.010,9.007,0,-540,540
0.001360,0.04273,-0.002,1.967,9.301,0,-540,540
0.001380,0.04335,0.091,2.071,9.479,0,-540,540
0.001400,0.04398,0.926,2.011,9.655,540,-540,540
0.001420,0.04461,1.788,1.959,9.838,540,-540,540
0.001440,0.04524,2.712,2.032,10.007,540,-540,540
0.001460,0.04587,3.610,1.905,10.261,540,-540,540
0.001480,0.04650,4.496,2.070,10.527,540,-540,540
0.001500,0.04712,5.440,2.075,10.649,540,-540,540
0.001520,0.04775,6.303,2.041,10.764,540,-540,0
0.001540,0.04838,7.220,2.054,10.694,540,-540,0
0.001560,0.04901,8.089,2.017,10.744,540,-540,0
0.001580,0.04964,8.980,1.979,10.746,540,-540,0
0.001600,0.05027,9.783,2.026,10.788,540,-540,0
0.001620,0.05089,10.679,1.957,10.709,540,-540,0
0.001640,0.05152,11.224,1.951,10.733,0,-540,0
0.001660,0.05215,11.151,1.984,10.621,0,-540,0
0.001680,0.05278,11.146,2.014,10.586,0,-540,0
0.001700,0.05341,11.102,1.882,10.686,0,-540,0
0.001720,0.05404,11.182,1.988,10.585,0,-540,0
0.001740,0.05466,11.201,2.004,10.631,0,-540,0
0.001760,0.05529,11.191,2.073,10.624,0,-540,0
0.001780,0.05592,11.057,1.910,10.579,0,-540,0
0.001800,0.05655,11.092,1.955,10.580,0,-540,0
0.001820,0.05718,11.135,2.056,10.560,0,-540,0
0.001840,0.05781,11.059,2.027,10.646,0,-540,0
0.001860,0.05843,10.970,2.038,10.628,0,-540,0
0.001880,0.05906,11.042,2.002,10.590,0,-540,0
0.001900,0.05969,10.943,1.991,10.582,0,-540,0
0.001920,0.06032,11.031,2.008,10.588,0,-540,0
0.001940,0.06095,10.947,1.975,10.588,0,-540,0
0.001960,0.06158,10.988,2.039,10.509,0,-540,0
0.001980,0.06220,10.999,1.971,10.596,0,-540,0
0.002000,0.06283,10.983,1.915,10.486,0,-540,0
0.002020,0.06346,10.931,1.972,10.509,0,-540,0
0.002040,0.06409,10.886,2.014,10.541,0,-540,0
0.002060,0.06472,10.921,2.020,10.511,0,-540,0
0.002080,0.06535,10.876,2.024,10.569,0,-540,0
0.002100,0.06597,10.894,2.016,10.404,0,-540,0
0.002120,0.06660,10.894,2.099,10.440,0,-540,0
0.002140,0.06723,10.826,2.082,10.356,0,-540,0
0.002160,0.06786,10.862,2.046,10.455,0,-540,0
0.002180,0.06849,10.879,1.963,10.434,0,-540,0
0.002200,0.06912,10.803,2.016,10.415,0,-540,0
0.002220,0.06974,10.765,2.073,10.379,0,-540,0
0.002240,0.07037,10.827,1.954,10.458,0,-540,0
0.002260,0.07100,10.727,2.094,10.413,0,-540,0
0.002280,0.07163,10.878,2.019,10.416,0,-540,0
0.002300,0.07226,10.763,1.999,10.383,0,-540,0
0.002320,0.07288,10.766,2.036,10.445,0,-540,0
0.002340,0.07351,10.721,1.957,10.377,0,-540,0
0.002360,0.07414,10.802,1.968,10.404,0,-540,0
0.002380,0.07477,10.690,1.930,10.399,0,-540,0
0.002400,0.07540,10.780,2.012,10.359,0,-540,0
0.002420,0.07603,10.676,2.004,10.255,0,-540,0
0.002440,0.07665,10.757,2.027,10.308,0,-540,0
0.002460,0.07728,10.643,2.051,10.317,0,-540,0
0.002480,0.07791,10.665,2.025,10.333,0,-540,0
0.002500,0.07854,10.684,1.998,10.286,0,-540,0
0.002520,0.07917,10.636,2.008,10.387,0,-540,0
0.002540,0.07980,10.656,2.024,10.354,0,-540,0
0.002560,0.08042,10.616,2.031,10.362,0,-540,0
0.002580,0.08105,10.655,2.005,10.234,0,-540,0
0.002600,0.08168,10.628,1.940,10.298,0,-540,0
0.002620,0.08231,10.681,1.956,10.258,0,-540,0
0.002640,0.08294,10.503,1.986,10.266,0,-540,0
0.002660,0.08357,10.472,1.993,10.306,0,-540,0
0.002680,0.08419,10.669,2.005,10.332,0,-540,0
0.002700,0.08482,10.511,1.941,10.222,0,-540,0
0.002720,0.08545,10.490,2.054,10.195,0,-540,0
0.002740,0.08608,10.532,1.947,10.247,0,-540,0
0.002760,0.08671,10.572,1.983,10.292,0,-540,0
0.002780,0.08734,10.416,2.001,10.130,0,-540,0
0.002800,0.08796,10.503,1.980,10.322,0,-540,0
0.002820,0.08859,10.431,1.980,10.245,0,-540,0
0.002840,0.08922,10.454,1.964,10.223,0,-540,0
0.002860,0.08985,10.408,2.060,10.221,0,-540,0
0.002880,0.09048,10.489,2.093,10.147,0,-540,0
0.002900,0.09111,10.480,1.942,10.168,0,-540,0
0.002920,0.09173,10.428,1.943,10.253,0,-540,0
0.002940,0.09236,10.388,1.984,10.155,0,-540,0
0.002960,0.09299,10.392,1.893,10.227,0,-540,0
0.002980,0.09362,10.439,2.084,10.160,0,-540,0
0.003000,0.09425,10.438,2.012,10.200,0,-540,0
0.003020,0.09488,10.454,2.021,10.196,0,-540,0
0.003040,0.09550,10.341,1.891,10.137,0,-540,0
0.003060,0.09613,10.293,1.932,10.101,0,-540,0
0.003080,0.09676,10.293,1.989,10.120,0,-540,0
0.003100,0.09739,10.263,1.963,10.197,0,-540,0
0.003120,0.09802,10.340,2.028,10.094,0,-540,0
0.003140,0.09865,10.310,1.977,10.131,0,-540,0
0.003160,0.09927,10.342,1.945,10.243,0,-540,0
0.003180,0.09990,10.217,2.023,10.150,0,-540,0
0.003200,0.10053,10.265,2.024,10.123,0,-540,0
0.003220,0.10116,10.361,2.034,10.075,0,-540,0
0.003240,0.10179,10.282,2.014,10.091,0,-540,0
0.003260,0.10242,10.198,1.944,10.120,0,-540,0
0.003280,0.10304,10.184,1.970,10.158,0,-540,0
0.003300,0.10367,10.213,1.970,10.174,0,-540,0
0.003320,0.10430,10.071,2.023,9.994,0,-540,0
0.003340,0.10493,10.138,1.964,10.176,0,-540,0
0.003360,0.10556,10.062,2.039,10.031,0,-540,0
0.003380,0.10619,10.084,1.965,10.125,0,-540,0
0.003400,0.10681,10.051,1.916,10.038,0,-540,0
0.003420,0.10744,10.102,2.068,10.048,0,-540,0
0.003440,0.10807,10.089,1.950,10.090,0,-540,0
0.003460,0.10870,10.051,1.998,10.069,0,-540,0
0.003480,0.10933,10.009,1.961,10.024,0,-540,0
0.003500,0.10996,10.042,1.944,9.940,0,-540,0
0.003520,0.11058,10.076,2.059,10.022,0,-540,0
0.003540,0.11121,10.130,2.016,10.039,0,-540,0
0.003560,0.11184,9.951,1.940,10.057,0,-540,0
0.003580,0.11247,10.004,1.918,10.040,0,-540,0
0.003600,0.11310,9.885,1.961,10.059,0,-540,0
0.003620,0.11373,10.026,1.966,9.999,0,-540,0
0.003640,0.11435,10.030,2.077,10.020,0,-540,0
0.003660,0.11498,9.969,1.977,9.937,0,-540,0
0.003680,0.11561,9.941,2.013,10.052,0,-540,0
0.003700,0.11624,9.868,1.980,9.964,0,-540,0
0.003720,0.11687,9.845,2.022,9.993,0,-540,0
0.003740,0.11750,9.909,1.902,9.998,0,-540,0
0.003760,0.11812,9.888,1.974,10.067,0,-540,0
0.003780,0.11875,9.859,1.946,9.913,0,-540,0
0.003800,0.11938,9.813,2.007,10.036,0,-540,0
0.003820,0.12001,9.777,1.986,10.030,0,-540,0
0.003840,0.12064,9.892,2.054,9.992,0,-540,0
0.003860,0.12127,9.799,2.022,10.013,0,-540,0
0.003880,0.12189,9.776,1.977,9.991,0,-540,0
0.003900,0.12252,9.679,2.038,9.988,0,-540,0
0.003920,0.12315,9.796,1.965,9.978,0,-540,0
0.003940,0.12378,9.646,1.984,9.920,0,-540,0
0.003960,0.12441,9.712,1.975,9.940,0,-540,0
0.003980,0.12504,9.698,2.029,9.943,0,-540,0
0.004000,0.12566,9.702,1.972,10.027,0,-540,0
0.004020,0.12629,9.700,1.965,10.083,0,-540,0
0.004040,0.12692,9.643,1.986,9.932,0,-540,0
0.004060,0.12755,9.726,2.036,9.971,0,-540,0
0.004080,0.12818,9.621,1.988,9.978,0,-540,0
0.004100,0.12881,9.626,1.992,9.852,0,-540,0
0.004120,0.12943,9.638,1.918,9.926,0,-540,0
0.004140,0.13006,9.719,1.933,9.934,0,-540,0
0.004160,0.13069,9.539,2.060,9.889,0,-540,0
0.004180,0.13132,9.574,2.028,9.691,0,-540,-540
0.004200,0.13195,9.584,2.005,9.482,0,-540,-540
0.004220,0.13258,9.473,2.035,9.314,0,-540,-540
0.004240,0.13320,9.465,2.018,9.061,0,-540,-540
0.004260,0.13383,9.490,1.981,8.879,0,-540,-540
0.004280,0.13446,9.560,1.906,8.769,0,-540,-540
0.004300,0.13509,9.452,2.066,8.423,0,-540,-540
0.004320,0.13572,9.379,1.958,8.370,0,-540,-540
0.004340,0.13635,9.379,2.022,8.220,0,-540,-540
0.004360,0.13697,9.473,2.057,8.017,0,-540,-540
0.004380,0.13760,9.524,2.014,7.830,0,-540,-540
0.004400,0.13823,9.441,2.035,7.563,0,-540,-540
0.004420,0.13886,9.309,1.970,7.416,0,-540,-540
0.004440,0.13949,9.361,1.893,7.242,0,-540,-540
0.004460,0.14012,9.293,2.048,7.139,0,-540,-540
0.004480,0.14074,9.280,2.017,6.917,0,-540,-540
0.004500,0.14137,9.264,1.984,6.790,0,-540,-540
0.004520,0.14200,9.308,2.047,6.577,0,-540,-540
0.004540,0.14263,9.344,2.039,6.367,0,-540,-540
0.004560,0.14326,9.232,2.021,6.265,0,-540,-540
0.004580,0.14388,9.778,1.963,6.117,540,-540,-540
0.004600,0.14451,10.574,2.046,6.071,540,-540,-540
0.004620,0.14514,10.962,1.870,5.851,0,-540,-540
0.004640,0.14577,10.920,2.003,5.665,0,-540,-540
0.004660,0.14640,10.961,2.022,5.562,0,-540,-540
0.004680,0.14703,10.848,1.989,5.461,0,-540,-540
0.004700,0.14765,10.975,2.008,5.257,0,-540,-540
0.004720,0.14828,10.779,2.016,5.155,0,-540,-540
0.004740,0.14891,10.804,1.998,4.915,0,-540,-540
0.004760,0.14954,10.805,2.034,4.753,0,-540,-540
0.004780,0.15017,10.744,1.975,4.692,0,-540,-540
0.004800,0.15080,10.768,1.990,4.524,0,-540,-540
0.004820,0.15142,10.751,1.966,4.484,0,-540,-540
0.004840,0.15205,10.764,2.040,4.367,0,-540,-540
0.004860,0.15268,10.819,1.933,4.133,0,-540,-540
0.004880,0.15331,10.738,2.013,4.176,0,-540,-540
0.004900,0.15394,10.717,1.989,3.900,0,-540,-540
0.004920,0.15457,10.659,2.011,3.749,0,-540,-540
0.004940,0.15519,10.687,1.876,3.707,0,-540,-540
0.004960,0.15582,10.630,1.956,3.547,0,-540,-540
0.004980,0.15645,10.647,2.050,3.520,0,-540,-540
0.005000,0.15708,10.592,1.991,3.301,0,-540,-540
0.005020,0.15771,10.641,2.016,3.221,0,-540,-540
0.005040,0.15834,10.480,2.053,2.979,0,-540,-540
0.005060,0.15896,10.530,2.081,2.933,0,-540,-540
0.005080,0.15959,10.477,2.010,2.876,0,-540,-540
0.005100,0.16022,10.503,1.939,2.681,0,-540,-540
0.005120,0.16085,10.578,1.956,2.637,0,-540,-540
0.005140,0.16148,10.445,2.059,2.576,0,-540,-540
0.005160,0.16211,10.405,1.947,2.383,0,-540,-540
0.005180,0.16273,10.412,2.007,2.285,0,-540,-540
0.005200,0.16336,10.344,1.922,2.157,0,-540,-540
0.005220,0.16399,10.364,1.973,2.001,0,-540,-540
0.005240,0.16462,10.359,2.059,1.980,0,-540,-540
0.005260,0.16525,10.307,2.045,1.932,0,-540,-540
0.005280,0.16588,10.269,1.990,1.780,0,-540,-540
0.005300,0.16650,10.211,1.938,1.566,0,-540,-540
0.005320,0.16713,10.153,1.999,1.554,0,-540,-540
0.005340,0.16776,10.155,1.962,1.449,0,-540,-540
0.005360,0.16839,10.287,1.998,1.361,0,-540,-540
0.005380,0.16902,10.224,1.936,1.222,0,-540,-540
0.005400,0.16965,10.163,1.991,1.120,0,-540,-540
0.005420,0.17027,10.149,2.025,1.101,0,-540,-540
0.005440,0.17090,10.152,1.993,0.871,0,-540,-540
0.005460,0.17153,10.132,2.001,0.780,0,-540,-540
0.005480,0.17216,10.097,1.971,0.681,0,-540,-540
0.005500,0.17279,10.052,2.006,0.624,0,-540,-540
0.005520,0.17342,9.932,1.951,0.617,0,-540,-540
0.005540,0.17404,10.053,1.908,0.434,0,-540,-540
0.005560,0.17467,9.964,2.003,0.363,0,-540,-540
0.005580,0.17530,9.990,2.010,0.258,0,-540,0
0.005600,0.17593,9.909,1.971,0.356,0,-540,0
0.005620,0.17656,9.941,1.917,0.258,0,-540,0
0.005640,0.17719,9.967,1.984,0.228,0,-540,0
0.005660,0.17781,9.808,1.974,0.250,0,-540,0
0.005680,0.17844,9.706,1.900,0.269,0,-540,0
0.005700,0.17907,9.842,2.081,0.169,0,-540,0
0.005720,0.17970,9.775,2.047,0.159,0,-540,0
0.005740,0.18033,9.856,1.980,0.252,0,-540,0
0.005760,0.18096,9.710,2.051,0.176,0,-540,0
0.005780,0.18158,9.630,2.048,0.131,0,-540,0
0.005800,0.18221,9.762,1.915,0.226,0,-540,0
0.005820,0.18284,9.620,1.908,0.180,0,-540,0
0.005840,0.18347,9.664,2.012,0.145,0,-540,0
0.005860,0.18410,9.561,1.986,0.001,0,-540,0
0.005880,0.18473,9.586,1.963,0.151,0,-540,0
0.005900,0.18535,9.482,2.043,0.219,0,-540,0
0.005920,0.18598,9.561,1.936,0.169,0,-540,0
0.005940,0.18661,9.593,1.913,0.121,0,-540,0
0.005960,0.18724,9.383,1.893,0.161,0,-540,0
0.005980,0.18787,9.445,2.028,0.193,0,-540,0
0.006000,0.18850,9.324,1.954,0.236,0,-540,0
0.006020,0.18912,9.359,2.022,0.173,0,-540,0
0.006040,0.18975,9.342,1.973,0.211,0,-540,0
0.006060,0.19038,9.373,1.983,0.128,0,-540,0
0.006080,0.19101,9.287,1.999,0.217,0,-540,0
0.006100,0.19164,9.389,2.091,0.163,0,-540,0
0.006120,0.19227,9.679,1.963,0.164,540,-540,0
0.006140,0.19289,10.425,1.928,0.076,540,-540,0
0.006160,0.19352,10.808,2.009,0.154,0,-540,0
0.006180,0.19415,10.861,1.958,0.137,0,-540,0
0.006200,0.19478,10.805,2.039,0.204,0,-540,0
0.006220,0.19541,10.737,1.974,0.133,0,-540,0
0.006240,0.19604,10.689,2.032,0.027,0,-540,0
0.006260,0.19666,10.730,1.956,0.236,0,-540,0
0.006280,0.19729,10.658,1.962,0.109,0,-540,0
0.006300,0.19792,10.660,1.929,0.206,0,-540,0
0.006320,0.19855,10.620,1.972,0.184,0,-540,0
0.006340,0.19918,10.634,2.030,0.196,0,-540,0
0.006360,0.19981,10.487,2.027,0.107,0,-540,0
0.006380,0.20043,10.542,2.045,0.119,0,-540,0
0.006400,0.20106,10.428,1.993,0.222,0,-540,0
0.006420,0.20169,10.509,2.031,0.136,0,-540,0
0.006440,0.20232,10.484,2.108,0.236,0,-540,0
0.006460,0.20295,10.324,2.004,0.194,0,-540,0
0.006480,0.20358,10.276,2.068,0.135,0,-540,0
0.006500,0.20420,10.266,1.971,0.101,0,-540,0
0.006520,0.20483,10.326,2.034,0.171,0,-540,0
0.006540,0.20546,10.243,1.943,0.187,0,-540,0
0.006560,0.20609,10.268,2.041,0.157,0,-540,0
0.006580,0.20672,10.204,1.947,0.122,0,-540,0
0.006600,0.20735,10.117,2.038,0.201,0,-540,0
0.006620,0.20797,10.131,1.982,0.098,0,-540,0
0.006640,0.20860,10.033,2.008,0.089,0,-540,0
0.006660,0.20923,10.134,1.966,0.166,0,-540,0
0.006680,0.20986,10.004,2.059,0.163,0,-540,0
0.006700,0.21049,9.940,1.929,0.266,0,-540,0
0.006720,0.21112,9.853,1.935,0.088,0,-540,0
0.006740,0.21174,9.939,1.985,0.147,0,-540,0
0.006760,0.21237,9.960,2.014,0.161,0,-540,0
0.006780,0.21300,9.871,1.998,0.201,0,-540,0
0.006800,0.21363,9.755,2.054,0.175,0,-540,0
0.006820,0.21426,9.742,1.996,0.153,0,-540,0
0.006840,0.21488,9.733,1.902,0.203,0,-540,0
0.006860,0.21551,9.639,2.066,0.157,0,-540,0
0.006880,0.21614,9.674,2.007,0.130,0,-540,0
0.006900,0.21677,9.682,1.920,0.125,0,-540,0
0.006920,0.21740,9.595,1.996,0.175,0,-540,0
0.006940,0.21803,9.501,2.009,0.219,0,-540,0
0.006960,0.21865,9.603,2.020,0.083,0,-540,0
0.006980,0.21928,9.456,2.079,0.095,0,-540,0
0.007000,0.21991,9.380,2.020,0.195,0,-540,0
0.007020,0.22054,9.458,2.076,0.083,0,-540,0
0.007040,0.22117,9.363,2.001,0.109,0,-540,0
0.007060,0.22180,9.304,1.906,0.063,0,-540,0
0.007080,0.22242,9.302,2.009,0.166,0,-540,0
0.007100,0.22305,9.209,2.072,0.212,0,-540,0
0.007120,0.22368,9.221,1.982,0.058,0,-540,0
0.007140,0.22431,9.850,1.998,0.127,540,-540,0
0.007160,0.22494,10.663,1.947,0.153,540,-540,0
0.007180,0.22557,10.996,1.963,0.258,0,-540,0
0.007200,0.22619,11.013,2.045,0.200,0,-540,0
0.007220,0.22682,10.926,2.059,0.224,0,-540,0
0.007240,0.22745,10.951,2.059,0.069,0,-540,0
0.007260,0.22808,10.749,2.044,0.120,0,-540,0
0.007280,0.22871,10.776,2.110,0.123,0,-540,0
0.007300,0.22934,10.737,1.977,0.143,0,-540,0
0.007320,0.22996,10.741,2.061,0.208,0,-540,0
0.007340,0.23059,10.671,2.036,0.231,0,-540,0
0.007360,0.23122,10.698,2.029,0.139,0,-540,0
0.007380,0.23185,10.573,2.043,0.175,0,-540,0
0.007400,0.23248,10.534,2.028,0.144,0,-540,0
0.007420,0.23311,10.508,2.055,0.139,0,-540,0
0.007440,0.23373,10.460,1.975,0.235,0,-540,0
0.007460,0.23436,10.371,1.995,0.211,0,-540,0
0.007480,0.23499,10.287,1.990,0.073,0,-540,0
0.007500,0.23562,10.337,1.930,0.132,0,-540,0
0.007520,0.23625,10.251,2.059,0.079,0,-540,0
0.007540,0.23688,10.279,1.980,0.147,0,-540,0
0.007560,0.23750,10.133,2.039,0.146,0,-540,0
0.007580,0.23813,10.166,1.916,0.173,0,-540,0
0.007600,0.23876,10.057,1.996,0.190,0,-540,0
0.007620,0.23939,10.054,1.981,0.127,0,-540,0
0.007640,0.24002,10.039,1.949,0.144,0,-540,0
0.007660,0.24065,9.915,1.990,0.149,0,-540,0
0.007680,0.24127,9.959,2.007,0.159,0,-540,0
0.007700,0.24190,9.932,1.960,0.182,0,-540,0
0.007720,0.24253,9.834,1.962,0.129,0,-540,0
0.007740,0.24316,9.769,2.115,0.135,0,-540,0
0.007760,0.24379,9.768,1.962,0.146,0,-540,0
0.007780,0.24442,9.693,1.987,0.200,0,-540,0
0.007800,0.24504,9.649,1.963,0.185,0,-540,0
0.007820,0.24567,9.645,2.038,0.180,0,-540,0
0.007840,0.24630,9.608,2.000,0.148,0,-540,0
0.007860,0.24693,9.557,2.000,0.090,0,-540,0
0.007880,0.24756,9.446,1.913,0.140,0,-540,0
0.007900,0.24819,9.514,2.069,0.197,0,-540,0
0.007920,0.24881,9.319,2.022,0.072,0,-540,0
0.007940,0.24944,9.367,1.956,0.248,0,-540,0
0.007960,0.25007,9.346,1.967,0.201,0,-540,0
0.007980,0.25070,9.254,2.091,0.174,0,-540,0
0.008000,0.25133,9.608,1.962,0.168,540,-540,0
0.008020,0.25196,10.193,1.911,0.229,540,-540,0
0.008040,0.25258,10.889,1.948,0.112,540,-540,0
0.008060,0.25321,10.838,1.993,0.158,0,-540,0
0.008080,0.25384,10.757,2.009,0.195,0,-540,0
0.008100,0.25447,10.808,1.978,0.154,0,-540,0
0.008120,0.25510,10.616,2.052,0.168,0,-540,0
0.008140,0.25573,10.602,1.919,0.210,0,-540,0
0.008160,0.25635,10.577,1.953,0.182,0,-540,0
0.008180,0.25698,10.499,1.991,0.158,0,-540,0
0.008200,0.25761,10.412,1.961,0.135,0,-540,0
0.008220,0.25824,10.378,2.019,0.110,0,-540,0
0.008240,0.25887,10.283,2.010,0.188,0,-540,0
0.008260,0.25950,10.362,1.992,0.209,0,-540,0
0.008280,0.26012,10.257,1.972,0.084,0,-540,0
0.008300,0.26075,10.165,1.954,0.215,0,-540,0
0.008320,0.26138,10.086,2.012,0.152,0,-540,0
0.008340,0.26201,10.040,1.959,0.104,0,-540,0
0.008360,0.26264,10.048,2.018,0.169,0,-540,0
0.008380,0.26327,9.982,1.983,0.195,0,-540,0
0.008400,0.26389,9.904,1.975,0.201,0,-540,0
0.008420,0.26452,9.874,1.984,0.159,0,-540,0
0.008440,0.26515,9.796,1.937,0.223,0,-540,0
0.008460,0.26578,9.676,1.995,0.155,0,-540,0
0.008480,0.26641,9.656,2.014,0.235,0,-540,0
0.008500,0.26704,9.609,2.023,0.131,0,-540,0
0.008520,0.26766,9.539,1.990,0.206,0,-540,0
0.008540,0.26829,9.586,2.031,0.159,0,-540,0
0.008560,0.26892,9.610,1.994,0.131,0,-540,0
0.008580,0.26955,9.423,1.972,0.065,0,-540,0
0.008600,0.27018,9.351,2.002,0.249,0,-540,0
0.008620,0.27081,9.262,1.981,0.157,0,-540,0
0.008640,0.27143,9.286,2.019,0.087,0,-540,0
0.008660,0.27206,9.238,2.085,0.168,0,-540,0
0.008680,0.27269,9.267,2.063,0.189,0,-540,0
0.008700,0.27332,9.374,1.952,0.208,540,-540,0
0.008720,0.27395,9.975,2.004,0.094,540,-540,0
0.008740,0.27458,10.555,1.978,0.073,540,-540,0
0.008760,0.27520,10.918,2.031,0.186,0,-540,0
0.008780,0.27583,10.762,2.007,0.191,0,-540,0
0.008800,0.27646,10.771,1.965,0.145,0,-540,0
0.008820,0.27709,10.709,2.008,0.207,0,-540,0
0.008840,0.27772,10.675,2.012,0.124,0,-540,0
0.008860,0.27835,10.574,2.094,0.116,0,-540,0
0.008880,0.27897,10.593,1.970,0.174,0,-540,0
0.008900,0.27960,10.441,1.989,0.198,0,-540,0
0.008920,0.28023,10.345,1.998,0.245,0,-540,0
0.008940,0.28086,10.330,2.025,0.171,0,-540,0
0.008960,0.28149,10.258,1.946,0.191,0,-540,0
0.008980,0.28212,10.190,2.003,0.091,0,-540,0
0.009000,0.28274,10.198,2.017,0.190,0,-540,0
0.009020,0.28337,10.081,1.908,0.123,0,-540,0
0.009040,0.28400,10.117,1.989,0.132,0,-540,0
0.009060,0.28463,10.039,2.057,0.102,0,-540,0
0.009080,0.28526,9.905,2.124,0.118,0,-540,0
0.009100,0.28588,9.879,1.945,0.269,0,-540,0
0.009120,0.28651,9.803,1.985,0.038,0,-540,0
0.009140,0.28714,9.734,2.000,0.150,0,-540,0
0.009160,0.28777,9.668,2.033,0.069,0,-540,0
0.009180,0.28840,9.725,2.049,0.196,0,-540,0
0.009200,0.28903,9.496,1.927,0.144,0,-540,0
0.009220,0.28965,9.476,2.082,0.163,0,-540,0
0.009240,0.29028,9.509,2.002,0.113,0,-540,0
0.009260,0.29091,9.556,2.008,0.224,0,-540,0
0.009280,0.29154,9.352,1.958,0.085,0,-540,0
0.009300,0.29217,9.255,1.946,0.046,0,-540,0
0.009320,0.29280,9.468,1.986,0.157,540,-540,0
0.009340,0.29342,10.001,2.076,0.091,540,-540,0
0.009360,0.29405,10.519,1.985,0.209,540,-540,0
0.009380,0.29468,10.762,1.967,0.098,0,-540,0
0.009400,0.29531,10.684,2.007,0.151,0,-540,0
0.009420,0.29594,10.647,2.088,0.198,0,-540,0
0.009440,0.29657,10.579,1.964,0.158,0,-540,0
0.009460,0.29719,10.419,2.045,0.180,0,-540,0
0.009480,0.29782,10.441,2.048,0.164,0,-540,0
0.009500,0.29845,10.354,2.001,0.152,0,-540,0
0.009520,0.29908,10.279,1.983,0.202,0,-540,0
0.009540,0.29971,10.194,1.981,0.086,0,-540,0
0.009560,0.30034,10.087,2.018,0.107,0,-540,0
0.009580,0.30096,10.054,1.941,0.157,0,-540,0
0.009600,0.30159,10.046,2.046,0.080,0,-540,0
0.009620,0.30222,9.965,2.060,0.168,0,-540,0
0.009640,0.30285,9.987,1.975,0.247,0,-540,0
0.009660,0.30348,9.899,1.971,0.156,0,-540,0
0.009680,0.30411,9.859,2.021,0.097,0,-540,0
0.009700,0.30473,9.775,1.976,0.132,0,-540,0
0.009720,0.30536,9.758,2.059,0.107,0,-540,0
0.009740,0.30599,9.572,1.920,0.124,0,-540,0
0.009760,0.30662,9.546,2.062,0.173,0,-540,0
0.009780,0.30725,9.486,2.117,0.138,0,-540,0
0.009800,0.30788,9.388,1.986,0.118,0,-540,0
0.009820,0.30850,9.264,2.077,0.154,0,-540,0
0.009840,0.30913,9.203,1.963,0.241,0,-540,0
0.009860,0.30976,9.295,1.973,0.153,0,-540,0
0.009880,0.31039,9.130,1.984,0.109,0,-540,0
0.009900,0.31102,9.366,2.038,0.167,540,-540,0
0.009920,0.31165,9.814,2.061,0.187,540,-540,0
0.009940,0.31227,10.227,2.025,0.133,540,-540,0
0.009960,0.31290,10.738,2.000,0.099,540,-540,0
0.009980,0.31353,10.681,1.981,0.144,0,-540,0
0.010000,0.31416,10.613,1.944,0.104,0,-540,0
0.010020,0.31479,10.622,2.061,0.001,0,-540,0
0.010040,0.31542,10.502,2.019,0.139,0,-540,0
0.010060,0.31604,10.437,2.128,0.141,0,-540,0
0.010080,0.31667,10.355,1.972,0.095,0,-540,0
0.010100,0.31730,10.169,1.964,0.062,0,-540,0
0.010120,0.31793,10.239,2.007,0.203,0,-540,0
0.010140,0.31856,10.162,1.969,0.078,0,-540,0
0.010160,0.31919,10.127,1.905,0.192,0,-540,0
0.010180,0.31981,10.047,1.957,0.049,0,-540,0
0.010200,0.32044,9.955,1.968,0.108,0,-540,0
0.010220,0.32107,9.878,2.033,0.137,0,-540,0
0.010240,0.32170,9.755,1.991,0.147,0,-540,0
0.010260,0.32233,9.749,2.075,0.102,0,-540,0
0.010280,0.32296,9.673,2.092,0.127,0,-540,0
0.010300,0.32358,9.607,2.000,0.182,0,-540,0
0.010320,0.32421,9.644,1.981,0.089,0,-540,0
0.010340,0.32484,9.582,1.995,0.146,0,-540,0
0.010360,0.32547,9.427,1.941,0.121,0,-540,0
0.010380,0.32610,9.409,2.018,0.082,0,-540,0
0.010400,0.32673,9.306,1.954,0.109,0,-540,0
0.010420,0.32735,9.254,2.080,0.127,0,-540,0
0.010440,0.32798,9.180,1.973,0.242,0,-540,0
0.010460,0.32861,9.585,1.942,0.154,540,-540,0
0.010480,0.32924,10.035,2.029,0.056,540,-540,0
0.010500,0.32987,10.427,1.979,0.059,540,-540,0
0.010520,0.33050,10.839,2.027,0.094,540,-540,0
0.010540,0.33112,11.032,2.005,0.122,0,-540,0
0.010560,0.33175,10.959,1.989,0.178,0,-540,0
0.010580,0.33238,10.837,2.008,0.100,0,-540,0
0.010600,0.33301,10.781,1.979,0.090,0,-540,0
0.010620,0.33364,10.762,2.077,0.066,0,-540,0
0.010640,0.33427,10.655,1.981,0.042,0,-540,0
0.010660,0.33489,10.652,2.001,0.056,0,-540,0
0.010680,0.33552,10.535,2.036,0.080,0,-540,0
0.010700,0.33615,10.445,2.012,0.205,0,-540,0
0.010720,0.33678,10.382,1.908,0.105,0,-540,0
0.010740,0.33741,10.271,2.039,0.132,0,-540,0
0.010760,0.33804,10.226,1.937,0.082,0,-540,0
0.010780,0.33866,10.208,2.001,0.100,0,-540,0
0.010800,0.33929,9.992,1.952,0.134,0,-540,0
0.010820,0.33992,10.001,1.971,0.056,0,-540,0
0.010840,0.34055,10.010,2.006,0.111,0,-540,0
0.010860,0.34118,10.018,2.091,0.055,0,-540,0
0.010880,0.34181,9.728,2.078,0.204,0,-540,0
0.010900,0.34243,9.769,2.016,0.149,0,-540,0
0.010920,0.34306,9.660,2.006,0.066,0,-540,0
0.010940,0.34369,9.491,1.957,0.047,0,-540,0
0.010960,0.34432,9.639,2.036,0.154,0,-540,0
0.010980,0.34495,9.541,1.966,0.162,0,-540,0
0.011000,0.34558,9.495,1.957,0.113,0,-540,0
0.011020,0.34620,9.471,1.920,0.189,0,-540,0
0.011040,0.34683,9.331,2.049,0.044,0,-540,0
0.011060,0.34746,9.276,1.982,0.021,0,-540,0
0.011080,0.34809,9.445,2.052,0.164,540,-540,0
0.011100,0.34872,9.704,1.966,0.123,540,-540,0
0.011120,0.34935,10.121,1.952,0.164,540,-540,0
0.011140,0.34997,10.492,1.966,0.081,540,-540,0
0.011160,0.35060,10.871,1.967,0.163,540,-540,0
0.011180,0.35123,10.815,2.001,-0.050,0,-540,0
0.011200,0.35186,10.726,2.076,0.159,0,-540,0
0.011220,0.35249,10.644,2.118,0.089,0,-540,0
0.011240,0.35312,10.459,2.000,0.115,0,-540,0
0.011260,0.35374,10.506,2.086,0.115,0,-540,0
0.011280,0.35437,10.391,2.034,0.007,0,-540,0
0.011300,0.35500,10.388,2.018,0.122,0,-540,0
0.011320,0.35563,10.258,1.905,0.009,0,-540,0
0.011340,0.35626,10.182,2.011,0.045,0,-540,0
0.011360,0.35688,10.144,2.090,0.102,0,-540,0
0.011380,0.35751,10.051,1.985,0.166,0,-540,0
0.011400,0.35814,10.083,1.978,0.101,0,-540,0
0.011420,0.35877,9.980,1.968,0.063,0,-540,0
0.011440,0.35940,9.886,1.954,0.118,0,-540,0
0.011460,0.36003,9.821,1.932,0.186,0,-540,0
0.011480,0.36065,9.787,2.025,0.115,0,-540,0
0.011500,0.36128,9.693,2.038,0.070,0,-540,0
0.011520,0.36191,9.518,1.979,0.033,0,-540,0
0.011540,0.36254,9.583,1.970,0.033,0,-540,0
0.011560,0.36317,9.500,1.995,0.087,0,-540,0
0.011580,0.36380,9.479,2.029,0.138,0,-540,0
0.011600,0.36442,9.384,2.072,0.075,0,-540,0
0.011620,0.36505,9.398,1.979,0.217,0,-540,0
0.011640,0.36568,9.319,2.041,0.080,0,-540,0
0.011660,0.36631,9.214,1.997,0.131,0,-540,0
0.011680,0.36694,9.493,2.062,0.084,540,-540,0
0.011700,0.36757,9.900,2.105,0.117,540,-540,0
0.011720,0.36819,10.165,2.001,0.083,540,-540,0
0.011740,0.36882,10.521,1.958,0.067,540,-540,0
0.011760,0.36945,10.837,2.019,0.145,540,-540,0
0.011780,0.37008,10.819,1.987,0.151,0,-540,0
0.011800,0.37071,10.604,1.963,0.101,0,-540,0
0.011820,0.37134,10.627,1.973,0.092,0,-540,0
0.011840,0.37196,10.619,2.013,0.125,0,-540,0
0.011860,0.37259,10.468,2.009,0.102,0,-540,0
0.011880,0.37322,10.373,1.997,0.064,0,-540,0
0.011900,0.37385,10.385,2.037,0.108,0,-540,0
0.011920,0.37448,10.269,2.052,0.102,0,-540,0
0.011940,0.37511,10.273,1.955,0.076,0,-540,0
0.011960,0.37573,10.203,2.091,0.096,0,-540,0
0.011980,0.37636,10.230,1.977,0.070,0,-540,0
0.012000,0.37699,10.074,1.944,0.071,0,-540,0
0.012020,0.37762,10.032,1.953,0.111,0,-540,0
0.012040,0.37825,9.941,2.032,0.139,0,-540,0
0.012060,0.37888,9.923,1.967,0.221,0,-540,0
0.012080,0.37950,9.802,2.028,0.018,0,-540,0
0.012100,0.38013,9.759,2.094,0.126,0,-540,0
0.012120,0.38076,9.733,2.024,0.097,0,-540,0
0.012140,0.38139,9.633,1.983,0.132,0,-540,0
0.012160,0.38202,9.588,2.036,0.160,0,-540,0
0.012180,0.38265,9.493,2.102,0.117,0,-540,0
0.012200,0.38327,9.454,2.023,0.112,0,-540,0
0.012220,0.38390,9.417,2.019,0.099,0,-540,0
0.012240,0.38453,9.345,2.053,0.169,0,-540,0
0.012260,0.38516,9.297,2.044,0.055,0,-540,0
0.012280,0.38579,9.422,2.056,0.142,540,-540,0
0.012300,0.38642,9.742,1.978,0.105,540,-540,0
0.012320,0.38704,9.948,2.013,0.143,540,-540,0
0.012340,0.38767,10.374,2.022,0.091,540,-540,0
0.012360,0.38830,10.551,2.012,0.112,540,-540,0
0.012380,0.38893,10.769,2.082,0.124,540,-540,0
0.012400,0.38956,10.731,1.937,0.014,0,-540,0
0.012420,0.39019,10.718,1.951,0.108,0,-540,0
0.012440,0.39081,10.670,2.016,0.130,0,-540,0
0.012460,0.39144,10.516,2.021,0.096,0,-540,0
0.012480,0.39207,10.502,2.079,0.052,0,-540,0
0.012500,0.39270,10.386,1.983,0.113,0,-540,0
0.012520,0.39333,10.397,2.045,0.097,0,-540,0
0.012540,0.39396,10.307,2.038,0.107,0,-540,0
0.012560,0.39458,10.271,1.977,0.187,0,-540,0
0.012580,0.39521,10.258,2.037,0.115,0,-540,0
0.012600,0.39584,10.241,2.011,0.103,0,-540,0
0.012620,0.39647,10.119,1.918,0.131,0,-540,0
0.012640,0.39710,10.046,1.983,0.167,0,-540,0
0.012660,0.39773,10.009,1.986,0.143,0,-540,0
0.012680,0.39835,9.955,2.030,0.022,0,-540,0
0.012700,0.39898,9.876,1.995,0.042,0,-540,0
0.012720,0.39961,9.844,1.970,0.076,0,-540,0
0.012740,0.40024,9.787,1.942,0.136,0,-540,0
0.012760,0.40087,9.689,1.937,0.093,0,-540,0
0.012780,0.40150,9.780,1.996,0.230,0,-540,0
0.012800,0.40212,9.565,2.022,0.062,0,-540,0
0.012820,0.40275,9.600,2.027,0.090,0,-540,0
0.012840,0.40338,9.501,1.977,0.107,0,-540,0
0.012860,0.40401,9.447,2.013,0.126,0,-540,0
0.012880,0.40464,9.425,2.075,0.178,0,-540,0
0.012900,0.40527,9.442,1.969,0.077,0,-540,0
0.012920,0.40589,9.325,2.017,0.110,0,-540,0
0.012940,0.40652,9.270,1.910,0.130,0,-540,0
0.012960,0.40715,9.530,2.036,0.129,540,-540,0
0.012980,0.40778,9.794,1.977,0.086,540,-540,0
0.013000,0.40841,10.072,1.996,0.091,540,-540,0
0.013020,0.40904,10.308,1.979,0.161,540,-540,0
0.013040,0.40966,10.532,2.011,0.160,540,-540,0
0.013060,0.41029,10.839,1.917,0.123,540,-540,0
0.013080,0.41092,10.775,1.960,0.144,0,-540,0
0.013100,0.41155,10.726,2.022,0.051,0,-540,0
0.013120,0.41218,10.681,1.977,0.120,0,-540,0
0.013140,0.41281,10.599,1.987,0.120,0,-540,0
0.013160,0.41343,10.509,1.992,0.215,0,-540,0
0.013180,0.41406,10.480,1.991,0.112,0,-540,0
0.013200,0.41469,10.441,1.992,0.040,0,-540,0
0.013220,0.41532,10.416,2.063,0.102,0,-540,0
0.013240,0.41595,10.258,1.984,0.108,0,-540,0
0.013260,0.41658,10.348,1.985,0.121,0,-540,0
0.013280,0.41720,10.253,1.958,0.187,0,-540,0
0.013300,0.41783,10.246,1.978,0.127,0,-540,0
0.013320,0.41846,10.118,1.938,0.126,0,-540,0
0.013340,0.41909,10.061,2.018,0.167,0,-540,0
0.013360,0.41972,10.083,1.903,0.195,0,-540,0
0.013380,0.42035,9.989,1.996,0.133,0,-540,0
0.013400,0.42097,9.890,2.039,0.124,0,-540,0
0.013420,0.42160,9.855,1.977,0.052,0,-540,0
0.013440,0.42223,9.724,1.949,0.097,0,-540,0
0.013460,0.42286,9.846,2.048,0.139,0,-540,0
0.013480,0.42349,9.790,1.946,0.100,0,-540,0
0.013500,0.42412,9.711,1.992,0.060,0,-540,0
0.013520,0.42474,9.618,1.975,0.130,0,-540,0
0.013540,0.42537,9.633,1.978,0.141,0,-540,0
0.013560,0.42600,9.642,2.002,0.142,0,-540,0
0.013580,0.42663,9.573,1.960,0.043,0,-540,0
0.013600,0.42726,9.446,1.996,0.089,0,-540,0
0.013620,0.42788,9.476,1.917,0.116,0,-540,0
0.013640,0.42851,9.399,1.937,0.039,0,-540,0
0.013660,0.42914,9.395,1.994,0.162,0,-540,0
0.013680,0.42977,9.248,2.045,0.009,0,-540,0
0.013700,0.43040,9.212,2.016,0.089,0,-540,0
0.013720,0.43103,9.183,2.008,0.088,0,-540,0
0.013740,0.43165,9.156,1.912,0.094,0,-540,0
0.013760,0.43228,9.435,2.075,0.013,540,-540,0
0.013780,0.43291,9.665,2.046,0.155,540,-540,0
0.013800,0.43354,9.858,2.012,-0.034,540,-540,0
0.013820,0.43417,10.115,1.993,0.133,540,-540,0
0.013840,0.43480,10.355,1.956,0.170,540,-540,0
0.013860,0.43542,10.665,2.009,0.058,540,-540,0
0.013880,0.43605,10.839,2.066,0.076,540,-540,0
0.013900,0.43668,10.746,1.914,0.143,0,-540,0
0.013920,0.43731,10.861,1.868,0.122,0,-540,0
0.013940,0.43794,10.712,1.966,0.152,0,-540,0
0.013960,0.43857,10.596,1.989,0.119,0,-540,0
0.013980,0.43919,10.675,2.022,0.113,0,-540,0
0.014000,0.43982,10.540,2.010,0.127,0,-540,0
0.014020,0.44045,10.453,1.983,0.154,0,-540,0
0.014040,0.44108,10.455,2.029,0.141,0,-540,0
0.014060,0.44171,10.389,1.956,0.044,0,-540,0
0.014080,0.44234,10.494,2.057,0.130,0,-540,0
0.014100,0.44296,10.335,2.003,0.069,0,-540,0
0.014120,0.44359,10.418,2.080,0.113,0,-540,0
0.014140,0.44422,10.200,2.058,0.115,0,-540,0
0.014160,0.44485,10.118,2.054,0.069,0,-540,0
0.014180,0.44548,10.117,2.102,0.152,0,-540,0
0.014200,0.44611,10.115,2.074,0.073,0,-540,0
0.014220,0.44673,10.171,1.998,0.172,0,-540,0
0.014240,0.44736,10.045,1.926,0.140,0,-540,0
0.014260,0.44799,9.959,1.883,0.164,0,-540,0
0.014280,0.44862,9.969,2.154,0.197,0,-540,0
0.014300,0.44925,9.925,1.936,0.089,0,-540,0
0.014320,0.44988,9.918,1.977,0.126,0,-540,0
0.014340,0.45050,9.829,1.994,0.009,0,-540,0
0.014360,0.45113,9.792,1.925,0.059,0,-540,0
0.014380,0.45176,9.713,2.084,0.046,0,-540,0
0.014400,0.45239,9.746,1.988,0.066,0,-540,0
0.014420,0.45302,9.654,1.952,0.186,0,-540,0
0.014440,0.45365,9.526,2.033,0.148,0,-540,0
0.014460,0.45427,9.664,2.082,0.060,0,-540,0
0.014480,0.45490,9.621,1.837,0.109,0,-540,0
0.014500,0.45553,9.527,2.057,0.138,0,-540,0
0.014520,0.45616,9.507,2.058,0.092,0,-540,0
0.014540,0.45679,9.474,2.055,0.103,0,-540,0
0.014560,0.45742,9.479,2.008,0.067,0,-540,0
0.014580,0.45804,9.487,1.946,0.185,0,-540,0
0.014600,0.45867,9.456,2.018,0.050,0,-540,0
0.014620,0.45930,9.430,1.966,0.139,0,-540,0
0.014640,0.45993,9.357,2.017,0.140,0,-540,0
0.014660,0.46056,9.313,1.991,0.084,0,-540,0
0.014680,0.46119,9.327,1.987,0.041,0,-540,0
0.014700,0.46181,9.435,2.007,0.183,540,-540,0
0.014720,0.46244,9.623,1.944,0.092,540,-540,0
0.014740,0.46307,9.820,1.976,0.009,540,-540,0
0.014760,0.46370,10.046,1.962,0.099,540,-540,0
0.014780,0.46433,10.227,1.958,0.054,540,-540,0
0.014800,0.46496,10.415,2.042,0.143,540,-540,0
0.014820,0.46558,10.638,1.940,0.176,540,-540,0
0.014840,0.46621,10.886,2.039,0.183,540,-540,0
0.014860,0.46684,10.795,2.067,0.025,0,-540,0
0.014880,0.46747,10.902,1.941,0.111,0,-540,0
0.014900,0.46810,10.777,2.108,0.127,0,-540,0
0.014920,0.46873,10.772,2.027,0.091,0,-540,0
0.014940,0.46935,10.731,2.010,0.056,0,-540,0
0.014960,0.46998,10.778,2.048,0.111,0,-540,0
0.014980,0.47061,10.652,1.927,0.030,0,-540,0
0.015000,0.47124,10.658,1.879,0.157,0,-540,0
0.015020,0.47187,10.505,1.916,0.035,0,-540,0
0.015040,0.47250,10.603,1.990,0.088,0,-540,0
0.015060,0.47312,10.481,1.945,0.220,0,-540,0
0.015080,0.47375,10.515,2.061,0.094,0,-540,0
0.015100,0.47438,10.436,1.963,0.077,0,-540,0
0.015120,0.47501,10.301,1.980,0.061,0,-540,0
0.015140,0.47564,10.396,1.987,0.088,0,-540,0
0.015160,0.47627,10.473,2.008,0.097,0,-540,0
0.015180,0.47689,10.371,2.034,0.118,0,-540,0
0.015200,0.47752,10.335,2.007,0.071,0,-540,0
0.015220,0.47815,10.256,1.959,0.130,0,-540,0
0.015240,0.47878,10.262,1.998,0.077,0,-540,0
0.015260,0.47941,10.219,1.953,0.114,0,-540,0
0.015280,0.48004,10.206,1.964,0.095,0,-540,0
0.015300,0.48066,10.128,2.032,0.132,0,-540,0
0.015320,0.48129,10.084,1.953,0.152,0,-540,0
0.015340,0.48192,10.141,2.015,0.141,0,-540,0
0.015360,0.48255,10.085,1.955,0.121,0,-540,0
0.015380,0.48318,10.050,1.908,0.114,0,-540,0
0.015400,0.48381,9.998,1.962,0.048,0,-540,0
0.015420,0.48443,9.969,1.891,0.145,0,-540,0
0.015440,0.48506,9.941,2.019,0.031,0,-540,0
0.015460,0.48569,9.942,1.992,0.073,0,-540,0
0.015480,0.48632,9.874,2.001,0.149,0,-540,0
0.015500,0.48695,9.934,2.027,0.124,0,-540,0
0.015520,0.48758,9.780,2.023,0.074,0,-540,0
0.015540,0.48820,9.783,1.897,0.078,0,-540,0
0.015560,0.48883,9.768,1.984,0.133,0,-540,0
0.015580,0.48946,9.801,1.923,0.133,0,-540,0
0.015600,0.49009,9.720,1.993,0.067,0,-540,0
0.015620,0.49072,9.764,1.951,0.089,0,-540,0
0.015640,0.49135,9.731,1.958,0.186,0,-540,0
0.015660,0.49197,9.637,1.962,0.083,0,-540,0
0.015680,0.49260,9.641,1.978,0.067,0,-540,0
0.015700,0.49323,9.680,2.003,0.145,0,-540,0
0.015720,0.49386,9.660,1.972,0.179,0,-540,0
0.015740,0.49449,9.759,2.029,0.144,0,-540,0
0.015760,0.49512,9.553,1.923,0.143,0,-540,0
0.015780,0.49574,9.612,2.035,0.088,0,-540,0
0.015800,0.49637,9.568,1.971,0.125,0,-540,0
0.015820,0.49700,9.597,1.961,0.152,0,-540,0
0.015840,0.49763,9.456,1.940,0.123,0,-540,0
0.015860,0.49826,9.425,1.947,0.117,0,-540,0
0.015880,0.49888,9.392,1.975,0.042,0,-540,0
0.015900,0.49951,9.445,1.968,0.124,0,-540,0
0.015920,0.50014,9.378,1.949,0.099,0,-540,0
0.015940,0.50077,9.350,1.948,0.152,0,-540,0
0.015960,0.50140,9.352,1.975,0.122,0,-540,0
0.015980,0.50203,9.295,2.033,0.166,0,-540,0
0.016000,0.50265,9.266,2.067,0.151,0,-540,0
0.016020,0.50328,9.289,1.995,0.099,0,-540,0
0.016040,0.50391,9.205,2.061,0.097,0,-540,0
0.016060,0.50454,9.333,2.004,0.117,0,-540,0
0.016080,0.50517,9.278,2.023,0.099,0,-540,0
0.016100,0.50580,9.236,1.925,0.084,0,-540,0
0.016120,0.50642,9.428,1.976,0.028,540,-540,0
0.016140,0.50705,9.536,1.920,0.095,540,-540,0
0.016160,0.50768,9.802,2.014,0.111,540,-540,0
0.016180,0.50831,9.979,2.081,0.157,540,-540,0
0.016200,0.50894,10.219,2.008,0.107,540,-540,0
0.016220,0.50957,10.430,1.932,0.140,540,-540,0
0.016240,0.51019,10.683,2.029,0.042,540,-540,0
0.016260,0.51082,10.725,2.038,0.032,0,-540,0
0.016280,0.51145,10.791,1.962,0.177,0,-540,0
0.016300,0.51208,10.762,2.122,0.142,0,-540,0
0.016320,0.51271,10.575,1.979,0.133,0,-540,0
0.016340,0.51334,10.603,1.999,0.140,0,-540,0
0.016360,0.51396,10.649,1.959,0.157,0,-540,0
0.016380,0.51459,10.590,1.997,0.139,0,-540,0
0.016400,0.51522,10.605,2.000,0.172,0,-540,0
0.016420,0.51585,10.590,2.112,0.210,0,-540,0
0.016440,0.51648,10.490,2.040,0.091,0,-540,0
0.016460,0.51711,10.616,1.988,0.139,0,-540,0
0.016480,0.51773,10.570,1.988,0.085,0,-540,0
0.016500,0.51836,10.535,2.044,0.071,0,-540,0
0.016520,0.51899,10.587,2.001,0.080,0,-540,0
0.016540,0.51962,10.453,1.926,0.062,0,-540,0
0.016560,0.52025,10.504,1.974,0.095,0,-540,0
0.016580,0.52088,10.411,2.014,0.043,0,-540,0
0.016600,0.52150,10.500,1.952,0.032,0,-540,0
0.016620,0.52213,10.389,1.980,0.092,0,-540,0
0.016640,0.52276,10.336,1.973,0.057,0,-540,0
0.016660,0.52339,10.297,1.976,0.142,0,-540,0
0.016680,0.52402,10.271,1.989,0.085,0,-540,0
0.016700,0.52465,10.335,2.014,0.134,0,-540,0
0.016720,0.52527,10.379,2.038,0.057,0,-540,0
0.016740,0.52590,10.311,2.058,0.130,0,-540,0
0.016760,0.52653,10.329,1.972,0.166,0,-540,0
0.016780,0.52716,10.221,2.052,0.108,0,-540,0
0.016800,0.52779,10.277,1.954,0.112,0,-540,0
0.016820,0.52842,10.243,1.963,0.095,0,-540,0
0.016840,0.52904,10.101,1.955,0.089,0,-540,0
0.016860,0.52967,10.170,2.008,0.132,0,-540,0
0.016880,0.53030,10.120,1.939,0.132,0,-540,0
0.016900,0.53093,10.006,2.079,0.157,0,-540,0
0.016920,0.53156,10.232,2.093,0.015,0,-540,0
0.016940,0.53219,10.128,1.968,0.146,0,-540,0
0.016960,0.53281,10.191,1.980,0.145,0,-540,0
0.016980,0.53344,10.135,2.044,0.134,0,-540,0
0.017000,0.53407,9.995,2.019,0.162,0,-540,0
0.017020,0.53470,10.001,2.002,0.129,0,-540,0
0.017040,0.53533,10.049,2.121,0.146,0,-540,0
0.017060,0.53596,9.947,1.952,0.173,0,-540,0
0.017080,0.53658,10.057,2.055,0.115,0,-540,0
0.017100,0.53721,9.957,2.001,0.105,0,-540,0
0.017120,0.53784,10.088,2.125,0.143,0,-540,0
0.017140,0.53847,9.853,2.001,0.027,0,-540,0
0.017160,0.53910,9.939,1.972,0.129,0,-540,0
0.017180,0.53973,9.930,1.966,0.103,0,-540,0
0.017200,0.54035,9.887,1.909,0.168,0,-540,0
0.017220,0.54098,9.862,1.918,0.178,0,-540,0
0.017240,0.54161,9.903,1.936,0.060,0,-540,0
0.017260,0.54224,9.931,1.981,0.131,0,-540,0
0.017280,0.54287,9.837,1.924,0.144,0,-540,0
0.017300,0.54350,9.826,1.904,0.097,0,-540,0
0.017320,0.54412,9.857,1.943,0.105,0,-540,0
0.017340,0.54475,9.789,2.018,0.067,0,-540,0
0.017360,0.54538,9.893,1.995,0.080,0,-540,0
0.017380,0.54601,9.809,1.911,0.149,0,-540,0
0.017400,0.54664,9.750,1.975,0.080,0,-540,0
0.017420,0.54727,9.812,1.875,0.025,0,-540,0
0.017440,0.54789,9.692,2.067,0.157,0,-540,0
0.017460,0.54852,9.762,1.896,0.154,0,-540,0
0.017480,0.54915,9.797,1.908,0.144,0,-540,0
0.017500,0.54978,9.689,1.936,0.064,0,-540,0
0.017520,0.55041,9.803,2.045,0.137,0,-540,0
0.017540,0.55104,9.698,1.986,0.201,0,-540,0
0.017560,0.55166,9.707,1.956,0.136,0,-540,0
0.017580,0.55229,9.597,1.926,0.084,0,-540,0
0.017600,0.55292,9.655,1.966,0.200,0,-540,0
0.017620,0.55355,9.648,2.089,0.155,0,-540,0
0.017640,0.55418,9.648,2.024,0.200,0,-540,0
0.017660,0.55481,9.789,2.064,0.103,0,-540,0
0.017680,0.55543,9.548,1.996,0.088,0,-540,0
0.017700,0.55606,9.564,1.966,0.102,0,-540,0
0.017720,0.55669,9.585,1.993,0.153,0,-540,0
0.017740,0.55732,9.635,1.913,0.052,0,-540,0
0.017760,0.55795,9.552,1.925,0.111,0,-540,0
0.017780,0.55858,9.627,2.060,0.066,0,-540,0
0.017800,0.55920,9.575,2.010,0.161,0,-540,0
0.017820,0.55983,9.583,2.047,0.099,0,-540,0
0.017840,0.56046,9.633,1.938,0.140,0,-540,0
0.017860,0.56109,9.477,1.942,0.092,0,-540,0
0.017880,0.56172,9.551,2.063,0.100,0,-540,0
0.017900,0.56235,9.484,2.026,0.080,0,-540,0
0.017920,0.56297,9.532,1.924,0.134,0,-540,0
0.017940,0.56360,9.517,1.956,0.147,0,-540,0
0.017960,0.56423,9.500,1.984,0.213,0,-540,0
0.017980,0.56486,9.518,2.051,0.095,0,-540,0
0.018000,0.56549,9.511,2.012,0.204,0,-540,0
0.018020,0.56611,9.409,2.039,0.183,0,-540,0
0.018040,0.56674,9.335,2.115,0.130,0,-540,0
0.018060,0.56737,9.468,2.506,0.152,0,540,0
0.018080,0.56800,9.417,3.311,0.051,0,540,0
0.018100,0.56863,9.430,4.258,0.123,0,540,0
0.018120,0.56926,9.361,5.177,0.000,0,540,0
0.018140,0.56988,9.464,6.082,0.117,0,540,0
0.018160,0.57051,9.438,6.983,0.209,0,540,0
0.018180,0.57114,9.411,7.809,0.095,0,540,0
0.018200,0.57177,9.314,8.699,0.127,0,540,0
0.018220,0.57240,9.319,9.729,0.096,0,540,0
0.018240,0.57303,9.322,10.414,0.218,0,540,0
0.018260,0.57365,9.311,10.871,0.172,0,0,0
0.018280,0.57428,9.278,10.982,0.099,0,0,0
0.018300,0.57491,9.414,10.955,0.296,0,0,0
0.018320,0.57554,9.322,10.913,0.146,0,0,0
0.018340,0.57617,9.282,10.926,0.207,0,0,0
0.018360,0.57680,9.369,10.889,0.168,0,0,0
0.018380,0.57742,9.204,10.866,0.114,0,0,0
0.018400,0.57805,9.400,10.896,0.203,0,0,0
0.018420,0.57868,9.339,10.841,0.143,0,0,0
0.018440,0.57931,9.315,10.824,0.222,0,0,0
0.018460,0.57994,9.306,10.838,0.086,0,0,0
0.018480,0.58057,9.304,10.929,0.174,0,0,0
0.018500,0.58119,9.444,10.838,0.180,540,0,0
0.018520,0.58182,9.586,10.870,0.137,540,0,0
0.018540,0.58245,9.641,10.793,0.138,540,0,0
0.018560,0.58308,9.791,10.765,0.215,540,0,0
0.018580,0.58371,10.099,10.797,0.087,540,0,0
0.018600,0.58434,10.344,10.801,0.160,540,0,0
0.018620,0.58496,10.516,10.764,0.031,540,0,0
0.018640,0.58559,10.811,10.779,0.149,540,0,0
0.018660,0.58622,10.739,10.728,0.153,0,0,0
0.018680,0.58685,10.749,10.777,0.134,0,0,0
0.018700,0.58748,10.687,10.755,0.123,0,0,0
0.018720,0.58811,10.682,10.746,0.074,0,0,0
0.018740,0.58873,10.704,10.695,0.048,0,0,0
0.018760,0.58936,10.746,10.702,0.120,0,0,0
0.018780,0.58999,10.704,10.734,0.158,0,0,0
0.018800,0.59062,10.581,10.668,0.213,0,0,0
0.018820,0.59125,10.729,10.575,0.126,0,0,0
0.018840,0.59188,10.711,10.745,0.111,0,0,0
0.018860,0.59250,10.737,10.661,0.219,0,0,0
0.018880,0.59313,10.618,10.650,0.129,0,0,0
0.018900,0.59376,10.695,10.790,0.209,0,0,0
0.018920,0.59439,10.646,10.665,0.195,0,0,0
0.018940,0.59502,10.689,10.578,0.116,0,0,0
0.018960,0.59565,10.552,10.626,0.141,0,0,0
0.018980,0.59627,10.638,10.673,0.085,0,0,0
0.019000,0.59690,10.560,10.561,0.160,0,0,0
0.019020,0.59753,10.580,10.540,0.057,0,0,0
0.019040,0.59816,10.618,10.614,0.160,0,0,0
0.019060,0.59879,10.578,10.571,0.134,0,0,0
0.019080,0.59942,10.599,10.462,0.087,0,0,0
0.019100,0.60004,10.547,10.537,0.227,0,0,0
0.019120,0.60067,10.512,10.560,0.125,0,0,0
0.019140,0.60130,10.587,10.538,0.167,0,0,0
0.019160,0.60193,10.606,10.523,0.069,0,0,0
0.019180,0.60256,10.500,10.481,0.163,0,0,0
0.019200,0.60319,10.526,10.523,0.209,0,0,0
0.019220,0.60381,10.485,10.524,0.143,0,0,0
0.019240,0.60444,10.549,10.530,0.131,0,0,0
0.019260,0.60507,10.532,10.552,0.151,0,0,0
0.019280,0.60570,10.571,10.498,0.198,0,0,0
0.019300,0.60633,10.531,10.553,0.079,0,0,0
0.019320,0.60696,10.554,10.599,0.139,0,0,0
0.019340,0.60758,10.488,10.418,0.093,0,0,0
0.019360,0.60821,10.486,10.353,0.091,0,0,0
0.019380,0.60884,10.576,10.487,0.104,0,0,0
0.019400,0.60947,10.531,10.457,0.236,0,0,0
0.019420,0.61010,10.503,10.397,0.155,0,0,0
0.019440,0.61073,10.554,10.295,0.126,0,0,0
0.019460,0.61135,10.539,10.394,0.170,0,0,0
0.019480,0.61198,10.509,10.280,0.171,0,0,0
0.019500,0.61261,10.412,10.313,0.166,0,0,0
0.019520,0.61324,10.455,10.341,0.110,0,0,0
0.019540,0.61387,10.445,10.264,0.205,0,0,0
0.019560,0.61450,10.423,10.352,0.131,0,0,0
0.019580,0.61512,10.436,10.306,0.082,0,0,0
0.019600,0.61575,10.445,10.233,0.125,0,0,0
0.019620,0.61638,10.465,10.373,0.160,0,0,0
0.019640,0.61701,10.428,10.267,0.074,0,0,0
0.019660,0.61764,10.382,10.284,0.157,0,0,0
0.019680,0.61827,10.362,10.268,0.244,0,0,0
0.019700,0.61889,10.490,10.209,0.087,0,0,0
0.019720,0.61952,10.335,10.298,0.142,0,0,0
0.019740,0.62015,10.449,10.288,0.149,0,0,0
0.019760,0.62078,10.408,10.150,0.159,0,0,0
0.019780,0.62141,10.437,10.285,0.197,0,0,0
0.019800,0.62204,10.388,10.255,0.125,0,0,0
0.019820,0.62266,10.430,10.234,0.196,0,0,0
0.019840,0.62329,10.441,10.176,0.161,0,0,0
0.019860,0.62392,10.360,10.106,0.154,0,0,0
0.019880,0.62455,10.408,10.239,0.247,0,0,0
0.019900,0.62518,10.347,10.190,0.172,0,0,0
0.019920,0.62581,10.271,10.053,0.192,0,0,0
0.019940,0.62643,10.292,10.106,0.219,0,0,0
0.019960,0.62706,10.314,10.159,0.105,0,0,0
0.019980,0.62769,10.306,10.179,0.059,0,0,0
0.020000,0.62832,10.156,10.144,0.164,0,0,0
0.020020,0.62895,10.281,10.033,0.188,0,0,0
0.020040,0.62958,10.282,10.137,0.162,0,0,0
0.020060,0.63020,10.328,10.054,0.086,0,0,0
0.020080,0.63083,10.273,10.021,0.190,0,0,0
0.020100,0.63146,10.280,10.127,0.144,0,0,0
0.020120,0.63209,10.301,10.041,0.207,0,0,0
0.020140,0.63272,10.305,10.024,0.153,0,0,0
0.020160,0.63335,10.300,9.984,0.129,0,0,0
0.020180,0.63397,10.269,9.906,0.191,0,0,0
0.020200,0.63460,10.243,9.977,0.171,0,0,0
0.020220,0.63523,10.232,10.044,0.022,0,0,0
0.020240,0.63586,10.268,9.966,0.199,0,0,0
0.020260,0.63649,10.269,10.023,0.169,0,0,0
0.020280,0.63711,10.280,10.038,0.156,0,0,0
0.020300,0.63774,10.295,9.957,0.166,0,0,0
0.020320,0.63837,10.257,9.950,0.149,0,0,0
0.020340,0.63900,10.149,9.811,0.262,0,0,0
0.020360,0.63963,10.230,9.882,0.092,0,0,0
0.020380,0.64026,10.224,9.941,0.145,0,0,0
0.020400,0.64088,10.298,9.844,0.228,0,0,0
0.020420,0.64151,10.268,9.896,0.218,0,0,0
0.020440,0.64214,10.265,9.840,0.161,0,0,0
0.020460,0.64277,10.235,9.776,0.197,0,0,0
0.020480,0.64340,10.363,9.940,0.181,0,0,0
0.020500,0.64403,10.169,9.824,0.137,0,0,0
0.020520,0.64465,10.204,9.876,0.200,0,0,0
0.020540,0.64528,10.176,9.833,0.182,0,0,0
0.020560,0.64591,10.186,9.814,0.170,0,0,0
0.020580,0.64654,10.183,9.829,0.097,0,0,0
0.020600,0.64717,10.279,9.770,0.143,0,0,0
0.020620,0.64780,10.183,9.783,0.170,0,0,0
0.020640,0.64842,10.116,9.717,0.229,0,0,0
0.020660,0.64905,10.205,9.718,0.147,0,0,0
0.020680,0.64968,10.208,9.606,0.221,0,0,0
0.020700,0.65031,10.200,9.662,0.123,0,0,0
0.020720,0.65094,10.259,9.647,0.154,0,0,0
0.020740,0.65157,10.099,9.701,0.312,0,0,0
0.020760,0.65219,10.132,9.679,0.131,0,0,0
0.020780,0.65282,10.164,9.647,0.260,0,0,0
0.020800,0.65345,10.155,9.608,0.196,0,0,0
0.020820,0.65408,10.151,9.662,0.203,0,0,0
0.020840,0.65471,9.981,9.519,0.244,-540,0,0
0.020860,0.65534,9.880,9.582,0.144,-540,0,0
0.020880,0.65596,9.558,9.554,0.248,-540,0,0
0.020900,0.65659,9.364,9.576,0.144,-540,0,0
0.020920,0.65722,9.285,9.563,0.227,-540,0,0
0.020940,0.65785,8.921,9.551,0.132,-540,0,0
0.020960,0.65848,8.733,9.517,0.204,-540,0,0
0.020980,0.65911,8.726,9.451,0.163,-540,0,0
0.021000,0.65973,8.535,9.554,0.128,-540,0,0
0.021020,0.66036,8.235,9.561,0.234,-540,0,0
0.021040,0.66099,8.114,9.509,0.252,-540,0,0
0.021060,0.66162,7.927,9.553,0.187,-540,0,0
0.021080,0.66225,7.761,9.417,0.155,-540,0,0
0.021100,0.66288,7.643,9.565,0.183,-540,0,0
0.021120,0.66350,7.372,9.466,0.175,-540,0,0
0.021140,0.66413,7.275,9.383,0.252,-540,0,0
0.021160,0.66476,7.048,9.439,0.298,-540,0,0
0.021180,0.66539,6.812,9.464,0.202,-540,0,0
0.021200,0.66602,6.682,9.418,0.095,-540,0,0
0.021220,0.66665,6.568,9.410,0.177,-540,0,0
0.021240,0.66727,6.387,9.354,0.148,-540,0,0
0.021260,0.66790,6.277,9.377,0.197,-540,0,0
0.021280,0.66853,6.035,9.379,0.265,-540,0,0
0.021300,0.66916,5.889,9.330,0.143,-540,0,0
0.021320,0.66979,5.843,10.249,0.118,-540,540,0
0.021340,0.67042,5.583,11.006,0.194,-540,540,0
0.021360,0.67104,5.472,11.111,0.246,-540,0,0
0.021380,0.67167,5.360,10.982,0.289,-540,0,0
0.021400,0.67230,5.185,10.949,0.145,-540,0,0
0.021420,0.67293,5.043,10.997,0.137,-540,0,0
0.021440,0.67356,4.876,11.028,0.273,-540,0,0
0.021460,0.67419,4.807,11.012,0.269,-540,0,0
0.021480,0.67481,4.634,10.931,0.147,-540,0,0
0.021500,0.67544,4.486,10.895,0.228,-540,0,0
0.021520,0.67607,4.456,10.863,0.272,-540,0,0
0.021540,0.67670,4.238,10.972,0.113,-540,0,0
0.021560,0.67733,4.091,10.848,0.171,-540,0,0
0.021580,0.67796,3.972,10.790,0.197,-540,0,0
0.021600,0.67858,3.899,10.900,0.259,-540,0,0
0.021620,0.67921,3.670,10.790,0.256,-540,0,0
0.021640,0.67984,3.632,10.812,0.277,-540,0,0
0.021660,0.68047,3.516,10.791,0.172,-540,0,0
0.021680,0.68110,3.392,10.658,0.135,-540,0,0
0.021700,0.68173,3.318,10.648,0.247,-540,0,0
0.021720,0.68235,3.121,10.703,0.186,-540,0,0
0.021740,0.68298,2.983,10.781,0.222,-540,0,0
0.021760,0.68361,2.962,10.655,0.229,-540,0,0
0.021780,0.68424,2.710,10.608,0.175,-540,0,0
0.021800,0.68487,2.625,10.684,0.250,-540,0,0
0.021820,0.68550,2.539,10.651,0.277,-540,0,0
0.021840,0.68612,2.486,10.586,0.280,-540,0,0
0.021860,0.68675,2.274,10.570,0.222,-540,0,0
0.021880,0.68738,2.219,10.586,0.284,-540,0,0
0.021900,0.68801,2.138,10.554,0.234,-540,0,0
0.021920,0.68864,1.978,10.613,0.307,-540,0,0
0.021940,0.68927,1.896,10.583,0.313,-540,0,0
0.021960,0.68989,1.711,10.505,0.243,-540,0,0
0.021980,0.69052,1.638,10.462,0.133,-540,0,0
0.022000,0.69115,1.597,10.365,0.119,-540,0,0
0.022020,0.69178,1.543,10.380,0.163,-540,0,0
0.022040,0.69241,1.410,10.462,0.133,-540,0,0
0.022060,0.69304,1.309,10.479,0.142,-540,0,0
0.022080,0.69366,1.154,10.343,0.156,-540,0,0
0.022100,0.69429,1.057,10.349,0.190,-540,0,0
0.022120,0.69492,0.952,10.417,0.176,-540,0,0
0.022140,0.69555,0.870,10.382,0.181,-540,0,0
0.022160,0.69618,0.843,10.337,0.208,-540,0,0
0.022180,0.69681,0.747,10.270,0.266,-540,0,0
0.022200,0.69743,0.572,10.358,0.067,-540,0,0
0.022220,0.69806,0.442,10.229,0.134,-540,0,0
0.022240,0.69869,0.330,10.322,0.041,-540,0,0
0.022260,0.69932,0.338,10.111,0.071,-540,0,0
0.022280,0.69995,0.195,10.122,0.121,0,0,0
0.022300,0.70058,0.209,10.105,0.140,-540,0,0
0.022320,0.70120,0.257,10.070,0.090,0,0,0
0.022340,0.70183,0.259,10.097,0.310,0,0,0
0.022360,0.70246,0.108,10.153,0.050,0,0,0
0.022380,0.70309,0.118,9.956,0.174,0,0,0
0.022400,0.70372,0.163,10.030,0.132,0,0,0
0.022420,0.70435,0.106,9.992,0.165,0,0,0
0.022440,0.70497,0.151,10.094,0.162,0,0,0
0.022460,0.70560,0.173,9.984,0.099,0,0,0
0.022480,0.70623,0.186,9.958,0.162,0,0,0
0.022500,0.70686,0.182,9.958,0.176,0,0,0
0.022520,0.70749,0.270,9.815,0.075,0,0,0
0.022540,0.70811,0.139,9.914,0.189,0,0,0
0.022560,0.70874,0.148,9.818,0.057,0,0,0
0.022580,0.70937,0.082,9.905,0.103,0,0,0
0.022600,0.71000,0.197,9.768,0.180,0,0,0
0.022620,0.71063,0.186,9.792,0.111,0,0,0
0.022640,0.71126,0.266,9.792,0.207,0,0,0
0.022660,0.71188,0.197,9.799,0.165,0,0,0
0.022680,0.71251,0.236,9.812,0.203,0,0,0
0.022700,0.71314,0.249,9.780,0.151,0,0,0
0.022720,0.71377,0.258,9.733,0.138,0,0,0
0.022740,0.71440,0.181,9.708,0.248,0,0,0
0.022760,0.71503,0.191,9.617,0.252,0,0,0
0.022780,0.71565,0.190,9.604,0.207,0,0,0
0.022800,0.71628,0.170,9.819,0.227,0,0,0
0.022820,0.71691,0.270,9.503,0.106,0,0,0
0.022840,0.71754,0.230,9.664,0.213,-540,0,0
0.022860,0.71817,0.123,9.602,0.189,0,0,0
0.022880,0.71880,0.226,9.524,0.130,0,0,0
0.022900,0.71942,0.158,9.528,0.262,0,0,0
0.022920,0.72005,0.197,9.501,0.254,0,0,0
0.022940,0.72068,0.070,9.417,0.109,0,0,0
0.022960,0.72131,0.187,9.394,0.206,0,0,0
0.022980,0.72194,0.177,9.506,0.200,0,0,0
0.023000,0.72257,0.157,9.379,0.152,0,0,0
0.023020,0.72319,0.129,9.364,0.158,0,0,0
0.023040,0.72382,0.093,9.337,0.135,0,0,0
0.023060,0.72445,0.156,9.245,0.201,0,0,0
0.023080,0.72508,0.198,9.354,0.129,0,0,0
0.023100,0.72571,0.196,9.262,0.130,0,0,0
0.023120,0.72634,0.202,9.139,0.218,0,0,0
0.023140,0.72696,0.141,9.197,0.242,0,0,0
0.023160,0.72759,0.133,9.549,0.145,0,540,0
0.023180,0.72822,0.253,10.334,0.107,0,540,0
0.023200,0.72885,0.271,11.133,0.212,0,540,0
0.023220,0.72948,0.129,11.005,0.190,0,0,0
0.023240,0.73011,0.141,11.060,0.244,0,0,0
0.023260,0.73073,0.022,10.980,0.220,0,0,0
0.023280,0.73136,0.169,10.944,0.174,0,0,0
0.023300,0.73199,0.244,10.924,0.134,0,0,0
0.023320,0.73262,0.159,10.955,0.226,0,0,0
0.023340,0.73325,0.152,10.883,0.140,0,0,0
0.023360,0.73388,0.168,10.917,0.214,0,0,0
0.023380,0.73450,0.229,10.796,0.178,0,0,0
0.023400,0.73513,0.126,10.805,0.172,0,0,0
0.023420,0.73576,0.177,10.779,0.231,0,0,0
0.023440,0.73639,0.247,10.762,0.175,0,0,0
0.023460,0.73702,0.118,10.799,0.220,0,0,0
0.023480,0.73765,0.133,10.697,0.161,0,0,0
0.023500,0.73827,0.235,10.621,0.173,0,0,0
0.023520,0.73890,0.144,10.636,0.128,0,0,0
0.023540,0.73953,0.125,10.567,0.221,0,0,0
0.023560,0.74016,0.110,10.568,0.167,0,0,0
0.023580,0.74079,0.229,10.576,0.328,0,0,0
0.023600,0.74142,0.242,10.493,0.207,0,0,0
0.023620,0.74204,0.103,10.508,0.171,0,0,0
0.023640,0.74267,0.174,10.431,0.228,0,0,0
0.023660,0.74330,0.125,10.382,0.144,0,0,0
0.023680,0.74393,0.203,10.328,0.215,0,0,0
0.023700,0.74456,0.173,10.372,0.114,0,0,0
0.023720,0.74519,0.130,10.257,0.292,0,0,0
0.023740,0.74581,0.157,10.262,0.071,0,0,0
0.023760,0.74644,0.167,10.284,0.076,0,0,0
0.023780,0.74707,0.148,10.196,0.018,0,0,0
0.023800,0.74770,0.117,10.196,0.064,0,0,0
0.023820,0.74833,0.142,10.122,0.044,0,0,0
0.023840,0.74896,0.226,10.076,-0.002,0,0,0
0.023860,0.74958,0.112,10.058,0.006,0,0,0
0.023880,0.75021,0.112,10.038,-0.013,0,0,0
0.023900,0.75084,0.175,10.035,0.006,0,0,0
0.023920,0.75147,0.195,9.950,0.109,0,0,0
0.023940,0.75210,0.221,9.927,-0.047,0,0,0
0.023960,0.75273,0.098,9.891,-0.024,0,0,0
0.023980,0.75335,0.157,9.885,0.142,0,0,0
0.024000,0.75398,0.124,9.844,-0.003,0,0,0
0.024020,0.75461,0.133,9.746,0.053,0,0,0
0.024040,0.75524,0.262,9.685,0.020,0,0,0
0.024060,0.75587,0.102,9.749,0.091,0,0,0
0.024080,0.75650,0.218,9.696,0.005,0,0,0
0.024100,0.75712,0.190,9.608,-0.001,0,0,0
0.024120,0.75775,0.107,9.674,0.081,0,0,0
0.024140,0.75838,0.076,9.596,0.012,0,0,0
0.024160,0.75901,0.119,9.473,0.030,0,0,0
0.024180,0.75964,0.127,9.467,-0.003,0,0,0
0.024200,0.76027,0.149,9.435,0.039,0,0,0
0.024220,0.76089,0.193,9.515,0.063,0,0,0
0.024240,0.76152,0.145,9.388,0.046,0,0,0
0.024260,0.76215,0.214,9.440,0.039,0,0,0
0.024280,0.76278,0.172,9.274,0.098,0,0,0
0.024300,0.76341,0.219,9.352,-0.002,0,0,0
0.024320,0.76404,0.126,9.338,0.046,0,0,0
0.024340,0.76466,0.103,9.277,0.092,0,0,0
0.024360,0.76529,0.178,9.162,0.029,0,0,0
0.024380,0.76592,0.128,9.837,0.060,0,540,0
0.024400,0.76655,0.182,10.473,0.015,0,540,0
0.024420,0.76718,0.157,10.890,0.018,0,0,0
0.024440,0.76781,0.176,10.842,0.047,0,0,0
0.024460,0.76843,0.158,10.776,0.044,0,0,0
0.024480,0.76906,0.148,10.708,0.054,0,0,0
0.024500,0.76969,0.179,10.673,-0.097,0,0,0
0.024520,0.77032,0.120,10.720,0.017,0,0,0
0.024540,0.77095,0.203,10.539,0.079,0,0,0
0.024560,0.77158,0.118,10.581,-0.041,0,0,0
0.024580,0.77220,0.233,10.479,0.050,0,0,0
0.024600,0.77283,0.107,10.478,0.049,0,0,0
0.024620,0.77346,0.115,10.496,0.091,0,0,0
0.024640,0.77409,0.143,10.400,-0.008,0,0,0
0.024660,0.77472,0.175,10.347,0.002,0,0,0
0.024680,0.77535,0.205,10.362,0.041,0,0,0
0.024700,0.77597,0.171,10.223,0.107,0,0,0
0.024720,0.77660,0.113,10.233,0.087,0,0,0
0.024740,0.77723,0.250,10.180,0.073,0,0,0
0.024760,0.77786,0.133,10.099,0.107,0,0,0
0.024780,0.77849,0.169,10.121,0.082,0,0,0
0.024800,0.77911,0.171,10.029,0.058,0,0,0
0.024820,0.77974,0.235,9.989,-0.057,0,0,0
0.024840,0.78037,0.070,9.928,0.013,0,0,0
0.024860,0.78100,0.194,9.825,0.021,0,0,0
0.024880,0.78163,0.073,9.894,-0.019,0,0,0
0.024900,0.78226,0.163,9.807,0.059,0,0,0
0.024920,0.78288,0.142,9.881,0.021,0,0,0
0.024940,0.78351,0.145,9.774,0.021,0,0,0
0.024960,0.78414,0.132,9.716,0.033,0,0,0
0.024980,0.78477,0.230,9.743,0.001,0,0,0
0.025000,0.78540,0.072,9.682,0.028,0,0,0
0.025020,0.78603,0.199,9.511,0.071,0,0,0
0.025040,0.78665,0.196,9.582,-0.104,0,0,0
0.025060,0.78728,0.141,9.482,-0.017,0,0,0
0.025080,0.78791,0.190,9.504,-0.038,0,0,0
0.025100,0.78854,0.319,9.505,0.127,0,0,0
0.025120,0.78917,0.197,9.397,0.062,0,0,0
0.025140,0.78980,0.174,9.361,0.050,0,0,0
0.025160,0.79042,0.213,9.261,0.017,0,0,0
0.025180,0.79105,0.217,9.278,0.074,0,0,0
0.025200,0.79168,0.205,9.261,-0.011,0,0,0
0.025220,0.79231,0.167,9.811,-0.026,0,540,0
0.025240,0.79294,0.219,10.422,0.137,0,540,0
0.025260,0.79357,0.156,10.930,0.065,0,540,0
0.025280,0.79419,0.232,10.899,0.116,0,0,0
0.025300,0.79482,0.157,10.941,0.114,0,0,0
0.025320,0.79545,0.257,10.793,-0.008,0,0,0
0.025340,0.79608,0.215,10.756,0.048,0,0,0
0.025360,0.79671,0.055,10.714,0.037,0,0,0
0.025380,0.79734,0.125,10.646,-0.026,0,0,0
0.025400,0.79796,0.159,10.644,0.019,0,0,0
0.025420,0.79859,0.118,10.497,0.119,0,0,0
0.025440,0.79922,0.164,10.632,0.104,0,0,0
0.025460,0.79985,0.138,10.456,0.124,0,0,0
0.025480,0.80048,0.216,10.404,0.009,0,0,0
0.025500,0.80111,0.130,10.343,0.078,0,0,0
0.025520,0.80173,0.201,10.358,0.084,0,0,0
0.025540,0.80236,0.116,10.362,0.069,0,0,0
0.025560,0.80299,0.171,10.192,0.124,0,0,0
0.025580,0.80362,0.196,10.191,0.058,0,0,0
0.025600,0.80425,0.059,10.177,0.005,0,0,0
0.025620,0.80488,0.134,10.121,0.086,0,0,0
0.025640,0.80550,0.204,10.022,0.131,0,0,0
0.025660,0.80613,0.208,9.939,0.006,0,0,0
0.025680,0.80676,0.161,9.989,0.050,0,0,0
0.025700,0.80739,0.141,10.003,-0.043,0,0,0
0.025720,0.80802,0.196,9.824,0.003,0,0,0
0.025740,0.80865,0.079,9.806,0.024,0,0,0
0.025760,0.80927,0.161,9.765,0.039,0,0,0
0.025780,0.80990,0.172,9.793,0.083,0,0,0
0.025800,0.81053,0.073,9.747,0.058,0,0,0
0.025820,0.81116,0.193,9.713,-0.000,0,0,0
0.025840,0.81179,0.234,9.591,0.152,0,0,0
0.025860,0.81242,0.124,9.482,0.075,0,0,0
0.025880,0.81304,0.233,9.531,0.046,0,0,0
0.025900,0.81367,0.159,9.414,0.142,0,0,0
0.025920,0.81430,0.076,9.379,0.060,0,0,0
0.025940,0.81493,0.201,9.314,0.086,0,0,0
0.025960,0.81556,0.140,9.237,0.068,0,0,0
0.025980,0.81619,0.152,9.222,0.028,0,0,0
0.026000,0.81681,0.147,9.203,0.114,0,0,0
0.026020,0.81744,0.119,9.164,0.051,0,0,0
0.026040,0.81807,0.158,9.670,-0.010,0,540,0
0.026060,0.81870,0.115,10.123,-0.021,0,540,0
0.026080,0.81933,0.150,10.619,-0.019,0,540,0
0.026100,0.81996,0.265,10.839,0.047,0,0,0
0.026120,0.82058,0.102,10.741,0.113,0,0,0
0.026140,0.82121,0.026,10.700,-0.003,0,0,0
0.026160,0.82184,0.145,10.688,0.051,0,0,0
0.026180,0.82247,0.193,10.582,-0.001,0,0,0
0.026200,0.82310,0.139,10.524,-0.022,0,0,0
0.026220,0.82373,0.127,10.461,0.099,0,0,0
0.026240,0.82435,0.215,10.520,0.028,0,0,0
0.026260,0.82498,0.143,10.386,0.149,0,0,0
0.026280,0.82561,0.222,10.375,0.056,0,0,0
0.026300,0.82624,0.101,10.368,0.048,0,0,0
0.026320,0.82687,0.162,10.304,0.086,0,0,0
0.026340,0.82750,0.119,10.146,0.071,0,0,0
0.026360,0.82812,0.080,10.223,0.044,0,0,0
0.026380,0.82875,0.235,9.999,0.042,0,0,0
0.026400,0.82938,0.191,10.033,-0.062,0,0,0
0.026420,0.83001,0.134,9.899,0.051,0,0,0
0.026440,0.83064,0.184,9.869,0.026,0,0,0
0.026460,0.83127,0.071,9.838,0.075,0,0,0
0.026480,0.83189,0.159,9.914,0.082,0,0,0
0.026500,0.83252,0.196,9.818,0.023,0,0,0
0.026520,0.83315,0.128,9.732,0.047,0,0,0
0.026540,0.83378,0.113,9.607,-0.039,0,0,0
0.026560,0.83441,0.193,9.623,0.023,0,0,0
0.026580,0.83504,0.117,9.548,0.067,0,0,0
0.026600,0.83566,0.211,9.523,0.091,0,0,0
0.026620,0.83629,0.147,9.499,0.064,0,0,0
0.026640,0.83692,0.154,9.433,0.051,0,0,0
0.026660,0.83755,0.117,9.375,0.071,0,0,0
0.026680,0.83818,0.128,9.375,0.028,0,0,0
0.026700,0.83881,0.023,9.236,0.099,0,0,0
0.026720,0.83943,0.119,9.192,-0.003,0,0,0
0.026740,0.84006,0.190,9.667,-0.052,0,540,0
0.026760,0.84069,0.135,10.020,0.027,0,540,0
0.026780,0.84132,0.185,10.551,0.030,0,540,0
0.026800,0.84195,0.133,10.916,0.136,0,540,0
0.026820,0.84258,0.108,10.807,0.083,0,0,0
0.026840,0.84320,0.174,10.829,0.038,0,0,0
0.026860,0.84383,0.177,10.826,0.081,0,0,0
0.026880,0.84446,0.223,10.735,0.027,0,0,0
0.026900,0.84509,0.198,10.674,0.019,0,0,0
0.026920,0.84572,0.231,10.566,0.128,0,0,0
0.026940,0.84635,0.164,10.572,0.030,0,0,0
0.026960,0.84697,0.103,10.377,0.076,0,0,0
0.026980,0.84760,0.142,10.376,0.097,0,0,0
0.027000,0.84823,0.173,10.430,0.108,0,0,0
0.027020,0.84886,0.202,10.326,0.062,0,0,0
0.027040,0.84949,0.095,10.254,0.034,0,0,0
0.027060,0.85011,0.240,10.252,0.061,0,0,0
0.027080,0.85074,0.239,10.162,0.040,0,0,0
0.027100,0.85137,0.190,10.096,0.089,0,0,0
0.027120,0.85200,0.238,10.027,0.113,0,0,0
0.027140,0.85263,0.158,10.036,0.034,0,0,0
0.027160,0.85326,0.189,9.883,0.054,0,0,0
0.027180,0.85388,0.168,9.882,0.095,0,0,0
0.027200,0.85451,0.166,9.921,0.116,0,0,0
0.027220,0.85514,0.196,9.735,0.057,0,0,0
0.027240,0.85577,0.138,9.603,0.128,0,0,0
0.027260,0.85640,0.152,9.622,-0.109,0,0,0
0.027280,0.85703,0.111,9.510,0.155,0,0,0
0.027300,0.85765,0.151,9.490,0.128,0,0,0
0.027320,0.85828,0.156,9.589,0.114,0,0,0
0.027340,0.85891,0.182,9.490,0.071,0,0,0
0.027360,0.85954,0.210,9.450,-0.025,0,0,0
0.027380,0.86017,0.147,9.423,0.049,0,0,0
0.027400,0.86080,0.196,9.426,0.090,0,0,0
0.027420,0.86142,0.072,9.236,0.000,0,0,0
0.027440,0.86205,0.152,9.204,0.064,0,0,0
0.027460,0.86268,0.190,9.268,0.031,0,0,0
0.027480,0.86331,0.177,9.394,0.006,0,540,0
0.027500,0.86394,0.135,9.669,0.018,0,540,0
0.027520,0.86457,0.083,9.995,0.035,0,540,0
0.027540,0.86519,0.231,10.435,0.068,0,540,0
0.027560,0.86582,0.171,10.692,0.110,0,540,0
0.027580,0.86645,0.175,10.915,0.059,0,0,0
0.027600,0.86708,0.228,10.771,0.054,0,0,0
0.027620,0.86771,0.142,10.816,0.038,0,0,0
0.027640,0.86834,0.120,10.768,0.056,0,0,0
0.027660,0.86896,0.182,10.702,0.086,0,0,0
0.027680,0.86959,0.083,10.702,0.093,0,0,0
0.027700,0.87022,0.145,10.498,0.067,0,0,0
0.027720,0.87085,0.251,10.519,0.060,0,0,0
0.027740,0.87148,0.172,10.487,0.104,0,0,0
0.027760,0.87211,0.081,10.422,0.094,0,0,0
0.027780,0.87273,0.212,10.328,0.089,0,0,0
0.027800,0.87336,0.188,10.279,0.117,0,0,0
0.027820,0.87399,0.207,10.211,0.077,0,0,0
0.027840,0.87462,0.097,10.143,0.120,0,0,0
0.027860,0.87525,0.102,10.141,0.127,0,0,0
0.027880,0.87588,0.148,10.075,0.006,0,0,0
0.027900,0.87650,0.147,10.086,0.012,0,0,0
0.027920,0.87713,0.124,9.939,0.048,0,0,0
0.027940,0.87776,0.173,9.886,0.055,0,0,0
0.027960,0.87839,0.203,9.831,0.097,0,0,0
0.027980,0.87902,0.161,9.775,0.073,0,0,0
0.028000,0.87965,0.155,9.771,0.094,0,0,0
0.028020,0.88027,0.235,9.830,0.095,0,0,0
0.028040,0.88090,0.169,9.643,0.023,0,0,0
0.028060,0.88153,0.113,9.660,0.054,0,0,0
0.028080,0.88216,0.165,9.542,0.120,0,0,0
0.028100,0.88279,0.073,9.574,0.047,0,0,0
0.028120,0.88342,0.090,9.545,0.006,0,0,0
0.028140,0.88404,0.141,9.451,0.097,0,0,0
0.028160,0.88467,0.175,9.473,0.103,0,0,0
0.028180,0.88530,0.048,9.255,0.092,0,0,0
0.028200,0.88593,0.122,9.347,0.140,0,0,0
0.028220,0.88656,0.151,9.323,0.035,0,0,0
0.028240,0.88719,0.203,9.199,0.035,0,0,0
0.028260,0.88781,0.168,9.282,0.007,0,0,0
0.028280,0.88844,0.075,9.199,0.117,0,540,0
0.028300,0.88907,0.137,9.640,0.143,0,540,0
0.028320,0.88970,0.226,9.908,0.088,0,540,0
0.028340,0.89033,0.140,10.211,0.134,0,540,0
0.028360,0.89096,0.119,10.523,0.085,0,540,0
0.028380,0.89158,0.071,10.709,0.049,0,540,0
0.028400,0.89221,0.157,10.961,0.073,0,0,0
0.028420,0.89284,0.139,10.796,0.092,0,0,0
0.028440,0.89347,0.194,10.783,0.050,0,0,0
0.028460,0.89410,0.089,10.726,-0.015,0,0,0
0.028480,0.89473,0.154,10.649,0.031,0,0,0
0.028500,0.89535,0.144,10.670,0.079,0,0,0
0.028520,0.89598,0.208,10.542,0.111,0,0,0
0.028540,0.89661,0.081,10.506,0.051,0,0,0
0.028560,0.89724,0.048,10.478,0.041,0,0,0
0.028580,0.89787,0.233,10.431,0.085,0,0,0
0.028600,0.89850,0.183,10.299,0.114,0,0,0
0.028620,0.89912,0.116,10.253,0.087,0,0,0
0.028640,0.89975,0.131,10.255,0.055,0,0,0
0.028660,0.90038,0.256,10.141,0.011,0,0,0
0.028680,0.90101,0.242,10.248,0.086,0,0,0
0.028700,0.90164,0.140,10.061,0.060,0,0,0
0.028720,0.90227,0.210,10.065,0.128,0,0,0
0.028740,0.90289,0.102,10.067,0.052,0,0,0
0.028760,0.90352,0.092,9.884,0.095,0,0,0
0.028780,0.90415,0.166,9.898,0.056,0,0,0
0.028800,0.90478,0.145,9.930,0.073,0,0,0
0.028820,0.90541,0.158,9.848,-0.005,0,0,0
0.028840,0.90604,0.247,9.770,0.039,0,0,0
0.028860,0.90666,0.183,9.753,0.091,0,0,0
0.028880,0.90729,0.108,9.696,0.103,0,0,0
0.028900,0.90792,0.194,9.616,0.056,0,0,0
0.028920,0.90855,0.121,9.596,0.105,0,0,0
0.028940,0.90918,0.143,9.586,0.069,0,0,0
0.028960,0.90981,0.198,9.483,0.042,0,0,0
0.028980,0.91043,0.112,9.524,0.037,0,0,0
0.029000,0.91106,0.124,9.386,0.136,0,0,0
0.029020,0.91169,0.150,9.433,0.005,0,0,0
0.029040,0.91232,0.130,9.334,-0.045,0,0,0
0.029060,0.91295,0.157,9.367,0.113,0,0,0
0.029080,0.91358,0.166,9.393,0.035,0,0,0
0.029100,0.91420,0.142,9.297,0.073,0,0,0
0.029120,0.91483,0.109,9.211,0.031,0,0,0
0.029140,0.91546,0.173,9.444,0.078,0,540,0
0.029160,0.91609,0.135,9.566,-0.030,0,540,0
0.029180,0.91672,0.165,9.784,0.042,0,540,0
0.029200,0.91735,0.133,10.034,-0.071,0,540,0
0.029220,0.91797,0.111,10.285,0.048,0,540,0
0.029240,0.91860,0.085,10.566,0.098,0,540,0
0.029260,0.91923,0.220,10.868,0.018,0,540,0
0.029280,0.91986,0.146,10.893,0.100,0,0,0
0.029300,0.92049,0.193,10.984,0.061,0,0,0
0.029320,0.92111,0.170,10.848,0.022,0,0,0
0.029340,0.92174,0.096,10.721,0.135,0,0,0
0.029360,0.92237,0.058,10.730,-0.007,0,0,0
0.029380,0.92300,0.151,10.731,0.061,0,0,0
0.029400,0.92363,0.116,10.673,0.067,0,0,0
0.029420,0.92426,0.200,10.712,0.029,0,0,0
0.029440,0.92488,0.112,10.570,0.059,0,0,0
0.029460,0.92551,0.212,10.485,0.110,0,0,0
0.029480,0.92614,0.144,10.465,0.033,0,0,0
0.029500,0.92677,0.134,10.367,0.066,0,0,0
0.029520,0.92740,0.203,10.363,0.025,0,0,0
0.029540,0.92803,0.156,10.365,0.063,0,0,0
0.029560,0.92865,0.218,10.382,0.086,0,0,0
0.029580,0.92928,0.144,10.211,0.110,0,0,0
0.029600,0.92991,0.169,10.179,0.062,0,0,0
0.029620,0.93054,0.188,10.037,0.029,0,0,0
0.029640,0.93117,0.159,10.073,0.057,0,0,0
0.029660,0.93180,0.106,10.079,0.075,0,0,0
0.029680,0.93242,0.155,10.017,0.014,0,0,0
0.029700,0.93305,0.204,9.996,0.067,0,0,0
0.029720,0.93368,0.078,9.914,0.082,0,0,0
0.029740,0.93431,0.292,9.938,0.007,0,0,0
0.029760,0.93494,0.173,9.855,0.063,0,0,0
0.029780,0.93557,0.126,9.882,-0.052,0,0,0
0.029800,0.93619,0.208,9.871,0.151,0,0,0
0.029820,0.93682,0.187,9.823,0.077,0,0,0
0.029840,0.93745,0.110,9.699,0.201,0,0,0
0.029860,0.93808,0.160,9.761,0.064,0,0,0
0.029880,0.93871,0.151,9.627,0.120,0,0,0
0.029900,0.93934,0.218,9.624,0.111,0,0,0
0.029920,0.93996,0.115,9.600,0.063,0,0,0
0.029940,0.94059,0.100,9.574,0.100,0,0,0
0.029960,0.94122,0.118,9.494,-0.003,0,0,0
0.029980,0.94185,0.122,9.491,0.129,0,0,0
0.030000,0.94248,0.138,9.486,0.060,0,0,0
0.030020,0.94311,0.205,9.405,0.105,0,0,0
0.030040,0.94373,0.101,9.406,0.021,0,0,0
0.030060,0.94436,0.156,9.323,0.084,0,0,0
0.030080,0.94499,0.171,9.354,0.126,0,0,0
0.030100,0.94562,0.186,9.211,0.033,0,0,0
0.030120,0.94625,0.168,9.241,0.087,0,0,0
0.030140,0.94688,0.110,9.439,0.040,0,540,0
0.030160,0.94750,0.133,9.692,0.079,0,540,0
0.030180,0.94813,0.103,9.774,0.075,0,540,0
0.030200,0.94876,0.165,10.188,0.013,0,540,0
0.030220,0.94939,0.029,10.329,0.040,0,540,0
0.030240,0.95002,0.149,10.493,0.061,0,540,0
0.030260,0.95065,0.138,10.665,0.013,0,540,0
0.030280,0.95127,0.113,10.874,0.057,0,0,0
0.030300,0.95190,0.203,10.856,0.027,0,0,0
0.030320,0.95253,0.106,10.753,0.106,0,0,0
0.030340,0.95316,0.188,10.808,-0.022,0,0,0
0.030360,0.95379,0.129,10.629,0.065,0,0,0
0.030380,0.95442,0.122,10.629,0.051,0,0,0
0.030400,0.95504,0.143,10.600,0.099,0,0,0
0.030420,0.95567,0.172,10.601,0.106,0,0,0
0.030440,0.95630,0.175,10.576,0.076,0,0,0
0.030460,0.95693,0.173,10.546,0.110,0,0,0
0.030480,0.95756,0.170,10.446,0.037,0,0,0
0.030500,0.95819,0.128,10.503,0.095,0,0,0
0.030520,0.95881,0.162,10.440,0.131,0,0,0
0.030540,0.95944,0.202,10.397,0.027,0,0,0
0.030560,0.96007,0.197,10.367,0.086,0,0,0
0.030580,0.96070,0.158,10.375,0.066,0,0,0
0.030600,0.96133,0.075,10.233,0.080,0,0,0
0.030620,0.96196,0.166,10.276,0.121,0,0,0
0.030640,0.96258,0.207,10.244,0.093,0,0,0
0.030660,0.96321,0.190,10.201,0.121,0,0,0
0.030680,0.96384,0.107,10.189,0.115,0,0,0
0.030700,0.96447,0.154,10.117,0.017,0,0,0
0.030720,0.96510,0.205,10.159,0.103,0,0,0
0.030740,0.96573,0.185,10.072,0.157,0,0,0
0.030760,0.96635,0.211,10.068,0.047,0,0,0
0.030780,0.96698,0.159,9.950,-0.012,0,0,0
0.030800,0.96761,0.172,9.873,0.124,0,0,0
0.030820,0.96824,0.119,9.925,0.068,0,0,0
0.030840,0.96887,0.116,9.947,0.094,0,0,0
0.030860,0.96950,0.147,9.887,0.092,0,0,0
0.030880,0.97012,0.164,9.913,0.182,0,0,0
0.030900,0.97075,0.127,9.824,0.113,0,0,0
0.030920,0.97138,0.152,9.771,0.058,0,0,0
0.030940,0.97201,0.199,9.812,0.107,0,0,0
0.030960,0.97264,0.247,9.703,0.032,0,0,0
0.030980,0.97327,0.173,9.649,0.003,0,0,0
0.031000,0.97389,0.174,9.796,0.142,0,0,0
0.031020,0.97452,0.223,9.676,0.037,0,0,0
0.031040,0.97515,0.126,9.649,0.028,0,0,0
0.031060,0.97578,0.191,9.627,0.004,0,0,0
0.031080,0.97641,0.074,9.576,0.109,0,0,0
0.031100,0.97704,0.194,9.561,0.006,0,0,0
0.031120,0.97766,0.144,9.505,0.008,0,0,0
0.031140,0.97829,0.195,9.462,0.079,0,0,0
0.031160,0.97892,0.180,9.465,0.011,0,0,0
0.031180,0.97955,0.225,9.438,0.058,0,0,0
0.031200,0.98018,0.071,9.445,0.094,0,0,0
0.031220,0.98081,0.147,9.386,0.103,0,0,0
0.031240,0.98143,0.108,9.405,0.154,0,0,0
0.031260,0.98206,0.137,9.413,0.007,0,0,0
0.031280,0.98269,0.285,9.254,-0.027,0,0,0
0.031300,0.98332,0.201,9.289,0.051,0,0,0
0.031320,0.98395,0.203,9.295,0.049,0,0,0
0.031340,0.98458,0.167,9.271,0.073,0,0,0
0.031360,0.98520,0.135,9.219,0.029,0,0,0
0.031380,0.98583,0.187,9.267,0.032,0,0,0
0.031400,0.98646,0.168,9.279,0.046,0,540,0
0.031420,0.98709,0.117,9.498,0.089,0,540,0
0.031440,0.98772,0.212,9.788,0.161,0,540,0
0.031460,0.98835,0.152,9.835,0.071,0,540,0
0.031480,0.98897,0.169,10.041,0.103,0,540,0
0.031500,0.98960,0.205,10.250,0.141,0,540,0
0.031520,0.99023,0.174,10.473,0.084,0,540,0
0.031540,0.99086,0.134,10.718,0.056,0,540,0
0.031560,0.99149,0.066,10.938,0.111,0,540,0
0.031580,0.99211,0.104,10.864,0.102,0,0,0
0.031600,0.99274,0.219,10.790,0.110,0,0,0
0.031620,0.99337,0.134,10.719,0.110,0,0,0
0.031640,0.99400,0.182,10.771,0.186,0,0,0
0.031660,0.99463,0.154,10.655,0.030,0,0,0
0.031680,0.99526,0.223,10.666,0.170,0,0,0
0.031700,0.99588,0.224,10.694,0.056,0,0,0
0.031720,0.99651,0.167,10.595,0.126,0,0,0
0.031740,0.99714,0.174,10.552,0.061,0,0,0
0.031760,0.99777,0.180,10.612,0.061,0,0,0
0.031780,0.99840,0.151,10.607,0.081,0,0,0
0.031800,0.99903,0.218,10.500,0.111,0,0,0
0.031820,0.99965,0.108,10.510,0.114,0,0,0
0.031840,1.00028,0.119,10.480,-0.008,0,0,0
0.031860,1.00091,0.223,10.428,0.124,0,0,0
0.031880,1.00154,0.146,10.458,0.110,0,0,0
0.031900,1.00217,0.232,10.481,0.115,0,0,0
0.031920,1.00280,0.094,10.409,0.068,0,0,0
0.031940,1.00342,0.179,10.336,0.012,0,0,0
0.031960,1.00405,0.092,10.321,0.036,0,0,0
0.031980,1.00468,0.065,10.285,0.007,0,0,0
0.032000,1.00531,0.199,10.275,0.196,0,0,0
0.032020,1.00594,0.210,10.203,-0.006,0,0,0
0.032040,1.00657,0.128,10.201,0.151,0,0,0
0.032060,1.00719,0.288,10.188,0.109,0,0,0
0.032080,1.00782,0.147,10.258,0.087,0,0,0
0.032100,1.00845,0.207,10.230,0.017,0,0,0
0.032120,1.00908,0.079,10.147,0.125,0,0,0
0.032140,1.00971,0.181,10.137,0.042,0,0,0
0.032160,1.01034,0.168,10.147,0.105,0,0,0
0.032180,1.01096,0.137,10.056,0.142,0,0,0
0.032200,1.01159,0.205,10.134,0.050,0,0,0
0.032220,1.01222,0.197,10.123,0.068,0,0,0
0.032240,1.01285,0.153,10.035,0.169,0,0,0
0.032260,1.01348,0.170,10.043,0.107,0,0,0
0.032280,1.01411,0.176,10.062,-0.021,0,0,0
0.032300,1.01473,0.157,10.049,0.031,0,0,0
0.032320,1.01536,0.091,9.929,0.067,0,0,0
0.032340,1.01599,0.173,10.043,0.032,0,0,0
0.032360,1.01662,0.116,9.893,0.068,0,0,0
0.032380,1.01725,0.159,10.015,0.158,0,0,0
0.032400,1.01788,0.163,9.937,0.008,0,0,0
0.032420,1.01850,0.158,9.956,0.069,0,0,0
0.032440,1.01913,0.197,9.828,0.042,0,0,0
0.032460,1.01976,0.191,9.887,0.173,0,0,0
0.032480,1.02039,0.129,9.870,0.167,0,0,0
0.032500,1.02102,0.287,9.784,0.122,0,0,0
0.032520,1.02165,0.164,9.779,0.088,0,0,0
0.032540,1.02227,0.116,9.827,0.001,0,0,0
0.032560,1.02290,0.143,9.749,0.088,0,0,0
0.032580,1.02353,0.107,9.718,0.120,0,0,0
0.032600,1.02416,0.169,9.757,0.013,0,0,0
0.032620,1.02479,0.270,9.744,0.014,0,0,0
0.032640,1.02542,0.120,9.666,0.130,0,0,0
0.032660,1.02604,0.153,9.779,0.081,0,0,0
0.032680,1.02667,0.104,9.696,0.012,0,0,0
0.032700,1.02730,0.043,9.595,0.066,0,0,0
0.032720,1.02793,0.122,9.716,0.130,0,0,0
0.032740,1.02856,0.098,9.706,-0.017,0,0,0
0.032760,1.02919,0.183,9.567,-0.037,0,0,0
0.032780,1.02981,0.018,9.607,0.040,0,0,0
0.032800,1.03044,0.100,9.627,0.047,0,0,0
0.032820,1.03107,0.123,9.554,-0.024,0,0,0
0.032840,1.03170,0.158,9.560,0.054,0,0,0
0.032860,1.03233,0.126,9.592,0.084,0,0,0
0.032880,1.03296,0.162,9.440,0.085,0,0,0
0.032900,1.03358,0.102,9.643,0.072,0,0,0
0.032920,1.03421,0.083,9.470,0.016,0,0,0
0.032940,1.03484,0.099,9.543,-0.039,0,0,0
0.032960,1.03547,0.127,9.503,0.148,0,0,0
0.032980,1.03610,0.132,9.472,0.117,0,0,0
0.033000,1.03673,0.075,9.445,-0.061,0,0,0
0.033020,1.03735,0.151,9.441,0.003,0,0,0
0.033040,1.03798,0.146,9.485,0.049,0,0,0
0.033060,1.03861,0.157,9.324,0.007,0,0,0
0.033080,1.03924,0.083,9.390,0.077,0,0,0
0.033100,1.03987,0.046,9.426,0.071,0,0,0
0.033120,1.04050,0.192,9.367,0.071,0,0,0
0.033140,1.04112,0.126,9.329,0.069,0,0,0
0.033160,1.04175,0.057,9.386,0.064,0,0,0
0.033180,1.04238,0.143,9.314,-0.046,0,0,0
0.033200,1.04301,0.014,9.223,-0.005,0,0,0
0.033220,1.04364,0.133,9.331,0.091,0,0,0
0.033240,1.04427,0.147,9.289,-0.001,0,0,0
0.033260,1.04489,0.136,9.288,-0.029,0,0,0
0.033280,1.04552,0.108,9.241,0.074,0,0,0
0.033300,1.04615,0.025,9.275,0.076,0,0,0
0.033320,1.04678,0.075,9.357,0.050,0,0,0
0.033340,1.04741,0.047,9.213,0.003,0,0,0
0.033360,1.04804,0.077,9.249,0.008,0,0,0
0.033380,1.04866,0.074,9.370,0.123,0,540,0
0.033400,1.04929,0.153,9.563,0.112,0,540,0
0.033420,1.04992,0.049,9.743,0.060,0,540,0
0.033440,1.05055,0.115,9.949,0.098,0,540,0
0.033460,1.05118,0.145,10.123,0.093,0,540,0
0.033480,1.05181,0.113,10.276,0.088,0,540,0
0.033500,1.05243,0.146,10.382,-0.005,0,540,0
0.033520,1.05306,0.197,10.658,0.092,0,540,0
0.033540,1.05369,0.068,10.856,0.046,0,540,0
0.033560,1.05432,0.069,10.813,0.024,0,0,0
0.033580,1.05495,0.144,10.757,0.080,0,0,0
0.033600,1.05558,0.060,10.653,0.003,0,0,0
0.033620,1.05620,0.038,10.770,0.116,0,0,0
0.033640,1.05683,0.155,10.773,-0.016,0,0,0
0.033660,1.05746,0.237,10.692,0.052,0,0,0
0.033680,1.05809,0.137,10.764,-0.043,0,0,0
0.033700,1.05872,0.191,10.710,0.138,0,0,0
0.033720,1.05935,0.058,10.676,0.068,0,0,0
0.033740,1.05997,0.127,10.648,0.044,0,0,0
0.033760,1.06060,0.054,10.634,0.068,0,0,0
0.033780,1.06123,0.134,10.747,0.012,0,0,0
0.033800,1.06186,0.159,10.629,-0.029,0,0,0
0.033820,1.06249,0.172,10.634,0.018,0,0,0
0.033840,1.06311,0.032,10.637,0.170,0,0,0
0.033860,1.06374,0.091,10.604,0.106,0,0,0
0.033880,1.06437,0.180,10.606,0.079,0,0,0
0.033900,1.06500,0.070,10.592,0.084,0,0,0
0.033920,1.06563,0.114,10.572,0.022,0,0,0
0.033940,1.06626,0.041,10.578,0.050,0,0,0
0.033960,1.06688,0.051,10.687,0.101,0,0,0
0.033980,1.06751,0.217,10.568,0.082,0,0,0
0.034000,1.06814,0.026,10.523,0.010,0,0,0
0.034020,1.06877,0.126,10.510,0.042,0,0,0
0.034040,1.06940,0.168,10.511,0.120,0,0,0
0.034060,1.07003,0.164,10.544,0.005,0,0,0
0.034080,1.07065,0.179,10.443,0.053,0,0,0
0.034100,1.07128,0.145,10.563,0.175,0,0,0
0.034120,1.07191,0.277,10.518,0.018,0,0,0
0.034140,1.07254,0.103,10.373,0.126,0,0,0
0.034160,1.07317,0.194,10.464,0.081,0,0,0
0.034180,1.07380,0.117,10.411,0.045,0,0,0
0.034200,1.07442,0.119,10.464,0.118,0,0,0
0.034220,1.07505,0.145,10.397,0.082,0,0,0
0.034240,1.07568,0.193,10.449,0.022,0,0,0
0.034260,1.07631,0.158,10.342,0.030,0,0,0
0.034280,1.07694,0.098,10.401,0.046,0,0,0
0.034300,1.07757,0.133,10.338,0.050,0,0,0
0.034320,1.07819,0.148,10.391,0.027,0,0,0
0.034340,1.07882,0.078,10.367,0.035,0,0,0
0.034360,1.07945,0.161,10.283,-0.006,0,0,0
0.034380,1.08008,0.095,10.493,0.021,0,0,0
0.034400,1.08071,0.145,10.380,0.104,0,0,0
0.034420,1.08134,0.085,10.376,0.128,0,0,0
0.034440,1.08196,0.111,10.285,0.050,0,0,0
0.034460,1.08259,0.179,10.237,-0.026,0,0,0
0.034480,1.08322,0.089,10.288,0.013,0,0,0
0.034500,1.08385,0.192,10.323,-0.012,0,0,0
0.034520,1.08448,0.139,10.358,-0.045,0,0,0
0.034540,1.08511,0.099,10.333,0.017,0,0,0
0.034560,1.08573,0.076,10.336,0.104,0,0,0
0.034580,1.08636,0.141,10.367,0.089,0,0,0
0.034600,1.08699,0.184,10.256,0.106,0,0,0
0.034620,1.08762,0.147,10.261,0.105,0,0,0
0.034640,1.08825,0.176,10.313,0.082,0,0,0
0.034660,1.08888,0.047,10.421,0.091,0,0,0
0.034680,1.08950,0.182,10.120,0.027,0,0,0
0.034700,1.09013,0.141,10.179,0.141,0,0,0
0.034720,1.09076,0.158,10.115,0.037,0,0,0
0.034740,1.09139,0.171,10.242,0.969,0,0,540
0.034760,1.09202,0.131,10.398,1.930,0,0,540
0.034780,1.09265,0.115,10.191,2.788,0,0,540
0.034800,1.09327,0.115,10.299,3.550,0,0,540
0.034820,1.09390,0.143,10.111,4.557,0,0,540
0.034840,1.09453,0.098,10.224,5.448,0,0,540
0.034860,1.09516,0.196,10.177,6.299,0,0,540
0.034880,1.09579,0.148,10.112,7.251,0,0,540
0.034900,1.09642,0.057,10.158,8.029,0,0,540
0.034920,1.09704,0.041,10.145,8.955,0,0,540
0.034940,1.09767,0.235,10.175,9.918,0,0,540
0.034960,1.09830,0.225,10.156,10.805,0,0,540
0.034980,1.09893,0.166,10.101,11.177,0,0,0
0.035000,1.09956,0.090,10.192,11.264,0,0,0
0.035020,1.10019,0.246,10.034,11.183,0,0,0
0.035040,1.10081,0.052,10.237,11.177,0,0,0
0.035060,1.10144,0.123,10.163,11.297,0,0,0
0.035080,1.10207,0.109,10.136,11.075,0,0,0
0.035100,1.10270,0.156,10.110,11.138,0,0,0
0.035120,1.10333,0.124,10.079,11.075,0,0,0
0.035140,1.10396,0.109,10.053,11.118,0,0,0
0.035160,1.10458,0.083,10.102,11.050,0,0,0
0.035180,1.10521,0.182,9.994,11.087,0,0,0
0.035200,1.10584,0.035,10.085,11.089,0,0,0
0.035220,1.10647,0.117,9.998,11.018,0,0,0
0.035240,1.10710,0.133,9.990,11.103,0,0,0
0.035260,1.10773,0.177,10.093,11.077,0,0,0
0.035280,1.10835,0.147,10.030,11.049,0,0,0
0.035300,1.10898,0.159,10.030,11.081,0,0,0
0.035320,1.10961,0.176,9.984,10.975,0,0,0
0.035340,1.11024,0.037,10.042,11.071,0,0,0
0.035360,1.11087,0.145,10.151,11.047,0,0,0
0.035380,1.11150,0.091,10.050,11.038,0,0,0
0.035400,1.11212,0.031,10.052,11.076,0,0,0
0.035420,1.11275,0.135,10.009,11.045,0,0,0
0.035440,1.11338,0.150,10.023,10.941,0,0,0
0.035460,1.11401,0.069,10.020,10.946,0,0,0
0.035480,1.11464,0.134,10.018,10.916,0,0,0
0.035500,1.11527,0.120,9.862,10.882,0,0,0
0.035520,1.11589,0.094,9.880,10.914,0,0,0
0.035540,1.11652,0.246,9.946,10.921,0,0,0
0.035560,1.11715,0.075,9.888,11.037,0,0,0
0.035580,1.11778,0.093,10.041,10.774,0,0,0
0.035600,1.11841,0.082,9.955,10.838,0,0,0
0.035620,1.11904,0.147,9.950,10.916,0,0,0
0.035640,1.11966,0.033,10.001,10.766,0,0,0
0.035660,1.12029,0.227,9.990,10.817,0,0,0
0.035680,1.12092,0.192,9.968,10.736,0,0,0
0.035700,1.12155,0.199,9.999,10.770,0,0,0
0.035720,1.12218,0.097,9.877,10.709,0,0,0
0.035740,1.12281,0.070,9.993,10.862,0,0,0
0.035760,1.12343,0.046,9.949,10.767,0,0,0
0.035780,1.12406,0.145,9.927,10.785,0,0,0
0.035800,1.12469,0.163,9.946,10.712,0,0,0
0.035820,1.12532,0.127,9.897,10.692,0,0,0
0.035840,1.12595,0.140,9.832,10.703,0,0,0
0.035860,1.12658,0.156,10.000,10.638,0,0,0
0.035880,1.12720,0.111,9.873,10.729,0,0,0
0.035900,1.12783,0.079,9.835,10.691,0,0,0
0.035920,1.12846,0.128,9.908,10.623,0,0,0
0.035940,1.12909,0.126,9.876,10.685,0,0,0
0.035960,1.12972,0.150,9.793,10.674,0,0,0
0.035980,1.13035,0.111,9.861,10.590,0,0,0
0.036000,1.13097,0.221,9.941,10.688,0,0,0
0.036020,1.13160,0.174,9.835,10.633,0,0,0
0.036040,1.13223,0.201,9.891,10.597,0,0,0
0.036060,1.13286,0.120,9.839,10.488,0,0,0
0.036080,1.13349,0.110,9.886,10.565,0,0,0
0.036100,1.13411,0.147,9.849,10.593,0,0,0
0.036120,1.13474,0.081,9.950,10.523,0,0,0
0.036140,1.13537,0.070,9.864,10.599,0,0,0
0.036160,1.13600,0.165,9.786,10.522,0,0,0
0.036180,1.13663,0.158,9.685,10.450,0,0,0
0.036200,1.13726,0.200,9.869,10.603,0,0,0
0.036220,1.13788,0.074,9.772,10.507,0,0,0
0.036240,1.13851,0.216,9.893,10.525,0,0,0
0.036260,1.13914,0.161,9.869,10.439,0,0,0
0.036280,1.13977,0.122,9.801,10.406,0,0,0
0.036300,1.14040,0.060,9.755,10.440,0,0,0
0.036320,1.14103,0.146,9.857,10.420,0,0,0
0.036340,1.14165,0.187,9.769,10.462,0,0,0
0.036360,1.14228,0.149,9.741,10.351,0,0,0
0.036380,1.14291,0.084,9.841,10.428,0,0,0
0.036400,1.14354,0.074,9.829,10.367,0,0,0
0.036420,1.14417,0.128,9.746,10.358,0,0,0
0.036440,1.14480,0.141,9.735,10.322,0,0,0
0.036460,1.14542,0.197,9.796,10.356,0,0,0
0.036480,1.14605,0.151,9.781,10.226,0,0,0
0.036500,1.14668,0.166,9.779,10.357,0,0,0
0.036520,1.14731,0.245,9.770,10.266,0,0,0
0.036540,1.14794,0.175,9.741,10.235,0,0,0
0.036560,1.14857,0.258,9.729,10.271,0,0,0
0.036580,1.14919,0.212,9.786,10.263,0,0,0
0.036600,1.14982,0.214,9.787,10.267,0,0,0
0.036620,1.15045,0.171,9.700,10.231,0,0,0
0.036640,1.15108,0.064,9.744,10.208,0,0,0
0.036660,1.15171,0.097,9.716,10.231,0,0,0
0.036680,1.15234,0.124,9.785,10.161,0,0,0
0.036700,1.15296,0.187,9.689,10.160,0,0,0
0.036720,1.15359,0.182,9.811,10.190,0,0,0
0.036740,1.15422,0.161,9.720,10.138,0,0,0
0.036760,1.15485,0.073,9.765,10.211,0,0,0
0.036780,1.15548,0.154,9.712,10.117,0,0,0
0.036800,1.15611,0.175,9.866,10.091,0,0,0
0.036820,1.15673,0.087,9.697,10.151,0,0,0
0.036840,1.15736,0.136,9.661,10.099,0,0,0
0.036860,1.15799,0.204,9.785,10.074,0,0,0
0.036880,1.15862,0.249,9.733,10.078,0,0,0
0.036900,1.15925,0.193,9.658,10.140,0,0,0
0.036920,1.15988,0.223,9.707,10.057,0,0,0
0.036940,1.16050,0.120,9.688,10.019,0,0,0
0.036960,1.16113,0.155,9.641,9.989,0,0,0
0.036980,1.16176,0.150,9.632,9.955,0,0,0
0.037000,1.16239,0.186,9.612,10.041,0,0,0
0.037020,1.16302,0.173,9.702,9.887,0,0,0
0.037040,1.16365,0.135,9.637,9.950,0,0,0
0.037060,1.16427,0.097,9.737,9.940,0,0,0
0.037080,1.16490,0.152,9.753,9.943,0,0,0
0.037100,1.16553,0.179,9.681,9.869,0,0,0
0.037120,1.16616,0.195,9.572,9.926,0,0,0
0.037140,1.16679,0.186,9.649,9.938,0,0,0
0.037160,1.16742,0.178,9.589,9.925,0,0,0
0.037180,1.16804,0.101,9.577,9.788,0,0,0
0.037200,1.16867,0.180,9.670,9.876,0,0,0
0.037220,1.16930,0.204,9.615,9.844,0,0,0
0.037240,1.16993,0.209,9.670,9.850,0,0,0
0.037260,1.17056,0.159,9.737,9.848,0,0,0
0.037280,1.17119,0.158,9.703,9.761,0,0,0
0.037300,1.17181,0.282,9.630,9.815,0,0,0
0.037320,1.17244,0.118,9.640,9.808,0,0,0
0.037340,1.17307,0.255,9.654,9.739,0,0,0
0.037360,1.17370,0.237,9.624,9.761,0,0,0
0.037380,1.17433,0.146,9.665,9.751,0,0,0
0.037400,1.17496,0.110,9.572,9.636,0,0,0
0.037420,1.17558,0.022,9.597,9.807,0,0,0
0.037440,1.17621,0.231,9.601,9.660,0,0,0
0.037460,1.17684,0.170,9.632,9.585,0,0,0
0.037480,1.17747,0.161,9.519,9.645,0,0,0
0.037500,1.17810,0.169,9.570,9.634,0,-540,0
0.037520,1.17873,0.223,9.405,9.529,0,-540,0
0.037540,1.17935,0.200,9.174,9.571,0,-540,0
0.037560,1.17998,0.159,8.976,9.589,0,-540,0
0.037580,1.18061,0.192,8.807,9.563,0,-540,0
0.037600,1.18124,0.104,8.742,9.499,0,-540,0
0.037620,1.18187,0.187,8.550,9.594,0,-540,0
0.037640,1.18250,0.293,8.515,9.482,0,-540,0
0.037660,1.18312,0.230,8.268,9.573,0,-540,0
0.037680,1.18375,0.163,8.097,9.560,0,-540,0
0.037700,1.18438,0.182,8.013,9.455,0,-540,0
0.037720,1.18501,0.186,7.815,9.432,0,-540,0
0.037740,1.18564,0.046,7.607,9.483,0,-540,0
0.037760,1.18627,0.128,7.523,9.398,0,-540,0
0.037780,1.18689,0.118,7.254,9.335,0,-540,0
0.037800,1.18752,0.072,7.118,9.422,0,-540,0
0.037820,1.18815,0.173,6.970,9.330,0,-540,0
0.037840,1.18878,0.078,6.911,9.333,0,-540,0
0.037860,1.18941,0.191,6.657,9.384,0,-540,0
0.037880,1.19004,0.144,6.563,9.365,0,-540,0
0.037900,1.19066,0.134,6.514,9.332,0,-540,0
0.037920,1.19129,0.099,6.431,9.331,0,-540,0
0.037940,1.19192,0.154,6.197,9.257,0,-540,0
0.037960,1.19255,0.133,6.108,9.307,0,-540,0
0.037980,1.19318,0.041,6.024,10.099,0,-540,540
0.038000,1.19381,0.096,5.908,10.990,0,-540,540
0.038020,1.19443,0.098,5.783,10.918,0,-540,0
0.038040,1.19506,0.206,5.523,10.910,0,-540,0
0.038060,1.19569,0.074,5.424,10.903,0,-540,0
0.038080,1.19632,0.098,5.399,10.897,0,-540,0
0.038100,1.19695,0.063,5.270,10.884,0,-540,0
0.038120,1.19758,0.096,5.099,10.752,0,-540,0
0.038140,1.19820,0.146,4.915,10.955,0,-540,0
0.038160,1.19883,0.128,4.891,10.765,0,-540,0
0.038180,1.19946,0.169,4.660,10.802,0,-540,0
0.038200,1.20009,0.168,4.601,10.676,0,-540,0
0.038220,1.20072,0.071,4.536,10.737,0,-540,0
0.038240,1.20135,0.112,4.487,10.771,0,-540,0
0.038260,1.20197,0.201,4.347,10.703,0,-540,0
0.038280,1.20260,0.090,4.216,10.681,0,-540,0
0.038300,1.20323,0.105,3.987,10.745,0,-540,0
0.038320,1.20386,0.140,4.054,10.623,0,-540,0
0.038340,1.20449,0.121,3.904,10.566,0,-540,0
0.038360,1.20511,0.184,3.715,10.512,0,-540,0
0.038380,1.20574,0.110,3.628,10.577,0,-540,0
0.038400,1.20637,0.181,3.573,10.450,0,-540,0
0.038420,1.20700,0.120,3.462,10.619,0,-540,0
0.038440,1.20763,0.137,3.352,10.529,0,-540,0
0.038460,1.20826,0.099,3.287,10.543,0,-540,0
0.038480,1.20888,0.068,3.105,10.518,0,-540,0
0.038500,1.20951,0.266,3.033,10.405,0,-540,0
0.038520,1.21014,0.054,2.908,10.536,0,-540,0
0.038540,1.21077,0.106,2.812,10.435,0,-540,0
0.038560,1.21140,0.161,2.704,10.458,0,-540,0
0.038580,1.21203,0.175,2.631,10.281,0,-540,0
0.038600,1.21265,0.117,2.633,10.246,0,-540,0
0.038620,1.21328,0.140,2.369,10.301,0,-540,0
0.038640,1.21391,0.145,2.368,10.327,0,-540,0
0.038660,1.21454,0.105,2.262,10.339,0,-540,0
0.038680,1.21517,0.168,2.194,10.195,0,-540,0
0.038700,1.21580,0.142,2.111,10.237,0,-540,0
0.038720,1.21642,0.171,2.086,10.283,0,-540,0
0.038740,1.21705,0.122,2.091,10.049,0,-540,0
0.038760,1.21768,0.117,2.014,10.155,0,-540,0
0.038780,1.21831,0.042,1.943,10.212,0,-540,0
0.038800,1.21894,0.092,1.945,10.127,0,-540,0
0.038820,1.21957,0.231,2.031,10.048,0,-540,0
0.038840,1.22019,0.133,2.020,10.163,0,-540,0
0.038860,1.22082,0.143,1.951,10.075,0,-540,0
0.038880,1.22145,0.099,1.937,10.002,0,-540,0
0.038900,1.22208,0.083,2.008,10.015,0,-540,0
0.038920,1.22271,0.256,2.105,10.033,0,-540,0
0.038940,1.22334,0.161,1.964,9.937,0,-540,0
0.038960,1.22396,0.151,2.029,9.922,0,-540,0
0.038980,1.22459,0.174,2.025,9.870,0,-540,0
0.039000,1.22522,0.176,2.016,10.025,0,-540,0
0.039020,1.22585,0.193,1.909,9.781,0,-540,0
0.039040,1.22648,0.119,1.993,9.833,0,-540,0
0.039060,1.22711,0.138,1.949,9.859,0,-540,0
0.039080,1.22773,0.182,2.030,9.780,0,-540,0
0.039100,1.22836,0.163,1.963,9.658,0,-540,0
0.039120,1.22899,0.138,1.992,9.635,0,-540,0
0.039140,1.22962,0.057,2.128,9.825,0,-540,0
0.039160,1.23025,0.121,2.008,9.714,0,-540,0
0.039180,1.23088,0.106,2.021,9.740,0,-540,0
0.039200,1.23150,0.015,2.030,9.641,0,-540,0
0.039220,1.23213,0.185,2.023,9.669,0,-540,0
0.039240,1.23276,0.149,2.018,9.565,0,-540,0
0.039260,1.23339,0.129,1.931,9.505,0,-540,0
0.039280,1.23402,0.226,2.066,9.494,0,-540,0
0.039300,1.23465,0.155,1.995,9.552,0,-540,0
0.039320,1.23527,0.143,1.978,9.424,0,-540,0
0.039340,1.23590,0.178,1.884,9.502,0,-540,0
0.039360,1.23653,0.258,2.013,9.429,0,-540,0
0.039380,1.23716,0.172,1.946,9.372,0,-540,0
0.039400,1.23779,0.191,1.953,9.391,0,-540,0
0.039420,1.23842,0.168,1.962,9.382,0,-540,0
0.039440,1.23904,0.147,2.058,9.385,0,-540,0
0.039460,1.23967,0.125,1.944,9.299,0,-540,0
0.039480,1.24030,0.102,1.973,9.204,0,-540,0
0.039500,1.24093,0.199,1.963,9.267,0,-540,0
0.039520,1.24156,0.179,2.034,9.263,0,-540,0
0.039540,1.24219,0.192,2.022,9.982,0,-540,540
0.039560,1.24281,0.159,2.002,10.780,0,-540,540
0.039580,1.24344,0.195,2.017,10.749,0,-540,0
0.039600,1.24407,0.223,1.984,10.766,0,-540,0
0.039620,1.24470,0.132,1.990,10.637,0,-540,0
0.039640,1.24533,0.169,2.038,10.662,0,-540,0
0.039660,1.24596,0.159,2.047,10.624,0,-540,0
0.039680,1.24658,0.211,2.016,10.599,0,-540,0
0.039700,1.24721,0.179,2.013,10.535,0,-540,0
0.039720,1.24784,0.218,2.008,10.525,0,-540,0
0.039740,1.24847,0.195,1.964,10.541,0,-540,0
0.039760,1.24910,0.202,1.924,10.500,0,-540,0
0.039780,1.24973,0.224,2.060,10.431,0,-540,0
0.039800,1.25035,0.161,2.011,10.447,0,-540,0
0.039820,1.25098,0.156,2.029,10.401,0,-540,0
0.039840,1.25161,0.075,2.041,10.299,0,-540,0
0.039860,1.25224,0.151,2.044,10.267,0,-540,0
0.039880,1.25287,0.196,2.000,10.265,0,-540,0
0.039900,1.25350,0.252,1.986,10.288,0,-540,0
0.039920,1.25412,0.112,1.837,10.200,0,-540,0
0.039940,1.25475,0.235,2.028,10.208,0,-540,0
0.039960,1.25538,0.189,1.989,10.162,0,-540,0
0.039980,1.25601,0.226,2.019,10.161,0,-540,0
0.040000,1.25664,0.144,2.020,10.073,0,-540,0
0.040020,1.25727,0.287,2.071,10.048,0,-540,0
0.040040,1.25789,0.242,1.992,9.996,0,-540,0
0.040060,1.25852,0.228,2.024,10.013,0,-540,0
0.040080,1.25915,-0.016,1.967,9.851,0,-540,0
0.040100,1.25978,0.101,2.007,9.939,0,-540,0
0.040120,1.26041,0.061,2.049,9.873,0,-540,0
0.040140,1.26104,0.047,1.943,9.775,0,-540,0
0.040160,1.26166,0.004,1.969,9.789,0,-540,0
0.040180,1.26229,0.116,2.068,9.678,0,-540,0
0.040200,1.26292,0.122,2.045,9.623,0,-540,0
0.040220,1.26355,0.066,1.966,9.631,0,-540,0
0.040240,1.26418,0.058,1.992,9.645,0,-540,0
0.040260,1.26481,0.025,2.045,9.666,0,-540,0
0.040280,1.26543,0.043,1.950,9.582,0,-540,0
0.040300,1.26606,-0.029,2.043,9.594,0,-540,0
0.040320,1.26669,0.109,1.934,9.548,0,-540,0
0.040340,1.26732,0.016,2.020,9.447,0,-540,0
0.040360,1.26795,0.023,2.005,9.439,0,-540,0
0.040380,1.26858,-0.031,1.942,9.516,0,-540,0
0.040400,1.26920,0.071,2.010,9.407,0,-540,0
0.040420,1.26983,0.033,2.048,9.314,0,-540,0
0.040440,1.27046,0.028,1.957,9.359,0,-540,0
0.040460,1.27109,0.139,2.000,9.356,0,-540,0
0.040480,1.27172,-0.045,1.968,9.337,0,-540,0
0.040500,1.27235,0.095,1.988,9.157,0,-540,0
0.040520,1.27297,0.006,1.974,9.918,0,-540,540
0.040540,1.27360,0.100,2.051,10.661,0,-540,540
0.040560,1.27423,0.077,2.032,11.020,0,-540,0
0.040580,1.27486,0.077,1.998,10.929,0,-540,0
0.040600,1.27549,0.076,2.008,10.862,0,-540,0
0.040620,1.27611,0.019,2.106,10.882,0,-540,0
0.040640,1.27674,0.054,2.002,10.796,0,-540,0
0.040660,1.27737,0.040,1.955,10.744,0,-540,0
0.040680,1.27800,0.018,1.969,10.762,0,-540,0
0.040700,1.27863,0.099,2.082,10.775,0,-540,0
0.040720,1.27926,0.192,2.000,10.626,0,-540,0
0.040740,1.27988,0.044,2.013,10.609,0,-540,0
0.040760,1.28051,0.066,2.032,10.571,0,-540,0
0.040780,1.28114,0.065,2.074,10.517,0,-540,0
0.040800,1.28177,0.039,1.998,10.390,0,-540,0
0.040820,1.28240,0.030,2.049,10.442,0,-540,0
0.040840,1.28303,0.025,2.022,10.351,0,-540,0
0.040860,1.28365,0.054,2.033,10.389,0,-540,0
0.040880,1.28428,0.062,2.036,10.246,0,-540,0
0.040900,1.28491,0.098,1.948,10.217,0,-540,0
0.040920,1.28554,0.051,1.967,10.157,0,-540,0
0.040940,1.28617,0.048,2.036,10.104,0,-540,0
0.040960,1.28680,-0.011,2.001,10.134,0,-540,0
0.040980,1.28742,0.059,1.954,9.989,0,-540,0
0.041000,1.28805,0.003,2.054,9.908,0,-540,0
0.041020,1.28868,0.064,2.068,10.038,0,-540,0
0.041040,1.28931,0.082,2.041,9.848,0,-540,0
0.041060,1.28994,0.102,1.975,9.859,0,-540,0
0.041080,1.29057,-0.014,1.936,9.866,0,-540,0
0.041100,1.29119,0.036,1.862,9.831,0,-540,0
0.041120,1.29182,0.037,2.004,9.825,0,-540,0
0.041140,1.29245,0.073,1.975,9.663,0,-540,0
0.041160,1.29308,0.082,1.958,9.682,0,-540,0
0.041180,1.29371,0.123,1.987,9.663,0,-540,0
0.041200,1.29434,0.133,2.094,9.529,0,-540,0
0.041220,1.29496,0.051,1.973,9.518,0,-540,0
0.041240,1.29559,0.109,2.008,9.572,0,-540,0
0.041260,1.29622,0.013,1.927,9.412,0,-540,0
0.041280,1.29685,0.008,1.864,9.358,0,-540,0
0.041300,1.29748,-0.007,2.017,9.308,0,-540,0
0.041320,1.29811,0.150,1.940,9.368,0,-540,0
0.041340,1.29873,0.082,1.921,9.279,0,-540,0
0.041360,1.29936,0.011,2.022,9.547,0,-540,540
0.041380,1.29999,-0.029,2.019,10.129,0,-540,540
0.041400,1.30062,0.064,2.034,10.788,0,-540,540
0.041420,1.30125,0.087,2.042,10.773,0,-540,0
0.041440,1.30188,0.061,1.935,10.733,0,-540,0
0.041460,1.30250,0.046,2.065,10.741,0,-540,0
0.041480,1.30313,0.082,2.147,10.612,0,-540,0
0.041500,1.30376,0.029,1.959,10.641,0,-540,0
0.041520,1.30439,0.145,2.041,10.553,0,-540,0
0.041540,1.30502,0.062,1.966,10.467,0,-540,0
0.041560,1.30565,0.112,2.056,10.410,0,-540,0
0.041580,1.30627,0.006,2.022,10.315,0,-540,0
0.041600,1.30690,0.121,1.998,10.347,0,-540,0
0.041620,1.30753,0.033,1.980,10.220,0,-540,0
0.041640,1.30816,0.032,2.004,10.189,0,-540,0
0.041660,1.30879,0.044,2.008,10.150,0,-540,0
0.041680,1.30942,0.094,2.023,10.125,0,-540,0
0.041700,1.31004,0.096,2.038,10.066,0,-540,0
0.041720,1.31067,-0.000,2.056,9.996,0,-540,0
0.041740,1.31130,0.036,1.977,9.959,0,-540,0
0.041760,1.31193,0.059,1.975,9.929,0,-540,0
0.041780,1.31256,0.019,2.084,9.835,0,-540,0
0.041800,1.31319,0.129,1.984,9.851,0,-540,0
0.041820,1.31381,0.047,1.998,9.690,0,-540,0
0.041840,1.31444,0.038,2.018,9.710,0,-540,0
0.041860,1.31507,0.098,2.005,9.608,0,-540,0
0.041880,1.31570,0.076,2.005,9.536,0,-540,0
0.041900,1.31633,0.133,1.896,9.548,0,-540,0
0.041920,1.31696,0.095,1.907,9.407,0,-540,0
0.041940,1.31758,0.056,1.987,9.458,0,-540,0
0.041960,1.31821,0.049,1.978,9.404,0,-540,0
0.041980,1.31884,0.061,2.015,9.322,0,-540,0
0.042000,1.31947,0.022,1.977,9.223,0,-540,0
0.042020,1.32010,0.006,2.061,9.525,0,-540,540
0.042040,1.32073,0.127,2.008,10.078,0,-540,540
0.042060,1.32135,0.163,2.037,10.707,0,-540,540
0.042080,1.32198,0.097,1.939,10.986,0,-540,0
0.042100,1.32261,0.153,1.889,10.844,0,-540,0
0.042120,1.32324,-0.017,2.017,10.887,0,-540,0
0.042140,1.32387,0.113,2.021,10.784,0,-540,0
0.042160,1.32450,0.078,2.006,10.777,0,-540,0
0.042180,1.32512,-0.059,2.061,10.643,0,-540,0
0.042200,1.32575,0.025,1.893,10.598,0,-540,0
0.042220,1.32638,0.092,2.026,10.505,0,-540,0
0.042240,1.32701,0.117,2.001,10.489,0,-540,0
0.042260,1.32764,0.072,1.995,10.404,0,-540,0
0.042280,1.32827,0.092,2.028,10.317,0,-540,0
0.042300,1.32889,0.071,1.979,10.319,0,-540,0
0.042320,1.32952,0.016,1.866,10.251,0,-540,0
0.042340,1.33015,0.070,1.931,10.139,0,-540,0
0.042360,1.33078,0.083,1.995,10.085,0,-540,0
0.042380,1.33141,0.047,1.943,10.044,0,-540,0
0.042400,1.33204,0.124,2.072,10.014,0,-540,0
0.042420,1.33266,0.093,1.940,9.950,0,-540,0
0.042440,1.33329,0.054,1.951,9.869,0,-540,0
0.042460,1.33392,-0.049,1.956,9.849,0,-540,0
0.042480,1.33455,0.151,2.132,9.823,0,-540,0
0.042500,1.33518,0.126,2.002,9.697,0,-540,0
0.042520,1.33581,0.084,2.135,9.626,0,-540,0
0.042540,1.33643,0.050,1.970,9.557,0,-540,0
0.042560,1.33706,0.113,1.978,9.478,0,-540,0
0.042580,1.33769,0.021,1.972,9.413,0,-540,0
0.042600,1.33832,0.121,2.045,9.397,0,-540,0
0.042620,1.33895,0.085,2.020,9.471,0,-540,0
0.042640,1.33958,0.088,2.017,9.279,0,-540,0
0.042660,1.34020,0.128,2.007,9.279,0,-540,0
0.042680,1.34083,0.017,1.982,9.832,0,-540,540
0.042700,1.34146,0.089,2.044,10.255,0,-540,540
0.042720,1.34209,0.057,1.997,10.872,0,-540,540
0.042740,1.34272,0.035,1.928,11.092,0,-540,0
0.042760,1.34335,0.029,1.984,10.972,0,-540,0
0.042780,1.34397,0.046,1.937,10.912,0,-540,0
0.042800,1.34460,0.093,2.001,10.800,0,-540,0
0.042820,1.34523,0.157,2.018,10.749,0,-540,0
0.042840,1.34586,0.104,1.968,10.620,0,-540,0
0.042860,1.34649,0.087,2.026,10.628,0,-540,0
0.042880,1.34711,0.080,1.950,10.574,0,-540,0
0.042900,1.34774,0.175,1.972,10.527,0,-540,0
0.042920,1.34837,0.152,2.007,10.313,0,-540,0
0.042940,1.34900,0.074,1.992,10.502,0,-540,0
0.042960,1.34963,0.065,2.022,10.366,0,-540,0
0.042980,1.35026,0.259,1.870,10.221,0,-540,0
0.043000,1.35088,0.161,2.107,10.141,0,-540,0
0.043020,1.35151,0.031,2.008,10.071,0,-540,0
0.043040,1.35214,0.185,2.071,10.002,0,-540,0
0.043060,1.35277,0.041,1.910,9.927,0,-540,0
0.043080,1.35340,0.092,1.959,9.825,0,-540,0
0.043100,1.35403,0.176,2.078,9.769,0,-540,0
0.043120,1.35465,0.058,1.987,9.774,0,-540,0
0.043140,1.35528,0.117,1.898,9.646,0,-540,0
0.043160,1.35591,0.080,1.951,9.586,0,-540,0
0.043180,1.35654,0.088,2.109,9.603,0,-540,0
0.043200,1.35717,0.127,2.011,9.502,0,-540,0
0.043220,1.35780,0.120,2.025,9.408,0,-540,0
0.043240,1.35842,0.164,2.006,9.410,0,-540,0
0.043260,1.35905,0.045,1.954,9.303,0,-540,0
0.043280,1.35968,0.065,2.026,9.297,0,-540,0
0.043300,1.36031,0.045,2.029,9.163,0,-540,0
0.043320,1.36094,0.080,1.989,9.219,0,-540,0
0.043340,1.36157,0.081,2.019,9.588,0,-540,540
0.043360,1.36219,0.163,2.002,10.049,0,-540,540
0.043380,1.36282,0.069,2.012,10.500,0,-540,540
0.043400,1.36345,0.004,2.082,10.958,0,-540,540
0.043420,1.36408,0.135,2.011,10.825,0,-540,0
0.043440,1.36471,0.081,2.036,10.818,0,-540,0
0.043460,1.36534,0.162,1.974,10.666,0,-540,0
0.043480,1.36596,0.122,1.991,10.690,0,-540,0
0.043500,1.36659,0.004,2.020,10.563,0,-540,0
0.043520,1.36722,0.101,1.932,10.507,0,-540,0
0.043540,1.36785,0.078,1.876,10.389,0,-540,0
0.043560,1.36848,0.053,1.974,10.349,0,-540,0
0.043580,1.36911,0.130,1.962,10.332,0,-540,0
0.043600,1.36973,0.106,1.973,10.216,0,-540,0
0.043620,1.37036,0.083,1.979,10.164,0,-540,0
0.043640,1.37099,0.041,1.989,10.130,0,-540,0
0.043660,1.37162,0.085,1.929,10.104,0,-540,0
0.043680,1.37225,0.176,2.000,10.031,0,-540,0
0.043700,1.37288,0.061,2.089,9.981,0,-540,0
0.043720,1.37350,0.024,2.035,9.760,0,-540,0
0.043740,1.37413,0.125,1.954,9.732,0,-540,0
0.043760,1.37476,0.090,2.000,9.812,0,-540,0
0.043780,1.37539,0.052,2.009,9.699,0,-540,0
0.043800,1.37602,0.164,2.035,9.602,0,-540,0
0.043820,1.37665,0.131,1.945,9.560,0,-540,0
0.043840,1.37727,0.087,2.081,9.464,0,-540,0
0.043860,1.37790,0.065,2.004,9.341,0,-540,0
0.043880,1.37853,0.139,1.858,9.378,0,-540,0
0.043900,1.37916,0.042,2.039,9.275,0,-540,0
0.043920,1.37979,0.159,1.978,9.177,0,-540,0
0.043940,1.38042,0.135,2.079,9.202,0,-540,0
0.043960,1.38104,0.072,1.972,9.583,0,-540,540
0.043980,1.38167,0.046,1.991,10.011,0,-540,540
0.044000,1.38230,0.076,2.111,10.367,0,-540,540
0.044020,1.38293,-0.003,2.045,10.842,0,-540,540
0.044040,1.38356,0.053,2.027,10.950,0,-540,0
0.044060,1.38419,0.108,1.888,10.831,0,-540,0
0.044080,1.38481,0.031,1.980,10.708,0,-540,0
0.044100,1.38544,0.090,2.017,10.701,0,-540,0
0.044120,1.38607,0.040,1.995,10.662,0,-540,0
0.044140,1.38670,0.069,2.026,10.544,0,-540,0
0.044160,1.38733,0.064,1.960,10.502,0,-540,0
0.044180,1.38796,0.158,1.975,10.407,0,-540,0
0.044200,1.38858,0.124,1.964,10.383,0,-540,0
0.044220,1.38921,0.109,1.960,10.249,0,-540,0
0.044240,1.38984,0.097,1.988,10.229,0,-540,0
0.044260,1.39047,0.185,1.924,10.254,0,-540,0
0.044280,1.39110,-0.029,1.936,10.108,0,-540,0
0.044300,1.39173,0.134,2.029,10.015,0,-540,0
0.044320,1.39235,0.118,1.942,9.928,0,-540,0
0.044340,1.39298,0.148,1.976,9.843,0,-540,0
0.044360,1.39361,0.175,1.993,9.707,0,-540,0
0.044380,1.39424,0.062,2.052,9.785,0,-540,0
0.044400,1.39487,0.016,1.982,9.688,0,-540,0
0.044420,1.39550,0.002,1.925,9.696,0,-540,0
0.044440,1.39612,0.059,1.963,9.581,0,-540,0
0.044460,1.39675,0.101,2.115,9.465,0,-540,0
0.044480,1.39738,0.069,2.072,9.472,0,-540,0
0.044500,1.39801,0.093,1.959,9.415,0,-540,0
0.044520,1.39864,0.171,1.988,9.205,0,-540,0
0.044540,1.39927,0.092,1.867,9.249,0,-540,0
0.044560,1.39989,-0.013,2.048,9.243,0,-540,0
0.044580,1.40052,0.076,2.068,9.498,0,-540,540
0.044600,1.40115,0.115,2.002,9.797,0,-540,540
0.044620,1.40178,0.126,2.000,10.287,0,-540,540
0.044640,1.40241,0.114,2.012,10.618,0,-540,540
0.044660,1.40304,-0.017,2.082,11.008,0,-540,540
0.044680,1.40366,0.114,2.044,10.955,0,-540,0
0.044700,1.40429,0.085,1.892,10.787,0,-540,0
0.044720,1.40492,0.063,1.925,10.759,0,-540,0
0.044740,1.40555,0.093,1.930,10.700,0,-540,0
0.044760,1.40618,0.077,1.932,10.464,0,-540,0
0.044780,1.40681,0.136,2.005,10.496,0,-540,0
0.044800,1.40743,0.133,2.055,10.435,0,-540,0
0.044820,1.40806,0.163,1.924,10.431,0,-540,0
0.044840,1.40869,0.085,1.916,10.343,0,-540,0
0.044860,1.40932,0.098,2.049,10.198,0,-540,0
0.044880,1.40995,0.049,2.030,10.154,0,-540,0
0.044900,1.41058,0.076,2.009,10.147,0,-540,0
0.044920,1.41120,0.118,2.052,10.071,0,-540,0
0.044940,1.41183,0.096,1.929,9.995,0,-540,0
0.044960,1.41246,0.212,1.952,9.829,0,-540,0
0.044980,1.41309,0.042,1.949,9.848,0,-540,0
0.045000,1.41372,0.128,2.032,9.798,0,-540,0
0.045020,1.41435,0.063,2.023,9.770,0,-540,0
0.045040,1.41497,0.067,2.009,9.675,0,-540,0
0.045060,1.41560,0.052,1.999,9.672,0,-540,0
0.045080,1.41623,0.211,2.041,9.572,0,-540,0
0.045100,1.41686,0.096,2.043,9.441,0,-540,0
0.045120,1.41749,0.084,2.087,9.464,0,-540,0
0.045140,1.41811,-0.027,1.971,9.387,0,-540,0
0.045160,1.41874,0.119,1.963,9.321,0,-540,0
0.045180,1.41937,0.057,1.951,9.238,0,-540,0
0.045200,1.42000,0.108,2.012,9.380,0,-540,540
0.045220,1.42063,0.123,1.923,9.664,0,-540,540
0.045240,1.42126,0.167,1.983,9.961,0,-540,540
0.045260,1.42188,0.146,2.042,10.286,0,-540,540
0.045280,1.42251,0.115,1.990,10.569,0,-540,540
0.045300,1.42314,0.101,2.013,10.891,0,-540,540
0.045320,1.42377,0.084,2.052,10.863,0,-540,0
0.045340,1.42440,0.119,2.079,10.768,0,-540,0
0.045360,1.42503,0.059,1.953,10.694,0,-540,0
0.045380,1.42565,0.062,1.906,10.685,0,-540,0
0.045400,1.42628,0.043,2.021,10.619,0,-540,0
0.045420,1.42691,0.067,1.928,10.461,0,-540,0
0.045440,1.42754,0.082,2.086,10.457,0,-540,0
0.045460,1.42817,0.085,2.035,10.339,0,-540,0
0.045480,1.42880,0.119,2.006,10.399,0,-540,0
0.045500,1.42942,-0.036,2.050,10.279,0,-540,0
0.045520,1.43005,0.115,1.992,10.185,0,-540,0
0.045540,1.43068,0.172,1.950,10.187,0,-540,0
0.045560,1.43131,0.093,1.918,10.029,0,-540,0
0.045580,1.43194,0.142,1.951,10.006,0,-540,0
0.045600,1.43257,0.182,1.965,9.901,0,-540,0
0.045620,1.43319,0.059,1.894,10.034,0,-540,0
0.045640,1.43382,-0.010,2.021,9.851,0,-540,0
0.045660,1.43445,0.149,2.006,9.892,0,-540,0
0.045680,1.43508,-0.014,1.977,9.669,0,-540,0
0.045700,1.43571,0.108,2.010,9.676,0,-540,0
0.045720,1.43634,0.108,2.015,9.639,0,-540,0
0.045740,1.43696,0.090,2.040,9.587,0,-540,0
0.045760,1.43759,0.094,1.954,9.488,0,-540,0
0.045780,1.43822,0.073,1.918,9.480,0,-540,0
0.045800,1.43885,0.062,2.009,9.457,0,-540,0
0.045820,1.43948,0.080,2.058,9.327,0,-540,0
0.045840,1.44011,0.091,1.952,9.348,0,-540,0
0.045860,1.44073,0.097,1.990,9.168,0,-540,0
0.045880,1.44136,0.098,1.986,9.328,0,-540,540
0.045900,1.44199,0.075,2.049,9.721,0,-540,540
0.045920,1.44262,0.059,2.007,9.803,0,-540,540
0.045940,1.44325,0.081,1.998,10.160,0,-540,540
0.045960,1.44388,-0.007,1.973,10.549,0,-540,540
0.045980,1.44450,0.191,2.023,10.669,0,-540,540
0.046000,1.44513,0.116,1.965,10.842,0,-540,0
0.046020,1.44576,0.126,1.985,10.735,0,-540,0
0.046040,1.44639,0.176,2.037,10.703,0,-540,0
0.046060,1.44702,0.124,1.917,10.666,0,-540,0
0.046080,1.44765,0.163,2.012,10.531,0,-540,0
0.046100,1.44827,0.062,2.003,10.533,0,-540,0
0.046120,1.44890,0.136,1.924,10.434,0,-540,0
0.046140,1.44953,0.139,1.990,10.427,0,-540,0
0.046160,1.45016,0.052,1.983,10.366,0,-540,0
0.046180,1.45079,0.040,1.976,10.265,0,-540,0
0.046200,1.45142,0.055,1.928,10.227,0,-540,0
0.046220,1.45204,0.031,1.961,10.231,0,-540,0
0.046240,1.45267,0.001,2.020,10.131,0,-540,0
0.046260,1.45330,0.076,1.993,9.990,0,-540,0
0.046280,1.45393,0.149,2.005,9.990,0,-540,0
0.046300,1.45456,0.068,2.036,10.036,0,-540,0
0.046320,1.45519,0.058,1.969,9.897,0,-540,0
0.046340,1.45581,0.114,2.003,9.905,0,-540,0
0.046360,1.45644,0.103,2.016,9.808,0,-540,0
0.046380,1.45707,0.102,1.999,9.791,0,-540,0
0.046400,1.45770,0.183,1.917,9.700,0,-540,0
0.046420,1.45833,0.099,1.967,9.716,0,-540,0
0.046440,1.45896,0.064,1.985,9.629,0,-540,0
0.046460,1.45958,0.113,1.990,9.519,0,-540,0
0.046480,1.46021,0.085,1.987,9.501,0,-540,0
0.046500,1.46084,0.095,2.032,9.501,0,-540,0
0.046520,1.46147,0.046,2.007,9.498,0,-540,0
0.046540,1.46210,0.043,2.016,9.340,0,-540,0
0.046560,1.46273,0.101,1.965,9.373,0,-540,0
0.046580,1.46335,0.167,2.016,9.311,0,-540,0
0.046600,1.46398,0.106,2.015,9.185,0,-540,0
0.046620,1.46461,0.175,1.999,9.249,0,-540,540
0.046640,1.46524,0.067,1.980,9.494,0,-540,540
0.046660,1.46587,0.092,1.978,9.760,0,-540,540
0.046680,1.46650,0.179,1.905,10.021,0,-540,540
0.046700,1.46712,0.166,1.962,10.339,0,-540,540
0.046720,1.46775,0.062,2.019,10.543,0,-540,540
0.046740,1.46838,0.124,1.975,10.776,0,-540,540
0.046760,1.46901,0.088,1.957,10.915,0,-540,0
0.046780,1.46964,0.086,1.959,10.856,0,-540,0
0.046800,1.47027,0.149,2.023,10.795,0,-540,0
0.046820,1.47089,0.189,2.014,10.762,0,-540,0
0.046840,1.47152,0.065,1.958,10.693,0,-540,0
0.046860,1.47215,0.185,1.988,10.651,0,-540,0
0.046880,1.47278,0.012,2.080,10.634,0,-540,0
0.046900,1.47341,0.112,1.966,10.589,0,-540,0
0.046920,1.47404,0.011,1.960,10.556,0,-540,0
0.046940,1.47466,0.124,2.019,10.471,0,-540,0
0.046960,1.47529,0.145,2.026,10.445,0,-540,0
0.046980,1.47592,0.044,2.066,10.388,0,-540,0
0.047000,1.47655,0.110,1.951,10.382,0,-540,0
0.047020,1.47718,0.088,2.058,10.248,0,-540,0
0.047040,1.47781,0.089,2.115,10.234,0,-540,0
0.047060,1.47843,0.069,1.998,10.176,0,-540,0
0.047080,1.47906,0.046,2.060,10.188,0,-540,0
0.047100,1.47969,0.146,2.021,10.064,0,-540,0
0.047120,1.48032,0.135,1.953,10.050,0,-540,0
0.047140,1.48095,0.042,1.993,10.012,0,-540,0
0.047160,1.48158,0.018,2.050,9.964,0,-540,0
0.047180,1.48220,0.058,1.927,9.939,0,-540,0
0.047200,1.48283,0.177,1.984,9.857,0,-540,0
0.047220,1.48346,0.132,1.967,9.780,0,-540,0
0.047240,1.48409,0.057,1.917,9.772,0,-540,0
0.047260,1.48472,0.086,2.132,9.788,0,-540,0
0.047280,1.48535,0.140,2.011,9.781,0,-540,0
0.047300,1.48597,0.066,1.974,9.697,0,-540,0
0.047320,1.48660,0.094,2.070,9.648,0,-540,0
0.047340,1.48723,0.087,1.991,9.603,0,-540,0
0.047360,1.48786,0.108,2.087,9.529,0,-540,0
0.047380,1.48849,0.068,1.983,9.398,0,-540,0
0.047400,1.48911,0.182,1.973,9.404,0,-540,0
0.047420,1.48974,0.143,1.939,9.470,0,-540,0
0.047440,1.49037,0.091,2.057,9.483,0,-540,0
0.047460,1.49100,0.083,2.072,9.345,0,-540,0
0.047480,1.49163,0.104,2.056,9.342,0,-540,0
0.047500,1.49226,0.122,2.015,9.240,0,-540,0
0.047520,1.49288,0.035,1.877,9.289,0,-540,0
0.047540,1.49351,0.145,1.929,9.384,0,-540,540
0.047560,1.49414,0.070,2.009,9.558,0,-540,540
0.047580,1.49477,0.069,1.907,9.844,0,-540,540
0.047600,1.49540,0.105,1.892,9.978,0,-540,540
0.047620,1.49603,0.103,2.015,10.298,0,-540,540
0.047640,1.49665,0.122,1.971,10.567,0,-540,540
0.047660,1.49728,0.120,2.042,10.692,0,-540,540
0.047680,1.49791,0.120,2.019,10.815,0,-540,0
0.047700,1.49854,0.121,1.995,10.704,0,-540,0
0.047720,1.49917,0.044,2.030,10.731,0,-540,0
0.047740,1.49980,0.070,2.010,10.661,0,-540,0
0.047760,1.50042,0.060,1.995,10.688,0,-540,0
0.047780,1.50105,0.171,1.980,10.619,0,-540,0
0.047800,1.50168,0.066,1.994,10.642,0,-540,0
0.047820,1.50231,0.056,2.034,10.530,0,-540,0
0.047840,1.50294,0.103,1.986,10.471,0,-540,0
0.047860,1.50357,0.093,1.923,10.427,0,-540,0
0.047880,1.50419,0.118,1.942,10.404,0,-540,0
0.047900,1.50482,-0.021,2.043,10.392,0,-540,0
0.047920,1.50545,0.092,2.067,10.406,0,-540,0
0.047940,1.50608,0.064,1.948,10.326,0,-540,0
0.047960,1.50671,0.171,2.024,10.242,0,-540,0
0.047980,1.50734,0.151,1.950,10.252,0,-540,0
0.048000,1.50796,0.125,2.081,10.219,0,-540,0
0.048020,1.50859,0.143,1.980,10.151,0,-540,0
0.048040,1.50922,-0.007,2.027,10.082,0,-540,0
0.048060,1.50985,0.114,1.977,10.076,0,-540,0
0.048080,1.51048,0.128,2.015,10.077,0,-540,0
0.048100,1.51111,0.065,2.012,9.990,0,-540,0
0.048120,1.51173,0.043,2.033,9.988,0,-540,0
0.048140,1.51236,0.052,2.013,9.855,0,-540,0
0.048160,1.51299,0.124,2.024,9.983,0,-540,0
0.048180,1.51362,0.127,1.991,9.873,0,-540,0
0.048200,1.51425,0.089,2.010,9.934,0,-540,0
0.048220,1.51488,0.037,1.970,9.757,0,-540,0
0.048240,1.51550,0.110,2.060,9.802,0,-540,0
0.048260,1.51613,0.168,1.999,9.726,0,-540,0
0.048280,1.51676,-0.027,2.074,9.689,0,-540,0
0.048300,1.51739,0.050,1.948,9.713,0,-540,0
0.048320,1.51802,0.042,2.051,9.623,0,-540,0
0.048340,1.51865,0.044,1.973,9.621,0,-540,0
0.048360,1.51927,0.032,2.041,9.641,0,-540,0
0.048380,1.51990,0.082,2.054,9.605,0,-540,0
0.048400,1.52053,0.084,2.027,9.519,0,-540,0
0.048420,1.52116,0.045,1.986,9.545,0,-540,0
0.048440,1.52179,0.084,1.945,9.498,0,-540,0
0.048460,1.52242,0.080,2.020,9.412,0,-540,0
0.048480,1.52304,0.119,2.087,9.378,0,-540,0
0.048500,1.52367,0.012,2.003,9.479,0,-540,0
0.048520,1.52430,0.144,2.003,9.362,0,-540,0
0.048540,1.52493,0.056,1.984,9.352,0,-540,0
0.048560,1.52556,0.060,1.997,9.337,0,-540,0
0.048580,1.52619,0.098,1.980,9.294,0,-540,0
0.048600,1.52681,0.059,1.997,9.255,0,-540,0
0.048620,1.52744,0.174,1.977,9.247,0,-540,0
0.048640,1.52807,0.158,1.970,9.230,0,-540,0
0.048660,1.52870,0.052,2.046,9.357,0,-540,540
0.048680,1.52933,0.078,1.918,9.591,0,-540,540
0.048700,1.52996,-0.034,1.952,9.800,0,-540,540
0.048720,1.53058,0.072,1.977,10.027,0,-540,540
0.048740,1.53121,0.042,2.014,10.342,0,-540,540
0.048760,1.53184,0.131,1.949,10.435,0,-540,540
0.048780,1.53247,0.039,2.015,10.821,0,-540,540
0.048800,1.53310,0.016,1.975,10.778,0,-540,0
0.048820,1.53373,0.038,1.902,10.792,0,-540,0
0.048840,1.53435,0.086,2.047,10.787,0,-540,0
0.048860,1.53498,0.132,1.946,10.794,0,-540,0
0.048880,1.53561,0.047,2.021,10.763,0,-540,0
0.048900,1.53624,0.095,1.957,10.617,0,-540,0
0.048920,1.53687,0.051,2.088,10.643,0,-540,0
0.048940,1.53750,0.005,2.031,10.614,0,-540,0
0.048960,1.53812,0.114,1.992,10.532,0,-540,0
0.048980,1.53875,0.070,2.010,10.605,0,-540,0
0.049000,1.53938,0.132,2.032,10.582,0,-540,0
0.049020,1.54001,0.057,2.032,10.514,0,-540,0
0.049040,1.54064,0.066,2.027,10.502,0,-540,0
0.049060,1.54127,0.058,2.020,10.563,0,-540,0
0.049080,1.54189,0.048,1.978,10.387,0,-540,0
0.049100,1.54252,0.044,1.969,10.412,0,-540,0
0.049120,1.54315,0.021,1.989,10.353,0,-540,0
0.049140,1.54378,0.020,2.035,10.291,0,-540,0
0.049160,1.54441,0.059,1.905,10.269,0,-540,0
0.049180,1.54504,0.094,1.969,10.274,0,-540,0
0.049200,1.54566,0.093,1.942,10.291,0,-540,0
0.049220,1.54629,0.144,2.127,10.246,0,-540,0
0.049240,1.54692,0.073,1.985,10.244,0,-540,0
0.049260,1.54755,0.091,1.973,10.217,0,-540,0
0.049280,1.54818,-0.016,1.959,10.160,0,-540,0
0.049300,1.54881,0.057,2.017,10.124,0,-540,0
0.049320,1.54943,0.051,1.995,10.090,0,-540,0
0.049340,1.55006,0.044,2.062,10.103,0,-540,0
0.049360,1.55069,0.056,2.003,10.060,0,-540,0
0.049380,1.55132,0.049,1.982,10.103,0,-540,0
0.049400,1.55195,0.118,1.924,10.038,0,-540,0
0.049420,1.55258,0.071,2.052,10.005,0,-540,0
0.049440,1.55320,0.083,1.935,9.946,0,-540,0
0.049460,1.55383,0.024,2.089,9.927,0,-540,0
0.049480,1.55446,0.083,2.026,9.949,0,-540,0
0.049500,1.55509,0.051,1.989,9.916,0,-540,0
0.049520,1.55572,0.066,2.005,9.845,0,-540,0
0.049540,1.55635,0.017,1.908,9.909,0,-540,0
0.049560,1.55697,0.052,2.013,9.831,0,-540,0
0.049580,1.55760,0.035,1.859,9.929,0,-540,0
0.049600,1.55823,0.129,2.058,9.844,0,-540,0
0.049620,1.55886,0.026,1.983,9.728,0,-540,0
0.049640,1.55949,0.130,2.064,9.784,0,-540,0
0.049660,1.56011,0.169,2.014,9.747,0,-540,0
0.049680,1.56074,0.092,1.988,9.825,0,-540,0
0.049700,1.56137,0.007,1.953,9.681,0,-540,0
0.049720,1.56200,0.018,2.044,9.628,0,-540,0
0.049740,1.56263,0.132,1.916,9.697,0,-540,0
0.049760,1.56326,0.144,1.978,9.625,0,-540,0
0.049780,1.56388,0.144,2.005,9.689,0,-540,0
0.049800,1.56451,-0.001,2.030,9.627,0,-540,0
0.049820,1.56514,0.145,2.009,9.612,0,-540,0
0.049840,1.56577,0.079,1.977,9.648,0,-540,0
0.049860,1.56640,0.058,2.134,9.671,0,-540,0
0.049880,1.56703,0.022,1.972,9.691,0,-540,0
0.049900,1.56765,0.114,2.023,9.560,0,-540,0
0.049920,1.56828,0.075,1.998,9.485,0,-540,0
0.049940,1.56891,0.118,2.049,9.598,0,-540,0
0.049960,1.56954,0.062,1.971,9.442,0,-540,0
0.049980,1.57017,0.016,1.975,9.482,0,-540,0
0.050000,1.57080,0.057,1.960,9.523,0,-540,0
0.050020,1.57142,0.125,2.079,9.446,0,-540,0
0.050040,1.57205,0.060,1.966,9.353,0,-540,0
0.050060,1.57268,0.092,1.941,9.459,0,-540,0
0.050080,1.57331,0.090,1.964,9.398,0,-540,0
0.050100,1.57394,0.073,2.040,9.362,0,-540,0
0.050120,1.57457,0.136,1.997,9.384,0,-540,0
0.050140,1.57519,0.111,2.032,9.343,0,-540,0
0.050160,1.57582,0.060,1.964,9.291,0,-540,0
0.050180,1.57645,0.109,2.001,9.351,0,-540,0
0.050200,1.57708,0.124,1.931,9.320,0,-540,0
0.050220,1.57771,0.043,2.007,9.368,0,-540,0
0.050240,1.57834,0.061,1.984,9.314,0,-540,0
0.050260,1.57896,0.131,1.986,9.215,0,-540,0
0.050280,1.57959,0.134,2.039,9.610,0,-540,540
0.050300,1.58022,0.130,2.058,9.683,0,-540,540
0.050320,1.58085,0.035,1.942,9.908,0,-540,540
0.050340,1.58148,0.046,1.971,10.034,0,-540,540
0.050360,1.58211,0.093,2.031,10.251,0,-540,540
0.050380,1.58273,0.158,1.971,10.532,0,-540,540
0.050400,1.58336,0.123,1.988,10.708,0,-540,540
0.050420,1.58399,0.059,2.031,11.016,0,-540,540
0.050440,1.58462,0.139,1.950,10.924,0,-540,0
0.050460,1.58525,0.138,1.982,10.913,0,-540,0
0.050480,1.58588,0.008,1.966,10.916,0,-540,0
0.050500,1.58650,0.064,2.023,10.849,0,-540,0
0.050520,1.58713,0.158,1.999,10.800,0,-540,0
0.050540,1.58776,0.043,1.990,10.840,0,-540,0
0.050560,1.58839,0.016,1.990,10.896,0,-540,0
0.050580,1.58902,0.054,2.013,10.865,0,-540,0
0.050600,1.58965,0.034,2.005,10.847,0,-540,0
0.050620,1.59027,0.054,2.017,10.718,0,-540,0
0.050640,1.59090,0.042,2.002,10.731,0,-540,0
0.050660,1.59153,0.109,2.045,10.722,0,-540,0
0.050680,1.59216,0.074,1.951,10.749,0,-540,0
0.050700,1.59279,0.021,2.059,10.735,0,-540,0
0.050720,1.59342,0.133,1.943,10.732,0,-540,0
0.050740,1.59404,0.098,1.981,10.632,0,-540,0
0.050760,1.59467,0.042,2.120,10.673,0,-540,0
0.050780,1.59530,0.106,1.981,10.623,0,-540,0
0.050800,1.59593,0.189,1.909,10.570,0,-540,0
0.050820,1.59656,0.089,1.978,10.625,0,-540,0
0.050840,1.59719,0.056,2.050,10.616,0,-540,0
0.050860,1.59781,0.029,2.054,10.617,0,-540,0
0.050880,1.59844,0.027,1.949,10.545,0,-540,0
0.050900,1.59907,0.087,1.930,10.538,0,-540,0
0.050920,1.59970,0.066,2.037,10.612,0,-540,0
0.050940,1.60033,0.101,1.975,10.655,0,-540,0
0.050960,1.60096,0.031,1.916,10.613,0,-540,0
0.050980,1.60158,0.122,1.939,10.479,0,-540,0
0.051000,1.60221,0.059,2.141,10.530,0,-540,0
0.051020,1.60284,0.054,2.009,10.530,0,-540,0
0.051040,1.60347,0.119,2.038,10.557,0,-540,0
0.051060,1.60410,0.126,2.035,10.554,0,-540,0
0.051080,1.60473,0.027,2.037,10.457,0,-540,0
0.051100,1.60535,0.056,1.995,10.395,0,-540,0
0.051120,1.60598,0.141,1.902,10.435,0,-540,0
0.051140,1.60661,0.067,2.053,10.458,0,-540,0
0.051160,1.60724,0.096,2.022,10.450,0,-540,0
0.051180,1.60787,0.103,2.065,10.475,0,-540,0
0.051200,1.60850,0.063,1.963,10.397,0,-540,0
0.051220,1.60912,0.116,1.932,10.342,0,-540,0
0.051240,1.60975,0.080,1.966,10.395,0,-540,0
0.051260,1.61038,0.002,1.963,10.319,0,-540,0
0.051280,1.61101,0.133,1.966,10.300,0,-540,0
0.051300,1.61164,-0.028,2.050,10.320,0,-540,0
0.051320,1.61227,0.163,2.034,10.279,0,-540,0
0.051340,1.61289,0.167,1.990,10.302,0,-540,0
0.051360,1.61352,0.067,1.952,10.347,0,-540,0
0.051380,1.61415,0.102,1.944,10.265,0,-540,0
0.051400,1.61478,0.963,1.954,10.333,540,-540,0
0.051420,1.61541,1.902,1.960,10.245,540,-540,0
0.051440,1.61604,2.655,2.010,10.332,540,-540,0
0.051460,1.61666,3.758,1.900,10.279,540,-540,0
0.051480,1.61729,4.497,2.013,10.294,540,-540,0
0.051500,1.61792,5.424,1.944,10.168,540,-540,0
0.051520,1.61855,6.264,1.988,10.188,540,-540,0
0.051540,1.61918,7.269,1.969,10.189,540,-540,0
0.051560,1.61981,8.194,2.050,10.134,540,-540,0
0.051580,1.62043,8.942,2.022,10.159,540,-540,0
0.051600,1.62106,9.962,1.930,10.225,540,-540,0
0.051620,1.62169,10.821,1.999,10.183,540,-540,0
0.051640,1.62232,10.817,1.952,10.165,0,-540,0
0.051660,1.62295,10.751,2.077,10.078,0,-540,0
0.051680,1.62358,10.815,1.927,10.211,0,-540,0
0.051700,1.62420,10.806,2.031,10.132,0,-540,0
0.051720,1.62483,10.751,1.952,10.155,0,-540,0
0.051740,1.62546,10.768,2.022,10.190,0,-540,0
0.051760,1.62609,10.801,2.077,10.074,0,-540,0
0.051780,1.62672,10.686,2.032,10.132,0,-540,0
0.051800,1.62734,10.684,1.988,10.206,0,-540,0
0.051820,1.62797,10.617,1.946,10.030,0,-540,0
0.051840,1.62860,10.669,1.953,10.094,0,-540,0
0.051860,1.62923,10.679,2.030,10.160,0,-540,0
0.051880,1.62986,10.718,1.983,10.012,0,-540,0
0.051900,1.63049,10.673,1.961,10.011,0,-540,0
0.051920,1.63111,10.671,2.023,10.155,0,-540,0
0.051940,1.63174,10.672,1.998,10.047,0,-540,0
0.051960,1.63237,10.635,2.032,9.958,0,-540,0
0.051980,1.63300,10.564,1.956,10.036,0,-540,0
0.052000,1.63363,10.609,1.970,10.048,0,-540,0
0.052020,1.63426,10.553,2.028,9.965,0,-540,0
0.052040,1.63488,10.542,1.950,10.029,0,-540,0
0.052060,1.63551,10.523,2.082,9.972,0,-540,0
0.052080,1.63614,10.562,2.085,9.917,0,-540,0
0.052100,1.63677,10.550,2.004,10.060,0,-540,0
0.052120,1.63740,10.582,1.916,10.039,0,-540,0
0.052140,1.63803,10.617,2.050,10.027,0,-540,0
0.052160,1.63865,10.413,2.023,9.970,0,-540,0
0.052180,1.63928,10.498,2.075,9.905,0,-540,0
0.052200,1.63991,10.490,2.003,9.925,0,-540,0
0.052220,1.64054,10.523,1.986,9.876,0,-540,0
0.052240,1.64117,10.400,1.991,9.960,0,-540,0
0.052260,1.64180,10.494,1.963,9.891,0,-540,0
0.052280,1.64242,10.504,2.072,9.876,0,-540,0
0.052300,1.64305,10.413,2.030,9.808,0,-540,0
0.052320,1.64368,10.470,1.966,9.933,0,-540,0
0.052340,1.64431,10.428,1.973,9.917,0,-540,0
0.052360,1.64494,10.436,1.940,9.846,0,-540,0
0.052380,1.64557,10.390,2.003,9.865,0,-540,0
0.052400,1.64619,10.381,2.071,9.855,0,-540,0
0.052420,1.64682,10.448,2.002,9.805,0,-540,0
0.052440,1.64745,10.363,2.088,9.840,0,-540,0
0.052460,1.64808,10.295,2.037,9.886,0,-540,0
0.052480,1.64871,10.301,2.104,9.807,0,-540,0
0.052500,1.64934,10.315,1.995,9.833,0,-540,0
0.052520,1.64996,10.349,1.982,9.923,0,-540,0
0.052540,1.65059,10.223,1.979,9.816,0,-540,0
0.052560,1.65122,10.236,1.963,9.791,0,-540,0
0.052580,1.65185,10.219,1.941,9.869,0,-540,0
0.052600,1.65248,10.344,2.041,9.898,0,-540,0
0.052620,1.65311,10.308,1.997,9.884,0,-540,0
0.052640,1.65373,10.305,2.093,9.795,0,-540,0
0.052660,1.65436,10.163,1.888,9.756,0,-540,0
0.052680,1.65499,10.209,1.923,9.750,0,-540,0
0.052700,1.65562,10.218,2.046,9.824,0,-540,0
0.052720,1.65625,10.294,2.013,9.735,0,-540,0
0.052740,1.65688,10.096,2.029,9.793,0,-540,0
0.052760,1.65750,10.089,2.043,9.789,0,-540,0
0.052780,1.65813,10.239,1.983,9.747,0,-540,0
0.052800,1.65876,10.098,1.967,9.795,0,-540,0
0.052820,1.65939,10.148,1.965,9.741,0,-540,0
0.052840,1.66002,10.085,2.024,9.762,0,-540,0
0.052860,1.66065,10.087,1.980,9.746,0,-540,0
0.052880,1.66127,10.046,1.943,9.737,0,-540,0
0.052900,1.66190,10.093,2.029,9.734,0,-540,0
0.052920,1.66253,10.158,1.881,9.691,0,-540,0
0.052940,1.66316,10.110,1.967,9.654,0,-540,0
0.052960,1.66379,10.000,1.987,9.709,0,-540,0
0.052980,1.66442,9.981,1.993,9.806,0,-540,0
0.053000,1.66504,9.968,2.061,9.682,0,-540,0
0.053020,1.66567,10.074,2.040,9.704,0,-540,0
0.053040,1.66630,9.985,1.974,9.616,0,-540,0
0.053060,1.66693,10.007,2.000,9.663,0,-540,0
0.053080,1.66756,9.897,1.949,9.658,0,-540,0
0.053100,1.66819,9.967,2.023,9.687,0,-540,0
0.053120,1.66881,9.948,1.964,9.631,0,-540,0
0.053140,1.66944,9.934,1.991,9.724,0,-540,0
0.053160,1.67007,9.898,2.089,9.596,0,-540,0
0.053180,1.67070,9.982,2.033,9.631,0,-540,0
0.053200,1.67133,9.938,1.955,9.612,0,-540,0
0.053220,1.67196,9.881,1.920,9.633,0,-540,0
0.053240,1.67258,9.868,2.016,9.651,0,-540,0
0.053260,1.67321,9.788,1.945,9.596,0,-540,0
0.053280,1.67384,9.765,2.086,9.666,0,-540,0
0.053300,1.67447,9.892,1.976,9.643,0,-540,0
0.053320,1.67510,9.818,2.002,9.590,0,-540,0
0.053340,1.67573,9.871,1.999,9.628,0,-540,0
0.053360,1.67635,9.851,2.025,9.569,0,-540,0
0.053380,1.67698,9.811,1.900,9.555,0,-540,0
0.053400,1.67761,9.784,2.118,9.580,0,-540,0
0.053420,1.67824,9.750,2.025,9.543,0,-540,0
0.053440,1.67887,9.790,2.030,9.579,0,-540,0
0.053460,1.67950,9.711,2.083,9.621,0,-540,0
0.053480,1.68012,9.645,1.971,9.467,0,-540,0
0.053500,1.68075,9.681,1.953,9.574,0,-540,0
0.053520,1.68138,9.685,2.022,9.532,0,-540,0
0.053540,1.68201,9.641,1.990,9.586,0,-540,0
0.053560,1.68264,9.702,1.930,9.521,0,-540,0
0.053580,1.68327,9.677,1.947,9.602,0,-540,0
0.053600,1.68389,9.606,2.030,9.518,0,-540,0
0.053620,1.68452,9.606,2.035,9.538,0,-540,0
0.053640,1.68515,9.629,1.972,9.451,0,-540,0
0.053660,1.68578,9.520,1.993,9.517,0,-540,0
0.053680,1.68641,9.565,2.018,9.476,0,-540,0
0.053700,1.68704,9.523,2.017,9.437,0,-540,0
0.053720,1.68766,9.501,2.002,9.557,0,-540,0
0.053740,1.68829,9.499,2.026,9.459,0,-540,0
0.053760,1.68892,9.570,2.021,9.492,0,-540,0
0.053780,1.68955,9.662,2.024,9.470,0,-540,0
0.053800,1.69018,9.438,1.991,9.544,0,-540,0
0.053820,1.69081,9.446,2.055,9.451,0,-540,0
0.053840,1.69143,9.479,1.948,9.519,0,-540,0
0.053860,1.69206,9.501,2.044,9.466,0,-540,0
0.053880,1.69269,9.474,2.077,9.528,0,-540,0
0.053900,1.69332,9.443,2.077,9.521,0,-540,0
0.053920,1.69395,9.462,2.071,9.398,0,-540,0
0.053940,1.69458,9.443,2.022,9.480,0,-540,0
0.053960,1.69520,9.376,1.940,9.528,0,-540,0
0.053980,1.69583,9.312,2.059,9.451,0,-540,0
0.054000,1.69646,9.368,2.016,9.499,0,-540,0
0.054020,1.69709,9.401,2.015,9.523,0,-540,0
0.054040,1.69772,9.383,2.003,9.401,0,-540,0
0.054060,1.69834,9.339,2.030,9.464,0,-540,0
0.054080,1.69897,9.240,1.949,9.388,0,-540,0
0.054100,1.69960,9.262,2.075,9.564,0,-540,0
0.054120,1.70023,9.207,1.984,9.479,0,-540,0
0.054140,1.70086,9.286,1.964,9.349,0,-540,0
0.054160,1.70149,9.253,1.976,9.439,0,-540,0
0.054180,1.70211,9.684,2.005,9.255,540,-540,-540
0.054200,1.70274,10.617,1.972,9.158,540,-540,-540
0.054220,1.70337,11.017,2.043,8.830,0,-540,-540
0.054240,1.70400,10.917,1.900,8.719,0,-540,-540
0.054260,1.70463,10.913,1.989,8.480,0,-540,-540
0.054280,1.70526,10.917,1.977,8.312,0,-540,-540
0.054300,1.70588,10.826,1.940,8.106,0,-540,-540
0.054320,1.70651,10.860,2.005,7.976,0,-540,-540
0.054340,1.70714,10.774,2.048,7.874,0,-540,-540
0.054360,1.70777,10.896,1.945,7.575,0,-540,-540
0.054380,1.70840,10.821,1.943,7.443,0,-540,-540
0.054400,1.70903,10.805,2.015,7.176,0,-540,-540
0.054420,1.70965,10.794,2.007,7.061,0,-540,-540
0.054440,1.71028,10.789,2.003,6.942,0,-540,-540
0.054460,1.71091,10.820,1.989,6.699,0,-540,-540
0.054480,1.71154,10.812,1.961,6.636,0,-540,-540
0.054500,1.71217,10.721,1.950,6.435,0,-540,-540
0.054520,1.71280,10.711,1.932,6.385,0,-540,-540
0.054540,1.71342,10.667,1.977,6.105,0,-540,-540
0.054560,1.71405,10.601,1.805,5.928,0,-540,-540
0.054580,1.71468,10.623,2.042,5.767,0,-540,-540
0.054600,1.71531,10.703,2.005,5.679,0,-540,-540
0.054620,1.71594,10.646,1.987,5.598,0,-540,-540
0.054640,1.71657,10.567,1.895,5.355,0,-540,-540
0.054660,1.71719,10.530,1.907,5.214,0,-540,-540
0.054680,1.71782,10.575,1.951,5.084,0,-540,-540
0.054700,1.71845,10.518,2.026,4.898,0,-540,-540
0.054720,1.71908,10.532,1.878,4.714,0,-540,-540
0.054740,1.71971,10.569,2.040,4.619,0,-540,-540
0.054760,1.72034,10.408,2.004,4.604,0,-540,-540
0.054780,1.72096,10.459,2.025,4.323,0,-540,-540
0.054800,1.72159,10.510,1.937,4.326,0,-540,-540
0.054820,1.72222,10.390,2.014,4.240,0,-540,-540
0.054840,1.72285,10.403,2.008,3.976,0,-540,-540
0.054860,1.72348,10.337,1.977,3.900,0,-540,-540
0.054880,1.72411,10.331,1.932,3.890,0,-540,-540
0.054900,1.72473,10.309,2.081,3.610,0,-540,-540
0.054920,1.72536,10.399,1.945,3.465,0,-540,-540
0.054940,1.72599,10.330,2.057,3.395,0,-540,-540
0.054960,1.72662,10.258,2.020,3.359,0,-540,-540
0.054980,1.72725,10.259,1.961,3.143,0,-540,-540
0.055000,1.72788,10.288,1.997,3.041,0,-540,-540
0.055020,1.72850,10.240,1.889,2.847,0,-540,-540
0.055040,1.72913,10.232,2.024,2.882,0,-540,-540
0.055060,1.72976,10.161,2.098,2.581,0,-540,-540
0.055080,1.73039,10.139,1.968,2.541,0,-540,-540
0.055100,1.73102,10.119,2.064,2.434,0,-540,-540
0.055120,1.73165,10.022,1.955,2.426,0,-540,-540
0.055140,1.73227,10.028,2.002,2.088,0,-540,-540
0.055160,1.73290,10.083,2.001,2.159,0,-540,-540
0.055180,1.73353,10.153,2.021,1.877,0,-540,-540
0.055200,1.73416,10.007,2.060,1.966,0,-540,-540
0.055220,1.73479,9.944,1.993,1.837,0,-540,-540
0.055240,1.73542,10.006,1.992,1.744,0,-540,-540
0.055260,1.73604,9.918,2.066,1.601,0,-540,-540
0.055280,1.73667,9.926,2.065,1.559,0,-540,-540
0.055300,1.73730,9.872,1.930,1.322,0,-540,-540
0.055320,1.73793,9.851,1.956,1.328,0,-540,-540
0.055340,1.73856,9.941,1.975,1.182,0,-540,-540
0.055360,1.73919,9.884,1.977,1.003,0,-540,-540
0.055380,1.73981,9.790,1.992,0.951,0,-540,-540
0.055400,1.74044,9.846,1.909,0.893,0,-540,-540
0.055420,1.74107,9.751,2.091,0.757,0,-540,-540
0.055440,1.74170,9.796,1.985,0.751,0,-540,-540
0.055460,1.74233,9.692,2.011,0.570,0,-540,-540
0.055480,1.74296,9.810,1.953,0.466,0,-540,-540
0.055500,1.74358,9.821,2.003,0.465,0,-540,-540
0.055520,1.74421,9.736,2.074,0.285,0,-540,0
0.055540,1.74484,9.672,2.022,0.277,0,-540,-540
0.055560,1.74547,9.597,1.998,0.235,0,-540,-540
0.055580,1.74610,9.636,2.075,0.302,0,-540,0
0.055600,1.74673,9.536,2.032,0.292,0,-540,0
0.055620,1.74735,9.522,2.032,0.291,0,-540,0
0.055640,1.74798,9.487,2.095,0.161,0,-540,-540
0.055660,1.74861,9.480,2.036,0.179,0,-540,0
0.055680,1.74924,9.514,2.036,0.141,0,-540,0
0.055700,1.74987,9.396,1.988,0.196,0,-540,0
0.055720,1.75050,9.392,2.001,0.205,0,-540,-540
0.055740,1.75112,9.444,1.949,0.125,0,-540,0
0.055760,1.75175,9.422,2.024,0.229,0,-540,0
0.055780,1.75238,9.338,1.999,0.175,0,-540,0
0.055800,1.75301,9.404,1.992,0.148,0,-540,0
0.055820,1.75364,9.295,2.112,0.149,0,-540,0
0.055840,1.75427,9.337,2.030,0.151,0,-540,0
0.055860,1.75489,9.256,1.896,0.144,0,-540,0
0.055880,1.75552,9.257,2.094,0.131,0,-540,0
0.055900,1.75615,9.250,1.973,0.130,0,-540,0
0.055920,1.75678,9.569,2.149,0.252,540,-540,0
0.055940,1.75741,10.366,2.037,0.140,540,-540,0
0.055960,1.75804,11.164,1.930,0.075,540,-540,0
0.055980,1.75866,11.156,2.051,0.217,0,-540,0
0.056000,1.75929,11.185,2.064,0.196,0,-540,0
0.056020,1.75992,11.211,1.969,0.156,0,-540,0
0.056040,1.76055,11.135,2.013,0.157,0,-540,0
0.056060,1.76118,11.044,2.017,0.226,0,-540,0
0.056080,1.76181,11.054,2.048,0.209,0,-540,0
0.056100,1.76243,10.939,2.016,0.130,0,-540,0
0.056120,1.76306,10.972,2.047,0.265,0,-540,0
0.056140,1.76369,10.994,2.000,0.184,0,-540,0
0.056160,1.76432,10.853,1.998,0.107,0,-540,0
0.056180,1.76495,10.937,2.010,0.104,0,-540,0
0.056200,1.76558,10.919,2.002,0.213,0,-540,0
0.056220,1.76620,10.860,2.035,0.131,0,-540,0
0.056240,1.76683,10.851,2.027,0.168,0,-540,0
0.056260,1.76746,10.776,2.008,0.167,0,-540,0
0.056280,1.76809,10.698,2.005,0.166,0,-540,0
0.056300,1.76872,10.693,2.064,0.235,0,-540,0
0.056320,1.76934,10.695,1.908,0.183,0,-540,0
0.056340,1.76997,10.709,1.927,0.198,0,-540,0
0.056360,1.77060,10.658,1.898,0.139,0,-540,0
0.056380,1.77123,10.623,2.082,0.167,0,-540,0
0.056400,1.77186,10.515,2.010,0.163,0,-540,0
0.056420,1.77249,10.630,2.039,0.245,0,-540,0
0.056440,1.77311,10.445,1.952,0.141,0,-540,0
0.056460,1.77374,10.547,2.105,0.131,0,-540,0
0.056480,1.77437,10.517,2.004,0.208,0,-540,0
0.056500,1.77500,10.376,1.926,0.209,0,-540,0
0.056520,1.77563,10.385,1.903,0.152,0,-540,0
0.056540,1.77626,10.320,1.971,0.243,0,-540,0
0.056560,1.77688,10.363,2.049,0.188,0,-540,0
0.056580,1.77751,10.308,1.999,0.236,0,-540,0
0.056600,1.77814,10.189,1.956,0.233,0,-540,0
0.056620,1.77877,10.271,1.995,0.130,0,-540,0
0.056640,1.77940,10.194,2.022,0.164,0,-540,0
0.056660,1.78003,10.090,1.964,0.152,0,-540,0
0.056680,1.78065,10.137,1.987,0.063,0,-540,0
0.056700,1.78128,10.142,2.082,0.176,0,-540,0
0.056720,1.78191,10.008,1.885,0.121,0,-540,0
0.056740,1.78254,10.099,2.007,0.183,0,-540,0
0.056760,1.78317,10.046,1.985,0.152,0,-540,0
0.056780,1.78380,9.934,1.859,0.085,0,-540,0
0.056800,1.78442,9.861,2.079,0.236,0,-540,0
0.056820,1.78505,9.781,2.069,0.154,0,-540,0
0.056840,1.78568,9.738,1.944,0.115,0,-540,0
0.056860,1.78631,9.759,1.993,0.150,0,-540,0
0.056880,1.78694,9.772,1.988,0.172,0,-540,0
0.056900,1.78757,9.795,2.104,0.205,0,-540,0
0.056920,1.78819,9.682,1.989,0.140,0,-540,0
0.056940,1.78882,9.639,1.944,0.182,0,-540,0
0.056960,1.78945,9.630,1.902,0.145,0,-540,0
0.056980,1.79008,9.526,1.906,0.062,0,-540,-540
0.057000,1.79071,9.587,2.066,0.246,0,-540,0
0.057020,1.79134,9.539,1.949,0.098,0,-540,0
0.057040,1.79196,9.428,1.948,0.204,0,-540,0
0.057060,1.79259,9.464,2.000,0.111,0,-540,0
0.057080,1.79322,9.372,1.971,0.101,0,-540,0
0.057100,1.79385,9.416,2.040,0.168,0,-540,0
0.057120,1.79448,9.288,2.058,0.097,0,-540,0
0.057140,1.79511,9.292,1.998,0.068,0,-540,0
0.057160,1.79573,9.266,2.093,0.151,0,-540,0
0.057180,1.79636,9.183,1.854,0.082,0,-540,0
0.057200,1.79699,9.210,1.930,0.051,0,-540,0
0.057220,1.79762,9.877,2.013,0.145,540,-540,0
0.057240,1.79825,10.562,1.964,0.235,540,-540,0
0.057260,1.79888,10.958,1.928,0.229,0,-540,0
0.057280,1.79950,10.929,1.999,0.090,0,-540,0
0.057300,1.80013,10.910,2.061,0.124,0,-540,0
0.057320,1.80076,10.827,1.924,0.175,0,-540,0
0.057340,1.80139,10.769,2.007,0.091,0,-540,0
0.057360,1.80202,10.686,2.024,0.153,0,-540,0
0.057380,1.80265,10.718,2.045,0.158,0,-540,0
0.057400,1.80327,10.705,1.988,0.052,0,-540,0
0.057420,1.80390,10.544,1.913,0.086,0,-540,0
0.057440,1.80453,10.510,2.055,0.099,0,-540,0
0.057460,1.80516,10.568,2.053,0.106,0,-540,0
0.057480,1.80579,10.492,1.980,0.112,0,-540,0
0.057500,1.80642,10.390,1.886,0.128,0,-540,0
0.057520,1.80704,10.313,2.095,0.071,0,-540,0
0.057540,1.80767,10.291,1.957,0.069,0,-540,0
0.057560,1.80830,10.218,2.023,0.162,0,-540,0
0.057580,1.80893,10.208,2.002,0.182,0,-540,0
0.057600,1.80956,10.228,1.956,0.050,0,-540,0
0.057620,1.81019,10.186,2.048,0.106,0,-540,0
0.057640,1.81081,10.069,1.985,0.069,0,-540,0
0.057660,1.81144,10.127,2.044,0.065,0,-540,0
0.057680,1.81207,10.007,2.026,0.102,0,-540,0
0.057700,1.81270,10.003,1.955,0.146,0,-540,0
0.057720,1.81333,10.041,2.122,0.138,0,-540,0
0.057740,1.81396,9.903,2.013,0.161,0,-540,0
0.057760,1.81458,9.855,2.055,0.063,0,-540,0
0.057780,1.81521,9.676,1.989,0.158,0,-540,0
0.057800,1.81584,9.683,2.028,0.001,0,-540,0
0.057820,1.81647,9.622,2.044,0.035,0,-540,0
0.057840,1.81710,9.638,2.039,0.152,0,-540,0
0.057860,1.81773,9.608,2.000,0.109,0,-540,0
0.057880,1.81835,9.626,1.946,0.107,0,-540,0
0.057900,1.81898,9.526,2.052,0.069,0,-540,0
0.057920,1.81961,9.501,1.943,0.220,0,-540,0
0.057940,1.82024,9.422,2.046,0.110,0,-540,0
0.057960,1.82087,9.341,1.904,0.187,0,-540,0
0.057980,1.82150,9.380,1.917,0.170,0,-540,0
0.058000,1.82212,9.238,2.034,0.128,0,-540,0
0.058020,1.82275,9.173,1.942,0.187,0,-540,0
0.058040,1.82338,9.213,2.015,0.084,0,-540,0
0.058060,1.82401,9.134,2.074,0.184,0,-540,0
0.058080,1.82464,9.755,2.011,0.195,540,-540,0
0.058100,1.82527,10.480,2.007,0.062,540,-540,0
0.058120,1.82589,10.765,2.009,0.078,0,-540,0
0.058140,1.82652,10.641,2.034,0.236,0,-540,0
0.058160,1.82715,10.635,1.973,0.172,0,-540,0
0.058180,1.82778,10.605,1.943,0.109,0,-540,0
0.058200,1.82841,10.666,1.932,0.154,0,-540,0
0.058220,1.82904,10.465,2.025,0.089,0,-540,0
0.058240,1.82966,10.377,1.924,0.145,0,-540,0
0.058260,1.83029,10.328,1.988,0.098,0,-540,0
0.058280,1.83092,10.292,2.038,0.181,0,-540,0
0.058300,1.83155,10.213,1.967,0.169,0,-540,0
0.058320,1.83218,10.185,1.950,0.128,0,-540,0
0.058340,1.83281,10.093,1.940,0.047,0,-540,0
0.058360,1.83343,10.130,2.001,0.148,0,-540,0
0.058380,1.83406,10.045,2.100,0.127,0,-540,0
0.058400,1.83469,9.978,1.975,0.116,0,-540,0
0.058420,1.83532,9.991,2.015,0.040,0,-540,0
0.058440,1.83595,9.999,1.995,0.184,0,-540,0
0.058460,1.83658,9.882,1.999,0.121,0,-540,0
0.058480,1.83720,9.704,2.019,0.170,0,-540,0
0.058500,1.83783,9.669,1.931,0.087,0,-540,0
0.058520,1.83846,9.666,2.061,0.098,0,-540,0
0.058540,1.83909,9.652,2.006,0.089,0,-540,0
0.058560,1.83972,9.647,1.998,0.180,0,-540,0
0.058580,1.84034,9.564,1.991,0.103,0,-540,0
0.058600,1.84097,9.474,1.919,0.035,0,-540,0
0.058620,1.84160,9.521,2.035,0.117,0,-540,0
0.058640,1.84223,9.385,2.050,0.093,0,-540,0
0.058660,1.84286,9.311,1.981,0.122,0,-540,0
0.058680,1.84349,9.250,2.007,0.161,0,-540,0
0.058700,1.84411,9.242,1.966,0.148,0,-540,0
0.058720,1.84474,9.788,2.115,0.085,540,-540,0
0.058740,1.84537,10.299,1.957,-0.018,540,-540,0
0.058760,1.84600,10.973,2.019,0.200,540,-540,0
0.058780,1.84663,10.801,1.952,0.003,0,-540,0
0.058800,1.84726,10.799,1.986,0.073,0,-540,0
0.058820,1.84788,10.783,1.953,0.131,0,-540,0
0.058840,1.84851,10.655,1.946,0.139,0,-540,0
0.058860,1.84914,10.659,1.960,0.082,0,-540,0
0.058880,1.84977,10.669,1.938,0.018,0,-540,0
0.058900,1.85040,10.442,2.022,0.111,0,-540,0
0.058920,1.85103,10.500,1.880,0.057,0,-540,0
0.058940,1.85165,10.394,2.042,0.164,0,-540,0
0.058960,1.85228,10.338,1.957,0.087,0,-540,0
0.058980,1.85291,10.236,2.011,0.118,0,-540,0
0.059000,1.85354,10.265,2.010,0.076,0,-540,0
0.059020,1.85417,10.180,2.035,0.173,0,-540,0
0.059040,1.85480,10.130,2.028,0.210,0,-540,0
0.059060,1.85542,10.053,2.094,0.155,0,-540,0
0.059080,1.85605,9.991,2.016,0.053,0,-540,0
0.059100,1.85668,9.846,1.947,0.048,0,-540,0
0.059120,1.85731,9.847,1.966,0.134,0,-540,0
0.059140,1.85794,9.758,1.923,0.150,0,-540,0
0.059160,1.85857,9.793,1.945,0.133,0,-540,0
0.059180,1.85919,9.753,1.892,0.122,0,-540,0
0.059200,1.85982,9.648,1.963,0.060,0,-540,0
0.059220,1.86045,9.616,2.030,0.160,0,-540,0
0.059240,1.86108,9.605,1.895,0.073,0,-540,0
0.059260,1.86171,9.519,2.055,0.102,0,-540,0
0.059280,1.86234,9.327,1.951,0.140,0,-540,0
0.059300,1.86296,9.399,1.973,0.149,0,-540,0
0.059320,1.86359,9.339,1.982,0.182,0,-540,0
0.059340,1.86422,9.279,2.032,0.202,0,-540,0
0.059360,1.86485,9.199,2.054,0.100,0,-540,0
0.059380,1.86548,9.746,1.988,0.220,540,-540,0
0.059400,1.86611,10.213,1.902,0.108,540,-540,0
0.059420,1.86673,10.647,1.946,0.045,540,-540,0
0.059440,1.86736,10.945,2.045,0.133,0,-540,0
0.059460,1.86799,10.803,2.003,0.080,0,-540,0
0.059480,1.86862,10.760,1.984,0.165,0,-540,0
0.059500,1.86925,10.703,1.966,0.139,0,-540,0
0.059520,1.86988,10.699,1.998,0.031,0,-540,0
0.059540,1.87050,10.609,2.013,0.023,0,-540,0
0.059560,1.87113,10.618,2.006,0.097,0,-540,0
0.059580,1.87176,10.497,1.968,0.147,0,-540,0
0.059600,1.87239,10.383,1.995,0.140,0,-540,0
0.059620,1.87302,10.308,2.007,0.197,0,-540,0
0.059640,1.87365,10.268,2.001,0.146,0,-540,0
0.059660,1.87427,10.216,1.919,0.116,0,-540,0
0.059680,1.87490,10.092,1.903,0.100,0,-540,0
0.059700,1.87553,10.035,2.068,0.041,0,-540,0
0.059720,1.87616,9.993,2.054,0.178,0,-540,0
0.059740,1.87679,9.876,1.905,0.228,0,-540,0
0.059760,1.87742,9.904,2.003,0.066,0,-540,0
0.059780,1.87804,9.755,2.002,0.108,0,-540,0
0.059800,1.87867,9.736,2.111,0.127,0,-540,0
0.059820,1.87930,9.723,1.930,0.161,0,-540,0
0.059840,1.87993,9.599,1.962,0.275,0,-540,0
0.059860,1.88056,9.589,2.027,0.185,0,-540,0
0.059880,1.88119,9.423,1.978,0.115,0,-540,0
0.059900,1.88181,9.424,2.049,0.109,0,-540,0
0.059920,1.88244,9.386,2.023,0.197,0,-540,0
0.059940,1.88307,9.379,1.982,0.191,0,-540,0
0.059960,1.88370,9.302,2.087,0.120,0,-540,0
0.059980,1.88433,9.152,1.979,0.121,0,-540,0
0.060000,1.88496,9.379,2.053,0.224,540,-540,0
0.060020,1.88558,9.893,1.931,-0.047,540,-540,0
0.060040,1.88621,10.321,2.038,0.041,540,-540,0
0.060060,1.88684,10.868,2.075,0.177,540,-540,0
0.060080,1.88747,10.925,1.966,0.082,0,-540,0
0.060100,1.88810,10.993,2.019,0.134,0,-540,0
0.060120,1.88873,10.770,2.018,0.082,0,-540,0
0.060140,1.88935,10.771,1.976,0.193,0,-540,0
0.060160,1.88998,10.648,2.072,0.133,0,-540,0
0.060180,1.89061,10.591,1.981,0.111,0,-540,0
0.060200,1.89124,10.575,2.023,0.072,0,-540,0
0.060220,1.89187,10.513,1.894,0.162,0,-540,0
0.060240,1.89250,10.429,2.005,0.146,0,-540,0
0.060260,1.89312,10.403,2.022,0.141,0,-540,0
0.060280,1.89375,10.273,1.938,0.157,0,-540,0
0.060300,1.89438,10.086,1.960,0.223,0,-540,0
0.060320,1.89501,10.074,2.021,0.162,0,-540,0
0.060340,1.89564,10.045,1.991,0.080,0,-540,0
0.060360,1.89627,9.943,1.925,0.096,0,-540,0
0.060380,1.89689,9.871,2.071,0.113,0,-540,0
0.060400,1.89752,9.887,1.985,0.154,0,-540,0
0.060420,1.89815,9.788,1.956,0.081,0,-540,0
0.060440,1.89878,9.668,2.086,0.137,0,-540,0
0.060460,1.89941,9.579,1.954,0.188,0,-540,0
0.060480,1.90004,9.637,2.032,0.125,0,-540,0
0.060500,1.90066,9.514,2.044,0.167,0,-540,0
0.060520,1.90129,9.382,2.034,0.025,0,-540,0
0.060540,1.90192,9.342,2.092,0.038,0,-540,0
0.060560,1.90255,9.376,1.947,0.136,0,-540,0
0.060580,1.90318,9.344,2.077,0.148,0,-540,0
0.060600,1.90381,9.273,2.021,0.123,0,-540,0
0.060620,1.90443,9.085,2.032,0.133,0,-540,0
0.060640,1.90506,9.523,1.986,0.143,540,-540,0
0.060660,1.90569,9.889,2.013,0.156,540,-540,0
0.060680,1.90632,10.302,1.998,0.057,540,-540,0
0.060700,1.90695,10.714,2.055,0.144,540,-540,0
0.060720,1.90758,10.957,1.978,0.165,0,-540,0
0.060740,1.90820,10.838,2.008,0.047,0,-540,0
0.060760,1.90883,10.784,1.996,0.154,0,-540,0
0.060780,1.90946,10.720,2.072,0.059,0,-540,0
0.060800,1.91009,10.617,1.960,0.213,0,-540,0
0.060820,1.91072,10.563,1.930,0.201,0,-540,0
0.060840,1.91134,10.476,2.056,0.012,0,-540,0
0.060860,1.91197,10.390,2.009,0.195,0,-540,0
0.060880,1.91260,10.269,2.024,0.124,0,-540,0
0.060900,1.91323,10.348,1.898,0.125,0,-540,0
0.060920,1.91386,10.233,2.000,0.144,0,-540,0
0.060940,1.91449,10.093,1.968,0.143,0,-540,0
0.060960,1.91511,10.045,1.948,0.078,0,-540,0
0.060980,1.91574,9.958,1.939,0.103,0,-540,0
0.061000,1.91637,9.987,1.996,0.144,0,-540,0
0.061020,1.91700,9.845,1.991,0.217,0,-540,0
0.061040,1.91763,9.739,2.011,0.053,0,-540,0
0.061060,1.91826,9.741,1.960,0.124,0,-540,0
0.061080,1.91888,9.632,1.944,0.143,0,-540,0
0.061100,1.91951,9.547,1.997,0.227,0,-540,0
0.061120,1.92014,9.506,1.961,0.137,0,-540,0
0.061140,1.92077,9.501,2.058,0.155,0,-540,0
0.061160,1.92140,9.415,2.040,0.097,0,-540,0
0.061180,1.92203,9.272,2.125,0.101,0,-540,0
0.061200,1.92265,9.365,1.976,0.177,0,-540,0
0.061220,1.92328,9.222,1.958,0.231,0,-540,0
0.061240,1.92391,9.372,2.037,0.139,540,-540,0
0.061260,1.92454,9.681,1.938,0.246,540,-540,0
0.061280,1.92517,10.126,1.958,0.145,540,-540,0
0.061300,1.92580,10.447,2.039,0.113,540,-540,0
0.061320,1.92642,10.726,1.987,0.023,540,-540,0
0.061340,1.92705,10.982,1.980,0.182,0,-540,0
0.061360,1.92768,10.823,2.053,0.059,0,-540,0
0.061380,1.92831,10.764,1.993,0.098,0,-540,0
0.061400,1.92894,10.639,1.996,0.065,0,-540,0
0.061420,1.92957,10.663,2.024,0.092,0,-540,0
0.061440,1.93019,10.577,1.943,0.120,0,-540,0
0.061460,1.93082,10.534,2.085,0.101,0,-540,0
0.061480,1.93145,10.506,1.985,0.148,0,-540,0
0.061500,1.93208,10.375,2.025,0.142,0,-540,0
0.061520,1.93271,10.284,2.104,0.031,0,-540,0
0.061540,1.93334,10.211,1.953,0.055,0,-540,0
0.061560,1.93396,10.143,1.963,0.118,0,-540,0
0.061580,1.93459,10.035,2.067,0.068,0,-540,0
0.061600,1.93522,9.966,2.044,0.164,0,-540,0
0.061620,1.93585,10.068,1.967,0.111,0,-540,0
0.061640,1.93648,9.947,1.997,0.151,0,-540,0
0.061660,1.93711,9.789,2.028,0.173,0,-540,0
0.061680,1.93773,9.830,2.088,0.195,0,-540,0
0.061700,1.93836,9.743,2.026,0.132,0,-540,0
0.061720,1.93899,9.594,2.003,0.169,0,-540,0
0.061740,1.93962,9.650,1.974,0.072,0,-540,0
0.061760,1.94025,9.505,1.916,0.164,0,-540,0
0.061780,1.94088,9.473,2.001,0.124,0,-540,0
0.061800,1.94150,9.375,1.912,0.079,0,-540,0
0.061820,1.94213,9.279,1.983,0.119,0,-540,0
0.061840,1.94276,9.365,1.918,0.104,0,-540,0
0.061860,1.94339,9.250,1.996,0.063,0,-540,0
0.061880,1.94402,9.204,1.971,0.089,0,-540,0
0.061900,1.94465,9.521,2.108,0.125,540,-540,0
0.061920,1.94527,9.805,2.033,0.033,540,-540,0
0.061940,1.94590,10.098,1.989,0.076,540,-540,0
0.061960,1.94653,10.349,1.942,-0.003,540,-540,0
0.061980,1.94716,10.568,2.093,0.147,540,-540,0
0.062000,1.94779,10.834,2.043,0.153,0,-540,0
0.062020,1.94842,10.772,2.001,0.084,0,-540,0
0.062040,1.94904,10.724,1.956,0.158,0,-540,0
0.062060,1.94967,10.613,2.057,0.148,0,-540,0
0.062080,1.95030,10.456,1.986,0.041,0,-540,0
0.062100,1.95093,10.546,2.008,0.132,0,-540,0
0.062120,1.95156,10.443,1.988,0.103,0,-540,0
0.062140,1.95219,10.315,1.978,0.160,0,-540,0
0.062160,1.95281,10.252,2.017,0.100,0,-540,0
0.062180,1.95344,10.175,2.007,0.224,0,-540,0
0.062200,1.95407,10.249,1.991,0.002,0,-540,0
0.062220,1.95470,10.148,2.053,0.143,0,-540,0
0.062240,1.95533,10.079,1.945,0.080,0,-540,0
0.062260,1.95596,10.012,1.963,0.145,0,-540,0
0.062280,1.95658,9.892,2.041,0.107,0,-540,0
0.062300,1.95721,9.840,2.001,0.107,0,-540,0
0.062320,1.95784,9.782,2.040,0.058,0,-540,0
0.062340,1.95847,9.735,2.028,0.191,0,-540,0
0.062360,1.95910,9.692,2.063,0.136,0,-540,0
0.062380,1.95973,9.668,2.083,0.147,0,-540,0
0.062400,1.96035,9.520,1.989,0.121,0,-540,0
0.062420,1.96098,9.578,1.961,0.059,0,-540,0
0.062440,1.96161,9.510,1.987,0.129,0,-540,0
0.062460,1.96224,9.424,2.019,0.073,0,-540,0
0.062480,1.96287,9.347,1.958,0.128,0,-540,0
0.062500,1.96350,9.358,2.004,0.096,0,-540,0
0.062520,1.96412,9.231,2.040,0.086,0,-540,0
0.062540,1.96475,9.230,2.083,0.086,0,-540,0
0.062560,1.96538,9.365,1.964,0.076,540,-540,0
0.062580,1.96601,9.570,2.014,0.137,540,-540,0
0.062600,1.96664,9.831,1.878,0.193,540,-540,0
0.062620,1.96727,10.084,1.934,0.055,540,-540,0
0.062640,1.96789,10.478,1.962,0.129,540,-540,0
0.062660,1.96852,10.738,2.028,0.053,540,-540,0
0.062680,1.96915,11.040,1.920,0.077,540,-540,0
0.062700,1.96978,10.835,1.961,0.107,0,-540,0
0.062720,1.97041,10.869,2.013,0.149,0,-540,0
0.062740,1.97104,10.804,1.988,0.141,0,-540,0
0.062760,1.97166,10.769,1.982,0.169,0,-540,0
0.062780,1.97229,10.711,2.052,0.103,0,-540,0
0.062800,1.97292,10.635,1.954,0.106,0,-540,0
0.062820,1.97355,10.561,2.031,0.129,0,-540,0
0.062840,1.97418,10.527,2.070,0.203,0,-540,0
0.062860,1.97481,10.371,2.035,0.190,0,-540,0
0.062880,1.97543,10.436,2.001,0.075,0,-540,0
0.062900,1.97606,10.407,2.002,0.092,0,-540,0
0.062920,1.97669,10.258,1.959,0.052,0,-540,0
0.062940,1.97732,10.217,1.849,0.081,0,-540,0
0.062960,1.97795,10.191,1.999,0.170,0,-540,0
0.062980,1.97858,10.071,1.946,0.057,0,-540,0
0.063000,1.97920,9.962,1.984,0.094,0,-540,0
0.063020,1.97983,9.967,1.952,0.166,0,-540,0
0.063040,1.98046,10.005,1.920,0.130,0,-540,0
0.063060,1.98109,9.903,1.986,0.116,0,-540,0
0.063080,1.98172,9.829,2.071,0.090,0,-540,0
0.063100,1.98234,9.831,2.021,0.240,0,-540,0
0.063120,1.98297,9.696,2.094,0.142,0,-540,0
0.063140,1.98360,9.730,1.963,0.169,0,-540,0
0.063160,1.98423,9.742,1.970,0.109,0,-540,0
0.063180,1.98486,9.603,1.964,0.093,0,-540,0
0.063200,1.98549,9.663,2.049,0.161,0,-540,0
0.063220,1.98611,9.523,2.071,0.187,0,-540,0
0.063240,1.98674,9.403,2.082,0.068,0,-540,0
0.063260,1.98737,9.461,2.060,0.253,0,-540,0
0.063280,1.98800,9.343,2.068,0.179,0,-540,0
0.063300,1.98863,9.226,1.972,0.098,0,-540,0
0.063320,1.98926,9.330,1.970,0.123,0,-540,0
0.063340,1.98988,9.401,2.076,0.190,540,-540,0
0.063360,1.99051,9.698,1.944,0.225,540,-540,0
0.063380,1.99114,9.856,2.005,0.122,540,-540,0
0.063400,1.99177,10.047,1.999,0.197,540,-540,0
0.063420,1.99240,10.379,1.938,0.145,540,-540,0
0.063440,1.99303,10.593,2.090,0.059,540,-540,0
0.063460,1.99365,10.885,1.975,0.101,540,-540,0
0.063480,1.99428,10.821,2.031,0.155,0,-540,0
0.063500,1.99491,10.789,1.953,0.193,0,-540,0
0.063520,1.99554,10.695,2.042,0.107,0,-540,0
0.063540,1.99617,10.686,2.029,0.171,0,-540,0
0.063560,1.99680,10.687,1.969,0.134,0,-540,0
0.063580,1.99742,10.554,2.041,0.166,0,-540,0
0.063600,1.99805,10.491,1.987,0.165,0,-540,0
0.063620,1.99868,10.429,2.068,0.051,0,-540,0
0.063640,1.99931,10.444,1.939,0.062,0,-540,0
0.063660,1.99994,10.375,1.993,0.104,0,-540,0
0.063680,2.00057,10.326,2.013,0.098,0,-540,0
0.063700,2.00119,10.224,1.986,0.179,0,-540,0
0.063720,2.00182,10.310,1.979,0.135,0,-540,0
0.063740,2.00245,10.255,2.017,0.121,0,-540,0
0.063760,2.00308,10.121,1.953,0.080,0,-540,0
0.063780,2.00371,10.074,1.908,0.132,0,-540,0
0.063800,2.00434,9.970,1.935,0.059,0,-540,0
0.063820,2.00496,9.949,2.012,0.039,0,-540,0
0.063840,2.00559,10.008,1.990,0.131,0,-540,0
0.063860,2.00622,9.976,1.968,0.156,0,-540,0
0.063880,2.00685,9.869,2.026,0.128,0,-540,0
0.063900,2.00748,9.767,2.004,0.131,0,-540,0
0.063920,2.00811,9.848,2.019,0.055,0,-540,0
0.063940,2.00873,9.751,1.971,0.129,0,-540,0
0.063960,2.00936,9.753,1.903,0.105,0,-540,0
0.063980,2.00999,9.637,2.032,0.110,0,-540,0
0.064000,2.01062,9.608,2.109,0.205,0,-540,0
0.064020,2.01125,9.592,1.964,0.116,0,-540,0
0.064040,2.01188,9.495,1.965,0.103,0,-540,0
0.064060,2.01250,9.511,1.964,0.129,0,-540,0
0.064080,2.01313,9.550,1.984,0.159,0,-540,0
0.064100,2.01376,9.362,1.983,0.077,0,-540,0
0.064120,2.01439,9.399,1.963,0.166,0,-540,0
0.064140,2.01502,9.374,1.999,0.102,0,-540,0
0.064160,2.01565,9.274,2.029,0.094,0,-540,0
0.064180,2.01627,9.261,1.957,0.160,0,-540,0
0.064200,2.01690,9.236,2.016,0.083,0,-540,0
0.064220,2.01753,9.317,2.020,0.148,540,-540,0
0.064240,2.01816,9.626,2.011,0.073,540,-540,0
0.064260,2.01879,9.758,2.055,0.106,540,-540,0
0.064280,2.01942,10.030,1.990,0.127,540,-540,0
0.064300,2.02004,10.287,2.036,0.108,540,-540,0
0.064320,2.02067,10.490,1.980,0.170,540,-540,0
0.064340,2.02130,10.813,2.064,0.093,540,-540,0
0.064360,2.02193,10.801,1.974,0.115,0,-540,0
0.064380,2.02256,10.740,2.024,0.112,0,-540,0
0.064400,2.02319,10.689,1.927,0.100,0,-540,0
0.064420,2.02381,10.688,1.955,0.049,0,-540,0
0.064440,2.02444,10.662,2.017,0.071,0,-540,0
0.064460,2.02507,10.597,2.070,0.276,0,-540,0
0.064480,2.02570,10.547,2.075,0.138,0,-540,0
0.064500,2.02633,10.525,1.978,0.147,0,-540,0
0.064520,2.02696,10.492,1.924,0.152,0,-540,0
0.064540,2.02758,10.412,2.017,0.119,0,-540,0
0.064560,2.02821,10.350,2.005,0.046,0,-540,0
0.064580,2.02884,10.322,2.033,0.167,0,-540,0
0.064600,2.02947,10.327,2.116,0.128,0,-540,0
0.064620,2.03010,10.237,2.057,0.156,0,-540,0
0.064640,2.03073,10.255,1.949,0.090,0,-540,0
0.064660,2.03135,10.179,2.002,0.074,0,-540,0
0.064680,2.03198,10.115,1.984,0.084,0,-540,0
0.064700,2.03261,10.085,1.966,0.095,0,-540,0
0.064720,2.03324,10.102,2.048,-0.010,0,-540,0
0.064740,2.03387,10.009,1.917,0.118,0,-540,0
0.064760,2.03450,9.971,2.080,0.169,0,-540,0
0.064780,2.03512,10.026,2.009,0.144,0,-540,0
0.064800,2.03575,9.969,1.983,0.122,0,-540,0
0.064820,2.03638,9.790,1.968,0.134,0,-540,0
0.064840,2.03701,9.979,1.942,0.146,0,-540,0
0.064860,2.03764,9.885,1.997,0.248,0,-540,0
0.064880,2.03827,9.854,2.009,0.113,0,-540,0
0.064900,2.03889,9.822,1.988,0.207,0,-540,0
0.064920,2.03952,9.730,2.032,0.131,0,-540,0
0.064940,2.04015,9.681,2.007,0.094,0,-540,0
0.064960,2.04078,9.814,1.999,0.093,0,-540,0
0.064980,2.04141,9.740,1.995,0.127,0,-540,0
0.065000,2.04204,9.636,2.030,0.089,0,-540,0
0.065020,2.04266,9.684,2.025,0.120,0,-540,0
0.065040,2.04329,9.685,2.031,0.281,0,-540,0
0.065060,2.04392,9.529,1.964,0.166,0,-540,0
0.065080,2.04455,9.613,2.014,0.106,0,-540,0
0.065100,2.04518,9.528,2.079,0.131,0,-540,0
0.065120,2.04581,9.485,1.981,0.033,0,-540,0
0.065140,2.04643,9.524,1.999,0.172,0,-540,0
0.065160,2.04706,9.491,1.963,0.128,0,-540,0
0.065180,2.04769,9.421,2.035,0.147,0,-540,0
0.065200,2.04832,9.322,2.096,0.088,0,-540,0
0.065220,2.04895,9.332,2.057,0.059,0,-540,0
0.065240,2.04958,9.382,2.041,0.088,0,-540,0
0.065260,2.05020,9.429,1.950,0.219,0,-540,0
0.065280,2.05083,9.289,2.088,0.164,0,-540,0
0.065300,2.05146,9.262,1.978,0.162,540,-540,0
0.065320,2.05209,9.574,1.893,0.145,540,-540,0
0.065340,2.05272,9.867,1.989,0.246,540,-540,0
0.065360,2.05334,10.092,2.039,0.054,540,-540,0
0.065380,2.05397,10.099,1.998,0.208,540,-540,0
0.065400,2.05460,10.447,2.007,0.163,540,-540,0
0.065420,2.05523,10.593,2.074,0.146,540,-540,0
0.065440,2.05586,10.883,1.987,0.105,540,-540,0
0.065460,2.05649,10.764,1.989,0.197,0,-540,0
0.065480,2.05711,10.875,1.945,0.154,0,-540,0
0.065500,2.05774,10.794,1.907,0.100,0,-540,0
0.065520,2.05837,10.771,1.987,0.131,0,-540,0
0.065540,2.05900,10.791,1.986,0.048,0,-540,0
0.065560,2.05963,10.740,1.944,0.076,0,-540,0
0.065580,2.06026,10.712,1.975,0.108,0,-540,0
0.065600,2.06088,10.645,2.138,0.143,0,-540,0
0.065620,2.06151,10.742,1.955,0.160,0,-540,0
0.065640,2.06214,10.614,1.899,0.094,0,-540,0
0.065660,2.06277,10.475,1.989,0.164,0,-540,0
0.065680,2.06340,10.451,2.055,0.115,0,-540,0
0.065700,2.06403,10.511,2.038,0.110,0,-540,0
0.065720,2.06465,10.474,1.957,0.084,0,-540,0
0.065740,2.06528,10.427,1.938,0.140,0,-540,0
0.065760,2.06591,10.354,1.960,0.256,0,-540,0
0.065780,2.06654,10.360,1.896,0.081,0,-540,0
0.065800,2.06717,10.376,1.918,0.036,0,-540,0
0.065820,2.06780,10.385,1.932,0.044,0,-540,0
0.065840,2.06842,10.360,1.928,0.109,0,-540,0
0.065860,2.06905,10.268,1.982,0.203,0,-540,0
0.065880,2.06968,10.178,2.090,0.062,0,-540,0
0.065900,2.07031,10.213,2.038,0.147,0,-540,0
0.065920,2.07094,10.210,2.070,0.154,0,-540,0
0.065940,2.07157,10.186,2.025,0.173,0,-540,0
0.065960,2.07219,10.155,1.977,0.188,0,-540,0
0.065980,2.07282,10.115,1.940,0.164,0,-540,0
0.066000,2.07345,10.162,1.979,0.170,0,-540,0
0.066020,2.07408,10.138,2.008,0.108,0,-540,0
0.066040,2.07471,10.084,1.955,0.124,0,-540,0
0.066060,2.07534,10.127,1.961,0.173,0,-540,0
0.066080,2.07596,10.021,1.971,0.142,0,-540,0
0.066100,2.07659,10.016,2.005,0.093,0,-540,0
0.066120,2.07722,10.095,1.996,0.051,0,-540,0
0.066140,2.07785,10.009,2.033,0.143,0,-540,0
0.066160,2.07848,10.010,2.018,0.069,0,-540,0
0.066180,2.07911,9.855,2.020,0.095,0,-540,0
0.066200,2.07973,9.929,1.885,0.202,0,-540,0
0.066220,2.08036,10.039,2.002,0.094,0,-540,0
0.066240,2.08099,9.856,1.989,0.053,0,-540,0
0.066260,2.08162,9.936,2.018,0.117,0,-540,0
0.066280,2.08225,9.859,2.026,0.231,0,-540,0
0.066300,2.08288,9.852,2.076,0.133,0,-540,0
0.066320,2.08350,9.772,1.908,0.179,0,-540,0
0.066340,2.08413,9.683,2.024,0.198,0,-540,0
0.066360,2.08476,9.796,1.979,0.112,0,-540,0
0.066380,2.08539,9.720,2.015,0.090,0,-540,0
0.066400,2.08602,9.659,2.016,0.180,0,-540,0
0.066420,2.08665,9.754,2.032,0.080,0,-540,0
0.066440,2.08727,9.685,1.960,0.222,0,-540,0
0.066460,2.08790,9.625,1.969,0.071,0,-540,0
0.066480,2.08853,9.644,1.932,0.132,0,-540,0
0.066500,2.08916,9.704,2.047,0.121,0,-540,0
0.066520,2.08979,9.588,1.982,0.144,0,-540,0
0.066540,2.09042,9.536,1.959,0.221,0,-540,0
0.066560,2.09104,9.479,2.033,0.122,0,-540,0
0.066580,2.09167,9.607,2.006,0.101,0,-540,0
0.066600,2.09230,9.608,1.935,0.161,0,-540,0
0.066620,2.09293,9.464,2.015,0.113,0,-540,0
0.066640,2.09356,9.483,1.985,0.061,0,-540,0
0.066660,2.09419,9.477,2.055,0.128,0,-540,0
0.066680,2.09481,9.525,1.990,0.134,0,-540,0
0.066700,2.09544,9.454,1.991,0.177,0,-540,0
0.066720,2.09607,9.414,2.032,0.155,0,-540,0
0.066740,2.09670,9.433,1.931,0.154,0,-540,0
0.066760,2.09733,9.434,2.011,0.054,0,-540,0
0.066780,2.09796,9.465,1.989,0.052,0,-540,0
0.066800,2.09858,9.393,1.922,0.147,0,-540,0
0.066820,2.09921,9.419,1.946,0.132,0,-540,0
0.066840,2.09984,9.349,2.062,0.174,0,-540,0
0.066860,2.10047,9.391,2.014,0.162,0,-540,0
0.066880,2.10110,9.345,1.998,0.094,0,-540,0
0.066900,2.10173,9.215,2.019,0.182,0,-540,0
0.066920,2.10235,9.250,2.002,0.116,0,-540,0
0.066940,2.10298,9.325,1.866,0.081,0,-540,0
0.066960,2.10361,9.286,1.900,0.174,0,-540,0
0.066980,2.10424,9.308,2.083,0.096,0,-540,0
0.067000,2.10487,9.482,1.988,0.130,540,-540,0
0.067020,2.10550,9.630,1.969,0.091,540,-540,0
0.067040,2.10612,9.896,2.015,0.117,540,-540,0
0.067060,2.10675,10.060,1.952,0.076,540,-540,0
0.067080,2.10738,10.193,2.053,0.166,540,-540,0
0.067100,2.10801,10.578,1.937,0.173,540,-540,0
0.067120,2.10864,10.653,2.055,0.153,540,-540,0
0.067140,2.10927,10.770,1.980,0.113,0,-540,0
0.067160,2.10989,10.781,1.976,0.138,0,-540,0
0.067180,2.11052,10.720,1.971,0.226,0,-540,0
0.067200,2.11115,10.695,1.985,0.140,0,-540,0
0.067220,2.11178,10.669,2.104,0.126,0,-540,0
0.067240,2.11241,10.788,2.041,0.117,0,-540,0
0.067260,2.11304,10.698,1.919,0.192,0,-540,0
0.067280,2.11366,10.728,1.965,0.119,0,-540,0
0.067300,2.11429,10.608,1.890,0.155,0,-540,0
0.067320,2.11492,10.627,2.062,0.083,0,-540,0
0.067340,2.11555,10.703,2.007,0.127,0,-540,0
0.067360,2.11618,10.605,1.919,0.075,0,-540,0
0.067380,2.11681,10.665,1.987,0.144,0,-540,0
0.067400,2.11743,10.648,2.038,0.251,0,-540,0
0.067420,2.11806,10.505,1.993,0.174,0,-540,0
0.067440,2.11869,10.583,2.015,0.111,0,-540,0
0.067460,2.11932,10.450,2.009,0.138,0,-540,0
0.067480,2.11995,10.545,1.973,0.059,0,-540,0
0.067500,2.12058,10.542,2.057,0.113,0,-540,0
0.067520,2.12120,10.496,1.980,0.111,0,-540,0
0.067540,2.12183,10.450,1.980,0.066,0,-540,0
0.067560,2.12246,10.473,2.060,0.132,0,-540,0
0.067580,2.12309,10.391,1.980,0.119,0,-540,0
0.067600,2.12372,10.519,2.009,0.142,0,-540,0
0.067620,2.12434,10.437,1.998,0.094,0,-540,0
0.067640,2.12497,10.452,1.982,0.113,0,-540,0
0.067660,2.12560,10.455,1.972,0.137,0,-540,0
0.067680,2.12623,10.396,2.013,0.172,0,-540,0
0.067700,2.12686,10.303,1.957,0.030,0,-540,0
0.067720,2.12749,10.400,1.959,0.209,0,-540,0
0.067740,2.12811,10.369,1.941,0.231,0,-540,0
0.067760,2.12874,10.321,2.043,0.096,0,-540,0
0.067780,2.12937,10.332,2.049,0.031,0,-540,0
0.067800,2.13000,10.313,1.976,0.125,0,-540,0
0.067820,2.13063,10.340,1.962,0.103,0,-540,0
0.067840,2.13126,10.339,2.037,0.172,0,-540,0
0.067860,2.13188,10.341,2.023,0.072,0,-540,0
0.067880,2.13251,10.262,2.101,0.040,0,-540,0
0.067900,2.13314,10.360,1.975,0.178,0,-540,0
0.067920,2.13377,10.349,2.075,0.092,0,-540,0
0.067940,2.13440,10.200,2.003,0.141,0,-540,0
0.067960,2.13503,10.172,1.969,0.161,0,-540,0
0.067980,2.13565,10.204,2.068,0.079,0,-540,0
0.068000,2.13628,10.260,2.021,0.211,0,-540,0
0.068020,2.13691,10.272,1.921,0.166,0,-540,0
0.068040,2.13754,10.247,2.021,0.164,0,-540,0
0.068060,2.13817,10.244,2.443,0.229,0,540,0
0.068080,2.13880,10.147,3.371,0.158,0,540,0
0.068100,2.13942,10.183,4.278,0.167,0,540,0
0.068120,2.14005,10.159,5.138,0.039,0,540,0
0.068140,2.14068,10.191,5.931,0.189,0,540,0
0.068160,2.14131,10.069,6.949,0.133,0,540,0
0.068180,2.14194,10.075,7.825,0.116,0,540,0
0.068200,2.14257,10.164,8.686,0.109,0,540,0
0.068220,2.14319,10.120,9.629,0.083,0,540,0
0.068240,2.14382,10.103,10.478,0.092,0,540,0
0.068260,2.14445,10.197,11.032,0.169,0,0,0
0.068280,2.14508,10.062,10.913,0.061,0,0,0
0.068300,2.14571,10.111,10.922,0.162,0,0,0
0.068320,2.14634,10.126,10.872,0.018,0,0,0
0.068340,2.14696,10.155,10.904,0.190,0,0,0
0.068360,2.14759,10.082,10.927,-0.029,0,0,0
0.068380,2.14822,9.984,10.861,0.166,0,0,0
0.068400,2.14885,10.107,10.881,0.114,0,0,0
0.068420,2.14948,10.042,10.890,0.176,0,0,0
0.068440,2.15011,10.042,10.802,0.224,0,0,0
0.068460,2.15073,10.042,10.831,0.198,0,0,0
0.068480,2.15136,9.922,10.927,0.138,0,0,0
0.068500,2.15199,9.965,10.840,0.167,0,0,0
0.068520,2.15262,9.906,10.833,0.166,0,0,0
0.068540,2.15325,9.960,10.877,0.216,0,0,0
0.068560,2.15388,9.944,10.806,0.207,0,0,0
0.068580,2.15450,9.974,10.762,0.113,0,0,0
0.068600,2.15513,9.903,10.835,0.146,0,0,0
0.068620,2.15576,9.879,10.768,0.143,0,0,0
0.068640,2.15639,9.929,10.789,0.250,0,0,0
0.068660,2.15702,9.933,10.753,0.155,0,0,0
0.068680,2.15765,9.976,10.689,0.159,0,0,0
0.068700,2.15827,9.842,10.698,0.195,0,0,0
0.068720,2.15890,9.945,10.749,0.208,0,0,0
0.068740,2.15953,9.955,10.743,0.099,0,0,0
0.068760,2.16016,9.992,10.719,0.123,0,0,0
0.068780,2.16079,9.897,10.735,0.130,0,0,0
0.068800,2.16142,9.952,10.716,0.117,0,0,0
0.068820,2.16204,9.741,10.621,0.121,0,0,0
0.068840,2.16267,9.946,10.583,0.149,0,0,0
0.068860,2.16330,9.837,10.703,0.220,0,0,0
0.068880,2.16393,9.906,10.603,0.139,0,0,0
0.068900,2.16456,9.817,10.671,-0.055,0,0,0
0.068920,2.16519,9.785,10.692,0.137,0,0,0
0.068940,2.16581,9.802,10.661,0.144,0,0,0
0.068960,2.16644,9.846,10.622,0.146,0,0,0
0.068980,2.16707,9.722,10.600,0.077,0,0,0
0.069000,2.16770,9.766,10.647,0.087,0,0,0
0.069020,2.16833,9.856,10.622,0.246,0,0,0
0.069040,2.16896,9.700,10.605,0.149,0,0,0
0.069060,2.16958,9.781,10.598,0.115,0,0,0
0.069080,2.17021,9.755,10.572,0.064,0,0,0
0.069100,2.17084,9.797,10.535,0.124,0,0,0
0.069120,2.17147,9.670,10.528,0.156,0,0,0
0.069140,2.17210,9.762,10.557,0.133,0,0,0
0.069160,2.17273,9.684,10.511,0.192,0,0,0
0.069180,2.17335,9.754,10.517,0.215,0,0,0
0.069200,2.17398,9.659,10.472,0.132,0,0,0
0.069220,2.17461,9.694,10.401,0.212,0,0,0
0.069240,2.17524,9.681,10.422,0.203,0,0,0
0.069260,2.17587,9.760,10.515,0.207,0,0,0
0.069280,2.17650,9.739,10.492,0.143,0,0,0
0.069300,2.17712,9.681,10.493,0.170,0,0,0
0.069320,2.17775,9.749,10.477,0.110,0,0,0
0.069340,2.17838,9.605,10.441,0.162,0,0,0
0.069360,2.17901,9.701,10.458,0.198,0,0,0
0.069380,2.17964,9.673,10.438,0.253,0,0,0
0.069400,2.18027,9.715,10.403,0.200,0,0,0
0.069420,2.18089,9.690,10.367,0.229,0,0,0
0.069440,2.18152,9.651,10.365,0.152,0,0,0
0.069460,2.18215,9.612,10.443,0.198,0,0,0
0.069480,2.18278,9.679,10.317,0.215,0,0,0
0.069500,2.18341,9.677,10.306,0.143,0,0,0
0.069520,2.18404,9.583,10.360,0.240,0,0,0
0.069540,2.18466,9.701,10.278,0.163,0,0,0
0.069560,2.18529,9.636,10.367,0.160,0,0,0
0.069580,2.18592,9.627,10.409,0.127,0,0,0
0.069600,2.18655,9.586,10.325,0.144,0,0,0
0.069620,2.18718,9.609,10.244,0.162,0,0,0
0.069640,2.18781,9.747,10.278,0.109,0,0,0
0.069660,2.18843,9.603,10.249,0.206,0,0,0
0.069680,2.18906,9.669,10.219,0.074,0,0,0
0.069700,2.18969,9.642,10.166,0.184,0,0,0
0.069720,2.19032,9.487,10.258,0.225,0,0,0
0.069740,2.19095,9.571,10.302,0.256,0,0,0
0.069760,2.19158,9.554,10.270,0.216,0,0,0
0.069780,2.19220,9.547,10.176,0.166,0,0,0
0.069800,2.19283,9.537,10.151,0.135,0,0,0
0.069820,2.19346,9.566,10.201,0.167,0,0,0
0.069840,2.19409,9.640,10.134,0.116,0,0,0
0.069860,2.19472,9.575,10.177,0.064,0,0,0
0.069880,2.19534,9.556,10.270,0.166,0,0,0
0.069900,2.19597,9.502,10.052,0.166,0,0,0
0.069920,2.19660,9.576,10.153,0.242,0,0,0
0.069940,2.19723,9.632,10.177,0.192,0,0,0
0.069960,2.19786,9.545,10.116,0.174,0,0,0
0.069980,2.19849,9.564,10.210,0.175,0,0,0
0.070000,2.19911,9.482,10.057,0.158,0,0,0
0.070020,2.19974,9.561,10.105,0.255,0,0,0
0.070040,2.20037,9.507,10.066,0.116,0,0,0
0.070060,2.20100,9.507,10.068,0.224,0,0,0
0.070080,2.20163,9.527,10.100,0.133,0,0,0
0.070100,2.20226,9.488,9.971,0.160,0,0,0
0.070120,2.20288,9.531,10.008,0.218,0,0,0
0.070140,2.20351,9.447,10.013,0.187,0,0,0
0.070160,2.20414,9.411,10.077,0.162,0,0,0
0.070180,2.20477,9.495,10.083,0.307,0,0,0
0.070200,2.20540,9.484,9.917,0.168,0,0,0
0.070220,2.20603,9.472,10.021,0.161,0,0,0
0.070240,2.20665,9.528,9.914,0.221,0,0,0
0.070260,2.20728,9.528,9.973,0.187,0,0,0
0.070280,2.20791,9.448,10.032,0.178,0,0,0
0.070300,2.20854,9.531,10.004,0.173,0,0,0
0.070320,2.20917,9.531,9.913,0.174,0,0,0
0.070340,2.20980,9.411,9.896,0.168,0,0,0
0.070360,2.21042,9.481,9.913,0.209,0,0,0
0.070380,2.21105,9.434,9.975,0.162,0,0,0
0.070400,2.21168,9.414,9.857,0.196,0,0,0
0.070420,2.21231,9.508,9.979,0.219,0,0,0
0.070440,2.21294,9.468,9.946,0.108,0,0,-540
0.070460,2.21357,9.394,9.876,0.111,0,0,0
0.070480,2.21419,9.459,9.750,0.095,0,0,0
0.070500,2.21482,9.485,9.775,0.093,0,0,0
0.070520,2.21545,9.432,9.790,0.026,0,0,0
0.070540,2.21608,9.345,9.816,0.105,0,0,0
0.070560,2.21671,9.427,9.857,0.161,0,0,0
0.070580,2.21734,9.431,9.733,0.110,0,0,0
0.070600,2.21796,9.480,9.692,0.050,0,0,0
0.070620,2.21859,9.328,9.707,0.133,0,0,0
0.070640,2.21922,9.384,9.685,0.214,0,0,0
0.070660,2.21985,9.347,9.732,0.174,0,0,0
0.070680,2.22048,9.422,9.765,0.185,0,0,0
0.070700,2.22111,9.450,9.701,0.129,0,0,0
0.070720,2.22173,9.433,9.804,0.146,0,0,0
0.070740,2.22236,9.361,9.757,0.108,0,0,0
0.070760,2.22299,9.314,9.691,0.068,0,0,0
0.070780,2.22362,9.329,9.630,0.111,0,0,0
0.070800,2.22425,9.310,9.632,0.227,0,0,0
0.070820,2.22488,9.348,9.670,0.126,0,0,0
0.070840,2.22550,9.251,9.682,0.111,-540,0,0
0.070860,2.22613,9.011,9.538,0.126,-540,0,0
0.070880,2.22676,8.908,9.608,0.138,-540,0,0
0.070900,2.22739,8.644,9.477,0.218,-540,0,0
0.070920,2.22802,8.500,9.476,0.183,-540,0,0
0.070940,2.22865,8.389,9.499,0.053,-540,0,0
0.070960,2.22927,8.189,9.565,0.083,-540,0,0
0.070980,2.22990,7.972,9.434,0.018,-540,0,0
0.071000,2.23053,7.761,9.527,0.187,-540,0,0
0.071020,2.23116,7.529,9.629,0.127,-540,0,0
0.071040,2.23179,7.556,9.589,0.157,-540,0,0
0.071060,2.23242,7.384,9.472,0.145,-540,0,0
0.071080,2.23304,6.961,9.469,0.158,-540,0,0
0.071100,2.23367,6.993,9.483,0.201,-540,0,0
0.071120,2.23430,6.805,9.467,0.029,-540,0,0
0.071140,2.23493,6.590,9.418,0.233,-540,0,0
0.071160,2.23556,6.430,9.442,0.112,-540,0,0
0.071180,2.23619,6.348,9.440,0.082,-540,0,0
0.071200,2.23681,6.189,9.412,0.147,-540,0,0
0.071220,2.23744,6.017,9.357,0.156,-540,0,0
0.071240,2.23807,5.708,9.358,0.083,-540,0,0
0.071260,2.23870,5.699,9.461,0.224,-540,0,0
0.071280,2.23933,5.507,9.446,0.196,-540,0,0
0.071300,2.23996,5.335,9.303,0.118,-540,0,0
0.071320,2.24058,5.198,9.376,0.184,-540,0,0
0.071340,2.24121,5.111,9.354,0.231,-540,0,0
0.071360,2.24184,4.965,9.303,0.111,-540,0,0
0.071380,2.24247,4.818,9.254,0.211,-540,0,0
0.071400,2.24310,4.738,10.128,0.069,-540,540,0
0.071420,2.24373,4.600,10.998,0.153,-540,540,0
0.071440,2.24435,4.484,10.945,0.048,-540,0,0
0.071460,2.24498,4.297,11.024,0.151,-540,0,0
0.071480,2.24561,4.109,10.962,0.167,-540,0,0
0.071500,2.24624,3.960,10.958,0.084,-540,0,0
0.071520,2.24687,3.909,10.894,0.093,-540,0,0
0.071540,2.24750,3.790,10.895,0.219,-540,0,0
0.071560,2.24812,3.758,10.823,0.120,-540,0,0
0.071580,2.24875,3.482,10.949,0.224,-540,0,0
0.071600,2.24938,3.464,10.733,0.172,-540,0,0
0.071620,2.25001,3.316,10.755,0.174,-540,0,0
0.071640,2.25064,3.025,10.734,0.166,-540,0,0
0.071660,2.25127,3.010,10.824,0.124,-540,0,0
0.071680,2.25189,2.884,10.693,0.097,-540,0,0
0.071700,2.25252,2.897,10.746,0.157,-540,0,0
0.071720,2.25315,2.658,10.721,0.145,-540,0,0
0.071740,2.25378,2.554,10.762,0.155,-540,0,0
0.071760,2.25441,2.549,10.680,0.204,-540,0,0
0.071780,2.25504,2.425,10.636,0.147,-540,0,0
0.071800,2.25566,2.195,10.599,0.126,-540,0,0
0.071820,2.25629,2.126,10.595,0.084,-540,0,0
0.071840,2.25692,2.077,10.618,0.130,-540,0,0
0.071860,2.25755,1.883,10.618,0.272,-540,0,0
0.071880,2.25818,1.759,10.544,0.208,-540,0,0
0.071900,2.25881,1.671,10.515,0.196,-540,0,0
0.071920,2.25943,1.595,10.481,0.119,-540,0,0
0.071940,2.26006,1.578,10.549,0.187,-540,0,0
0.071960,2.26069,1.342,10.517,0.104,-540,0,0
0.071980,2.26132,1.273,10.486,0.099,-540,0,0
0.072000,2.26195,1.152,10.451,0.172,-540,0,0
0.072020,2.26258,1.134,10.561,0.157,-540,0,0
0.072040,2.26320,0.927,10.452,0.148,-540,0,0
0.072060,2.26383,1.014,10.431,0.231,-540,0,0
0.072080,2.26446,0.817,10.297,0.144,-540,0,0
0.072100,2.26509,0.664,10.330,0.099,-540,0,0
0.072120,2.26572,0.565,10.325,0.200,-540,0,0
0.072140,2.26634,0.442,10.302,0.138,-540,0,0
0.072160,2.26697,0.297,10.311,0.174,-540,0,0
0.072180,2.26760,0.300,10.310,0.195,-540,0,0
0.072200,2.26823,0.235,10.258,0.207,-540,0,0
0.072220,2.26886,0.232,10.295,0.190,0,0,0
0.072240,2.26949,0.299,10.284,0.169,0,0,0
0.072260,2.27011,0.237,10.337,0.151,0,0,0
0.072280,2.27074,0.225,10.216,0.092,0,0,0
0.072300,2.27137,0.144,10.074,0.187,0,0,0
0.072320,2.27200,0.228,10.187,0.202,0,0,0
0.072340,2.27263,0.264,10.130,0.257,0,0,0
0.072360,2.27326,0.164,10.056,0.166,0,0,0
0.072380,2.27388,0.195,10.037,0.205,0,0,0
0.072400,2.27451,0.122,9.946,0.186,-540,0,0
0.072420,2.27514,0.222,10.147,0.155,-540,0,0
0.072440,2.27577,0.142,9.975,0.190,0,0,0
0.072460,2.27640,0.095,9.955,0.149,0,0,0
0.072480,2.27703,0.151,9.910,0.141,0,0,0
0.072500,2.27765,0.080,10.029,0.251,0,0,0
0.072520,2.27828,0.068,9.955,0.313,0,0,0
0.072540,2.27891,0.149,9.846,0.197,0,0,0
0.072560,2.27954,0.111,9.896,0.299,0,0,0
0.072580,2.28017,0.189,9.855,0.176,0,0,0
0.072600,2.28080,0.205,9.751,0.141,0,0,0
0.072620,2.28142,0.065,9.747,0.251,0,0,0
0.072640,2.28205,0.177,9.846,0.191,0,0,0
0.072660,2.28268,0.273,9.772,0.171,0,0,0
0.072680,2.28331,0.185,9.652,0.199,0,0,0
0.072700,2.28394,0.145,9.683,0.215,0,0,0
0.072720,2.28457,0.167,9.723,0.160,0,0,0
0.072740,2.28519,0.089,9.614,0.060,0,0,0
0.072760,2.28582,0.075,9.662,0.144,0,0,0
0.072780,2.28645,0.151,9.672,0.223,0,0,0
0.072800,2.28708,0.127,9.642,0.179,0,0,0
0.072820,2.28771,0.053,9.623,-0.008,0,0,-540
0.072840,2.28834,0.103,9.594,0.122,0,0,0
0.072860,2.28896,0.104,9.610,0.071,0,0,0
0.072880,2.28959,0.117,9.483,0.018,0,0,0
0.072900,2.29022,0.161,9.483,0.091,0,0,0
0.072920,2.29085,0.126,9.510,0.006,0,0,0
0.072940,2.29148,0.147,9.370,0.104,0,0,0
0.072960,2.29211,0.095,9.399,0.079,0,0,0
0.072980,2.29273,0.201,9.419,0.014,0,0,0
0.073000,2.29336,0.133,9.433,0.015,0,0,0
0.073020,2.29399,0.093,9.289,0.024,0,0,0
0.073040,2.29462,0.100,9.331,-0.016,0,0,0
0.073060,2.29525,0.156,9.305,0.182,0,0,0
0.073080,2.29588,0.185,9.303,0.084,0,0,0
0.073100,2.29650,0.067,9.233,-0.006,0,0,0
0.073120,2.29713,0.215,9.219,0.027,0,0,0
0.073140,2.29776,0.159,9.144,0.143,0,0,0
0.073160,2.29839,0.129,9.613,-0.010,0,540,0
0.073180,2.29902,0.135,10.332,0.136,0,540,0
0.073200,2.29965,0.115,11.052,0.019,0,540,0
0.073220,2.30027,0.189,11.067,0.050,0,0,0
0.073240,2.30090,0.076,11.106,0.082,0,0,0
0.073260,2.30153,0.172,11.011,0.062,0,0,0
0.073280,2.30216,0.089,10.984,0.138,0,0,0
0.073300,2.30279,0.165,10.852,0.039,0,0,0
0.073320,2.30342,0.070,10.796,0.182,0,0,0
0.073340,2.30404,0.170,10.855,0.097,0,0,0
0.073360,2.30467,0.183,10.886,0.097,0,0,0
0.073380,2.30530,0.138,10.805,0.063,0,0,0
0.073400,2.30593,0.173,10.847,0.105,0,0,0
0.073420,2.30656,0.142,10.808,0.122,0,0,0
0.073440,2.30719,0.143,10.865,-0.002,0,0,0
0.073460,2.30781,0.212,10.768,0.188,0,0,0
0.073480,2.30844,0.176,10.642,0.089,0,0,0
0.073500,2.30907,0.115,10.625,0.073,0,0,0
0.073520,2.30970,0.216,10.604,0.078,0,0,0
0.073540,2.31033,0.097,10.583,0.112,0,0,0
0.073560,2.31096,0.055,10.504,0.123,0,0,0
0.073580,2.31158,0.114,10.576,0.047,0,0,0
0.073600,2.31221,0.138,10.490,0.089,0,0,0
0.073620,2.31284,0.136,10.433,0.182,0,0,0
0.073640,2.31347,0.127,10.407,0.144,0,0,0
0.073660,2.31410,0.156,10.427,0.106,0,0,0
0.073680,2.31473,0.175,10.348,0.107,0,0,0
0.073700,2.31535,0.158,10.333,0.118,0,0,0
0.073720,2.31598,0.020,10.318,-0.001,0,0,0
0.073740,2.31661,0.192,10.202,0.147,0,0,0
0.073760,2.31724,0.031,10.224,0.175,0,0,0
0.073780,2.31787,0.168,10.116,0.079,0,0,0
0.073800,2.31850,0.146,10.187,0.158,0,0,0
0.073820,2.31912,0.159,10.073,-0.088,0,0,0
0.073840,2.31975,0.226,10.148,0.133,0,0,0
0.073860,2.32038,0.115,9.990,0.198,0,0,0
0.073880,2.32101,0.132,10.026,0.183,0,0,0
0.073900,2.32164,0.133,10.060,0.059,0,0,0
0.073920,2.32227,0.110,9.862,0.108,0,0,0
0.073940,2.32289,0.186,9.958,0.083,0,0,0
0.073960,2.32352,0.216,10.016,0.156,0,0,0
0.073980,2.32415,0.200,9.801,0.012,0,0,0
0.074000,2.32478,0.072,9.905,0.084,0,0,0
0.074020,2.32541,0.173,9.818,0.132,0,0,0
0.074040,2.32604,0.160,9.720,0.132,0,0,0
0.074060,2.32666,0.155,9.759,0.079,0,0,0
0.074080,2.32729,0.218,9.755,0.080,0,0,0
0.074100,2.32792,0.147,9.821,0.102,0,0,0
0.074120,2.32855,0.074,9.579,0.125,0,0,0
0.074140,2.32918,0.059,9.569,0.207,0,0,0
0.074160,2.32981,0.152,9.598,0.094,0,0,0
0.074180,2.33043,0.088,9.519,0.106,0,0,0
0.074200,2.33106,0.106,9.480,0.157,0,0,0
0.074220,2.33169,0.125,9.439,0.147,0,0,0
0.074240,2.33232,0.138,9.415,0.116,0,0,0
0.074260,2.33295,0.150,9.456,-0.017,0,0,0
0.074280,2.33358,0.104,9.323,0.056,0,0,0
0.074300,2.33420,0.130,9.448,0.101,0,0,0
0.074320,2.33483,0.102,9.363,0.091,0,0,0
0.074340,2.33546,0.169,9.284,0.154,0,0,0
0.074360,2.33609,0.089,9.243,0.079,0,0,0
0.074380,2.33672,0.118,9.583,0.199,0,540,0
0.074400,2.33734,0.188,10.098,0.146,0,540,0
0.074420,2.33797,0.176,10.787,0.008,0,540,0
0.074440,2.33860,0.111,10.865,0.068,0,0,0
0.074460,2.33923,0.057,10.821,0.177,0,0,0
0.074480,2.33986,0.134,10.723,0.211,0,0,0
0.074500,2.34049,0.130,10.722,0.163,0,0,0
0.074520,2.34111,0.151,10.645,0.150,0,0,0
0.074540,2.34174,0.134,10.651,0.183,0,0,0
0.074560,2.34237,0.108,10.517,0.159,0,0,0
0.074580,2.34300,0.090,10.420,0.159,0,0,0
0.074600,2.34363,0.079,10.462,0.175,0,0,0
0.074620,2.34426,0.141,10.385,0.007,0,0,0
0.074640,2.34488,0.071,10.396,0.106,0,0,0
0.074660,2.34551,0.139,10.350,0.083,0,0,0
0.074680,2.34614,0.071,10.417,0.124,0,0,0
0.074700,2.34677,0.152,10.240,0.104,0,0,0
0.074720,2.34740,0.225,10.221,0.125,0,0,0
0.074740,2.34803,0.094,10.221,0.096,0,0,0
0.074760,2.34865,0.094,10.090,0.108,0,0,0
0.074780,2.34928,0.110,10.059,0.148,0,0,0
0.074800,2.34991,0.064,10.018,0.101,0,0,0
0.074820,2.35054,0.120,10.028,0.148,0,0,0
0.074840,2.35117,0.112,9.969,0.131,0,0,0
0.074860,2.35180,0.108,9.921,0.099,0,0,0
0.074880,2.35242,0.174,9.884,0.066,0,0,0
0.074900,2.35305,0.063,9.869,0.117,0,0,0
0.074920,2.35368,0.110,9.817,0.095,0,0,0
0.074940,2.35431,0.042,9.761,0.135,0,0,0
0.074960,2.35494,0.122,9.744,0.139,0,0,0
0.074980,2.35557,0.068,9.649,0.135,0,0,0
0.075000,2.35619,0.196,9.603,0.179,0,0,0
0.075020,2.35682,0.110,9.619,0.123,0,0,0
0.075040,2.35745,0.097,9.553,0.081,0,0,0
0.075060,2.35808,0.161,9.567,0.159,0,0,0
0.075080,2.35871,0.105,9.471,0.132,0,0,0
0.075100,2.35934,0.106,9.414,0.119,0,0,0
0.075120,2.35996,0.146,9.389,0.149,0,0,0
0.075140,2.36059,0.089,9.375,0.129,0,0,0
0.075160,2.36122,0.189,9.275,0.139,0,0,0
0.075180,2.36185,0.135,9.266,0.095,0,0,0
0.075200,2.36248,0.176,9.259,0.127,0,0,0
0.075220,2.36311,0.141,9.209,0.183,0,0,0
0.075240,2.36373,0.158,9.751,-0.001,0,540,0
0.075260,2.36436,0.285,10.362,0.061,0,540,0
0.075280,2.36499,0.167,10.914,0.166,0,540,0
0.075300,2.36562,0.152,10.794,0.087,0,0,0
0.075320,2.36625,0.199,10.821,0.104,0,0,0
0.075340,2.36688,0.229,10.857,0.189,0,0,0
0.075360,2.36750,0.077,10.813,0.081,0,0,0
0.075380,2.36813,0.087,10.727,0.222,0,0,0
0.075400,2.36876,0.207,10.625,0.211,0,0,0
0.075420,2.36939,0.058,10.596,0.181,0,0,0
0.075440,2.37002,0.146,10.449,0.141,0,0,0
0.075460,2.37065,0.181,10.456,0.095,0,0,0
0.075480,2.37127,0.148,10.460,0.157,0,0,0
0.075500,2.37190,0.221,10.392,0.148,0,0,0
0.075520,2.37253,0.121,10.341,0.125,0,0,0
0.075540,2.37316,0.120,10.346,0.176,0,0,0
0.075560,2.37379,0.021,10.114,0.127,0,0,0
0.075580,2.37442,0.106,10.178,0.210,0,0,0
0.075600,2.37504,0.160,10.109,0.190,0,0,0
0.075620,2.37567,0.198,10.048,0.061,0,0,0
0.075640,2.37630,0.055,10.088,0.127,0,0,0
0.075660,2.37693,0.062,10.012,0.167,0,0,0
0.075680,2.37756,0.329,9.996,0.141,0,0,0
0.075700,2.37819,0.055,9.888,0.118,0,0,0
0.075720,2.37881,0.088,9.933,0.083,0,0,0
0.075740,2.37944,0.155,9.797,0.164,0,0,0
0.075760,2.38007,0.136,9.737,0.077,0,0,0
0.075780,2.38070,0.171,9.698,0.142,0,0,0
0.075800,2.38133,0.156,9.711,0.090,0,0,0
0.075820,2.38196,0.124,9.574,0.086,0,0,0
0.075840,2.38258,0.134,9.527,0.177,0,0,0
0.075860,2.38321,0.021,9.533,0.154,0,0,0
0.075880,2.38384,0.128,9.481,0.202,0,0,0
0.075900,2.38447,0.069,9.462,0.124,0,0,0
0.075920,2.38510,0.106,9.457,0.137,0,0,0
0.075940,2.38573,0.120,9.411,0.155,0,0,0
0.075960,2.38635,0.114,9.224,0.067,0,0,0
0.075980,2.38698,0.080,9.293,0.125,0,0,0
0.076000,2.38761,-0.006,9.446,0.021,0,540,0
0.076020,2.38824,0.254,9.916,0.231,0,540,0
0.076040,2.38887,0.155,10.388,0.170,0,540,0
0.076060,2.38950,0.130,10.927,0.109,0,540,0
0.076080,2.39012,0.093,10.881,0.124,0,0,0
0.076100,2.39075,0.129,10.910,0.167,0,0,0
0.076120,2.39138,0.064,10.693,0.103,0,0,0
0.076140,2.39201,0.138,10.676,0.142,0,0,0
0.076160,2.39264,0.155,10.598,0.219,0,0,0
0.076180,2.39327,0.158,10.590,0.141,0,0,0
0.076200,2.39389,0.134,10.669,0.152,0,0,0
0.076220,2.39452,0.166,10.548,0.183,0,0,0
0.076240,2.39515,0.240,10.400,0.252,0,0,0
0.076260,2.39578,0.111,10.520,0.200,0,0,0
0.076280,2.39641,0.144,10.393,0.203,0,0,0
0.076300,2.39704,0.107,10.324,0.228,0,0,0
0.076320,2.39766,0.171,10.300,0.191,0,0,0
0.076340,2.39829,0.071,10.176,0.085,0,0,0
0.076360,2.39892,0.154,10.143,0.219,0,0,0
0.076380,2.39955,0.098,10.176,0.230,0,0,0
0.076400,2.40018,0.135,10.013,0.109,0,0,0
0.076420,2.40081,0.147,10.106,0.142,0,0,0
0.076440,2.40143,0.172,10.001,0.151,0,0,0
0.076460,2.40206,0.153,10.010,0.202,0,0,0
0.076480,2.40269,0.155,9.763,0.247,0,0,0
0.076500,2.40332,0.131,9.860,0.095,0,0,0
0.076520,2.40395,0.047,9.769,0.152,0,0,0
0.076540,2.40458,0.155,9.730,0.199,0,0,0
0.076560,2.40520,0.106,9.619,0.188,0,0,0
0.076580,2.40583,0.065,9.642,0.184,0,0,0
0.076600,2.40646,0.199,9.561,0.227,0,0,0
0.076620,2.40709,0.087,9.482,0.198,0,0,0
0.076640,2.40772,0.102,9.409,0.172,0,0,0
0.076660,2.40834,0.125,9.407,0.207,0,0,0
0.076680,2.40897,0.142,9.365,0.204,0,0,0
0.076700,2.40960,0.160,9.329,0.198,0,0,0
0.076720,2.41023,0.160,9.354,0.185,0,0,0
0.076740,2.41086,0.121,9.355,0.182,0,540,0
0.076760,2.41149,0.146,9.821,0.073,0,540,0
0.076780,2.41211,0.026,10.210,0.156,0,540,0
0.076800,2.41274,0.048,10.671,0.256,0,540,0
0.076820,2.41337,0.134,10.846,0.259,0,0,0
0.076840,2.41400,0.158,10.773,0.159,0,0,0
0.076860,2.41463,0.100,10.665,0.293,0,0,0
0.076880,2.41526,0.234,10.740,0.221,0,0,0
0.076900,2.41588,0.179,10.618,0.118,0,0,0
0.076920,2.41651,0.084,10.649,0.223,0,0,0
0.076940,2.41714,0.129,10.563,0.246,0,0,0
0.076960,2.41777,0.032,10.425,0.163,0,0,0
0.076980,2.41840,0.061,10.403,0.135,0,0,0
0.077000,2.41903,0.133,10.335,0.099,0,0,0
0.077020,2.41965,0.063,10.356,0.237,0,0,0
0.077040,2.42028,0.131,10.311,0.177,0,0,0
0.077060,2.42091,0.198,10.215,0.041,0,0,0
0.077080,2.42154,0.082,10.001,0.232,0,0,0
0.077100,2.42217,0.114,10.165,0.164,0,0,0
0.077120,2.42280,0.146,10.078,0.172,0,0,0
0.077140,2.42342,0.171,9.958,0.105,0,0,0
0.077160,2.42405,0.065,9.954,0.200,0,0,0
0.077180,2.42468,0.221,9.871,0.173,0,0,0
0.077200,2.42531,0.160,9.800,0.120,0,0,0
0.077220,2.42594,0.137,9.662,0.175,0,0,0
0.077240,2.42657,0.006,9.694,0.209,0,0,0
0.077260,2.42719,0.149,9.647,0.214,0,0,0
0.077280,2.42782,0.193,9.641,0.184,0,0,0
0.077300,2.42845,0.151,9.620,0.204,0,0,0
0.077320,2.42908,0.011,9.550,0.187,0,0,0
0.077340,2.42971,0.182,9.523,0.126,0,0,0
0.077360,2.43034,0.145,9.329,0.179,0,0,0
0.077380,2.43096,0.093,9.440,-0.102,0,0,-540
0.077400,2.43159,0.222,9.246,0.028,0,0,0
0.077420,2.43222,0.205,9.219,-0.063,0,0,0
0.077440,2.43285,0.150,9.298,-0.015,0,0,0
0.077460,2.43348,0.100,9.203,0.015,0,0,0
0.077480,2.43411,0.176,9.483,0.071,0,540,0
0.077500,2.43473,0.161,9.849,0.002,0,540,0
0.077520,2.43536,0.130,10.389,-0.066,0,540,0
0.077540,2.43599,0.226,10.626,-0.062,0,540,0
0.077560,2.43662,0.068,11.007,0.018,0,540,0
0.077580,2.43725,0.173,10.870,0.041,0,0,0
0.077600,2.43788,0.140,10.850,-0.003,0,0,0
0.077620,2.43850,0.103,10.740,0.075,0,0,0
0.077640,2.43913,0.086,10.748,0.079,0,0,0
0.077660,2.43976,0.139,10.646,0.009,0,0,0
0.077680,2.44039,0.163,10.667,0.045,0,0,0
0.077700,2.44102,0.021,10.632,-0.029,0,0,0
0.077720,2.44165,0.038,10.524,-0.020,0,0,0
0.077740,2.44227,0.016,10.380,0.003,0,0,0
0.077760,2.44290,0.125,10.370,0.089,0,0,0
0.077780,2.44353,0.072,10.395,-0.047,0,0,0
0.077800,2.44416,0.056,10.261,-0.031,0,0,0
0.077820,2.44479,0.029,10.270,0.033,0,0,0
0.077840,2.44542,0.107,10.225,0.013,0,0,0
0.077860,2.44604,0.037,10.141,0.038,0,0,0
0.077880,2.44667,0.170,9.997,-0.017,0,0,0
0.077900,2.44730,0.087,9.904,0.051,0,0,0
0.077920,2.44793,0.141,9.995,0.019,0,0,0
0.077940,2.44856,0.113,10.001,0.002,0,0,0
0.077960,2.44919,0.110,9.832,-0.002,0,0,0
0.077980,2.44981,0.053,9.800,0.085,0,0,0
0.078000,2.45044,0.087,9.809,0.068,0,0,0
0.078020,2.45107,0.114,9.721,0.029,0,0,0
0.078040,2.45170,0.011,9.652,-0.005,0,0,0
0.078060,2.45233,0.093,9.648,-0.092,0,0,0
0.078080,2.45296,0.109,9.487,0.011,0,0,0
0.078100,2.45358,0.135,9.520,0.092,0,0,0
0.078120,2.45421,0.072,9.522,-0.075,0,0,0
0.078140,2.45484,0.143,9.345,0.038,0,0,0
0.078160,2.45547,0.130,9.375,0.006,0,0,0
0.078180,2.45610,0.015,9.347,0.083,0,0,0
0.078200,2.45673,0.137,9.270,-0.069,0,0,0
0.078220,2.45735,0.028,9.177,0.010,0,0,0
0.078240,2.45798,0.031,9.225,0.000,0,0,0
0.078260,2.45861,0.087,9.138,0.041,0,0,0
0.078280,2.45924,0.115,9.486,0.055,0,540,0
0.078300,2.45987,0.153,9.708,0.119,0,540,0
0.078320,2.46050,0.030,10.089,-0.044,0,540,0
0.078340,2.46112,0.108,10.349,-0.113,0,540,0
0.078360,2.46175,0.139,10.624,-0.048,0,540,0
0.078380,2.46238,0.129,10.845,0.076,0,0,0
0.078400,2.46301,0.038,10.753,-0.093,0,0,0
0.078420,2.46364,0.122,10.706,-0.064,0,0,0
0.078440,2.46427,0.084,10.560,0.026,0,0,0
0.078460,2.46489,0.109,10.512,-0.005,0,0,0
0.078480,2.46552,0.003,10.550,-0.083,0,0,0
0.078500,2.46615,0.112,10.421,0.003,0,0,0
0.078520,2.46678,0.147,10.350,0.038,0,0,0
0.078540,2.46741,0.086,10.351,-0.010,0,0,0
0.078560,2.46804,0.044,10.390,0.005,0,0,0
0.078580,2.46866,0.096,10.193,0.047,0,0,0
0.078600,2.46929,0.000,10.137,0.034,0,0,0
0.078620,2.46992,0.090,10.113,-0.008,0,0,0
0.078640,2.47055,0.075,10.075,0.005,0,0,0
0.078660,2.47118,0.146,10.078,-0.050,0,0,0
0.078680,2.47181,0.065,10.023,-0.010,0,0,0
0.078700,2.47243,0.057,9.986,-0.025,0,0,0
0.078720,2.47306,0.083,9.958,0.015,0,0,0
0.078740,2.47369,0.068,9.834,0.020,0,0,0
0.078760,2.47432,0.057,9.831,0.045,0,0,0
0.078780,2.47495,0.121,9.760,0.033,0,0,0
0.078800,2.47558,0.069,9.846,0.011,0,0,0
0.078820,2.47620,0.133,9.699,-0.023,0,0,0
0.078840,2.47683,0.080,9.654,0.028,0,0,0
0.078860,2.47746,0.111,9.487,0.014,0,0,0
0.078880,2.47809,0.036,9.572,0.005,0,0,0
0.078900,2.47872,0.164,9.495,-0.041,0,0,0
0.078920,2.47934,0.134,9.433,0.004,0,0,0
0.078940,2.47997,0.087,9.421,-0.007,0,0,0
0.078960,2.48060,0.025,9.465,0.008,0,0,0
0.078980,2.48123,0.156,9.238,-0.038,0,0,0
0.079000,2.48186,0.029,9.350,-0.019,0,0,0
0.079020,2.48249,0.077,9.302,0.033,0,0,0
0.079040,2.48311,-0.020,9.451,0.025,0,540,0
0.079060,2.48374,0.127,9.665,0.012,0,540,0
0.079080,2.48437,0.028,9.791,-0.004,0,540,0
0.079100,2.48500,0.044,10.212,0.040,0,540,0
0.079120,2.48563,0.066,10.306,0.071,0,540,0
0.079140,2.48626,0.049,10.627,-0.055,0,540,0
0.079160,2.48688,0.135,10.959,-0.036,0,540,0
0.079180,2.48751,0.086,10.846,0.077,0,0,0
0.079200,2.48814,0.088,10.806,0.002,0,0,0
0.079220,2.48877,0.063,10.791,0.013,0,0,0
0.079240,2.48940,0.134,10.690,0.002,0,0,0
0.079260,2.49003,0.090,10.661,0.060,0,0,0
0.079280,2.49065,0.099,10.716,-0.028,0,0,0
0.079300,2.49128,0.094,10.523,0.042,0,0,0
0.079320,2.49191,-0.058,10.572,-0.040,0,0,0
0.079340,2.49254,0.085,10.478,0.019,0,0,0
0.079360,2.49317,0.107,10.444,0.070,0,0,0
0.079380,2.49380,0.211,10.364,0.052,0,0,0
0.079400,2.49442,0.081,10.405,0.042,0,0,0
0.079420,2.49505,0.021,10.331,-0.007,0,0,0
0.079440,2.49568,0.088,10.214,0.012,0,0,0
0.079460,2.49631,0.114,10.207,0.028,0,0,0
0.079480,2.49694,0.129,10.143,0.006,0,0,0
0.079500,2.49757,0.103,10.103,0.024,0,0,0
0.079520,2.49819,0.047,10.096,0.018,0,0,0
0.079540,2.49882,0.058,10.055,0.036,0,0,0
0.079560,2.49945,0.044,10.071,0.022,0,0,0
0.079580,2.50008,0.044,9.932,0.125,0,0,0
0.079600,2.50071,0.089,9.992,-0.008,0,0,0
0.079620,2.50134,0.069,9.809,0.020,0,0,0
0.079640,2.50196,0.021,9.877,0.006,0,0,0
0.079660,2.50259,0.028,9.881,0.016,0,0,0
0.079680,2.50322,-0.019,9.804,0.018,0,0,0
0.079700,2.50385,0.060,9.759,0.009,0,0,0
0.079720,2.50448,0.133,9.658,0.019,0,0,0
0.079740,2.50511,0.072,9.635,-0.019,0,0,0
0.079760,2.50573,-0.026,9.623,0.094,0,0,0
0.079780,2.50636,0.038,9.538,0.016,0,0,0
0.079800,2.50699,0.117,9.654,-0.060,0,0,0
0.079820,2.50762,0.177,9.524,-0.050,0,0,0
0.079840,2.50825,0.140,9.418,-0.020,0,0,0
0.079860,2.50888,0.063,9.508,0.003,0,0,0
0.079880,2.50950,0.099,9.432,-0.018,0,0,0
0.079900,2.51013,0.078,9.435,0.057,0,0,0
0.079920,2.51076,0.151,9.401,0.059,0,0,0
0.079940,2.51139,-0.004,9.299,-0.026,0,0,0
0.079960,2.51202,0.219,9.237,-0.088,0,0,0
0.079980,2.51265,0.108,9.244,-0.053,0,0,0
0.080000,2.51327,0.126,9.270,0.004,0,0,0
0.080020,2.51390,0.082,9.477,-0.032,0,540,0
0.080040,2.51453,0.068,9.555,0.022,0,540,0
0.080060,2.51516,0.098,9.886,0.048,0,540,0
0.080080,2.51579,0.099,10.097,0.109,0,540,0
0.080100,2.51642,0.112,10.326,-0.018,0,540,0
0.080120,2.51704,0.153,10.506,0.050,0,540,0
0.080140,2.51767,0.069,10.819,0.022,0,540,0
0.080160,2.51830,0.094,10.870,0.055,0,0,0
0.080180,2.51893,0.137,10.835,0.093,0,0,0
0.080200,2.51956,0.125,10.775,0.005,0,0,0
0.080220,2.52019,0.089,10.732,-0.060,0,0,0
0.080240,2.52081,0.029,10.745,-0.031,0,0,0
0.080260,2.52144,0.045,10.596,0.006,0,0,0
0.080280,2.52207,0.075,10.585,0.008,0,0,0
0.080300,2.52270,-0.011,10.633,-0.109,0,0,0
0.080320,2.52333,0.002,10.707,0.072,0,0,0
0.080340,2.52396,0.074,10.555,0.005,0,0,0
0.080360,2.52458,0.063,10.483,-0.034,0,0,0
0.080380,2.52521,0.122,10.462,0.031,0,0,0
0.080400,2.52584,0.078,10.427,-0.041,0,0,0
0.080420,2.52647,0.099,10.264,0.077,0,0,0
0.080440,2.52710,0.113,10.302,0.048,0,0,0
0.080460,2.52773,0.078,10.293,0.012,0,0,0
0.080480,2.52835,0.185,10.192,-0.018,0,0,0
0.080500,2.52898,0.125,10.148,-0.003,0,0,0
0.080520,2.52961,0.118,10.139,-0.053,0,0,0
0.080540,2.53024,0.117,10.261,-0.054,0,0,0
0.080560,2.53087,0.040,10.118,-0.051,0,0,0
0.080580,2.53150,0.052,10.021,0.019,0,0,0
0.080600,2.53212,0.143,10.026,-0.011,0,0,0
0.080620,2.53275,0.064,10.022,-0.014,0,0,0
0.080640,2.53338,0.036,10.024,0.078,0,0,0
0.080660,2.53401,0.200,9.899,-0.015,0,0,0
0.080680,2.53464,0.145,9.939,-0.043,0,0,0
0.080700,2.53527,0.151,9.870,-0.119,0,0,0
0.080720,2.53589,0.068,9.866,-0.045,0,0,0
0.080740,2.53652,0.088,9.854,0.017,0,0,0
0.080760,2.53715,0.159,9.877,-0.037,0,0,0
0.080780,2.53778,0.047,9.678,-0.026,0,0,0
0.080800,2.53841,0.184,9.714,0.021,0,0,0
0.080820,2.53904,0.054,9.786,-0.007,0,0,0
0.080840,2.53966,0.032,9.675,-0.005,0,0,0
0.080860,2.54029,-0.033,9.727,0.027,0,0,0
0.080880,2.54092,0.150,9.594,-0.028,0,0,0
0.080900,2.54155,0.118,9.645,-0.004,0,0,0
0.080920,2.54218,0.085,9.590,-0.018,0,0,0
0.080940,2.54281,0.119,9.484,0.077,0,0,0
0.080960,2.54343,0.077,9.550,0.009,0,0,0
0.080980,2.54406,0.159,9.536,-0.005,0,0,0
0.081000,2.54469,0.055,9.534,-0.092,0,0,0
0.081020,2.54532,0.081,9.475,0.001,0,0,0
0.081040,2.54595,0.087,9.409,0.021,0,0,0
0.081060,2.54658,0.033,9.391,0.007,0,0,0
0.081080,2.54720,0.079,9.331,-0.004,0,0,0
0.081100,2.54783,0.080,9.290,-0.022,0,0,0
0.081120,2.54846,0.117,9.355,-0.068,0,0,0
0.081140,2.54909,-0.065,9.280,0.028,0,0,0
0.081160,2.54972,0.125,9.250,-0.034,0,0,0
0.081180,2.55034,0.183,9.221,0.032,0,0,0
0.081200,2.55097,0.042,9.376,-0.092,0,540,0
0.081220,2.55160,0.122,9.454,-0.112,0,540,0
0.081240,2.55223,0.157,9.608,-0.002,0,540,0
0.081260,2.55286,-0.017,9.905,0.063,0,540,0
0.081280,2.55349,0.115,10.069,-0.043,0,540,0
0.081300,2.55411,0.130,10.237,-0.035,0,540,0
0.081320,2.55474,0.114,10.512,-0.038,0,540,0
0.081340,2.55537,0.084,10.702,0.028,0,540,0
0.081360,2.55600,0.037,10.829,0.027,0,0,0
0.081380,2.55663,0.137,10.754,0.048,0,0,0
0.081400,2.55726,0.134,10.648,0.014,0,0,0
0.081420,2.55788,0.039,10.650,0.013,0,0,0
0.081440,2.55851,0.093,10.710,-0.001,0,0,0
0.081460,2.55914,0.052,10.585,-0.062,0,0,0
0.081480,2.55977,0.116,10.596,0.125,0,0,0
0.081500,2.56040,0.150,10.583,0.024,0,0,0
0.081520,2.56103,0.136,10.606,-0.019,0,0,0
0.081540,2.56165,0.084,10.614,-0.088,0,0,0
0.081560,2.56228,0.189,10.516,-0.007,0,0,0
0.081580,2.56291,0.022,10.419,0.047,0,0,0
0.081600,2.56354,0.063,10.490,-0.100,0,0,0
0.081620,2.56417,0.054,10.515,-0.111,0,0,0
0.081640,2.56480,0.073,10.420,-0.057,0,0,0
0.081660,2.56542,0.055,10.359,-0.050,0,0,0
0.081680,2.56605,0.122,10.318,-0.026,0,0,0
0.081700,2.56668,0.031,10.326,-0.020,0,0,0
0.081720,2.56731,0.049,10.262,0.036,0,0,0
0.081740,2.56794,0.015,10.291,-0.033,0,0,0
0.081760,2.56857,0.028,10.136,-0.014,0,0,0
0.081780,2.56919,0.142,10.274,0.044,0,0,0
0.081800,2.56982,0.058,10.143,0.044,0,0,0
0.081820,2.57045,0.099,10.214,-0.022,0,0,0
0.081840,2.57108,0.098,10.050,-0.069,0,0,0
0.081860,2.57171,-0.008,10.128,-0.058,0,0,0
0.081880,2.57234,0.017,10.186,-0.027,0,0,0
0.081900,2.57296,0.149,10.093,0.009,0,0,0
0.081920,2.57359,0.092,10.048,-0.030,0,0,0
0.081940,2.57422,0.039,10.099,-0.021,0,0,0
0.081960,2.57485,0.083,10.063,-0.080,0,0,0
0.081980,2.57548,0.031,10.035,0.034,0,0,0
0.082000,2.57611,0.036,10.041,-0.035,0,0,0
0.082020,2.57673,0.132,9.997,-0.041,0,0,0
0.082040,2.57736,0.053,10.030,-0.015,0,0,0
0.082060,2.57799,0.113,9.902,0.064,0,0,0
0.082080,2.57862,0.009,9.902,0.035,0,0,0
0.082100,2.57925,0.160,9.933,0.036,0,0,0
0.082120,2.57988,0.164,9.891,-0.018,0,0,0
0.082140,2.58050,0.095,9.829,-0.035,0,0,0
0.082160,2.58113,0.100,9.871,-0.089,0,0,0
0.082180,2.58176,0.030,9.831,-0.006,0,0,0
0.082200,2.58239,0.127,9.844,-0.031,0,0,0
0.082220,2.58302,0.107,9.764,-0.014,0,0,0
0.082240,2.58365,0.101,9.702,-0.035,0,0,0
0.082260,2.58427,0.112,9.824,0.011,0,0,0
0.082280,2.58490,0.058,9.740,0.029,0,0,0
0.082300,2.58553,0.100,9.662,-0.132,0,0,0
0.082320,2.58616,0.125,9.676,-0.043,0,0,0
0.082340,2.58679,0.093,9.623,-0.008,0,0,0
0.082360,2.58742,0.102,9.664,0.011,0,0,0
0.082380,2.58804,0.004,9.681,-0.037,0,0,0
0.082400,2.58867,0.140,9.563,-0.015,0,0,0
0.082420,2.58930,0.165,9.576,0.047,0,0,0
0.082440,2.58993,0.033,9.633,0.033,0,0,0
0.082460,2.59056,0.108,9.549,0.065,0,0,0
0.082480,2.59119,0.076,9.449,-0.008,0,0,0
0.082500,2.59181,0.073,9.458,0.071,0,0,0
0.082520,2.59244,0.132,9.573,-0.034,0,0,0
0.082540,2.59307,0.098,9.498,-0.039,0,0,0
0.082560,2.59370,0.103,9.446,-0.078,0,0,0
0.082580,2.59433,0.079,9.480,0.036,0,0,0
0.082600,2.59496,0.094,9.446,-0.044,0,0,0
0.082620,2.59558,0.051,9.452,-0.029,0,0,0
0.082640,2.59621,0.105,9.341,-0.055,0,0,0
0.082660,2.59684,0.069,9.449,0.026,0,0,0
0.082680,2.59747,0.101,9.428,-0.021,0,0,0
0.082700,2.59810,0.111,9.356,0.055,0,0,0
0.082720,2.59873,0.200,9.311,-0.020,0,0,0
0.082740,2.59935,0.047,9.325,0.057,0,0,0
0.082760,2.59998,0.055,9.314,-0.071,0,0,0
0.082780,2.60061,0.124,9.322,-0.036,0,0,0
0.082800,2.60124,0.077,9.314,0.055,0,0,0
0.082820,2.60187,0.118,9.319,-0.027,0,0,0
0.082840,2.60250,0.072,9.264,-0.086,0,0,0
0.082860,2.60312,0.191,9.225,0.031,0,0,0
0.082880,2.60375,0.191,9.247,-0.029,0,540,0
0.082900,2.60438,-0.040,9.385,0.001,0,540,0
0.082920,2.60501,0.151,9.641,0.063,0,540,0
0.082940,2.60564,0.121,9.900,0.101,0,540,0
0.082960,2.60627,0.059,10.019,-0.023,0,540,0
0.082980,2.60689,0.086,10.300,0.075,0,540,0
0.083000,2.60752,0.096,10.499,0.035,0,540,0
0.083020,2.60815,0.022,10.629,0.006,0,540,0
0.083040,2.60878,0.116,10.808,-0.013,0,540,0
0.083060,2.60941,0.154,10.800,0.034,0,0,0
0.083080,2.61004,0.048,10.916,-0.109,0,0,0
0.083100,2.61066,0.037,10.864,-0.110,0,0,0
0.083120,2.61129,0.024,10.702,0.018,0,0,0
0.083140,2.61192,0.096,10.854,-0.122,0,0,0
0.083160,2.61255,0.097,10.822,-0.004,0,0,0
0.083180,2.61318,0.150,10.743,0.023,0,0,0
0.083200,2.61381,-0.000,10.888,-0.003,0,0,0
0.083220,2.61443,0.211,10.712,0.025,0,0,0
0.083240,2.61506,0.063,10.837,-0.006,0,0,0
0.083260,2.61569,0.001,10.661,0.055,0,0,0
0.083280,2.61632,0.115,10.685,0.033,0,0,0
0.083300,2.61695,0.188,10.649,0.017,0,0,0
0.083320,2.61757,0.118,10.629,0.040,0,0,0
0.083340,2.61820,0.101,10.663,0.060,0,0,0
0.083360,2.61883,0.004,10.677,-0.049,0,0,0
0.083380,2.61946,0.009,10.622,0.053,0,0,0
0.083400,2.62009,0.030,10.592,0.003,0,0,0
0.083420,2.62072,0.075,10.614,-0.054,0,0,0
0.083440,2.62134,0.145,10.618,-0.034,0,0,0
0.083460,2.62197,0.083,10.505,0.095,0,0,0
0.083480,2.62260,0.054,10.618,-0.028,0,0,0
0.083500,2.62323,0.030,10.542,-0.081,0,0,0
0.083520,2.62386,0.072,10.611,0.003,0,0,0
0.083540,2.62449,0.177,10.514,0.011,0,0,0
0.083560,2.62511,0.079,10.457,0.001,0,0,0
0.083580,2.62574,0.040,10.453,0.015,0,0,0
0.083600,2.62637,0.039,10.539,0.027,0,0,0
0.083620,2.62700,0.141,10.532,-0.041,0,0,0
0.083640,2.62763,0.120,10.452,-0.025,0,0,0
0.083660,2.62826,0.032,10.493,0.056,0,0,0
0.083680,2.62888,0.123,10.456,-0.026,0,0,0
0.083700,2.62951,0.205,10.439,-0.044,0,0,0
0.083720,2.63014,0.105,10.468,0.025,0,0,0
0.083740,2.63077,0.126,10.412,-0.025,0,0,0
0.083760,2.63140,0.004,10.361,0.033,0,0,0
0.083780,2.63203,-0.038,10.437,-0.004,0,0,0
0.083800,2.63265,0.042,10.302,0.082,0,0,0
0.083820,2.63328,0.137,10.428,0.027,0,0,0
0.083840,2.63391,0.079,10.253,0.025,0,0,0
0.083860,2.63454,0.033,10.289,0.038,0,0,0
0.083880,2.63517,0.119,10.392,0.054,0,0,0
0.083900,2.63580,0.213,10.332,-0.052,0,0,0
0.083920,2.63642,0.172,10.219,-0.104,0,0,0
0.083940,2.63705,-0.006,10.277,-0.008,0,0,0
0.083960,2.63768,0.114,10.233,-0.011,0,0,0
0.083980,2.63831,0.038,10.304,0.001,0,0,0
0.084000,2.63894,0.177,10.207,0.009,0,0,0
0.084020,2.63957,0.039,10.230,-0.009,0,0,0
0.084040,2.64019,0.210,10.244,0.058,0,0,0
0.084060,2.64082,0.058,10.272,0.002,0,0,0
0.084080,2.64145,0.119,10.218,-0.005,0,0,0
0.084100,2.64208,0.039,10.188,0.004,0,0,0
0.084120,2.64271,0.090,10.166,-0.008,0,0,0
0.084140,2.64334,0.120,10.186,-0.147,0,0,0
0.084160,2.64396,0.127,10.331,0.023,0,0,0
0.084180,2.64459,0.049,10.163,-0.020,0,0,0
0.084200,2.64522,-0.010,10.248,-0.030,0,0,0
0.084220,2.64585,0.144,10.177,-0.066,0,0,0
0.084240,2.64648,0.038,10.058,-0.027,0,0,0
0.084260,2.64711,0.087,10.088,0.026,0,0,0
0.084280,2.64773,0.097,10.167,0.008,0,0,0
0.084300,2.64836,0.178,10.080,-0.034,0,0,0
0.084320,2.64899,-0.005,10.096,-0.015,0,0,0
0.084340,2.64962,0.135,10.117,-0.005,0,0,0
0.084360,2.65025,0.094,10.119,-0.002,0,0,0
0.084380,2.65088,-0.008,10.071,0.097,0,0,0
0.084400,2.65150,0.090,10.109,-0.043,0,0,0
0.084420,2.65213,0.071,10.027,-0.019,0,0,0
0.084440,2.65276,0.118,10.069,-0.054,0,0,0
0.084460,2.65339,0.113,10.089,-0.096,0,0,0
0.084480,2.65402,0.131,10.049,0.024,0,0,0
0.084500,2.65465,0.088,10.041,0.025,0,0,0
0.084520,2.65527,0.086,10.034,-0.138,0,0,0
0.084540,2.65590,0.127,10.006,-0.055,0,0,0
0.084560,2.65653,0.048,9.948,0.117,0,0,0
0.084580,2.65716,0.128,9.962,-0.059,0,0,0
0.084600,2.65779,0.095,10.048,0.038,0,0,0
0.084620,2.65842,0.096,9.986,0.098,0,0,0
0.084640,2.65904,0.131,9.944,-0.004,0,0,0
0.084660,2.65967,0.099,9.920,0.041,0,0,0
0.084680,2.66030,0.068,9.938,0.059,0,0,0
0.084700,2.66093,0.144,9.925,0.015,0,0,0
0.084720,2.66156,0.121,10.018,0.028,0,0,0
0.084740,2.66219,0.091,9.888,0.835,0,0,540
0.084760,2.66281,0.114,9.939,1.696,0,0,540
0.084780,2.66344,0.181,9.963,2.695,0,0,540
0.084800,2.66407,0.122,9.927,3.600,0,0,540
0.084820,2.66470,0.076,10.037,4.451,0,0,540
0.084840,2.66533,0.136,9.933,5.459,0,0,540
0.084860,2.66596,0.115,9.852,6.295,0,0,540
0.084880,2.66658,0.105,9.890,7.165,0,0,540
0.084900,2.66721,0.080,9.906,8.045,0,0,540
0.084920,2.66784,0.077,9.960,9.009,0,0,540
0.084940,2.66847,0.101,9.840,9.850,0,0,540
0.084960,2.66910,0.077,9.869,10.600,0,0,540
0.084980,2.66973,0.142,9.855,11.218,0,0,0
0.085000,2.67035,0.079,9.777,11.227,0,0,0
0.085020,2.67098,0.077,9.861,11.117,0,0,0
0.085040,2.67161,0.090,9.862,11.187,0,0,0
0.085060,2.67224,0.091,9.885,11.105,0,0,0
0.085080,2.67287,0.047,9.880,11.108,0,0,0
0.085100,2.67350,0.129,9.835,11.144,0,0,0
0.085120,2.67412,0.158,9.834,11.117,0,0,0
0.085140,2.67475,0.058,9.788,10.979,0,0,0
0.085160,2.67538,0.058,9.810,10.984,0,0,0
0.085180,2.67601,0.089,9.778,11.001,0,0,0
0.085200,2.67664,0.038,9.735,11.040,0,0,0
0.085220,2.67727,0.115,9.728,11.037,0,0,0
0.085240,2.67789,0.090,9.742,10.994,0,0,0
0.085260,2.67852,0.120,9.831,10.982,0,0,0
0.085280,2.67915,0.045,9.656,10.935,0,0,0
0.085300,2.67978,0.112,9.803,10.954,0,0,0
0.085320,2.68041,0.070,9.703,10.967,0,0,0
0.085340,2.68104,0.111,9.784,10.964,0,0,0
0.085360,2.68166,0.140,9.843,11.004,0,0,0
0.085380,2.68229,0.062,9.828,10.928,0,0,0
0.085400,2.68292,0.079,9.691,10.869,0,0,0
0.085420,2.68355,0.223,9.794,10.901,0,0,0
0.085440,2.68418,0.150,9.760,10.824,0,0,0
0.085460,2.68481,0.093,9.759,10.870,0,0,0
0.085480,2.68543,0.002,9.777,10.911,0,0,0
0.085500,2.68606,-0.018,9.740,10.781,0,0,0
0.085520,2.68669,0.126,9.719,10.825,0,0,0
0.085540,2.68732,0.050,9.732,10.810,0,0,0
0.085560,2.68795,0.045,9.705,10.760,0,0,0
0.085580,2.68857,0.151,9.764,10.778,0,0,0
0.085600,2.68920,0.081,9.738,10.857,0,0,0
0.085620,2.68983,0.118,9.666,10.817,0,0,0
0.085640,2.69046,0.155,9.719,10.806,0,0,0
0.085660,2.69109,0.182,9.593,10.832,0,0,0
0.085680,2.69172,0.073,9.702,10.787,0,0,0
0.085700,2.69234,0.155,9.738,10.827,0,0,0
0.085720,2.69297,0.173,9.667,10.779,0,0,0
0.085740,2.69360,0.105,9.709,10.686,0,0,0
0.085760,2.69423,0.184,9.725,10.678,0,0,0
0.085780,2.69486,0.074,9.655,10.646,0,0,0
0.085800,2.69549,0.174,9.593,10.695,0,0,0
0.085820,2.69611,0.103,9.728,10.718,0,0,0
0.085840,2.69674,0.114,9.685,10.737,0,0,0
0.085860,2.69737,0.054,9.602,10.646,0,0,0
0.085880,2.69800,0.235,9.574,10.680,0,0,0
0.085900,2.69863,0.031,9.580,10.617,0,0,0
0.085920,2.69926,0.149,9.625,10.645,0,0,0
0.085940,2.69988,0.124,9.600,10.621,0,0,0
0.085960,2.70051,0.162,9.554,10.579,0,0,0
0.085980,2.70114,0.068,9.656,10.600,0,0,0
0.086000,2.70177,0.072,9.628,10.666,0,0,0
0.086020,2.70240,0.137,9.571,10.563,0,0,0
0.086040,2.70303,0.046,9.634,10.541,0,0,0
0.086060,2.70365,0.113,9.681,10.581,0,0,0
0.086080,2.70428,0.047,9.663,10.526,0,0,0
0.086100,2.70491,0.197,9.557,10.516,0,0,0
0.086120,2.70554,0.181,9.639,10.465,0,0,0
0.086140,2.70617,0.085,9.502,10.417,0,0,0
0.086160,2.70680,0.176,9.607,10.436,0,0,0
0.086180,2.70742,0.142,9.735,10.395,0,0,0
0.086200,2.70805,0.098,9.513,10.473,0,0,0
0.086220,2.70868,0.131,9.626,10.525,0,0,0
0.086240,2.70931,0.077,9.477,10.477,0,0,0
0.086260,2.70994,0.169,9.582,10.443,0,0,0
0.086280,2.71057,0.081,9.555,10.427,0,0,0
0.086300,2.71119,0.175,9.564,10.410,0,0,0
0.086320,2.71182,0.145,9.551,10.389,0,0,0
0.086340,2.71245,0.199,9.573,10.368,0,0,0
0.086360,2.71308,0.172,9.497,10.300,0,0,0
0.086380,2.71371,0.172,9.517,10.350,0,0,0
0.086400,2.71434,0.157,9.477,10.423,0,0,0
0.086420,2.71496,0.049,9.540,10.263,0,0,0
0.086440,2.71559,0.080,9.426,10.210,0,0,0
0.086460,2.71622,0.152,9.499,10.358,0,0,0
0.086480,2.71685,0.137,9.522,10.266,0,0,0
0.086500,2.71748,0.147,9.443,10.267,0,0,0
0.086520,2.71811,0.108,9.495,10.257,0,0,0
0.086540,2.71873,0.089,9.519,10.245,0,0,0
0.086560,2.71936,0.128,9.546,10.205,0,0,0
0.086580,2.71999,0.040,9.539,10.281,0,0,0
0.086600,2.72062,0.120,9.536,10.306,0,0,0
0.086620,2.72125,0.105,9.572,10.138,0,0,0
0.086640,2.72188,0.180,9.490,10.127,0,0,0
0.086660,2.72250,0.039,9.429,10.205,0,0,0
0.086680,2.72313,0.074,9.508,10.147,0,0,0
0.086700,2.72376,0.142,9.471,10.063,0,0,0
0.086720,2.72439,0.134,9.484,10.033,0,0,0
0.086740,2.72502,0.146,9.496,10.115,0,0,0
0.086760,2.72565,0.079,9.406,10.094,0,0,0
0.086780,2.72627,0.178,9.436,10.136,0,0,0
0.086800,2.72690,0.047,9.544,10.073,0,0,0
0.086820,2.72753,0.188,9.384,10.009,0,0,0
0.086840,2.72816,0.209,9.374,9.967,0,0,0
0.086860,2.72879,0.123,9.509,10.056,0,0,0
0.086880,2.72942,0.146,9.463,10.044,0,0,0
0.086900,2.73004,0.210,9.415,10.033,0,0,0
0.086920,2.73067,0.120,9.497,9.997,0,0,0
0.086940,2.73130,0.178,9.491,9.894,0,0,0
0.086960,2.73193,0.111,9.415,10.056,0,0,0
0.086980,2.73256,0.137,9.452,9.801,0,0,0
0.087000,2.73319,0.145,9.402,9.971,0,0,0
0.087020,2.73381,0.005,9.417,9.864,0,0,0
0.087040,2.73444,0.159,9.368,9.911,0,0,0
0.087060,2.73507,0.122,9.311,9.941,0,0,0
0.087080,2.73570,0.113,9.408,9.891,0,0,0
0.087100,2.73633,0.197,9.419,9.897,0,0,0
0.087120,2.73696,0.129,9.503,9.801,0,0,0
0.087140,2.73758,0.129,9.473,9.763,0,0,0
0.087160,2.73821,0.094,9.400,9.825,0,0,0
0.087180,2.73884,0.135,9.392,9.815,0,0,0
0.087200,2.73947,0.049,9.467,9.801,0,0,0
0.087220,2.74010,0.074,9.369,9.846,0,0,0
0.087240,2.74073,0.175,9.375,9.753,0,0,0
0.087260,2.74135,0.167,9.308,9.849,0,0,0
0.087280,2.74198,0.141,9.467,9.774,0,0,0
0.087300,2.74261,0.056,9.412,9.698,0,0,0
0.087320,2.74324,0.188,9.315,9.623,0,0,0
0.087340,2.74387,0.172,9.435,9.726,0,0,0
0.087360,2.74450,0.087,9.386,9.707,0,0,0
0.087380,2.74512,0.137,9.385,9.668,0,0,0
0.087400,2.74575,0.083,9.383,9.580,0,0,0
0.087420,2.74638,0.176,9.313,9.671,0,0,0
0.087440,2.74701,0.235,9.313,9.635,0,0,0
0.087460,2.74764,0.188,9.376,9.701,0,0,0
0.087480,2.74827,0.157,9.340,9.639,0,0,0
0.087500,2.74889,0.193,9.303,9.593,0,-540,0
0.087520,2.74952,0.078,9.045,9.644,0,-540,0
0.087540,2.75015,0.119,8.906,9.521,0,-540,0
0.087560,2.75078,0.127,8.854,9.616,0,-540,0
0.087580,2.75141,0.141,8.650,9.476,0,-540,0
0.087600,2.75204,0.142,8.420,9.550,0,-540,0
0.087620,2.75266,0.190,8.367,9.488,0,-540,0
0.087640,2.75329,0.076,8.193,9.409,0,-540,0
0.087660,2.75392,0.183,8.129,9.463,0,-540,0
0.087680,2.75455,0.156,7.791,9.490,0,-540,0
0.087700,2.75518,0.140,7.698,9.337,0,-540,0
0.087720,2.75581,0.163,7.479,9.416,0,-540,0
0.087740,2.75643,0.183,7.332,9.367,0,-540,0
0.087760,2.75706,0.208,7.155,9.362,0,-540,0
0.087780,2.75769,0.214,7.132,9.343,0,-540,0
0.087800,2.75832,0.198,6.991,9.345,0,-540,0
0.087820,2.75895,0.183,6.816,9.335,0,-540,0
0.087840,2.75957,0.234,6.698,9.359,0,-540,0
0.087860,2.76020,0.140,6.584,9.306,0,-540,0
0.087880,2.76083,0.219,6.421,9.216,0,-540,0
0.087900,2.76146,0.243,6.267,9.251,0,-540,0
0.087920,2.76209,0.179,6.201,9.261,0,-540,0
0.087940,2.76272,0.102,6.054,9.634,0,-540,540
0.087960,2.76334,0.186,5.995,10.502,0,-540,540
0.087980,2.76397,0.159,5.748,10.886,0,-540,0
0.088000,2.76460,0.190,5.577,10.941,0,-540,0
0.088020,2.76523,0.138,5.566,10.828,0,-540,0
0.088040,2.76586,0.209,5.492,10.863,0,-540,0
0.088060,2.76649,0.236,5.271,10.872,0,-540,0
0.088080,2.76711,0.184,5.100,10.774,0,-540,0
0.088100,2.76774,0.149,5.007,10.747,0,-540,0
0.088120,2.76837,0.237,4.906,10.888,0,-540,0
0.088140,2.76900,0.161,4.784,10.829,0,-540,0
0.088160,2.76963,0.108,4.674,10.731,0,-540,0
0.088180,2.77026,0.104,4.646,10.773,0,-540,0
0.088200,2.77088,0.157,4.500,10.773,0,-540,0
0.088220,2.77151,0.192,4.361,10.801,0,-540,0
0.088240,2.77214,0.153,4.293,10.672,0,-540,0
0.088260,2.77277,0.158,4.053,10.649,0,-540,0
0.088280,2.77340,0.242,3.953,10.597,0,-540,0
0.088300,2.77403,0.174,3.904,10.684,0,-540,0
0.088320,2.77465,0.150,3.816,10.558,0,-540,0
0.088340,2.77528,0.188,3.734,10.548,0,-540,0
0.088360,2.77591,0.148,3.577,10.580,0,-540,0
0.088380,2.77654,0.222,3.498,10.524,0,-540,0
0.088400,2.77717,0.112,3.434,10.553,0,-540,0
0.088420,2.77780,0.109,3.324,10.570,0,-540,0
0.088440,2.77842,0.135,3.181,10.401,0,-540,0
0.088460,2.77905,0.170,3.084,10.438,0,-540,0
0.088480,2.77968,0.169,3.037,10.538,0,-540,0
0.088500,2.78031,0.181,2.865,10.397,0,-540,0
0.088520,2.78094,0.158,2.804,10.303,0,-540,0
0.088540,2.78157,0.129,2.750,10.295,0,-540,0
0.088560,2.78219,0.227,2.598,10.277,0,-540,0
0.088580,2.78282,0.229,2.526,10.320,0,-540,0
0.088600,2.78345,0.191,2.323,10.271,0,-540,0
0.088620,2.78408,0.176,2.357,10.290,0,-540,0
0.088640,2.78471,0.121,2.374,10.283,0,-540,0
0.088660,2.78534,0.209,2.146,10.160,0,-540,0
0.088680,2.78596,0.256,2.028,10.303,0,-540,0
0.088700,2.78659,0.209,1.963,10.173,0,-540,0
0.088720,2.78722,0.159,2.057,10.150,0,-540,0
0.088740,2.78785,0.275,2.008,10.126,0,-540,0
0.088760,2.78848,0.224,2.067,10.199,0,-540,0
0.088780,2.78911,0.149,1.993,10.206,0,-540,0
0.088800,2.78973,0.172,1.909,10.102,0,-540,0
0.088820,2.79036,0.208,2.005,10.025,0,-540,0
0.088840,2.79099,0.245,1.964,10.015,0,-540,0
0.088860,2.79162,0.257,1.976,10.044,0,-540,0
0.088880,2.79225,0.171,1.989,10.007,0,-540,0
0.088900,2.79288,0.183,2.110,9.910,0,-540,0
0.088920,2.79350,0.255,1.957,9.962,0,-540,0
0.088940,2.79413,0.195,2.085,9.940,0,-540,0
0.088960,2.79476,0.215,1.972,9.888,0,-540,0
0.088980,2.79539,0.164,2.013,9.891,0,-540,0
0.089000,2.79602,0.225,2.065,9.898,0,-540,0
0.089020,2.79665,0.062,2.067,9.859,0,-540,0
0.089040,2.79727,0.039,2.050,9.740,0,-540,0
0.089060,2.79790,0.096,1.933,9.714,0,-540,0
0.089080,2.79853,0.066,2.087,9.740,0,-540,0
0.089100,2.79916,0.083,1.923,9.765,0,-540,0
0.089120,2.79979,0.087,1.912,9.680,0,-540,0
0.089140,2.80042,0.159,1.934,9.651,0,-540,0
0.089160,2.80104,0.140,2.117,9.682,0,-540,0
0.089180,2.80167,0.105,1.984,9.562,0,-540,0
0.089200,2.80230,0.078,1.998,9.614,0,-540,0
0.089220,2.80293,0.074,2.010,9.650,0,-540,0
0.089240,2.80356,0.210,2.049,9.438,0,-540,0
0.089260,2.80419,0.205,1.983,9.525,0,-540,0
0.089280,2.80481,0.066,1.969,9.491,0,-540,0
0.089300,2.80544,0.073,2.081,9.550,0,-540,0
0.089320,2.80607,-0.072,1.944,9.393,0,-540,0
0.089340,2.80670,0.067,2.006,9.419,0,-540,0
0.089360,2.80733,0.026,2.091,9.384,0,-540,0
0.089380,2.80796,0.069,2.113,9.412,0,-540,0
0.089400,2.80858,0.092,2.027,9.392,0,-540,0
0.089420,2.80921,0.163,2.079,9.306,0,-540,0
0.089440,2.80984,0.172,2.047,9.291,0,-540,0
0.089460,2.81047,0.068,1.910,9.603,0,-540,540
0.089480,2.81110,0.095,1.991,10.525,0,-540,540
0.089500,2.81173,0.115,2.006,10.852,0,-540,0
0.089520,2.81235,0.118,1.937,10.776,0,-540,0
0.089540,2.81298,0.100,2.051,10.796,0,-540,0
0.089560,2.81361,0.156,2.070,10.753,0,-540,0
0.089580,2.81424,0.154,2.024,10.720,0,-540,0
0.089600,2.81487,0.101,2.012,10.679,0,-540,0
0.089620,2.81550,0.132,2.028,10.713,0,-540,0
0.089640,2.81612,0.151,2.012,10.538,0,-540,0
0.089660,2.81675,0.109,1.940,10.570,0,-540,0
0.089680,2.81738,0.161,2.006,10.647,0,-540,0
0.089700,2.81801,0.134,1.941,10.568,0,-540,0
0.089720,2.81864,0.146,2.080,10.522,0,-540,0
0.089740,2.81927,0.119,2.030,10.466,0,-540,0
0.089760,2.81989,0.218,2.007,10.524,0,-540,0
0.089780,2.82052,0.191,1.905,10.382,0,-540,0
0.089800,2.82115,0.119,2.035,10.459,0,-540,0
0.089820,2.82178,0.130,2.021,10.310,0,-540,0
0.089840,2.82241,0.142,1.951,10.279,0,-540,0
0.089860,2.82304,0.108,1.996,10.297,0,-540,0
0.089880,2.82366,0.171,2.106,10.156,0,-540,0
0.089900,2.82429,0.228,1.929,10.164,0,-540,0
0.089920,2.82492,0.131,1.906,10.109,0,-540,0
0.089940,2.82555,0.165,2.046,10.092,0,-540,0
0.089960,2.82618,0.066,1.948,10.040,0,-540,0
0.089980,2.82681,0.039,1.979,10.032,0,-540,0
0.090000,2.82743,0.105,2.112,10.055,0,-540,0
0.090020,2.82806,0.138,1.943,9.874,0,-540,0
0.090040,2.82869,0.140,1.870,9.977,0,-540,0
0.090060,2.82932,0.115,2.045,9.890,0,-540,0
0.090080,2.82995,0.102,2.008,9.860,0,-540,0
0.090100,2.83057,0.187,1.998,9.841,0,-540,0
0.090120,2.83120,0.201,2.088,9.802,0,-540,0
0.090140,2.83183,0.113,1.981,9.745,0,-540,0
0.090160,2.83246,0.101,1.963,9.782,0,-540,0
0.090180,2.83309,0.067,2.048,9.692,0,-540,0
0.090200,2.83372,0.234,2.049,9.705,0,-540,0
0.090220,2.83434,0.101,1.974,9.640,0,-540,0
0.090240,2.83497,0.154,1.980,9.653,0,-540,0
0.090260,2.83560,0.189,2.024,9.605,0,-540,0
0.090280,2.83623,0.177,2.064,9.640,0,-540,0
0.090300,2.83686,0.025,2.020,9.490,0,-540,0
0.090320,2.83749,0.055,1.968,9.559,0,-540,0
0.090340,2.83811,0.143,2.052,9.538,0,-540,0
0.090360,2.83874,0.141,1.950,9.393,0,-540,0
0.090380,2.83937,0.149,2.098,9.365,0,-540,0
0.090400,2.84000,0.090,2.109,9.297,0,-540,0
0.090420,2.84063,0.169,2.017,9.321,0,-540,0
0.090440,2.84126,0.238,2.006,9.235,0,-540,0
0.090460,2.84188,0.194,2.033,9.191,0,-540,0
0.090480,2.84251,0.135,2.113,9.587,0,-540,540
0.090500,2.84314,0.202,2.052,10.300,0,-540,540
0.090520,2.84377,0.138,1.951,11.054,0,-540,540
0.090540,2.84440,0.133,1.985,11.054,0,-540,0
0.090560,2.84503,0.132,2.005,10.959,0,-540,0
0.090580,2.84565,0.134,2.061,10.871,0,-540,0
0.090600,2.84628,0.070,2.018,10.916,0,-540,0
0.090620,2.84691,0.098,1.915,10.884,0,-540,0
0.090640,2.84754,0.037,1.969,10.756,0,-540,0
0.090660,2.84817,0.146,1.999,10.669,0,-540,0
0.090680,2.84880,0.208,2.069,10.642,0,-540,0
0.090700,2.84942,0.194,1.955,10.622,0,-540,0
0.090720,2.85005,0.127,2.062,10.564,0,-540,0
0.090740,2.85068,0.147,2.067,10.598,0,-540,0
0.090760,2.85131,0.113,1.978,10.576,0,-540,0
0.090780,2.85194,0.164,2.024,10.483,0,-540,0
0.090800,2.85257,0.063,2.049,10.335,0,-540,0
0.090820,2.85319,0.090,1.956,10.306,0,-540,0
0.090840,2.85382,0.178,2.058,10.344,0,-540,0
0.090860,2.85445,0.145,2.019,10.325,0,-540,0
0.090880,2.85508,0.147,1.931,10.226,0,-540,0
0.090900,2.85571,0.227,1.939,10.215,0,-540,0
0.090920,2.85634,0.117,1.954,10.102,0,-540,0
0.090940,2.85696,0.098,2.024,10.145,0,-540,0
0.090960,2.85759,0.213,2.129,10.075,0,-540,0
0.090980,2.85822,0.207,1.962,10.024,0,-540,0
0.091000,2.85885,0.053,1.963,10.015,0,-540,0
0.091020,2.85948,0.228,1.951,9.973,0,-540,0
0.091040,2.86011,0.085,2.019,9.874,0,-540,0
0.091060,2.86073,0.234,2.075,9.821,0,-540,0
0.091080,2.86136,0.137,1.971,9.727,0,-540,0
0.091100,2.86199,0.099,2.104,9.796,0,-540,0
0.091120,2.86262,0.109,1.955,9.653,0,-540,0
0.091140,2.86325,0.163,1.989,9.699,0,-540,0
0.091160,2.86388,0.145,1.992,9.635,0,-540,0
0.091180,2.86450,0.056,2.002,9.532,0,-540,0
0.091200,2.86513,0.187,1.950,9.460,0,-540,0
0.091220,2.86576,0.094,2.008,9.495,0,-540,0
0.091240,2.86639,0.185,1.972,9.535,0,-540,0
0.091260,2.86702,0.106,1.988,9.347,0,-540,0
0.091280,2.86765,0.055,2.028,9.296,0,-540,0
0.091300,2.86827,0.106,1.984,9.342,0,-540,0
0.091320,2.86890,0.197,2.037,9.623,0,-540,540
0.091340,2.86953,0.184,1.926,10.226,0,-540,540
0.091360,2.87016,0.144,2.030,10.919,0,-540,540
0.091380,2.87079,0.180,1.980,10.863,0,-540,0
0.091400,2.87142,0.200,2.021,10.752,0,-540,0
0.091420,2.87204,0.144,1.979,10.681,0,-540,0
0.091440,2.87267,0.047,1.860,10.791,0,-540,0
0.091460,2.87330,0.142,2.096,10.675,0,-540,0
0.091480,2.87393,0.135,2.042,10.619,0,-540,0
0.091500,2.87456,0.115,2.010,10.563,0,-540,0
0.091520,2.87519,0.147,2.045,10.583,0,-540,0
0.091540,2.87581,0.107,2.036,10.428,0,-540,0
0.091560,2.87644,0.177,2.022,10.373,0,-540,0
0.091580,2.87707,0.092,1.966,10.292,0,-540,0
0.091600,2.87770,0.206,1.997,10.229,0,-540,0
0.091620,2.87833,0.225,2.060,10.211,0,-540,0
0.091640,2.87896,0.215,2.002,10.125,0,-540,0
0.091660,2.87958,0.152,2.006,10.124,0,-540,0
0.091680,2.88021,0.171,1.996,10.025,0,-540,0
0.091700,2.88084,0.239,1.872,10.076,0,-540,0
0.091720,2.88147,0.147,1.874,10.062,0,-540,0
0.091740,2.88210,0.217,1.972,9.804,0,-540,0
0.091760,2.88273,0.228,1.926,9.846,0,-540,0
0.091780,2.88335,0.171,2.000,9.754,0,-540,0
0.091800,2.88398,0.223,1.965,9.732,0,-540,0
0.091820,2.88461,0.210,1.994,9.790,0,-540,0
0.091840,2.88524,0.178,1.971,9.599,0,-540,0
0.091860,2.88587,0.191,1.960,9.557,0,-540,0
0.091880,2.88650,0.212,1.947,9.559,0,-540,0
0.091900,2.88712,0.159,2.063,9.478,0,-540,0
0.091920,2.88775,0.135,2.001,9.367,0,-540,0
0.091940,2.88838,0.158,2.005,9.369,0,-540,0
0.091960,2.88901,0.147,1.985,9.380,0,-540,0
0.091980,2.88964,0.288,1.948,9.355,0,-540,0
0.092000,2.89027,0.112,1.921,9.246,0,-540,0
0.092020,2.89089,0.203,1.930,9.658,0,-540,540
0.092040,2.89152,0.148,2.013,10.381,0,-540,540
0.092060,2.89215,0.168,1.955,10.960,0,-540,540
0.092080,2.89278,0.164,1.970,10.904,0,-540,0
0.092100,2.89341,0.124,2.009,10.818,0,-540,0
0.092120,2.89404,0.221,2.014,10.888,0,-540,0
0.092140,2.89466,0.203,2.055,10.679,0,-540,0
0.092160,2.89529,0.222,2.043,10.716,0,-540,0
0.092180,2.89592,0.225,2.095,10.540,0,-540,0
0.092200,2.89655,0.203,1.957,10.537,0,-540,0
0.092220,2.89718,0.141,2.113,10.533,0,-540,0
0.092240,2.89781,0.160,2.016,10.440,0,-540,0
0.092260,2.89843,0.175,1.979,10.348,0,-540,0
0.092280,2.89906,-0.032,1.980,10.288,0,-540,0
0.092300,2.89969,0.115,2.007,10.228,0,-540,0
0.092320,2.90032,-0.069,1.996,10.253,0,-540,0
0.092340,2.90095,-0.009,1.952,10.088,0,-540,0
0.092360,2.90157,-0.041,1.948,10.084,0,-540,0
0.092380,2.90220,-0.007,2.070,10.007,0,-540,0
0.092400,2.90283,-0.016,1.913,10.046,0,-540,0
0.092420,2.90346,-0.018,2.060,9.852,0,-540,0
0.092440,2.90409,-0.088,1.948,9.828,0,-540,0
0.092460,2.90472,-0.010,1.972,9.723,0,-540,0
0.092480,2.90534,0.092,2.010,9.740,0,-540,0
0.092500,2.90597,0.073,2.054,9.671,0,-540,0
0.092520,2.90660,-0.067,1.961,9.603,0,-540,0
0.092540,2.90723,-0.003,2.069,9.528,0,-540,0
0.092560,2.90786,0.035,1.959,9.504,0,-540,0
0.092580,2.90849,0.011,1.983,9.459,0,-540,0
0.092600,2.90911,-0.012,2.009,9.353,0,-540,0
0.092620,2.90974,-0.028,1.876,9.236,0,-540,0
0.092640,2.91037,0.013,2.012,9.308,0,-540,0
0.092660,2.91100,-0.028,1.937,9.179,0,-540,0
0.092680,2.91163,-0.022,2.043,9.723,0,-540,540
0.092700,2.91226,0.018,2.010,10.217,0,-540,540
0.092720,2.91288,-0.022,1.866,10.737,0,-540,540
0.092740,2.91351,0.060,2.011,10.886,0,-540,0
0.092760,2.91414,0.079,2.024,10.911,0,-540,0
0.092780,2.91477,0.006,1.986,10.847,0,-540,0
0.092800,2.91540,-0.010,2.036,10.700,0,-540,0
0.092820,2.91603,0.011,2.002,10.706,0,-540,0
0.092840,2.91665,-0.103,1.978,10.577,0,-540,0
0.092860,2.91728,0.025,1.945,10.673,0,-540,0
0.092880,2.91791,-0.034,2.004,10.480,0,-540,0
0.092900,2.91854,0.089,1.939,10.449,0,-540,0
0.092920,2.91917,-0.049,2.015,10.389,0,-540,0
0.092940,2.91980,0.030,1.898,10.272,0,-540,0
0.092960,2.92042,-0.012,1.936,10.218,0,-540,0
0.092980,2.92105,-0.010,2.028,10.158,0,-540,0
0.093000,2.92168,-0.028,2.060,10.098,0,-540,0
0.093020,2.92231,-0.000,1.922,10.118,0,-540,0
0.093040,2.92294,-0.028,1.970,10.057,0,-540,0
0.093060,2.92357,0.011,1.986,9.840,0,-540,0
0.093080,2.92419,0.017,2.024,9.725,0,-540,0
0.093100,2.92482,0.053,2.070,9.720,0,-540,0
0.093120,2.92545,0.010,2.098,9.773,0,-540,0
0.093140,2.92608,0.032,2.054,9.740,0,-540,0
0.093160,2.92671,-0.096,2.034,9.672,0,-540,0
0.093180,2.92734,-0.017,2.049,9.467,0,-540,0
0.093200,2.92796,0.008,1.977,9.526,0,-540,0
0.093220,2.92859,-0.023,2.001,9.400,0,-540,0
0.093240,2.92922,-0.016,1.977,9.316,0,-540,0
0.093260,2.92985,-0.001,1.975,9.403,0,-540,0
0.093280,2.93048,-0.066,2.027,9.240,0,-540,0
0.093300,2.93111,0.094,2.084,9.514,0,-540,540
0.093320,2.93173,-0.025,2.012,9.896,0,-540,540
0.093340,2.93236,0.024,1.984,10.409,0,-540,540
0.093360,2.93299,0.006,2.064,10.843,0,-540,540
0.093380,2.93362,0.040,2.048,11.027,0,-540,0
0.093400,2.93425,-0.050,2.086,11.008,0,-540,0
0.093420,2.93488,0.041,2.010,10.792,0,-540,0
0.093440,2.93550,-0.029,2.027,10.825,0,-540,0
0.093460,2.93613,0.004,1.978,10.653,0,-540,0
0.093480,2.93676,0.035,2.053,10.653,0,-540,0
0.093500,2.93739,0.010,1.998,10.536,0,-540,0
0.093520,2.93802,0.006,2.012,10.513,0,-540,0
0.093540,2.93865,0.010,1.909,10.396,0,-540,0
0.093560,2.93927,0.027,2.059,10.422,0,-540,0
0.093580,2.93990,-0.026,2.031,10.343,0,-540,0
0.093600,2.94053,0.014,2.000,10.257,0,-540,0
0.093620,2.94116,0.060,1.974,10.132,0,-540,0
0.093640,2.94179,-0.063,2.018,10.156,0,-540,0
0.093660,2.94242,-0.063,1.978,9.963,0,-540,0
0.093680,2.94304,0.057,1.905,9.858,0,-540,0
0.093700,2.94367,0.051,2.061,9.895,0,-540,0
0.093720,2.94430,0.037,2.053,9.919,0,-540,0
0.093740,2.94493,0.001,1.990,9.717,0,-540,0
0.093760,2.94556,0.048,1.955,9.712,0,-540,0
0.093780,2.94619,-0.029,1.974,9.624,0,-540,0
0.093800,2.94681,0.024,1.994,9.605,0,-540,0
0.093820,2.94744,0.022,2.052,9.586,0,-540,0
0.093840,2.94807,-0.097,2.035,9.433,0,-540,0
0.093860,2.94870,0.038,1.996,9.383,0,-540,0
0.093880,2.94933,0.042,1.983,9.298,0,-540,0
0.093900,2.94996,-0.041,2.039,9.159,0,-540,0
0.093920,2.95058,-0.026,1.894,9.175,0,-540,0
0.093940,2.95121,-0.028,2.044,9.609,0,-540,540
0.093960,2.95184,-0.067,1.974,9.973,0,-540,540
0.093980,2.95247,0.035,1.951,10.395,0,-540,540
0.094000,2.95310,0.033,2.100,10.801,0,-540,540
0.094020,2.95373,0.001,1.971,10.960,0,-540,0
0.094040,2.95435,-0.039,2.025,10.901,0,-540,0
0.094060,2.95498,-0.043,2.056,10.877,0,-540,0
0.094080,2.95561,-0.016,2.051,10.780,0,-540,0
0.094100,2.95624,-0.032,1.880,10.659,0,-540,0
0.094120,2.95687,0.057,2.100,10.657,0,-540,0
0.094140,2.95750,-0.034,2.004,10.631,0,-540,0
0.094160,2.95812,0.017,2.022,10.453,0,-540,0
0.094180,2.95875,0.014,1.952,10.418,0,-540,0
0.094200,2.95938,-0.003,2.004,10.346,0,-540,0
0.094220,2.96001,0.037,1.999,10.226,0,-540,0
0.094240,2.96064,-0.089,2.018,10.190,0,-540,0
0.094260,2.96127,0.008,2.050,10.149,0,-540,0
0.094280,2.96189,0.051,1.916,9.960,0,-540,0
0.094300,2.96252,0.054,2.006,10.008,0,-540,0
0.094320,2.96315,-0.120,1.914,9.956,0,-540,0
0.094340,2.96378,0.027,1.873,9.843,0,-540,0
0.094360,2.96441,0.073,2.008,9.796,0,-540,0
0.094380,2.96504,-0.071,1.965,9.647,0,-540,0
0.094400,2.96566,0.117,2.026,9.671,0,-540,0
0.094420,2.96629,0.028,1.984,9.611,0,-540,0
0.094440,2.96692,-0.063,1.935,9.474,0,-540,0
0.094460,2.96755,-0.016,1.936,9.494,0,-540,0
0.094480,2.96818,0.024,2.000,9.441,0,-540,0
0.094500,2.96881,0.038,2.041,9.239,0,-540,0
0.094520,2.96943,-0.084,2.007,9.352,0,-540,0
0.094540,2.97006,-0.082,1.949,9.214,0,-540,0
0.094560,2.97069,0.039,2.061,9.543,0,-540,540
0.094580,2.97132,0.031,2.070,9.912,0,-540,540
0.094600,2.97195,-0.057,2.055,10.219,0,-540,540
0.094620,2.97257,-0.009,1.996,10.557,0,-540,540
0.094640,2.97320,0.029,1.968,10.689,0,-540,0
0.094660,2.97383,-0.004,1.924,10.705,0,-540,0
0.094680,2.97446,0.036,2.001,10.572,0,-540,0
0.094700,2.97509,-0.012,2.002,10.649,0,-540,0
0.094720,2.97572,0.034,1.996,10.568,0,-540,0
0.094740,2.97634,0.076,1.997,10.389,0,-540,0
0.094760,2.97697,-0.025,1.971,10.286,0,-540,0
0.094780,2.97760,0.031,1.972,10.353,0,-540,0
0.094800,2.97823,-0.039,1.965,10.225,0,-540,0
0.094820,2.97886,0.095,2.116,10.173,0,-540,0
0.094840,2.97949,-0.062,1.951,10.092,0,-540,0
0.094860,2.98011,0.103,2.016,10.037,0,-540,0
0.094880,2.98074,0.161,2.017,9.927,0,-540,0
0.094900,2.98137,-0.034,1.956,9.884,0,-540,0
0.094920,2.98200,0.044,2.121,9.870,0,-540,0
0.094940,2.98263,0.024,1.998,9.808,0,-540,0
0.094960,2.98326,0.019,2.001,9.716,0,-540,0
0.094980,2.98388,0.120,2.042,9.602,0,-540,0
0.095000,2.98451,-0.014,1.957,9.495,0,-540,0
0.095020,2.98514,-0.005,2.038,9.546,0,-540,0
0.095040,2.98577,-0.036,1.973,9.487,0,-540,0
0.095060,2.98640,0.042,2.028,9.456,0,-540,0
0.095080,2.98703,-0.005,1.936,9.340,0,-540,0
0.095100,2.98765,-0.008,1.952,9.210,0,-540,0
0.095120,2.98828,0.023,2.064,9.552,0,-540,540
0.095140,2.98891,0.033,1.999,9.953,0,-540,540
0.095160,2.98954,0.028,1.962,10.224,0,-540,540
0.095180,2.99017,-0.068,2.005,10.636,0,-540,540
0.095200,2.99080,-0.075,1.932,10.791,0,-540,540
0.095220,2.99142,-0.046,1.987,10.888,0,-540,0
0.095240,2.99205,-0.077,1.932,10.687,0,-540,0
0.095260,2.99268,-0.035,1.998,10.582,0,-540,0
0.095280,2.99331,0.060,1.990,10.590,0,-540,0
0.095300,2.99394,-0.018,2.081,10.474,0,-540,0
0.095320,2.99457,0.005,1.991,10.522,0,-540,0
0.095340,2.99519,0.037,2.057,10.379,0,-540,0
0.095360,2.99582,-0.066,2.028,10.361,0,-540,0
0.095380,2.99645,0.047,2.030,10.291,0,-540,0
0.095400,2.99708,-0.044,1.981,10.268,0,-540,0
0.095420,2.99771,-0.042,2.196,10.145,0,-540,0
0.095440,2.99834,0.063,1.985,10.061,0,-540,0
0.095460,2.99896,0.016,2.016,9.972,0,-540,0
0.095480,2.99959,-0.031,1.963,9.943,0,-540,0
0.095500,3.00022,-0.067,1.959,9.899,0,-540,0
0.095520,3.00085,-0.028,2.057,9.758,0,-540,0
0.095540,3.00148,0.021,1.963,9.695,0,-540,0
0.095560,3.00211,0.046,1.963,9.677,0,-540,0
0.095580,3.00273,-0.034,1.952,9.540,0,-540,0
0.095600,3.00336,0.020,1.929,9.627,0,-540,0
0.095620,3.00399,-0.080,1.996,9.496,0,-540,0
0.095640,3.00462,-0.136,2.004,9.531,0,-540,0
0.095660,3.00525,-0.008,2.082,9.498,0,-540,0
0.095680,3.00588,0.011,2.006,9.256,0,-540,0
0.095700,3.00650,0.050,2.021,9.318,0,-540,0
0.095720,3.00713,0.021,1.987,9.228,0,-540,0
0.095740,3.00776,-0.047,1.979,9.335,0,-540,0
0.095760,3.00839,-0.049,1.844,9.312,0,-540,540
0.095780,3.00902,-0.033,2.041,9.623,0,-540,540
0.095800,3.00965,0.012,1.904,9.933,0,-540,540
0.095820,3.01027,0.001,1.974,10.142,0,-540,540
0.095840,3.01090,-0.015,1.952,10.480,0,-540,540
0.095860,3.01153,-0.008,2.000,10.775,0,-540,540
0.095880,3.01216,0.001,1.936,10.811,0,-540,0
0.095900,3.01279,0.058,1.964,10.648,0,-540,0
0.095920,3.01342,-0.020,2.015,10.763,0,-540,0
0.095940,3.01404,0.007,1.963,10.629,0,-540,0
0.095960,3.01467,-0.014,1.933,10.586,0,-540,0
0.095980,3.01530,-0.013,1.960,10.561,0,-540,0
0.096000,3.01593,0.076,1.903,10.488,0,-540,0
0.096020,3.01656,-0.052,1.941,10.375,0,-540,0
0.096040,3.01719,0.031,1.980,10.294,0,-540,0
0.096060,3.01781,0.012,2.055,10.341,0,-540,0
0.096080,3.01844,0.012,2.049,10.228,0,-540,0
0.096100,3.01907,0.025,1.993,10.136,0,-540,0
0.096120,3.01970,-0.022,2.043,10.144,0,-540,0
0.096140,3.02033,-0.079,2.032,10.071,0,-540,0
0.096160,3.02096,0.037,1.978,10.033,0,-540,0
0.096180,3.02158,0.032,2.016,9.939,0,-540,0
0.096200,3.02221,-0.001,1.925,9.920,0,-540,0
0.096220,3.02284,0.069,2.041,9.914,0,-540,0
0.096240,3.02347,0.034,1.980,9.752,0,-540,0
0.096260,3.02410,-0.004,2.067,9.818,0,-540,0
0.096280,3.02473,-0.009,1.999,9.671,0,-540,0
0.096300,3.02535,0.024,1.960,9.661,0,-540,0
0.096320,3.02598,-0.052,1.989,9.627,0,-540,0
0.096340,3.02661,-0.110,1.942,9.434,0,-540,0
0.096360,3.02724,0.037,2.052,9.475,0,-540,0
0.096380,3.02787,0.037,2.080,9.429,0,-540,0
0.096400,3.02850,-0.062,2.023,9.345,0,-540,0
0.096420,3.02912,-0.010,1.962,9.354,0,-540,0
0.096440,3.02975,0.055,1.938,9.427,0,-540,0
0.096460,3.03038,0.044,1.972,9.321,0,-540,0
0.096480,3.03101,0.015,1.920,9.386,0,-540,540
0.096500,3.03164,-0.007,1.944,9.659,0,-540,540
0.096520,3.03227,0.003,1.929,9.830,0,-540,540
0.096540,3.03289,0.011,2.028,10.113,0,-540,540
0.096560,3.03352,-0.044,1.999,10.306,0,-540,540
0.096580,3.03415,-0.050,2.037,10.595,0,-540,540
0.096600,3.03478,-0.083,2.056,10.794,0,-540,0
0.096620,3.03541,0.039,1.995,10.675,0,-540,0
0.096640,3.03604,-0.042,1.966,10.607,0,-540,0
0.096660,3.03666,0.054,2.058,10.587,0,-540,0
0.096680,3.03729,0.010,1.961,10.509,0,-540,0
0.096700,3.03792,-0.059,1.990,10.408,0,-540,0
0.096720,3.03855,-0.063,2.035,10.351,0,-540,0
0.096740,3.03918,-0.067,2.038,10.348,0,-540,0
0.096760,3.03981,0.028,1.989,10.346,0,-540,0
0.096780,3.04043,-0.111,2.038,10.251,0,-540,0
0.096800,3.04106,0.137,2.000,10.160,0,-540,0
0.096820,3.04169,0.022,2.010,10.182,0,-540,0
0.096840,3.04232,0.014,1.937,10.086,0,-540,0
0.096860,3.04295,0.062,2.020,10.081,0,-540,0
0.096880,3.04357,-0.116,1.954,10.019,0,-540,0
0.096900,3.04420,0.028,2.077,9.987,0,-540,0
0.096920,3.04483,-0.033,1.897,9.983,0,-540,0
0.096940,3.04546,0.014,2.014,9.767,0,-540,0
0.096960,3.04609,-0.083,1.952,9.856,0,-540,0
0.096980,3.04672,-0.028,1.963,9.833,0,-540,0
0.097000,3.04734,-0.039,2.050,9.731,0,-540,0
0.097020,3.04797,0.054,2.041,9.753,0,-540,0
0.097040,3.04860,-0.056,2.024,9.605,0,-540,0
0.097060,3.04923,0.021,2.032,9.615,0,-540,0
0.097080,3.04986,0.003,2.076,9.602,0,-540,0
0.097100,3.05049,-0.007,1.945,9.475,0,-540,0
0.097120,3.05111,-0.014,2.051,9.500,0,-540,0
0.097140,3.05174,-0.005,2.000,9.455,0,-540,0
0.097160,3.05237,0.008,1.948,9.386,0,-540,0
0.097180,3.05300,0.006,1.969,9.450,0,-540,0
0.097200,3.05363,0.073,1.966,9.275,0,-540,0
0.097220,3.05426,0.064,2.015,9.268,0,-540,0
0.097240,3.05488,0.008,1.978,9.317,0,-540,0
0.097260,3.05551,-0.056,1.970,9.275,0,-540,0
0.097280,3.05614,-0.024,2.015,9.460,0,-540,540
0.097300,3.05677,-0.025,2.034,9.674,0,-540,540
0.097320,3.05740,0.039,1.913,9.857,0,-540,540
0.097340,3.05803,-0.068,1.962,10.164,0,-540,540
0.097360,3.05865,-0.011,2.058,10.435,0,-540,540
0.097380,3.05928,0.026,2.026,10.574,0,-540,540
0.097400,3.05991,-0.042,1.938,10.821,0,-540,540
0.097420,3.06054,-0.031,1.969,10.793,0,-540,0
0.097440,3.06117,0.032,2.008,10.836,0,-540,0
0.097460,3.06180,0.023,1.991,10.682,0,-540,0
0.097480,3.06242,0.048,2.019,10.605,0,-540,0
0.097500,3.06305,0.051,1.926,10.594,0,-540,0
0.097520,3.06368,0.030,1.980,10.554,0,-540,0
0.097540,3.06431,-0.023,2.001,10.482,0,-540,0
0.097560,3.06494,0.045,2.031,10.406,0,-540,0
0.097580,3.06557,0.038,2.037,10.456,0,-540,0
0.097600,3.06619,0.080,2.021,10.349,0,-540,0
0.097620,3.06682,0.096,1.957,10.404,0,-540,0
0.097640,3.06745,0.027,1.987,10.329,0,-540,0
0.097660,3.06808,-0.020,1.911,10.317,0,-540,0
0.097680,3.06871,0.029,1.929,10.354,0,-540,0
0.097700,3.06934,0.005,2.060,10.119,0,-540,0
0.097720,3.06996,0.086,1.971,10.147,0,-540,0
0.097740,3.07059,-0.025,1.946,10.102,0,-540,0
0.097760,3.07122,0.061,1.925,10.147,0,-540,0
0.097780,3.07185,-0.060,1.947,10.082,0,-540,0
0.097800,3.07248,-0.063,2.061,10.017,0,-540,0
0.097820,3.07311,0.012,2.010,9.963,0,-540,0
0.097840,3.07373,0.099,1.959,9.895,0,-540,0
0.097860,3.07436,0.025,1.984,9.869,0,-540,0
0.097880,3.07499,-0.017,1.899,9.900,0,-540,0
0.097900,3.07562,0.027,1.942,9.829,0,-540,0
0.097920,3.07625,0.048,2.027,9.918,0,-540,0
0.097940,3.07688,0.029,1.992,9.733,0,-540,0
0.097960,3.07750,-0.003,2.178,9.757,0,-540,0
0.097980,3.07813,0.012,1.978,9.658,0,-540,0
0.098000,3.07876,-0.025,1.998,9.649,0,-540,0
0.098020,3.07939,-0.065,1.995,9.643,0,-540,0
0.098040,3.08002,-0.117,2.015,9.642,0,-540,0
0.098060,3.08065,-0.006,1.990,9.634,0,-540,0
0.098080,3.08127,-0.016,2.063,9.545,0,-540,0
0.098100,3.08190,-0.001,2.068,9.462,0,-540,0
0.098120,3.08253,0.018,2.009,9.473,0,-540,0
0.098140,3.08316,0.097,2.039,9.402,0,-540,0
0.098160,3.08379,-0.033,1.942,9.515,0,-540,0
0.098180,3.08442,-0.007,1.934,9.378,0,-540,0
0.098200,3.08504,0.034,2.009,9.399,0,-540,0
0.098220,3.08567,-0.056,2.062,9.326,0,-540,0
0.098240,3.08630,-0.016,1.975,9.353,0,-540,0
0.098260,3.08693,0.024,2.020,9.258,0,-540,0
0.098280,3.08756,-0.004,2.024,9.295,0,-540,0
0.098300,3.08819,0.107,1.971,9.146,0,-540,0
0.098320,3.08881,0.030,2.015,9.195,0,-540,540
0.098340,3.08944,0.069,1.958,9.428,0,-540,540
0.098360,3.09007,0.042,1.999,9.678,0,-540,540
0.098380,3.09070,0.098,2.026,9.916,0,-540,540
0.098400,3.09133,-0.045,2.037,10.143,0,-540,540
0.098420,3.09196,0.024,1.969,10.348,0,-540,540
0.098440,3.09258,0.071,2.038,10.607,0,-540,540
0.098460,3.09321,0.002,2.013,10.773,0,-540,540
0.098480,3.09384,-0.016,1.951,10.857,0,-540,0
0.098500,3.09447,0.054,1.992,10.871,0,-540,0
0.098520,3.09510,-0.052,2.111,10.951,0,-540,0
0.098540,3.09573,0.059,2.070,10.752,0,-540,0
0.098560,3.09635,0.026,1.958,10.665,0,-540,0
0.098580,3.09698,-0.063,2.016,10.726,0,-540,0
0.098600,3.09761,0.007,1.998,10.772,0,-540,0
0.098620,3.09824,0.011,2.044,10.570,0,-540,0
0.098640,3.09887,-0.050,2.127,10.650,0,-540,0
0.098660,3.09950,0.068,1.962,10.619,0,-540,0
0.098680,3.10012,0.077,2.063,10.628,0,-540,0
0.098700,3.10075,0.010,1.971,10.575,0,-540,0
0.098720,3.10138,0.037,2.014,10.639,0,-540,0
0.098740,3.10201,0.038,1.986,10.504,0,-540,0
0.098760,3.10264,-0.042,1.963,10.480,0,-540,0
0.098780,3.10327,0.100,1.949,10.525,0,-540,0
0.098800,3.10389,0.106,1.981,10.363,0,-540,0
0.098820,3.10452,0.037,2.011,10.315,0,-540,0
0.098840,3.10515,-0.065,1.950,10.362,0,-540,0
0.098860,3.10578,-0.083,2.041,10.265,0,-540,0
0.098880,3.10641,-0.025,1.975,10.299,0,-540,0
0.098900,3.10704,-0.010,1.957,10.273,0,-540,0
0.098920,3.10766,-0.033,2.032,10.271,0,-540,0
0.098940,3.10829,-0.022,2.031,10.190,0,-540,0
0.098960,3.10892,-0.084,2.018,10.194,0,-540,0
0.098980,3.10955,0.023,1.953,10.146,0,-540,0
0.099000,3.11018,0.008,1.981,10.124,0,-540,0
0.099020,3.11081,0.058,2.008,10.043,0,-540,0
0.099040,3.11143,-0.047,1.846,10.093,0,-540,0
0.099060,3.11206,-0.042,2.008,10.149,0,-540,0
0.099080,3.11269,-0.058,2.040,10.098,0,-540,0
0.099100,3.11332,0.045,2.089,9.989,0,-540,0
0.099120,3.11395,-0.002,2.025,9.973,0,-540,0
0.099140,3.11457,0.059,1.958,10.056,0,-540,0
0.099160,3.11520,0.029,1.955,9.974,0,-540,0
0.099180,3.11583,-0.003,2.110,9.907,0,-540,0
0.099200,3.11646,0.094,1.989,9.900,0,-540,0
0.099220,3.11709,0.040,2.125,9.911,0,-540,0
0.099240,3.11772,0.001,2.058,9.866,0,-540,0
0.099260,3.11834,-0.023,2.066,9.734,0,-540,0
0.099280,3.11897,0.056,1.866,9.770,0,-540,0
0.099300,3.11960,-0.001,1.986,9.767,0,-540,0
0.099320,3.12023,0.022,2.104,9.778,0,-540,0
0.099340,3.12086,0.001,1.981,9.811,0,-540,0
0.099360,3.12149,-0.039,2.074,9.741,0,-540,0
0.099380,3.12211,0.012,1.972,9.697,0,-540,0
0.099400,3.12274,-0.017,2.071,9.759,0,-540,0
0.099420,3.12337,-0.029,2.001,9.731,0,-540,0
0.099440,3.12400,-0.027,1.981,9.717,0,-540,0
0.099460,3.12463,0.176,2.007,9.616,0,-540,0
0.099480,3.12526,-0.018,2.001,9.564,0,-540,0
0.099500,3.12588,0.017,2.004,9.728,0,-540,0
0.099520,3.12651,-0.016,2.002,9.560,0,-540,0
0.099540,3.12714,-0.049,2.012,9.537,0,-540,0
0.099560,3.12777,0.057,2.003,9.592,0,-540,0
0.099580,3.12840,-0.003,2.067,9.541,0,-540,0
0.099600,3.12903,0.049,2.012,9.518,0,-540,0
0.099620,3.12965,0.030,2.061,9.423,0,-540,0
0.099640,3.13028,0.022,2.044,9.383,0,-540,0
0.099660,3.13091,0.098,2.044,9.387,0,-540,0
0.099680,3.13154,-0.002,1.974,9.433,0,-540,0
0.099700,3.13217,0.016,2.011,9.430,0,-540,0
0.099720,3.13280,0.061,2.012,9.344,0,-540,0
0.099740,3.13342,-0.016,2.039,9.350,0,-540,0
0.099760,3.13405,-0.078,2.079,9.356,0,-540,0
0.099780,3.13468,0.012,2.055,9.217,0,-540,0
0.099800,3.13531,0.061,1.950,9.357,0,-540,0
0.099820,3.13594,-0.022,2.098,9.265,0,-540,0
0.099840,3.13657,0.100,1.960,9.366,0,-540,0
0.099860,3.13719,0.028,1.994,9.287,0,-540,0
0.099880,3.13782,0.004,1.983,9.216,0,-540,0
0.099900,3.13845,-0.101,2.042,9.234,0,-540,0
0.099920,3.13908,-0.022,2.049,9.232,0,-540,0
0.099940,3.13971,0.015,2.003,9.405,0,-540,540
0.099960,3.14034,-0.068,2.001,9.537,0,-540,540
0.099980,3.14096,-0.016,1.958,9.753,0,-540,540
0.100000,3.14159,-0.061,1.910,9.871,0,-540,540
0.100020,3.14222,0.107,1.965,10.152,0,-540,540
0.100040,3.14285,-0.008,2.035,10.430,0,-540,540
0.100060,3.14348,0.001,2.015,10.536,0,-540,540
0.100080,3.14411,0.040,1.931,10.767,0,-540,540
0.100100,3.14473,-0.046,2.041,10.853,0,-540,0
0.100120,3.14536,-0.012,1.955,10.721,0,-540,0
0.100140,3.14599,-0.017,1.937,10.727,0,-540,0
0.100160,3.14662,0.083,1.977,10.744,0,-540,0
0.100180,3.14725,0.004,1.923,10.739,0,-540,0
0.100200,3.14788,-0.034,2.026,10.803,0,-540,0
0.100220,3.14850,-0.042,2.037,10.728,0,-540,0
0.100240,3.14913,0.001,2.022,10.692,0,-540,0
0.100260,3.14976,-0.007,2.032,10.773,0,-540,0
0.100280,3.15039,-0.055,2.006,10.765,0,-540,0
0.100300,3.15102,0.014,2.049,10.605,0,-540,0
0.100320,3.15165,0.031,2.003,10.736,0,-540,0
0.100340,3.15227,0.034,2.033,10.555,0,-540,0
0.100360,3.15290,0.042,2.006,10.634,0,-540,0
0.100380,3.15353,-0.010,1.969,10.643,0,-540,0
0.100400,3.15416,-0.004,2.011,10.597,0,-540,0
0.100420,3.15479,-0.082,1.965,10.620,0,-540,0
0.100440,3.15542,-0.070,1.964,10.503,0,-540,0
0.100460,3.15604,-0.065,2.020,10.510,0,-540,0
0.100480,3.15667,-0.052,2.013,10.529,0,-540,0
0.100500,3.15730,0.078,1.998,10.477,0,-540,0
0.100520,3.15793,0.060,1.968,10.482,0,-540,0
0.100540,3.15856,-0.005,2.014,10.575,0,-540,0
0.100560,3.15919,0.016,2.001,10.401,0,-540,0
0.100580,3.15981,0.026,2.030,10.447,0,-540,0
0.100600,3.16044,0.118,1.996,10.452,0,-540,0
0.100620,3.16107,-0.082,2.062,10.346,0,-540,0
0.100640,3.16170,-0.004,1.920,10.343,0,-540,0
0.100660,3.16233,0.042,1.951,10.424,0,-540,0
0.100680,3.16296,0.004,2.014,10.298,0,-540,0
0.100700,3.16358,-0.015,2.027,10.306,0,-540,0
0.100720,3.16421,0.011,1.993,10.398,0,-540,0
0.100740,3.16484,-0.023,1.935,10.264,0,-540,0
0.100760,3.16547,-0.039,2.090,10.353,0,-540,0
0.100780,3.16610,0.035,2.057,10.224,0,-540,0
0.100800,3.16673,0.062,1.995,10.335,0,-540,0
0.100820,3.16735,0.010,1.995,10.261,0,-540,0
0.100840,3.16798,0.034,1.996,10.287,0,-540,0
0.100860,3.16861,-0.038,1.994,10.183,0,-540,0
0.100880,3.16924,0.014,2.080,10.172,0,-540,0
0.100900,3.16987,0.004,2.039,10.278,0,-540,0
0.100920,3.17050,0.016,1.961,10.268,0,-540,0
0.100940,3.17112,0.064,2.031,10.197,0,-540,0
0.100960,3.17175,0.062,1.946,10.202,0,-540,0
0.100980,3.17238,-0.011,2.030,10.218,0,-540,0
0.101000,3.17301,0.019,1.997,10.113,0,-540,0
0.101020,3.17364,0.034,1.930,10.213,0,-540,0
0.101040,3.17427,0.028,1.960,10.149,0,-540,0
0.101060,3.17489,-0.016,1.856,10.119,0,-540,0
0.101080,3.17552,0.009,2.016,10.073,0,-540,0
0.101100,3.17615,-0.007,2.062,10.140,0,-540,0
0.101120,3.17678,-0.008,1.935,10.154,0,-540,0
0.101140,3.17741,-0.058,1.895,10.137,0,-540,0
0.101160,3.17804,0.044,1.978,10.090,0,-540,0
0.101180,3.17866,0.036,2.055,10.048,0,-540,0
0.101200,3.17929,0.019,2.016,10.051,0,-540,0
0.101220,3.17992,0.011,1.965,9.996,0,-540,0
0.101240,3.18055,0.023,1.958,10.122,0,-540,0
0.101260,3.18118,0.044,1.974,10.086,0,-540,0
0.101280,3.18181,0.035,2.039,10.043,0,-540,0
0.101300,3.18243,-0.038,2.025,9.942,0,-540,0
0.101320,3.18306,0.033,2.012,9.962,0,-540,0
0.101340,3.18369,0.043,1.976,9.986,0,-540,0
0.101360,3.18432,-0.004,2.044,9.932,0,-540,0
0.101380,3.18495,-0.008,2.002,10.052,0,-540,0
0.101400,3.18557,0.922,2.022,10.000,540,-540,0
0.101420,3.18620,1.727,2.071,9.882,540,-540,0
0.101440,3.18683,2.663,2.057,9.882,540,-540,0
0.101460,3.18746,3.631,2.030,9.991,540,-540,0
0.101480,3.18809,4.589,1.951,9.917,540,-540,0
0.101500,3.18872,5.478,2.012,10.043,540,-540,0
0.101520,3.18934,6.282,2.014,9.917,540,-540,0
0.101540,3.18997,7.207,2.013,9.912,540,-540,0
0.101560,3.19060,8.037,1.972,9.873,540,-540,0
0.101580,3.19123,8.934,2.096,9.810,540,-540,0
0.101600,3.19186,9.859,2.024,9.831,540,-540,0
0.101620,3.19249,10.752,2.004,9.813,540,-540,0
0.101640,3.19311,11.242,1.998,9.897,0,-540,0
0.101660,3.19374,11.180,1.862,9.810,0,-540,0
0.101680,3.19437,11.087,1.988,9.803,0,-540,0
0.101700,3.19500,11.194,1.939,9.719,0,-540,0
0.101720,3.19563,11.087,2.008,9.814,0,-540,0
0.101740,3.19626,11.122,1.903,9.860,0,-540,0
0.101760,3.19688,11.116,2.010,9.737,0,-540,0
0.101780,3.19751,11.096,1.996,9.769,0,-540,0
0.101800,3.19814,11.080,2.001,9.714,0,-540,0
0.101820,3.19877,11.116,2.007,9.774,0,-540,0
0.101840,3.19940,11.023,1.981,9.682,0,-540,0
0.101860,3.20003,11.065,1.989,9.641,0,-540,0
0.101880,3.20065,10.988,1.998,9.647,0,-540,0
0.101900,3.20128,10.976,2.054,9.749,0,-540,0
0.101920,3.20191,11.033,2.013,9.672,0,-540,0
0.101940,3.20254,10.978,1.971,9.760,0,-540,0
0.101960,3.20317,10.996,2.042,9.761,0,-540,0
0.101980,3.20380,11.063,1.975,9.754,0,-540,0
0.102000,3.20442,10.979,1.942,9.689,0,-540,0
0.102020,3.20505,10.968,2.114,9.758,0,-540,0
0.102040,3.20568,10.910,2.014,9.628,0,-540,0
0.102060,3.20631,10.932,1.962,9.681,0,-540,0
0.102080,3.20694,10.898,2.041,9.713,0,-540,0
0.102100,3.20757,10.942,1.939,9.718,0,-540,0
0.102120,3.20819,10.896,1.915,9.675,0,-540,0
0.102140,3.20882,10.844,2.015,9.635,0,-540,0
0.102160,3.20945,10.810,2.009,9.610,0,-540,0
0.102180,3.21008,10.858,1.881,9.611,0,-540,0
0.102200,3.21071,10.836,2.022,9.627,0,-540,0
0.102220,3.21134,10.821,2.023,9.584,0,-540,0
0.102240,3.21196,10.815,2.052,9.597,0,-540,0
0.102260,3.21259,10.803,2.006,9.613,0,-540,0
0.102280,3.21322,10.832,2.020,9.608,0,-540,0
0.102300,3.21385,10.749,1.996,9.653,0,-540,0
0.102320,3.21448,10.750,1.995,9.525,0,-540,0
0.102340,3.21511,10.652,1.996,9.617,0,-540,0
0.102360,3.21573,10.754,2.052,9.512,0,-540,0
0.102380,3.21636,10.731,2.100,9.475,0,-540,0
0.102400,3.21699,10.756,2.019,9.639,0,-540,0
0.102420,3.21762,10.730,1.958,9.539,0,-540,0
0.102440,3.21825,10.711,2.024,9.575,0,-540,0
0.102460,3.21888,10.752,2.054,9.488,0,-540,0
0.102480,3.21950,10.671,1.887,9.440,0,-540,0
0.102500,3.22013,10.553,2.083,9.443,0,-540,0
0.102520,3.22076,10.596,1.976,9.424,0,-540,0
0.102540,3.22139,10.636,1.947,9.480,0,-540,0
0.102560,3.22202,10.653,2.058,9.451,0,-540,0
0.102580,3.22265,10.644,2.001,9.506,0,-540,0
0.102600,3.22327,10.602,2.007,9.567,0,-540,0
0.102620,3.22390,10.644,1.929,9.417,0,-540,0
0.102640,3.22453,10.618,1.947,9.480,0,-540,0
0.102660,3.22516,10.611,2.036,9.499,0,-540,0
0.102680,3.22579,10.604,2.029,9.389,0,-540,0
0.102700,3.22642,10.535,2.020,9.412,0,-540,0
0.102720,3.22704,10.611,1.965,9.455,0,-540,0
0.102740,3.22767,10.548,2.017,9.437,0,-540,0
0.102760,3.22830,10.605,1.915,9.445,0,-540,0
0.102780,3.22893,10.461,2.118,9.402,0,-540,0
0.102800,3.22956,10.507,1.967,9.394,0,-540,0
0.102820,3.23019,10.458,1.988,9.395,0,-540,0
0.102840,3.23081,10.460,2.020,9.340,0,-540,0
0.102860,3.23144,10.491,1.994,9.426,0,-540,0
0.102880,3.23207,10.443,2.019,9.304,0,-540,0
0.102900,3.23270,10.452,2.039,9.384,0,-540,0
0.102920,3.23333,10.388,2.018,9.440,0,-540,0
0.102940,3.23396,10.377,2.069,9.379,0,-540,0
0.102960,3.23458,10.405,2.001,9.407,0,-540,0
0.102980,3.23521,10.401,1.981,9.389,0,-540,0
0.103000,3.23584,10.370,1.961,9.397,0,-540,0
0.103020,3.23647,10.291,1.999,9.339,0,-540,0
0.103040,3.23710,10.322,1.889,9.321,0,-540,0
0.103060,3.23773,10.269,2.020,9.415,0,-540,0
0.103080,3.23835,10.354,2.123,9.392,0,-540,0
0.103100,3.23898,10.261,1.986,9.239,0,-540,0
0.103120,3.23961,10.339,1.990,9.369,0,-540,0
0.103140,3.24024,10.304,1.956,9.285,0,-540,0
0.103160,3.24087,10.309,1.996,9.373,0,-540,0
0.103180,3.24150,10.219,1.981,9.322,0,-540,0
0.103200,3.24212,10.176,2.025,9.263,0,-540,0
0.103220,3.24275,10.255,2.024,9.347,0,-540,0
0.103240,3.24338,10.242,2.002,9.283,0,-540,0
0.103260,3.24401,10.295,1.945,9.347,0,-540,0
0.103280,3.24464,10.214,2.017,9.313,0,-540,0
0.103300,3.24527,10.177,2.037,9.349,0,-540,0
0.103320,3.24589,10.134,1.959,9.233,0,-540,0
0.103340,3.24652,10.200,2.007,9.357,0,-540,0
0.103360,3.24715,10.077,1.990,9.241,0,-540,0
0.103380,3.24778,10.098,1.979,9.300,0,-540,0
0.103400,3.24841,10.175,1.958,9.316,0,-540,0
0.103420,3.24904,10.202,2.059,9.272,0,-540,0
0.103440,3.24966,10.027,1.946,9.318,0,-540,0
0.103460,3.25029,10.133,2.017,9.324,0,-540,0
0.103480,3.25092,10.063,2.039,9.222,0,-540,0
0.103500,3.25155,10.013,2.040,9.212,0,-540,0
0.103520,3.25218,10.050,2.012,9.273,0,-540,0
0.103540,3.25281,10.099,1.986,9.285,0,-540,0
0.103560,3.25343,9.955,2.032,9.374,0,-540,0
0.103580,3.25406,9.975,1.987,9.309,0,-540,0
0.103600,3.25469,9.984,1.930,9.464,0,-540,540
0.103620,3.25532,9.978,2.014,9.573,0,-540,540
0.103640,3.25595,9.927,2.025,9.790,0,-540,540
0.103660,3.25657,9.899,2.031,10.063,0,-540,540
0.103680,3.25720,9.903,1.963,10.310,0,-540,540
0.103700,3.25783,9.973,2.084,10.477,0,-540,540
0.103720,3.25846,9.886,2.074,10.739,0,-540,540
0.103740,3.25909,9.850,2.028,10.794,0,-540,540
0.103760,3.25972,9.806,2.015,10.888,0,-540,0
0.103780,3.26034,9.797,1.992,10.825,0,-540,0
0.103800,3.26097,9.891,2.093,10.788,0,-540,0
0.103820,3.26160,9.840,2.024,10.844,0,-540,0
0.103840,3.26223,9.773,1.978,10.826,0,-540,0
0.103860,3.26286,9.785,1.998,10.807,0,-540,0
0.103880,3.26349,9.763,2.033,10.915,0,-540,0
0.103900,3.26411,9.760,1.943,10.780,0,-540,0
0.103920,3.26474,9.757,2.140,10.832,0,-540,0
0.103940,3.26537,9.751,2.081,10.811,0,-540,0
0.103960,3.26600,9.582,2.012,10.911,0,-540,0
0.103980,3.26663,9.753,1.924,10.791,0,-540,0
0.104000,3.26726,9.741,1.984,10.848,0,-540,0
0.104020,3.26788,9.694,1.891,10.787,0,-540,0
0.104040,3.26851,9.687,2.023,10.809,0,-540,0
0.104060,3.26914,9.696,1.993,10.781,0,-540,0
0.104080,3.26977,9.641,1.970,10.769,0,-540,0
0.104100,3.27040,9.649,1.986,10.939,0,-540,0
0.104120,3.27103,9.661,2.086,10.823,0,-540,0
0.104140,3.27165,9.580,1.899,10.792,0,-540,0
0.104160,3.27228,9.612,2.055,10.821,0,-540,0
0.104180,3.27291,9.499,1.961,10.618,0,-540,-540
0.104200,3.27354,9.579,2.023,10.342,0,-540,-540
0.104220,3.27417,9.527,2.005,10.089,0,-540,-540
0.104240,3.27480,9.512,2.033,10.008,0,-540,-540
0.104260,3.27542,9.425,1.929,9.726,0,-540,-540
0.104280,3.27605,9.468,2.013,9.499,0,-540,-540
0.104300,3.27668,9.479,1.926,9.328,0,-540,-540
0.104320,3.27731,9.453,2.044,9.131,0,-540,-540
0.104340,3.27794,9.497,1.960,8.922,0,-540,-540
0.104360,3.27857,9.460,1.929,8.770,0,-540,-540
0.104380,3.27919,9.429,1.971,8.599,0,-540,-540
0.104400,3.27982,9.401,2.039,8.361,0,-540,-540
0.104420,3.28045,9.464,2.081,8.169,0,-540,-540
0.104440,3.28108,9.362,2.033,7.937,0,-540,-540
0.104460,3.28171,9.265,1.979,7.795,0,-540,-540
0.104480,3.28234,9.281,1.923,7.670,0,-540,-540
0.104500,3.28296,9.361,2.091,7.541,0,-540,-540
0.104520,3.28359,9.264,1.952,7.289,0,-540,-540
0.104540,3.28422,9.297,2.064,7.154,0,-540,-540
0.104560,3.28485,9.212,2.036,6.955,0,-540,-540
0.104580,3.28548,9.744,2.055,6.665,540,-540,-540
0.104600,3.28611,10.468,1.971,6.697,540,-540,-540
0.104620,3.28673,10.872,2.006,6.532,0,-540,-540
0.104640,3.28736,10.985,1.873,6.268,0,-540,-540
0.104660,3.28799,10.913,1.989,6.173,0,-540,-540
0.104680,3.28862,10.926,1.894,6.062,0,-540,-540
0.104700,3.28925,10.908,1.907,5.839,0,-540,-540
0.104720,3.28988,10.901,1.972,5.712,0,-540,-540
0.104740,3.29050,10.792,2.040,5.507,0,-540,-540
0.104760,3.29113,10.935,1.906,5.491,0,-540,-540
0.104780,3.29176,10.721,1.961,5.287,0,-540,-540
0.104800,3.29239,10.858,1.987,5.158,0,-540,-540
0.104820,3.29302,10.799,1.974,5.040,0,-540,-540
0.104840,3.29365,10.812,1.984,4.813,0,-540,-540
0.104860,3.29427,10.655,2.030,4.786,0,-540,-540
0.104880,3.29490,10.751,1.986,4.567,0,-540,-540
0.104900,3.29553,10.716,2.093,4.503,0,-540,-540
0.104920,3.29616,10.749,1.869,4.331,0,-540,-540
0.104940,3.29679,10.654,2.075,4.215,0,-540,-540
0.104960,3.29742,10.657,1.998,4.036,0,-540,-540
0.104980,3.29804,10.698,2.027,3.883,0,-540,-540
0.105000,3.29867,10.566,1.936,3.923,0,-540,-540
0.105020,3.29930,10.584,2.067,3.780,0,-540,-540
0.105040,3.29993,10.492,1.963,3.514,0,-540,-540
0.105060,3.30056,10.482,1.954,3.455,0,-540,-540
0.105080,3.30119,10.518,1.985,3.295,0,-540,-540
0.105100,3.30181,10.403,2.097,3.157,0,-540,-540
0.105120,3.30244,10.439,2.113,3.076,0,-540,-540
0.105140,3.30307,10.488,1.926,2.905,0,-540,-540
0.105160,3.30370,10.436,2.026,2.752,0,-540,-540
0.105180,3.30433,10.352,1.949,2.659,0,-540,-540
0.105200,3.30496,10.457,2.016,2.627,0,-540,-540
0.105220,3.30558,10.300,1.955,2.489,0,-540,-540
0.105240,3.30621,10.298,1.971,2.443,0,-540,-540
0.105260,3.30684,10.259,2.011,2.221,0,-540,-540
0.105280,3.30747,10.312,2.076,2.040,0,-540,-540
0.105300,3.30810,10.288,1.979,2.062,0,-540,-540
0.105320,3.30873,10.279,1.970,1.929,0,-540,-540
0.105340,3.30935,10.167,1.948,1.884,0,-540,-540
0.105360,3.30998,10.173,1.970,1.687,0,-540,-540
0.105380,3.31061,10.218,1.923,1.596,0,-540,-540
0.105400,3.31124,10.168,2.010,1.515,0,-540,-540
0.105420,3.31187,10.216,2.004,1.411,0,-540,-540
0.105440,3.31250,10.044,1.915,1.292,0,-540,-540
0.105460,3.31312,10.132,1.944,1.224,0,-540,-540
0.105480,3.31375,10.031,1.976,1.031,0,-540,-540
0.105500,3.31438,10.029,2.030,1.016,0,-540,-540
0.105520,3.31501,10.015,2.041,0.895,0,-540,-540
0.105540,3.31564,10.025,2.109,0.909,0,-540,-540
0.105560,3.31627,9.992,1.984,0.793,0,-540,-540
0.105580,3.31689,10.006,1.966,0.714,0,-540,-540
0.105600,3.31752,9.871,2.052,0.512,0,-540,-540
0.105620,3.31815,9.872,1.991,0.401,0,-540,-540
0.105640,3.31878,9.783,2.058,0.211,0,-540,-540
0.105660,3.31941,9.874,2.045,0.266,0,-540,-540
0.105680,3.32004,9.804,2.005,0.166,0,-540,0
0.105700,3.32066,9.734,2.006,0.224,0,-540,0
0.105720,3.32129,9.710,2.005,0.266,0,-540,0
0.105740,3.32192,9.773,2.020,0.270,0,-540,0
0.105760,3.32255,9.756,2.020,0.328,0,-540,0
0.105780,3.32318,9.710,2.050,0.241,0,-540,0
0.105800,3.32381,9.671,2.084,0.279,0,-540,0
0.105820,3.32443,9.663,2.010,0.219,0,-540,-540
0.105840,3.32506,9.598,2.002,0.180,0,-540,0
0.105860,3.32569,9.610,2.043,0.182,0,-540,0
0.105880,3.32632,9.550,2.044,0.212,0,-540,0
0.105900,3.32695,9.610,2.042,0.148,0,-540,0
0.105920,3.32757,9.572,2.037,0.324,0,-540,0
0.105940,3.32820,9.527,1.943,0.261,0,-540,0
0.105960,3.32883,9.410,1.989,0.307,0,-540,0
0.105980,3.32946,9.545,1.971,0.243,0,-540,0
0.106000,3.33009,9.431,1.999,0.233,0,-540,0
0.106020,3.33072,9.453,1.971,0.175,0,-540,0
0.106040,3.33134,9.280,2.079,0.170,0,-540,0
0.106060,3.33197,9.342,1.985,0.208,0,-540,0
0.106080,3.33260,9.396,2.057,0.291,0,-540,0
0.106100,3.33323,9.270,2.065,0.157,0,-540,0
0.106120,3.33386,9.267,1.988,0.182,0,-540,0
0.106140,3.33449,10.075,1.986,0.266,540,-540,0
0.106160,3.33511,10.891,2.017,0.193,540,-540,0
0.106180,3.33574,11.247,2.010,0.189,0,-540,0
0.106200,3.33637,11.222,1.979,0.174,0,-540,0
0.106220,3.33700,11.161,1.981,0.163,0,-540,0
0.106240,3.33763,11.124,1.937,0.144,0,-540,0
0.106260,3.33826,11.079,1.936,0.242,0,-540,0
0.106280,3.33888,11.063,1.975,0.214,0,-540,0
0.106300,3.33951,11.091,1.941,0.167,0,-540,0
0.106320,3.34014,10.982,2.053,0.201,0,-540,0
0.106340,3.34077,10.926,1.996,0.241,0,-540,0
0.106360,3.34140,10.953,1.994,0.170,0,-540,0
0.106380,3.34203,10.875,1.983,0.176,0,-540,0
0.106400,3.34265,10.822,1.973,0.221,0,-540,0
0.106420,3.34328,10.913,1.966,0.141,0,-540,-540
0.106440,3.34391,10.891,2.026,0.138,0,-540,0
0.106460,3.34454,10.781,1.962,0.120,0,-540,0
0.106480,3.34517,10.663,1.982,0.014,0,-540,0
0.106500,3.34580,10.753,2.030,0.162,0,-540,0
0.106520,3.34642,10.712,1.978,0.202,0,-540,0
0.106540,3.34705,10.619,2.001,0.210,0,-540,0
0.106560,3.34768,10.554,2.029,0.203,0,-540,0
0.106580,3.34831,10.604,2.008,0.203,0,-540,0
0.106600,3.34894,10.618,2.038,0.139,0,-540,0
0.106620,3.34957,10.510,2.001,0.094,0,-540,0
0.106640,3.35019,10.425,2.104,0.135,0,-540,0
0.106660,3.35082,10.401,1.999,0.262,0,-540,0
0.106680,3.35145,10.456,2.006,0.243,0,-540,0
0.106700,3.35208,10.284,1.933,0.118,0,-540,0
0.106720,3.35271,10.402,2.051,0.157,0,-540,0
0.106740,3.35334,10.303,2.037,0.241,0,-540,0
0.106760,3.35396,10.227,1.999,0.133,0,-540,0
0.106780,3.35459,10.329,1.890,0.137,0,-540,0
0.106800,3.35522,10.093,1.979,0.172,0,-540,0
0.106820,3.35585,10.167,2.061,0.163,0,-540,0
0.106840,3.35648,10.054,1.962,0.083,0,-540,0
0.106860,3.35711,10.161,1.895,0.178,0,-540,0
0.106880,3.35773,10.054,1.981,0.217,0,-540,0
0.106900,3.35836,10.014,2.046,0.151,0,-540,0
0.106920,3.35899,9.956,1.906,0.133,0,-540,0
0.106940,3.35962,9.971,2.039,0.068,0,-540,0
0.106960,3.36025,9.805,1.975,0.160,0,-540,0
0.106980,3.36088,9.863,1.967,0.179,0,-540,0
0.107000,3.36150,9.761,1.937,0.183,0,-540,0
0.107020,3.36213,9.704,2.018,0.157,0,-540,0
0.107040,3.36276,9.817,2.083,0.152,0,-540,0
0.107060,3.36339,9.676,1.885,0.194,0,-540,0
0.107080,3.36402,9.571,1.975,0.084,0,-540,0
0.107100,3.36465,9.683,2.046,0.133,0,-540,0
0.107120,3.36527,9.535,1.975,0.177,0,-540,0
0.107140,3.36590,9.530,2.104,0.266,0,-540,0
0.107160,3.36653,9.559,1.945,0.144,0,-540,0
0.107180,3.36716,9.477,1.964,0.201,0,-540,0
0.107200,3.36779,9.438,2.100,0.066,0,-540,0
0.107220,3.36842,9.471,1.954,0.167,0,-540,0
0.107240,3.36904,9.341,2.010,0.156,0,-540,0
0.107260,3.36967,9.209,1.969,0.210,0,-540,0
0.107280,3.37030,9.248,2.015,0.166,0,-540,0
0.107300,3.37093,9.349,2.030,0.137,0,-540,0
0.107320,3.37156,9.180,2.056,0.123,0,-540,0
0.107340,3.37219,9.132,2.006,0.190,0,-540,0
0.107360,3.37281,9.858,1.880,0.130,540,-540,0
0.107380,3.37344,10.688,2.085,0.131,540,-540,0
0.107400,3.37407,10.914,2.005,0.152,0,-540,0
0.107420,3.37470,10.822,1.976,0.186,0,-540,0
0.107440,3.37533,10.904,2.007,0.273,0,-540,0
0.107460,3.37596,10.788,2.064,0.225,0,-540,0
0.107480,3.37658,10.781,2.021,0.134,0,-540,0
0.107500,3.37721,10.780,2.050,0.196,0,-540,0
0.107520,3.37784,10.686,2.052,0.185,0,-540,0
0.107540,3.37847,10.581,1.982,0.137,0,-540,0
0.107560,3.37910,10.611,2.013,0.263,0,-540,0
0.107580,3.37973,10.506,2.023,0.255,0,-540,0
0.107600,3.38035,10.550,1.978,0.141,0,-540,0
0.107620,3.38098,10.457,2.005,0.156,0,-540,0
0.107640,3.38161,10.335,2.078,0.182,0,-540,0
0.107660,3.38224,10.399,1.997,0.202,0,-540,0
0.107680,3.38287,10.302,2.088,0.103,0,-540,0
0.107700,3.38350,10.322,1.957,0.178,0,-540,0
0.107720,3.38412,10.233,1.957,0.216,0,-540,0
0.107740,3.38475,10.143,2.019,0.091,0,-540,0
0.107760,3.38538,10.027,2.044,0.165,0,-540,0
0.107780,3.38601,10.104,2.050,0.176,0,-540,0
0.107800,3.38664,10.037,2.046,0.117,0,-540,0
0.107820,3.38727,9.895,2.053,0.102,0,-540,0
0.107840,3.38789,9.926,2.039,0.080,0,-540,0
0.107860,3.38852,9.852,2.018,0.263,0,-540,0
0.107880,3.38915,9.804,1.991,0.207,0,-540,0
0.107900,3.38978,9.806,2.034,0.130,0,-540,0
0.107920,3.39041,9.756,1.997,0.156,0,-540,0
0.107940,3.39104,9.660,1.910,0.071,0,-540,0
0.107960,3.39166,9.660,2.004,0.195,0,-540,0
0.107980,3.39229,9.596,1.956,0.177,0,-540,0
0.108000,3.39292,9.634,1.950,0.125,0,-540,0
0.108020,3.39355,9.486,1.980,0.148,0,-540,0
0.108040,3.39418,9.500,2.080,0.149,0,-540,0
0.108060,3.39481,9.426,2.046,0.119,0,-540,0
0.108080,3.39543,9.398,1.984,0.164,0,-540,0
0.108100,3.39606,9.345,2.000,0.090,0,-540,0
0.108120,3.39669,9.274,2.016,0.229,0,-540,0
0.108140,3.39732,9.229,1.945,0.052,0,-540,0
0.108160,3.39795,9.539,2.019,0.056,540,-540,0
0.108180,3.39857,10.145,1.912,0.133,540,-540,0
0.108200,3.39920,10.862,2.065,0.161,540,-540,0
0.108220,3.39983,11.107,2.026,0.176,0,-540,0
0.108240,3.40046,11.064,1.997,0.112,0,-540,0
0.108260,3.40109,11.009,1.915,0.120,0,-540,0
0.108280,3.40172,10.887,2.066,0.140,0,-540,0
0.108300,3.40234,10.877,1.958,0.093,0,-540,0
0.108320,3.40297,10.828,1.991,0.120,0,-540,0
0.108340,3.40360,10.796,1.956,0.065,0,-540,0
0.108360,3.40423,10.701,2.004,0.182,0,-540,0
0.108380,3.40486,10.641,2.040,0.209,0,-540,0
0.108400,3.40549,10.538,2.126,0.178,0,-540,0
0.108420,3.40611,10.562,1.985,0.187,0,-540,0
0.108440,3.40674,10.432,2.036,0.108,0,-540,0
0.108460,3.40737,10.408,2.008,0.228,0,-540,0
0.108480,3.40800,10.438,1.918,0.220,0,-540,0
0.108500,3.40863,10.268,2.074,0.039,0,-540,0
0.108520,3.40926,10.278,2.034,0.211,0,-540,0
0.108540,3.40988,10.130,2.081,0.056,0,-540,0
0.108560,3.41051,10.181,1.985,0.163,0,-540,0
0.108580,3.41114,10.033,1.945,0.294,0,-540,0
0.108600,3.41177,10.051,1.855,0.044,0,-540,0
0.108620,3.41240,9.939,1.941,0.163,0,-540,0
0.108640,3.41303,9.970,2.049,0.112,0,-540,0
0.108660,3.41365,9.806,1.989,0.156,0,-540,0
0.108680,3.41428,9.802,2.074,0.236,0,-540,0
0.108700,3.41491,9.889,2.024,0.171,0,-540,0
0.108720,3.41554,9.685,2.065,0.146,0,-540,0
0.108740,3.41617,9.627,1.981,0.194,0,-540,0
0.108760,3.41680,9.538,2.027,0.185,0,-540,0
0.108780,3.41742,9.600,1.909,0.163,0,-540,0
0.108800,3.41805,9.446,1.974,0.153,0,-540,0
0.108820,3.41868,9.400,2.036,0.196,0,-540,0
0.108840,3.41931,9.409,2.100,0.105,0,-540,0
0.108860,3.41994,9.267,1.939,0.195,0,-540,0
0.108880,3.42057,9.273,1.910,0.173,0,-540,0
0.108900,3.42119,9.560,1.946,0.219,540,-540,0
0.108920,3.42182,10.053,1.970,0.100,540,-540,0
0.108940,3.42245,10.709,1.970,0.170,540,-540,0
0.108960,3.42308,10.957,2.098,0.198,0,-540,0
0.108980,3.42371,10.823,2.012,0.181,0,-540,0
0.109000,3.42434,10.743,2.042,0.235,0,-540,0
0.109020,3.42496,10.762,2.040,0.093,0,-540,0
0.109040,3.42559,10.602,2.054,0.099,0,-540,0
0.109060,3.42622,10.615,2.019,0.235,0,-540,0
0.109080,3.42685,10.513,2.009,0.171,0,-540,0
0.109100,3.42748,10.479,1.973,0.249,0,-540,0
0.109120,3.42811,10.444,1.963,0.215,0,-540,0
0.109140,3.42873,10.430,2.047,0.197,0,-540,0
0.109160,3.42936,10.316,2.026,0.151,0,-540,0
0.109180,3.42999,10.186,2.015,0.176,0,-540,0
0.109200,3.43062,10.246,2.033,0.125,0,-540,0
0.109220,3.43125,10.102,1.929,0.194,0,-540,0
0.109240,3.43188,10.050,1.956,0.174,0,-540,0
0.109260,3.43250,9.945,2.055,0.213,0,-540,0
0.109280,3.43313,9.882,2.095,0.191,0,-540,0
0.109300,3.43376,9.810,2.000,0.142,0,-540,0
0.109320,3.43439,9.766,1.933,0.201,0,-540,0
0.109340,3.43502,9.725,2.003,0.148,0,-540,0
0.109360,3.43565,9.605,1.947,0.135,0,-540,0
0.109380,3.43627,9.670,1.969,0.150,0,-540,0
0.109400,3.43690,9.518,2.025,0.129,0,-540,0
0.109420,3.43753,9.477,1.983,0.172,0,-540,0
0.109440,3.43816,9.428,1.980,0.215,0,-540,0
0.109460,3.43879,9.310,1.973,0.155,0,-540,0
0.109480,3.43942,9.337,1.957,0.147,0,-540,0
0.109500,3.44004,9.101,1.977,0.195,0,-540,0
0.109520,3.44067,9.224,2.068,0.170,0,-540,0
0.109540,3.44130,9.346,1.909,0.140,540,-540,0
0.109560,3.44193,9.962,1.991,0.099,540,-540,0
0.109580,3.44256,10.427,1.893,0.059,540,-540,0
0.109600,3.44319,10.910,1.994,0.030,540,-540,0
0.109620,3.44381,10.815,1.969,0.054,0,-540,0
0.109640,3.44444,10.787,1.980,0.241,0,-540,0
0.109660,3.44507,10.765,2.042,0.221,0,-540,0
0.109680,3.44570,10.622,1.921,0.215,0,-540,0
0.109700,3.44633,10.557,2.004,0.226,0,-540,0
0.109720,3.44696,10.574,2.064,0.101,0,-540,0
0.109740,3.44758,10.477,2.050,0.176,0,-540,0
0.109760,3.44821,10.320,1.993,0.144,0,-540,0
0.109780,3.44884,10.288,2.044,0.198,0,-540,0
0.109800,3.44947,10.248,2.039,0.159,0,-540,0
0.109820,3.45010,10.209,1.977,0.196,0,-540,0
0.109840,3.45073,9.986,1.875,0.175,0,-540,0
0.109860,3.45135,10.098,2.002,0.155,0,-540,0
0.109880,3.45198,9.945,1.991,0.168,0,-540,0
0.109900,3.45261,9.924,2.005,0.196,0,-540,0
0.109920,3.45324,9.800,2.077,0.151,0,-540,0
0.109940,3.45387,9.872,2.012,0.240,0,-540,0
0.109960,3.45450,9.724,1.974,0.088,0,-540,0
0.109980,3.45512,9.662,2.000,0.157,0,-540,0
0.110000,3.45575,9.552,1.968,0.124,0,-540,0
0.110020,3.45638,9.489,1.908,0.127,0,-540,0
0.110040,3.45701,9.513,2.009,0.105,0,-540,0
0.110060,3.45764,9.369,2.016,0.123,0,-540,0
0.110080,3.45827,9.362,1.947,0.106,0,-540,0
0.110100,3.45889,9.245,1.938,0.144,0,-540,0
0.110120,3.45952,9.210,2.007,0.194,0,-540,0
0.110140,3.46015,9.686,1.977,0.166,540,-540,0
0.110160,3.46078,10.103,2.009,0.139,540,-540,0
0.110180,3.46141,10.553,2.023,0.133,540,-540,0
0.110200,3.46204,10.910,2.072,0.127,540,-540,0
0.110220,3.46266,10.896,2.095,0.144,0,-540,0
0.110240,3.46329,10.925,2.088,0.113,0,-540,0
0.110260,3.46392,10.688,2.000,0.149,0,-540,0
0.110280,3.46455,10.590,1.958,0.101,0,-540,0
0.110300,3.46518,10.582,1.908,0.158,0,-540,0
0.110320,3.46581,10.590,2.034,0.088,0,-540,0
0.110340,3.46643,10.498,1.998,0.218,0,-540,0
0.110360,3.46706,10.317,1.939,0.219,0,-540,0
0.110380,3.46769,10.342,2.076,0.062,0,-540,0
0.110400,3.46832,10.276,1.986,0.180,0,-540,0
0.110420,3.46895,10.218,2.011,0.223,0,-540,0
0.110440,3.46957,10.105,1.978,0.187,0,-540,0
0.110460,3.47020,10.088,1.964,0.169,0,-540,0
0.110480,3.47083,10.006,1.973,0.155,0,-540,0
0.110500,3.47146,10.030,2.080,0.186,0,-540,0
0.110520,3.47209,9.866,2.047,0.179,0,-540,0
0.110540,3.47272,9.907,2.003,0.116,0,-540,0
0.110560,3.47334,9.686,2.061,0.051,0,-540,0
0.110580,3.47397,9.587,2.046,0.084,0,-540,0
0.110600,3.47460,9.676,2.006,0.163,0,-540,0
0.110620,3.47523,9.505,2.012,0.183,0,-540,0
0.110640,3.47586,9.544,2.012,0.137,0,-540,0
0.110660,3.47649,9.539,1.996,0.092,0,-540,0
0.110680,3.47711,9.296,2.011,0.248,0,-540,0
0.110700,3.47774,9.205,1.937,0.169,0,-540,0
0.110720,3.47837,9.690,1.987,0.162,540,-540,0
0.110740,3.47900,10.007,2.014,0.145,540,-540,0
0.110760,3.47963,10.494,2.048,0.116,540,-540,0
0.110780,3.48026,10.909,2.011,0.100,540,-540,0
0.110800,3.48088,10.739,2.112,0.116,0,-540,0
0.110820,3.48151,10.651,1.980,0.218,0,-540,0
0.110840,3.48214,10.598,2.109,0.225,0,-540,0
0.110860,3.48277,10.537,1.973,0.193,0,-540,0
0.110880,3.48340,10.430,2.001,0.220,0,-540,0
0.110900,3.48403,10.419,2.063,0.129,0,-540,0
0.110920,3.48465,10.297,1.961,0.198,0,-540,0
0.110940,3.48528,10.269,1.924,0.094,0,-540,0
0.110960,3.48591,10.223,2.075,0.145,0,-540,0
0.110980,3.48654,10.218,2.074,0.264,0,-540,0
0.111000,3.48717,10.043,1.955,0.116,0,-540,0
0.111020,3.48780,10.039,2.062,0.063,0,-540,0
0.111040,3.48842,9.909,2.044,0.234,0,-540,0
0.111060,3.48905,9.942,1.975,0.150,0,-540,0
0.111080,3.48968,9.844,2.012,0.099,0,-540,0
0.111100,3.49031,9.678,2.001,0.201,0,-540,0
0.111120,3.49094,9.693,1.985,0.149,0,-540,0
0.111140,3.49157,9.711,2.018,0.231,0,-540,0
0.111160,3.49219,9.496,2.013,0.190,0,-540,0
0.111180,3.49282,9.488,2.027,0.241,0,-540,0
0.111200,3.49345,9.426,2.012,0.206,0,-540,0
0.111220,3.49408,9.424,1.925,0.220,0,-540,0
0.111240,3.49471,9.212,2.088,0.156,0,-540,0
0.111260,3.49534,9.242,1.968,0.194,0,-540,0
0.111280,3.49596,9.200,2.019,0.240,0,-540,0
0.111300,3.49659,9.531,2.124,0.143,540,-540,0
0.111320,3.49722,9.763,2.074,0.168,540,-540,0
0.111340,3.49785,10.246,2.077,0.206,540,-540,0
0.111360,3.49848,10.553,1.901,0.079,540,-540,0
0.111380,3.49911,10.976,1.967,0.264,540,-540,0
0.111400,3.49973,10.738,1.995,0.135,0,-540,0
0.111420,3.50036,10.834,1.963,0.243,0,-540,0
0.111440,3.50099,10.637,2.013,0.125,0,-540,0
0.111460,3.50162,10.727,1.952,0.159,0,-540,0
0.111480,3.50225,10.544,2.077,0.211,0,-540,0
0.111500,3.50288,10.468,1.994,0.196,0,-540,0
0.111520,3.50350,10.454,2.001,0.130,0,-540,0
0.111540,3.50413,10.405,1.998,0.130,0,-540,0
0.111560,3.50476,10.343,2.039,0.215,0,-540,0
0.111580,3.50539,10.299,1.981,0.216,0,-540,0
0.111600,3.50602,10.204,1.983,0.137,0,-540,0
0.111620,3.50665,10.111,1.997,0.220,0,-540,0
0.111640,3.50727,9.980,1.972,0.156,0,-540,0
0.111660,3.50790,9.891,1.901,0.182,0,-540,0
0.111680,3.50853,9.930,2.048,0.192,0,-540,0
0.111700,3.50916,9.831,2.022,0.172,0,-540,0
0.111720,3.50979,9.765,1.990,0.207,0,-540,0
0.111740,3.51042,9.758,1.984,0.151,0,-540,0
0.111760,3.51104,9.635,2.027,0.194,0,-540,0
0.111780,3.51167,9.637,2.075,0.207,0,-540,0
0.111800,3.51230,9.488,1.944,0.130,0,-540,0
0.111820,3.51293,9.466,2.048,0.098,0,-540,0
0.111840,3.51356,9.368,2.029,0.122,0,-540,0
0.111860,3.51419,9.362,1.912,0.215,0,-540,0
0.111880,3.51481,9.427,2.026,0.141,0,-540,0
0.111900,3.51544,9.207,1.983,0.112,0,-540,0
0.111920,3.51607,9.231,2.056,0.164,0,-540,0
0.111940,3.51670,9.178,1.990,0.192,0,-540,0
0.111960,3.51733,9.387,2.018,0.114,540,-540,0
0.111980,3.51796,9.727,1.977,0.199,540,-540,0
0.112000,3.51858,10.025,2.023,0.135,540,-540,0
0.112020,3.51921,10.266,2.025,0.160,540,-540,0
0.112040,3.51984,10.746,2.057,0.196,540,-540,0
0.112060,3.52047,10.987,2.026,0.135,540,-540,0
0.112080,3.52110,10.891,2.026,0.191,0,-540,0
0.112100,3.52173,10.786,2.033,0.229,0,-540,0
0.112120,3.52235,10.813,2.070,0.038,0,-540,0
0.112140,3.52298,10.726,1.999,0.180,0,-540,0
0.112160,3.52361,10.647,1.973,0.190,0,-540,0
0.112180,3.52424,10.567,1.964,0.192,0,-540,0
0.112200,3.52487,10.391,2.036,0.065,0,-540,0
0.112220,3.52550,10.425,2.005,0.137,0,-540,0
0.112240,3.52612,10.386,1.921,0.157,0,-540,0
0.112260,3.52675,10.310,2.036,0.162,0,-540,0
0.112280,3.52738,10.198,1.960,0.111,0,-540,0
0.112300,3.52801,10.224,2.087,0.063,0,-540,0
0.112320,3.52864,10.121,2.055,0.058,0,-540,0
0.112340,3.52927,10.045,1.958,0.302,0,-540,0
0.112360,3.52989,9.990,1.980,0.110,0,-540,0
0.112380,3.53052,10.006,1.996,0.140,0,-540,0
0.112400,3.53115,9.896,1.996,0.106,0,-540,0
0.112420,3.53178,9.893,2.005,0.184,0,-540,0
0.112440,3.53241,9.792,1.995,0.094,0,-540,0
0.112460,3.53304,9.741,1.994,0.200,0,-540,0
0.112480,3.53366,9.689,1.989,0.127,0,-540,0
0.112500,3.53429,9.568,2.034,0.040,0,-540,0
0.112520,3.53492,9.489,2.076,0.172,0,-540,0
0.112540,3.53555,9.534,1.958,0.161,0,-540,0
0.112560,3.53618,9.412,2.042,0.091,0,-540,0
0.112580,3.53681,9.485,1.926,0.069,0,-540,0
0.112600,3.53743,9.356,2.036,0.147,0,-540,0
0.112620,3.53806,9.241,1.951,0.042,0,-540,0
0.112640,3.53869,9.251,2.001,0.168,0,-540,0
0.112660,3.53932,9.493,1.984,0.125,540,-540,0
0.112680,3.53995,9.795,2.060,0.108,540,-540,0
0.112700,3.54057,10.093,2.058,0.122,540,-540,0
0.112720,3.54120,10.385,2.053,0.152,540,-540,0
0.112740,3.54183,10.643,1.989,0.138,540,-540,0
0.112760,3.54246,10.915,1.999,0.150,540,-540,0
0.112780,3.54309,10.989,2.007,0.158,0,-540,0
0.112800,3.54372,10.828,2.011,0.131,0,-540,0
0.112820,3.54434,10.846,1.890,0.108,0,-540,0
0.112840,3.54497,10.748,2.021,0.041,0,-540,0
0.112860,3.54560,10.788,1.894,0.071,0,-540,0
0.112880,3.54623,10.632,1.983,0.145,0,-540,0
0.112900,3.54686,10.617,1.990,0.144,0,-540,0
0.112920,3.54749,10.559,2.057,-0.001,0,-540,0
0.112940,3.54811,10.520,2.080,0.154,0,-540,0
0.112960,3.54874,10.399,2.111,0.107,0,-540,0
0.112980,3.54937,10.414,2.029,0.011,0,-540,0
0.113000,3.55000,10.342,1.948,0.090,0,-540,0
0.113020,3.55063,10.266,2.043,0.036,0,-540,0
0.113040,3.55126,10.220,2.017,0.038,0,-540,0
0.113060,3.55188,10.192,1.963,0.149,0,-540,0
0.113080,3.55251,10.109,1.966,0.173,0,-540,0
0.113100,3.55314,10.069,2.065,0.076,0,-540,0
0.113120,3.55377,10.092,2.004,0.103,0,-540,0
0.113140,3.55440,10.018,2.045,0.024,0,-540,0
0.113160,3.55503,9.934,1.957,0.190,0,-540,0
0.113180,3.55565,9.857,2.084,0.104,0,-540,0
0.113200,3.55628,9.876,1.922,0.067,0,-540,0
0.113220,3.55691,9.779,1.974,0.038,0,-540,0
0.113240,3.55754,9.800,1.953,0.164,0,-540,0
0.113260,3.55817,9.607,1.911,0.119,0,-540,0
0.113280,3.55880,9.629,1.909,0.073,0,-540,0
0.113300,3.55942,9.612,1.924,0.217,0,-540,0
0.113320,3.56005,9.493,1.945,0.090,0,-540,0
0.113340,3.56068,9.369,2.042,0.124,0,-540,0
0.113360,3.56131,9.419,1.989,0.109,0,-540,0
0.113380,3.56194,9.398,1.948,0.126,0,-540,0
0.113400,3.56257,9.365,2.038,0.140,0,-540,0
0.113420,3.56319,9.278,2.072,0.098,0,-540,0
0.113440,3.56382,9.311,2.015,0.164,0,-540,0
0.113460,3.56445,9.139,2.057,0.027,0,-540,0
0.113480,3.56508,9.450,2.014,0.150,540,-540,0
0.113500,3.56571,9.680,1.931,0.076,540,-540,0
0.113520,3.56634,9.960,2.049,0.162,540,-540,0
0.113540,3.56696,10.098,1.988,0.080,540,-540,0
0.113560,3.56759,10.439,2.048,0.095,540,-540,0
0.113580,3.56822,10.676,2.011,0.054,540,-540,0
0.113600,3.56885,10.910,2.004,0.045,540,-540,0
0.113620,3.56948,10.941,1.993,0.128,0,-540,0
0.113640,3.57011,10.814,2.050,0.177,0,-540,0
0.113660,3.57073,10.842,2.090,0.098,0,-540,0
0.113680,3.57136,10.726,2.051,0.162,0,-540,0
0.113700,3.57199,10.693,1.979,0.175,0,-540,0
0.113720,3.57262,10.602,2.088,0.109,0,-540,0
0.113740,3.57325,10.587,2.010,0.188,0,-540,0
0.113760,3.57388,10.588,2.060,0.076,0,-540,0
0.113780,3.57450,10.386,2.033,0.135,0,-540,0
0.113800,3.57513,10.455,1.929,0.028,0,-540,0
0.113820,3.57576,10.442,1.991,0.112,0,-540,0
0.113840,3.57639,10.285,2.100,0.061,0,-540,0
0.113860,3.57702,10.397,1.991,0.181,0,-540,0
0.113880,3.57765,10.307,2.015,0.143,0,-540,0
0.113900,3.57827,10.198,2.067,0.092,0,-540,0
0.113920,3.57890,10.056,2.093,0.154,0,-540,0
0.113940,3.57953,10.162,1.969,0.167,0,-540,0
0.113960,3.58016,10.116,1.970,0.147,0,-540,0
0.113980,3.58079,10.078,1.970,0.166,0,-540,0
0.114000,3.58142,10.009,1.966,0.068,0,-540,0
0.114020,3.58204,9.942,1.976,0.053,0,-540,0
0.114040,3.58267,9.896,1.977,0.099,0,-540,0
0.114060,3.58330,9.786,2.018,0.139,0,-540,0
0.114080,3.58393,9.850,1.945,0.132,0,-540,0
0.114100,3.58456,9.865,1.939,0.075,0,-540,0
0.114120,3.58519,9.695,1.960,0.131,0,-540,0
0.114140,3.58581,9.599,1.981,0.175,0,-540,0
0.114160,3.58644,9.677,1.987,0.064,0,-540,0
0.114180,3.58707,9.655,1.996,0.122,0,-540,0
0.114200,3.58770,9.591,1.940,0.102,0,-540,0
0.114220,3.58833,9.607,2.087,0.150,0,-540,0
0.114240,3.58896,9.504,1.965,0.132,0,-540,0
0.114260,3.58958,9.419,2.030,0.090,0,-540,0
0.114280,3.59021,9.464,2.027,0.090,0,-540,0
0.114300,3.59084,9.516,1.911,0.144,0,-540,0
0.114320,3.59147,9.403,2.000,0.005,0,-540,0
0.114340,3.59210,9.316,1.951,0.147,0,-540,0
0.114360,3.59273,9.250,1.918,0.168,0,-540,0
0.114380,3.59335,9.222,2.024,0.140,0,-540,0
0.114400,3.59398,9.159,2.083,0.050,0,-540,0
0.114420,3.59461,9.158,1.955,0.116,0,-540,0
0.114440,3.59524,9.131,1.980,0.172,0,-540,0
0.114460,3.59587,9.377,2.038,0.082,540,-540,0
0.114480,3.59650,9.606,1.965,0.166,540,-540,0
0.114500,3.59712,9.879,2.049,0.198,540,-540,0
0.114520,3.59775,10.057,2.003,0.051,540,-540,0
0.114540,3.59838,10.272,2.022,0.102,540,-540,0
0.114560,3.59901,10.574,1.940,0.119,540,-540,0
0.114580,3.59964,10.760,2.079,0.114,540,-540,0
0.114600,3.60027,10.811,2.014,0.164,0,-540,0
0.114620,3.60089,10.776,1.961,0.134,0,-540,0
0.114640,3.60152,10.700,2.033,0.105,0,-540,0
0.114660,3.60215,10.697,2.024,0.206,0,-540,0
0.114680,3.60278,10.668,1.916,0.060,0,-540,0
0.114700,3.60341,10.590,1.931,0.095,0,-540,0
0.114720,3.60404,10.623,2.015,0.130,0,-540,0
0.114740,3.60466,10.595,1.952,0.158,0,-540,0
0.114760,3.60529,10.569,1.992,0.217,0,-540,0
0.114780,3.60592,10.537,2.030,0.193,0,-540,0
0.114800,3.60655,10.462,1.961,0.037,0,-540,0
0.114820,3.60718,10.396,1.951,0.195,0,-540,0
0.114840,3.60781,10.411,2.009,0.141,0,-540,0
0.114860,3.60843,10.372,1.968,0.156,0,-540,0
0.114880,3.60906,10.405,1.897,0.037,0,-540,0
0.114900,3.60969,10.243,1.897,0.125,0,-540,0
0.114920,3.61032,10.132,1.989,0.199,0,-540,0
0.114940,3.61095,10.141,2.037,0.055,0,-540,0
0.114960,3.61157,10.174,2.032,0.172,0,-540,0
0.114980,3.61220,10.159,1.954,0.082,0,-540,0
0.115000,3.61283,10.181,2.048,0.139,0,-540,0
0.115020,3.61346,10.097,1.913,0.092,0,-540,0
0.115040,3.61409,10.081,2.036,0.084,0,-540,0
0.115060,3.61472,9.995,1.941,0.022,0,-540,0
0.115080,3.61534,10.032,2.005,0.201,0,-540,0
0.115100,3.61597,9.961,2.060,0.095,0,-540,0
0.115120,3.61660,9.943,1.971,0.066,0,-540,0
0.115140,3.61723,9.911,2.135,0.134,0,-540,0
0.115160,3.61786,9.882,1.983,0.186,0,-540,0
0.115180,3.61849,9.866,2.012,0.097,0,-540,0
0.115200,3.61911,9.876,2.032,0.163,0,-540,0
0.115220,3.61974,9.716,2.013,0.091,0,-540,0
0.115240,3.62037,9.716,1.947,0.138,0,-540,0
0.115260,3.62100,9.771,2.021,0.185,0,-540,0
0.115280,3.62163,9.734,2.092,0.148,0,-540,0
0.115300,3.62226,9.641,2.021,0.150,0,-540,0
0.115320,3.62288,9.667,1.976,0.130,0,-540,0
0.115340,3.62351,9.581,1.982,0.124,0,-540,0
0.115360,3.62414,9.619,1.982,0.116,0,-540,0
0.115380,3.62477,9.616,2.045,0.057,0,-540,0
0.115400,3.62540,9.503,1.947,0.074,0,-540,0
0.115420,3.62603,9.468,2.015,0.140,0,-540,0
0.115440,3.62665,9.390,1.927,0.132,0,-540,0
0.115460,3.62728,9.436,1.938,0.133,0,-540,0
0.115480,3.62791,9.466,1.998,0.111,0,-540,0
0.115500,3.62854,9.449,2.081,0.197,0,-540,0
0.115520,3.62917,9.404,1.999,0.105,0,-540,0
0.115540,3.62980,9.324,1.998,0.127,0,-540,0
0.115560,3.63042,9.302,1.992,0.158,0,-540,0
0.115580,3.63105,9.330,2.001,0.130,0,-540,0
0.115600,3.63168,9.225,1.976,0.103,0,-540,0
0.115620,3.63231,9.290,1.990,0.053,0,-540,0
0.115640,3.63294,9.258,2.059,0.210,0,-540,0
0.115660,3.63357,9.224,1.900,0.131,0,-540,0
0.115680,3.63419,9.198,2.042,0.093,0,-540,0
0.115700,3.63482,9.149,1.942,0.203,0,-540,0
0.115720,3.63545,9.406,1.963,0.037,540,-540,0
0.115740,3.63608,9.478,1.872,0.055,540,-540,0
0.115760,3.63671,9.837,2.011,0.038,540,-540,0
0.115780,3.63734,10.005,1.936,0.050,540,-540,0
0.115800,3.63796,10.273,1.961,0.051,540,-540,0
0.115820,3.63859,10.377,1.989,0.048,540,-540,0
0.115840,3.63922,10.651,1.972,0.223,540,-540,0
0.115860,3.63985,10.900,2.071,0.204,540,-540,0
0.115880,3.64048,10.797,1.958,0.161,0,-540,0
0.115900,3.64111,10.789,2.032,0.209,0,-540,0
0.115920,3.64173,10.773,1.954,0.019,0,-540,0
0.115940,3.64236,10.738,1.970,0.118,0,-540,0
0.115960,3.64299,10.759,2.032,0.090,0,-540,0
0.115980,3.64362,10.708,1.953,0.130,0,-540,0
0.116000,3.64425,10.615,2.079,0.140,0,-540,0
0.116020,3.64488,10.731,1.993,0.091,0,-540,0
0.116040,3.64550,10.581,1.986,0.064,0,-540,0
0.116060,3.64613,10.642,2.027,0.055,0,-540,0
0.116080,3.64676,10.633,1.928,0.095,0,-540,0
0.116100,3.64739,10.506,2.086,0.218,0,-540,0
0.116120,3.64802,10.528,1.977,0.078,0,-540,0
0.116140,3.64865,10.547,2.026,0.106,0,-540,0
0.116160,3.64927,10.511,2.050,0.138,0,-540,0
0.116180,3.64990,10.494,1.982,0.116,0,-540,0
0.116200,3.65053,10.367,1.961,0.101,0,-540,0
0.116220,3.65116,10.437,2.023,0.082,0,-540,0
0.116240,3.65179,10.389,1.980,0.100,0,-540,0
0.116260,3.65242,10.421,1.941,0.073,0,-540,0
0.116280,3.65304,10.376,2.032,0.057,0,-540,0
0.116300,3.65367,10.342,1.975,0.136,0,-540,0
0.116320,3.65430,10.202,1.994,0.112,0,-540,0
0.116340,3.65493,10.269,1.982,0.135,0,-540,0
0.116360,3.65556,10.240,2.030,0.047,0,-540,0
0.116380,3.65619,10.243,2.051,0.094,0,-540,0
0.116400,3.65681,10.258,1.928,0.131,0,-540,0
0.116420,3.65744,10.241,2.056,0.256,0,-540,0
0.116440,3.65807,10.192,2.045,0.121,0,-540,0
0.116460,3.65870,10.190,1.955,0.161,0,-540,0
0.116480,3.65933,10.195,1.984,0.153,0,-540,0
0.116500,3.65996,10.205,1.955,0.242,0,-540,0
0.116520,3.66058,10.208,1.982,0.099,0,-540,0
0.116540,3.66121,10.139,1.971,0.121,0,-540,0
0.116560,3.66184,10.050,2.044,0.121,0,-540,0
0.116580,3.66247,10.087,1.981,0.195,0,-540,0
0.116600,3.66310,10.055,1.982,0.067,0,-540,0
0.116620,3.66373,10.074,2.129,0.186,0,-540,0
0.116640,3.66435,10.029,1.939,0.129,0,-540,0
0.116660,3.66498,10.002,1.966,0.146,0,-540,0
0.116680,3.66561,10.016,1.945,0.134,0,-540,0
0.116700,3.66624,9.947,1.904,0.173,0,-540,0
0.116720,3.66687,9.973,1.993,0.164,0,-540,0
0.116740,3.66750,9.932,2.043,0.128,0,-540,0
0.116760,3.66812,9.843,2.016,0.066,0,-540,0
0.116780,3.66875,9.921,1.970,0.174,0,-540,0
0.116800,3.66938,9.934,2.046,0.096,0,-540,0
0.116820,3.67001,9.850,2.016,0.188,0,-540,0
0.116840,3.67064,9.821,2.042,0.080,0,-540,0
0.116860,3.67127,9.866,1.955,0.072,0,-540,0
0.116880,3.67189,9.823,2.006,0.218,0,-540,0
0.116900,3.67252,9.698,2.031,0.139,0,-540,0
0.116920,3.67315,9.737,2.017,0.147,0,-540,0
0.116940,3.67378,9.860,1.973,0.144,0,-540,0
0.116960,3.67441,9.864,1.993,0.142,0,-540,0
0.116980,3.67504,9.815,1.995,0.124,0,-540,0
0.117000,3.67566,9.801,1.928,0.139,0,-540,0
0.117020,3.67629,9.662,2.026,0.130,0,-540,0
0.117040,3.67692,9.731,1.945,0.245,0,-540,0
0.117060,3.67755,9.719,1.958,0.186,0,-540,0
0.117080,3.67818,9.691,2.020,0.155,0,-540,0
0.117100,3.67880,9.621,1.953,0.195,0,-540,0
0.117120,3.67943,9.616,2.080,0.121,0,-540,0
0.117140,3.68006,9.674,2.018,0.060,0,-540,0
0.117160,3.68069,9.622,2.058,0.080,0,-540,0
0.117180,3.68132,9.585,2.012,0.077,0,-540,0
0.117200,3.68195,9.523,1.926,0.074,0,-540,0
0.117220,3.68257,9.612,2.051,0.114,0,-540,0
0.117240,3.68320,9.590,2.075,0.095,0,-540,0
0.117260,3.68383,9.562,1.991,0.036,0,-540,0
0.117280,3.68446,9.597,1.958,0.119,0,-540,0
0.117300,3.68509,9.524,1.923,0.142,0,-540,0
0.117320,3.68572,9.512,2.140,0.023,0,-540,0
0.117340,3.68634,9.500,1.984,0.108,0,-540,0
0.117360,3.68697,9.433,2.044,0.107,0,-540,0
0.117380,3.68760,9.440,1.971,0.180,0,-540,0
0.117400,3.68823,9.476,2.057,0.188,0,-540,0
0.117420,3.68886,9.444,2.047,0.097,0,-540,0
0.117440,3.68949,9.433,2.103,0.096,0,-540,0
0.117460,3.69011,9.391,2.038,0.232,0,-540,0
0.117480,3.69074,9.384,1.989,0.127,0,-540,0
0.117500,3.69137,9.454,2.054,0.102,0,-540,0
0.117520,3.69200,9.369,1.871,0.214,0,-540,0
0.117540,3.69263,9.420,1.938,0.156,0,-540,0
0.117560,3.69326,9.292,1.940,0.058,0,-540,0
0.117580,3.69388,9.339,1.891,0.165,0,-540,0
0.117600,3.69451,9.350,2.043,0.155,0,-540,0
0.117620,3.69514,9.268,2.085,0.078,0,-540,0
0.117640,3.69577,9.268,1.954,0.123,0,-540,0
0.117660,3.69640,9.420,2.006,0.101,0,-540,0
0.117680,3.69703,9.310,2.034,0.105,0,-540,0
0.117700,3.69765,9.291,2.066,0.136,0,-540,0
0.117720,3.69828,9.283,2.123,0.168,0,-540,0
0.117740,3.69891,9.308,1.978,0.057,0,-540,0
0.117760,3.69954,9.286,1.989,0.173,0,-540,0
0.117780,3.70017,9.433,1.975,0.049,540,-540,0
0.117800,3.70080,9.603,1.950,0.061,540,-540,0
0.117820,3.70142,9.773,1.993,0.034,540,-540,0
0.117840,3.70205,10.070,1.994,0.174,540,-540,0
0.117860,3.70268,10.299,1.983,0.089,540,-540,0
0.117880,3.70331,10.497,1.933,0.153,540,-540,0
0.117900,3.70394,10.640,1.973,0.132,540,-540,0
0.117920,3.70457,10.805,1.963,0.163,0,-540,0
0.117940,3.70519,10.747,2.044,0.108,0,-540,0
0.117960,3.70582,10.830,1.966,0.106,0,-540,0
0.117980,3.70645,10.771,2.010,0.039,0,-540,0
0.118000,3.70708,10.769,1.946,0.081,0,-540,0
0.118020,3.70771,10.795,1.942,0.132,0,-540,0
0.118040,3.70834,10.665,1.942,0.122,0,-540,0
0.118060,3.70896,10.732,2.477,0.191,0,540,0
0.118080,3.70959,10.714,3.384,0.130,0,540,0
0.118100,3.71022,10.605,4.232,0.058,0,540,0
0.118120,3.71085,10.707,5.256,0.189,0,540,0
0.118140,3.71148,10.722,6.076,0.129,0,540,0
0.118160,3.71211,10.732,6.964,0.115,0,540,0
0.118180,3.71273,10.673,7.818,0.155,0,540,0
0.118200,3.71336,10.607,8.658,0.141,0,540,0
0.118220,3.71399,10.574,9.687,0.108,0,540,0
0.118240,3.71462,10.607,10.437,0.222,0,540,0
0.118260,3.71525,10.629,10.987,0.144,0,0,0
0.118280,3.71588,10.665,10.884,0.050,0,0,0
0.118300,3.71650,10.640,10.915,0.141,0,0,0
0.118320,3.71713,10.540,10.957,0.091,0,0,0
0.118340,3.71776,10.530,10.896,0.086,0,0,0
0.118360,3.71839,10.580,10.921,0.112,0,0,0
0.118380,3.71902,10.479,10.969,0.076,0,0,0
0.118400,3.71965,10.550,10.830,0.142,0,0,0
0.118420,3.72027,10.494,11.006,0.132,0,0,0
0.118440,3.72090,10.474,10.850,0.183,0,0,0
0.118460,3.72153,10.516,10.844,0.114,0,0,0
0.118480,3.72216,10.438,10.853,0.168,0,0,0
0.118500,3.72279,10.483,10.800,0.204,0,0,0
0.118520,3.72342,10.506,10.874,0.117,0,0,0
0.118540,3.72404,10.414,10.870,0.171,0,0,0
0.118560,3.72467,10.537,10.668,0.088,0,0,0
0.118580,3.72530,10.424,10.797,0.158,0,0,0
0.118600,3.72593,10.496,10.736,0.085,0,0,0
0.118620,3.72656,10.402,10.736,0.114,0,0,0
0.118640,3.72719,10.430,10.755,0.096,0,0,0
0.118660,3.72781,10.383,10.764,0.148,0,0,0
0.118680,3.72844,10.344,10.814,0.113,0,0,0
0.118700,3.72907,10.386,10.773,0.212,0,0,0
0.118720,3.72970,10.451,10.676,0.080,0,0,0
0.118740,3.73033,10.339,10.798,0.183,0,0,0
0.118760,3.73096,10.373,10.599,0.091,0,0,0
0.118780,3.73158,10.502,10.775,0.145,0,0,0
0.118800,3.73221,10.453,10.673,0.159,0,0,0
0.118820,3.73284,10.324,10.650,0.139,0,0,0
0.118840,3.73347,10.361,10.569,0.210,0,0,0
0.118860,3.73410,10.351,10.636,0.166,0,0,0
0.118880,3.73473,10.317,10.652,0.122,0,0,0
0.118900,3.73535,10.314,10.610,0.084,0,0,0
0.118920,3.73598,10.299,10.561,0.177,0,0,0
0.118940,3.73661,10.263,10.662,0.126,0,0,0
0.118960,3.73724,10.287,10.617,0.246,0,0,0
0.118980,3.73787,10.290,10.561,0.146,0,0,0
0.119000,3.73850,10.257,10.608,0.177,0,0,0
0.119020,3.73912,10.241,10.568,0.251,0,0,0
0.119040,3.73975,10.208,10.543,0.039,0,0,0
0.119060,3.74038,10.344,10.607,0.085,0,0,0
0.119080,3.74101,10.308,10.481,0.152,0,0,0
0.119100,3.74164,10.256,10.633,0.147,0,0,0
0.119120,3.74227,10.212,10.499,0.039,0,0,0
0.119140,3.74289,10.214,10.458,0.183,0,0,0
0.119160,3.74352,10.167,10.596,0.159,0,0,0
0.119180,3.74415,10.255,10.395,0.134,0,0,0
0.119200,3.74478,10.253,10.490,0.135,0,0,0
0.119220,3.74541,10.261,10.414,0.136,0,0,0
0.119240,3.74604,10.156,10.487,0.191,0,0,0
0.119260,3.74666,10.224,10.497,0.104,0,0,0
0.119280,3.74729,10.104,10.505,0.137,0,0,0
0.119300,3.74792,10.269,10.495,0.111,0,0,0
0.119320,3.74855,10.117,10.541,0.124,0,0,0
0.119340,3.74918,10.201,10.510,0.158,0,0,0
0.119360,3.74980,10.144,10.370,0.170,0,0,0
0.119380,3.75043,10.224,10.512,0.229,0,0,0
0.119400,3.75106,10.187,10.439,0.139,0,0,0
0.119420,3.75169,10.175,10.403,0.127,0,0,0
0.119440,3.75232,10.205,10.349,0.171,0,0,0
0.119460,3.75295,10.079,10.364,0.091,0,0,0
0.119480,3.75357,10.195,10.412,0.088,0,0,0
0.119500,3.75420,10.051,10.446,0.189,0,0,0
0.119520,3.75483,10.150,10.333,0.155,0,0,0
0.119540,3.75546,10.042,10.383,0.132,0,0,0
0.119560,3.75609,10.210,10.270,0.137,0,0,0
0.119580,3.75672,10.196,10.371,0.131,0,0,0
0.119600,3.75734,10.044,10.355,0.141,0,0,0
0.119620,3.75797,10.084,10.311,0.237,0,0,0
0.119640,3.75860,10.129,10.236,0.149,0,0,0
0.119660,3.75923,10.034,10.288,0.107,0,0,0
0.119680,3.75986,10.057,10.236,0.171,0,0,0
0.119700,3.76049,10.075,10.282,0.287,0,0,0
0.119720,3.76111,10.056,10.215,0.164,0,0,0
0.119740,3.76174,9.973,10.271,0.151,0,0,0
0.119760,3.76237,10.061,10.169,0.042,0,0,0
0.119780,3.76300,10.141,10.192,0.187,0,0,0
0.119800,3.76363,10.061,10.281,-0.011,0,0,0
0.119820,3.76426,10.004,10.200,0.186,0,0,0
0.119840,3.76488,9.945,10.259,0.147,0,0,0
0.119860,3.76551,10.020,10.240,0.140,0,0,0
0.119880,3.76614,10.064,10.118,0.149,0,0,0
0.119900,3.76677,10.006,10.072,0.199,0,0,0
0.119920,3.76740,9.973,10.164,0.145,0,0,0
0.119940,3.76803,10.017,10.216,0.120,0,0,0
0.119960,3.76865,10.024,10.188,0.081,0,0,0
0.119980,3.76928,10.078,10.155,0.160,0,0,0
0.120000,3.76991,10.044,10.145,0.178,0,0,0
0.120020,3.77054,9.994,10.087,0.207,0,0,0
0.120040,3.77117,9.972,10.109,0.185,0,0,0
0.120060,3.77180,9.987,10.107,0.250,0,0,0
0.120080,3.77242,9.968,10.056,0.187,0,0,0
0.120100,3.77305,10.037,10.108,0.190,0,0,0
0.120120,3.77368,9.903,10.107,0.188,0,0,0
0.120140,3.77431,9.973,10.086,0.231,0,0,0
0.120160,3.77494,9.955,10.115,0.128,0,0,0
0.120180,3.77557,10.027,9.956,0.249,0,0,0
0.120200,3.77619,9.976,9.996,0.240,0,0,0
0.120220,3.77682,9.955,10.050,0.198,0,0,0
0.120240,3.77745,9.945,10.001,0.169,0,0,0
0.120260,3.77808,9.876,10.050,0.201,0,0,0
0.120280,3.77871,9.881,9.969,0.134,0,0,0
0.120300,3.77934,9.922,10.070,0.158,0,0,0
0.120320,3.77996,9.888,9.945,0.263,0,0,0
0.120340,3.78059,9.992,9.912,0.171,0,0,0
0.120360,3.78122,9.864,9.863,0.185,0,0,0
0.120380,3.78185,9.929,9.921,0.222,0,0,0
0.120400,3.78248,9.918,9.928,0.161,0,0,0
0.120420,3.78311,9.908,9.899,0.135,0,0,0
0.120440,3.78373,9.854,9.819,0.111,0,0,0
0.120460,3.78436,9.944,9.785,0.166,0,0,0
0.120480,3.78499,9.814,9.841,0.174,0,0,0
0.120500,3.78562,9.959,9.843,0.208,0,0,0
0.120520,3.78625,9.925,9.710,0.157,0,0,0
0.120540,3.78688,9.897,9.819,0.205,0,0,0
0.120560,3.78750,9.869,9.903,0.136,0,0,0
0.120580,3.78813,9.805,9.795,0.146,0,0,0
0.120600,3.78876,9.772,9.792,0.119,0,0,0
0.120620,3.78939,9.861,9.711,0.165,0,0,0
0.120640,3.79002,9.850,9.653,0.172,0,0,0
0.120660,3.79065,9.873,9.787,0.209,0,0,0
0.120680,3.79127,9.799,9.726,0.169,0,0,0
0.120700,3.79190,9.890,9.755,0.168,0,0,0
0.120720,3.79253,9.880,9.728,0.251,0,0,0
0.120740,3.79316,9.876,9.614,0.368,0,0,0
0.120760,3.79379,9.759,9.681,0.112,0,0,0
0.120780,3.79442,9.744,9.651,0.189,0,0,0
0.120800,3.79504,9.905,9.646,0.219,0,0,0
0.120820,3.79567,9.754,9.539,0.187,0,0,0
0.120840,3.79630,9.762,9.698,0.203,-540,0,0
0.120860,3.79693,9.553,9.645,0.155,-540,0,0
0.120880,3.79756,9.277,9.634,0.102,-540,0,0
0.120900,3.79819,9.112,9.583,0.133,-540,0,0
0.120920,3.79881,8.970,9.650,0.202,-540,0,0
0.120940,3.79944,8.689,9.547,0.320,-540,0,0
0.120960,3.80007,8.557,9.631,0.160,-540,0,0
0.120980,3.80070,8.405,9.512,0.135,-540,0,0
0.121000,3.80133,8.137,9.466,0.158,-540,0,0
0.121020,3.80196,7.966,9.595,0.097,-540,0,0
0.121040,3.80258,7.832,9.441,0.110,-540,0,0
0.121060,3.80321,7.586,9.543,0.160,-540,0,0
0.121080,3.80384,7.510,9.503,0.083,-540,0,0
0.121100,3.80447,7.246,9.460,0.060,-540,0,0
0.121120,3.80510,7.135,9.432,0.104,-540,0,0
0.121140,3.80573,6.998,9.505,0.188,-540,0,0
0.121160,3.80635,6.745,9.332,0.127,-540,0,0
0.121180,3.80698,6.576,9.327,0.059,-540,0,0
0.121200,3.80761,6.431,9.405,0.171,-540,0,0
0.121220,3.80824,6.350,9.303,0.193,-540,0,0
0.121240,3.80887,6.200,9.382,0.085,-540,0,0
0.121260,3.80950,5.995,9.327,0.074,-540,0,0
0.121280,3.81012,5.884,9.307,0.198,-540,0,0
0.121300,3.81075,5.797,9.306,0.064,-540,0,0
0.121320,3.81138,5.495,9.333,0.228,-540,0,0
0.121340,3.81201,5.419,9.331,0.122,-540,0,0
0.121360,3.81264,5.334,9.403,0.088,-540,0,0
0.121380,3.81327,5.166,9.345,0.116,-540,0,0
0.121400,3.81389,5.048,9.269,0.180,-540,0,0
0.121420,3.81452,4.909,9.671,0.249,-540,540,0
0.121440,3.81515,4.717,10.534,0.120,-540,540,0
0.121460,3.81578,4.551,10.920,0.078,-540,0,0
0.121480,3.81641,4.496,10.905,0.053,-540,0,0
0.121500,3.81704,4.245,10.955,0.072,-540,0,0
0.121520,3.81766,4.197,10.780,0.144,-540,0,0
0.121540,3.81829,4.020,10.796,0.235,-540,0,0
0.121560,3.81892,3.880,10.812,0.150,-540,0,0
0.121580,3.81955,3.837,10.812,0.153,-540,0,0
0.121600,3.82018,3.690,10.854,0.143,-540,0,0
0.121620,3.82080,3.503,10.936,0.155,-540,0,0
0.121640,3.82143,3.336,10.846,0.147,-540,0,0
0.121660,3.82206,3.223,10.776,0.067,-540,0,0
0.121680,3.82269,3.194,10.709,0.039,-540,0,0
0.121700,3.82332,3.063,10.806,0.125,-540,0,0
0.121720,3.82395,2.951,10.706,0.119,-540,0,0
0.121740,3.82457,2.815,10.638,0.165,-540,0,0
0.121760,3.82520,2.783,10.661,0.084,-540,0,0
0.121780,3.82583,2.650,10.633,0.118,-540,0,0
0.121800,3.82646,2.463,10.761,0.175,-540,0,0
0.121820,3.82709,2.398,10.606,0.147,-540,0,0
0.121840,3.82772,2.240,10.578,0.160,-540,0,0
0.121860,3.82834,2.130,10.611,0.141,-540,0,0
0.121880,3.82897,2.004,10.596,0.114,-540,0,0
0.121900,3.82960,1.983,10.542,0.143,-540,0,0
0.121920,3.83023,1.788,10.470,0.101,-540,0,0
0.121940,3.83086,1.687,10.509,0.148,-540,0,0
0.121960,3.83149,1.648,10.551,0.167,-540,0,0
0.121980,3.83211,1.505,10.462,0.156,-540,0,0
0.122000,3.83274,1.378,10.451,0.184,-540,0,0
0.122020,3.83337,1.283,10.511,0.153,-540,0,0
0.122040,3.83400,1.212,10.396,0.135,-540,0,0
0.122060,3.83463,1.057,10.402,0.187,-540,0,0
0.122080,3.83526,1.033,10.326,0.155,-540,0,0
0.122100,3.83588,0.917,10.345,0.150,-540,0,0
0.122120,3.83651,0.883,10.281,0.222,-540,0,0
0.122140,3.83714,0.713,10.299,0.125,-540,0,0
0.122160,3.83777,0.641,10.277,0.144,-540,0,0
0.122180,3.83840,0.499,10.199,0.155,-540,0,0
0.122200,3.83903,0.396,10.296,0.224,-540,0,0
0.122220,3.83965,0.463,10.205,0.125,-540,0,0
0.122240,3.84028,0.313,10.337,0.102,-540,0,0
0.122260,3.84091,0.177,10.145,0.228,-540,0,0
0.122280,3.84154,0.280,10.200,0.108,0,0,0
0.122300,3.84217,0.226,10.140,0.178,0,0,0
0.122320,3.84280,0.169,10.132,0.168,0,0,0
0.122340,3.84342,0.224,10.099,0.168,0,0,0
0.122360,3.84405,0.176,10.035,0.096,0,0,0
0.122380,3.84468,0.231,10.087,0.212,0,0,0
0.122400,3.84531,0.223,10.091,0.100,0,0,0
0.122420,3.84594,0.280,9.920,0.124,0,0,0
0.122440,3.84657,0.259,10.045,0.066,0,0,0
0.122460,3.84719,0.141,10.044,0.106,0,0,0
0.122480,3.84782,0.231,10.037,0.141,0,0,0
0.122500,3.84845,0.290,9.930,0.163,0,0,0
0.122520,3.84908,0.197,9.942,0.199,0,0,0
0.122540,3.84971,0.251,9.880,0.177,0,0,0
0.122560,3.85034,0.082,9.851,0.199,0,0,0
0.122580,3.85096,0.229,9.918,0.118,0,0,0
0.122600,3.85159,0.183,9.839,0.205,0,0,0
0.122620,3.85222,0.127,9.890,0.221,0,0,0
0.122640,3.85285,0.193,9.785,0.214,0,0,0
0.122660,3.85348,0.113,9.772,0.233,0,0,0
0.122680,3.85411,0.125,9.802,0.226,0,0,0
0.122700,3.85473,0.236,9.710,0.219,0,0,0
0.122720,3.85536,0.148,9.680,0.189,0,0,0
0.122740,3.85599,0.123,9.694,0.201,0,0,0
0.122760,3.85662,0.146,9.670,0.241,0,0,0
0.122780,3.85725,0.246,9.573,0.223,0,0,0
0.122800,3.85788,0.202,9.512,0.221,0,0,0
0.122820,3.85850,0.143,9.667,0.219,0,0,0
0.122840,3.85913,0.106,9.610,0.191,0,0,0
0.122860,3.85976,0.109,9.564,0.250,0,0,0
0.122880,3.86039,0.095,9.500,0.217,0,0,0
0.122900,3.86102,0.176,9.521,0.218,0,0,0
0.122920,3.86165,0.188,9.480,0.149,0,0,0
0.122940,3.86227,0.061,9.437,0.189,0,0,0
0.122960,3.86290,0.238,9.447,0.187,0,0,0
0.122980,3.86353,0.142,9.393,0.174,0,0,0
0.123000,3.86416,0.161,9.387,0.241,0,0,0
0.123020,3.86479,0.134,9.304,0.222,0,0,0
0.123040,3.86542,0.121,9.250,0.206,0,0,0
0.123060,3.86604,0.112,9.364,0.044,0,0,-540
0.123080,3.86667,0.112,9.318,-0.061,0,0,0
0.123100,3.86730,0.188,9.568,0.013,0,540,0
0.123120,3.86793,0.117,10.462,0.093,0,540,0
0.123140,3.86856,0.251,11.109,0.057,0,540,0
0.123160,3.86919,0.128,11.150,0.058,0,0,0
0.123180,3.86981,0.142,11.195,-0.012,0,0,0
0.123200,3.87044,0.236,11.064,0.044,0,0,0
0.123220,3.87107,0.140,11.066,0.115,0,0,0
0.123240,3.87170,0.177,10.976,0.072,0,0,0
0.123260,3.87233,0.178,11.036,0.119,0,0,0
0.123280,3.87296,0.129,10.967,0.004,0,0,0
0.123300,3.87358,0.164,10.997,0.019,0,0,0
0.123320,3.87421,0.144,10.913,0.053,0,0,0
0.123340,3.87484,0.264,10.916,0.072,0,0,0
0.123360,3.87547,0.103,10.909,-0.011,0,0,0
0.123380,3.87610,0.200,10.768,0.097,0,0,0
0.123400,3.87673,0.171,10.751,0.068,0,0,0
0.123420,3.87735,0.142,10.774,0.104,0,0,0
0.123440,3.87798,0.210,10.721,0.011,0,0,0
0.123460,3.87861,0.160,10.652,0.001,0,0,0
0.123480,3.87924,0.123,10.736,-0.010,0,0,0
0.123500,3.87987,0.137,10.565,0.131,0,0,0
0.123520,3.88050,0.136,10.681,0.121,0,0,0
0.123540,3.88112,0.142,10.554,-0.017,0,0,0
0.123560,3.88175,0.186,10.616,-0.031,0,0,0
0.123580,3.88238,0.134,10.520,-0.029,0,0,0
0.123600,3.88301,0.122,10.522,0.075,0,0,0
0.123620,3.88364,0.086,10.538,-0.014,0,0,0
0.123640,3.88427,0.233,10.388,0.073,0,0,0
0.123660,3.88489,0.177,10.321,0.060,0,0,0
0.123680,3.88552,0.150,10.349,-0.032,0,0,0
0.123700,3.88615,0.103,10.365,0.014,0,0,0
0.123720,3.88678,0.171,10.255,-0.003,0,0,0
0.123740,3.88741,0.204,10.202,-0.002,0,0,0
0.123760,3.88804,0.159,10.316,0.021,0,0,0
0.123780,3.88866,0.204,10.174,0.141,0,0,0
0.123800,3.88929,0.150,10.095,-0.024,0,0,0
0.123820,3.88992,0.136,10.156,0.099,0,0,0
0.123840,3.89055,0.059,10.081,0.033,0,0,0
0.123860,3.89118,0.066,10.085,0.067,0,0,0
0.123880,3.89180,0.132,10.019,0.061,0,0,0
0.123900,3.89243,0.044,9.895,0.048,0,0,0
0.123920,3.89306,0.135,9.939,0.107,0,0,0
0.123940,3.89369,0.152,9.981,0.056,0,0,0
0.123960,3.89432,0.098,9.912,0.070,0,0,0
0.123980,3.89495,0.261,9.917,-0.083,0,0,0
0.124000,3.89557,0.105,9.864,0.051,0,0,0
0.124020,3.89620,0.080,9.762,0.052,0,0,0
0.124040,3.89683,0.079,9.752,0.076,0,0,0
0.124060,3.89746,0.107,9.799,0.074,0,0,0
0.124080,3.89809,0.091,9.662,0.120,0,0,0
0.124100,3.89872,0.199,9.628,0.062,0,0,0
0.124120,3.89934,0.148,9.592,0.136,0,0,0
0.124140,3.89997,0.069,9.584,0.113,0,0,0
0.124160,3.90060,0.069,9.639,0.062,0,0,0
0.124180,3.90123,0.092,9.507,0.022,0,0,0
0.124200,3.90186,0.187,9.494,0.036,0,0,0
0.124220,3.90249,0.089,9.466,0.100,0,0,0
0.124240,3.90311,0.081,9.480,0.125,0,0,0
0.124260,3.90374,0.109,9.454,0.087,0,0,0
0.124280,3.90437,0.142,9.389,-0.029,0,0,0
0.124300,3.90500,0.091,9.350,0.038,0,0,0
0.124320,3.90563,0.132,9.331,-0.010,0,0,0
0.124340,3.90626,0.052,9.152,0.032,0,0,0
0.124360,3.90688,0.165,9.275,0.039,0,0,0
0.124380,3.90751,0.092,9.103,0.048,0,0,0
0.124400,3.90814,0.072,9.821,0.123,0,540,0
0.124420,3.90877,0.131,10.466,0.024,0,540,0
0.124440,3.90940,0.064,10.885,0.087,0,0,0
0.124460,3.91003,0.098,10.769,0.045,0,0,0
0.124480,3.91065,0.208,10.791,0.065,0,0,0
0.124500,3.91128,0.101,10.667,0.067,0,0,0
0.124520,3.91191,0.082,10.626,0.175,0,0,0
0.124540,3.91254,0.095,10.663,0.108,0,0,0
0.124560,3.91317,0.022,10.544,0.075,0,0,0
0.124580,3.91380,0.112,10.519,0.049,0,0,0
0.124600,3.91442,0.152,10.420,0.040,0,0,0
0.124620,3.91505,0.145,10.429,0.098,0,0,0
0.124640,3.91568,0.055,10.428,0.073,0,0,0
0.124660,3.91631,0.067,10.247,0.053,0,0,0
0.124680,3.91694,0.137,10.356,0.097,0,0,0
0.124700,3.91757,0.053,10.302,0.061,0,0,0
0.124720,3.91819,0.131,10.214,0.054,0,0,0
0.124740,3.91882,0.126,10.195,0.101,0,0,0
0.124760,3.91945,0.093,10.102,0.098,0,0,0
0.124780,3.92008,0.160,10.067,0.072,0,0,0
0.124800,3.92071,0.183,10.077,0.045,0,0,0
0.124820,3.92134,0.082,10.126,-0.001,0,0,0
0.124840,3.92196,0.054,9.929,0.069,0,0,0
0.124860,3.92259,0.062,9.941,0.020,0,0,0
0.124880,3.92322,0.077,9.928,0.186,0,0,0
0.124900,3.92385,0.197,9.774,0.201,0,0,0
0.124920,3.92448,0.050,9.808,0.022,0,0,0
0.124940,3.92511,0.065,9.771,0.148,0,0,0
0.124960,3.92573,0.209,9.803,0.086,0,0,0
0.124980,3.92636,0.044,9.734,0.104,0,0,0
0.125000,3.92699,0.102,9.638,0.023,0,0,0
0.125020,3.92762,0.210,9.593,0.020,0,0,0
0.125040,3.92825,0.078,9.626,0.067,0,0,0
0.125060,3.92888,0.062,9.533,0.118,0,0,0
0.125080,3.92950,0.138,9.523,0.049,0,0,0
0.125100,3.93013,0.169,9.517,0.132,0,0,0
0.125120,3.93076,0.141,9.494,-0.023,0,0,0
0.125140,3.93139,0.094,9.348,0.034,0,0,0
0.125160,3.93202,0.120,9.283,0.058,0,0,0
0.125180,3.93265,0.047,9.285,0.025,0,0,0
0.125200,3.93327,0.107,9.262,0.042,0,0,0
0.125220,3.93390,0.105,9.880,0.089,0,540,0
0.125240,3.93453,0.114,10.360,0.084,0,540,0
0.125260,3.93516,0.106,10.991,0.036,0,540,0
0.125280,3.93579,0.223,10.876,0.172,0,0,0
0.125300,3.93642,0.193,10.827,0.046,0,0,0
0.125320,3.93704,0.119,10.769,0.019,0,0,0
0.125340,3.93767,0.079,10.783,0.082,0,0,0
0.125360,3.93830,0.190,10.774,0.077,0,0,0
0.125380,3.93893,0.166,10.690,0.151,0,0,0
0.125400,3.93956,0.067,10.633,0.079,0,0,0
0.125420,3.94019,0.176,10.504,0.055,0,0,0
0.125440,3.94081,0.040,10.542,0.041,0,0,0
0.125460,3.94144,0.101,10.476,0.081,0,0,0
0.125480,3.94207,0.068,10.304,0.115,0,0,0
0.125500,3.94270,0.099,10.370,0.094,0,0,0
0.125520,3.94333,0.141,10.262,0.031,0,0,0
0.125540,3.94396,0.143,10.264,0.002,0,0,0
0.125560,3.94458,0.120,10.170,-0.016,0,0,0
0.125580,3.94521,0.125,10.218,0.050,0,0,0
0.125600,3.94584,0.193,10.146,0.053,0,0,0
0.125620,3.94647,0.045,10.071,0.047,0,0,0
0.125640,3.94710,0.157,10.032,0.095,0,0,0
0.125660,3.94773,0.080,10.036,0.039,0,0,0
0.125680,3.94835,0.157,9.895,0.047,0,0,0
0.125700,3.94898,0.079,9.937,0.047,0,0,0
0.125720,3.94961,0.163,9.819,0.033,0,0,0
0.125740,3.95024,0.158,9.800,0.042,0,0,0
0.125760,3.95087,0.121,9.802,0.189,0,0,0
0.125780,3.95150,0.138,9.711,0.033,0,0,0
0.125800,3.95212,0.081,9.608,0.031,0,0,0
0.125820,3.95275,0.108,9.620,0.141,0,0,0
0.125840,3.95338,0.133,9.571,0.123,0,0,0
0.125860,3.95401,0.139,9.489,0.056,0,0,0
0.125880,3.95464,0.079,9.553,0.141,0,0,0
0.125900,3.95527,0.134,9.413,0.174,0,0,0
0.125920,3.95589,0.126,9.433,-0.038,0,0,0
0.125940,3.95652,-0.004,9.341,0.038,0,0,0
0.125960,3.95715,0.108,9.517,-0.020,0,540,0
0.125980,3.95778,0.189,10.125,-0.052,0,540,0
0.126000,3.95841,0.016,10.555,0.139,0,540,0
0.126020,3.95904,0.104,10.984,0.067,0,540,0
0.126040,3.95966,0.025,10.966,0.133,0,0,0
0.126060,3.96029,0.144,10.958,0.019,0,0,0
0.126080,3.96092,0.032,10.863,0.066,0,0,0
0.126100,3.96155,0.129,10.814,-0.004,0,0,0
0.126120,3.96218,0.118,10.740,0.149,0,0,0
0.126140,3.96280,0.185,10.772,0.133,0,0,0
0.126160,3.96343,0.091,10.666,0.119,0,0,0
0.126180,3.96406,0.097,10.694,0.076,0,0,0
0.126200,3.96469,0.055,10.567,0.163,0,0,0
0.126220,3.96532,0.046,10.494,0.145,0,0,0
0.126240,3.96595,0.068,10.471,0.101,0,0,0
0.126260,3.96657,0.141,10.384,0.081,0,0,0
0.126280,3.96720,0.077,10.352,0.147,0,0,0
0.126300,3.96783,0.132,10.288,0.084,0,0,0
0.126320,3.96846,0.046,10.217,0.002,0,0,0
0.126340,3.96909,0.062,10.186,0.169,0,0,0
0.126360,3.96972,0.151,10.123,0.031,0,0,0
0.126380,3.97034,0.137,10.093,0.093,0,0,0
0.126400,3.97097,0.228,10.064,0.137,0,0,0
0.126420,3.97160,0.111,10.042,0.100,0,0,0
0.126440,3.97223,0.041,9.914,0.200,0,0,0
0.126460,3.97286,0.082,9.883,0.104,0,0,0
0.126480,3.97349,0.118,9.840,0.022,0,0,0
0.126500,3.97411,0.207,9.736,0.152,0,0,0
0.126520,3.97474,0.165,9.731,0.103,0,0,0
0.126540,3.97537,0.174,9.716,0.083,0,0,0
0.126560,3.97600,0.052,9.659,0.054,0,0,0
0.126580,3.97663,0.081,9.620,0.091,0,0,0
0.126600,3.97726,0.129,9.591,0.104,0,0,0
0.126620,3.97788,0.114,9.377,0.052,0,0,0
0.126640,3.97851,0.031,9.459,0.046,0,0,0
0.126660,3.97914,0.176,9.397,0.127,0,0,0
0.126680,3.97977,0.089,9.310,0.076,0,0,0
0.126700,3.98040,0.072,9.272,0.179,0,0,0
0.126720,3.98103,0.109,9.223,0.176,0,0,0
0.126740,3.98165,0.144,9.663,0.154,0,540,0
0.126760,3.98228,0.077,10.088,0.089,0,540,0
0.126780,3.98291,0.105,10.454,0.070,0,540,0
0.126800,3.98354,0.108,10.889,0.165,0,540,0
0.126820,3.98417,0.154,10.860,0.121,0,0,0
0.126840,3.98480,0.084,10.832,0.168,0,0,0
0.126860,3.98542,0.057,10.804,0.030,0,0,0
0.126880,3.98605,0.108,10.620,0.087,0,0,0
0.126900,3.98668,0.157,10.613,0.069,0,0,0
0.126920,3.98731,0.068,10.591,0.086,0,0,0
0.126940,3.98794,0.155,10.456,0.075,0,0,0
0.126960,3.98857,0.090,10.478,0.128,0,0,0
0.126980,3.98919,0.129,10.408,0.217,0,0,0
0.127000,3.98982,0.108,10.303,0.054,0,0,0
0.127020,3.99045,0.214,10.247,0.036,0,0,0
0.127040,3.99108,0.118,10.249,0.093,0,0,0
0.127060,3.99171,0.109,10.187,0.030,0,0,0
0.127080,3.99234,0.130,10.164,0.050,0,0,0
0.127100,3.99296,0.109,10.040,0.087,0,0,0
0.127120,3.99359,0.073,10.028,0.027,0,0,0
0.127140,3.99422,0.168,9.992,0.141,0,0,0
0.127160,3.99485,0.123,9.982,0.154,0,0,0
0.127180,3.99548,0.085,9.933,0.086,0,0,0
0.127200,3.99611,0.170,9.815,0.111,0,0,0
0.127220,3.99673,0.149,9.734,0.072,0,0,0
0.127240,3.99736,0.099,9.802,0.056,0,0,0
0.127260,3.99799,0.117,9.632,0.038,0,0,0
0.127280,3.99862,0.076,9.674,0.059,0,0,0
0.127300,3.99925,0.121,9.556,0.178,0,0,0
0.127320,3.99988,0.145,9.538,0.190,0,0,0
0.127340,4.00050,0.064,9.489,0.092,0,0,0
0.127360,4.00113,0.151,9.372,0.129,0,0,0
0.127380,4.00176,0.123,9.383,0.105,0,0,0
0.127400,4.00239,0.034,9.357,0.066,0,0,0
0.127420,4.00302,0.040,9.277,0.026,0,0,0
0.127440,4.00365,0.051,9.261,0.103,0,0,0
0.127460,4.00427,0.015,9.378,0.223,0,540,0
0.127480,4.00490,0.121,9.724,0.104,0,540,0
0.127500,4.00553,0.169,10.062,0.143,0,540,0
0.127520,4.00616,0.100,10.446,0.128,0,540,0
0.127540,4.00679,0.077,10.777,0.131,0,540,0
0.127560,4.00742,0.115,10.979,0.084,0,0,0
0.127580,4.00804,0.132,10.868,0.213,0,0,0
0.127600,4.00867,0.190,10.839,0.076,0,0,0
0.127620,4.00930,0.104,10.786,0.199,0,0,0
0.127640,4.00993,0.194,10.772,-0.026,0,0,0
0.127660,4.01056,0.205,10.699,0.070,0,0,0
0.127680,4.01119,0.075,10.606,0.158,0,0,0
0.127700,4.01181,0.084,10.517,0.106,0,0,0
0.127720,4.01244,0.089,10.473,0.148,0,0,0
0.127740,4.01307,0.099,10.468,0.044,0,0,0
0.127760,4.01370,0.143,10.354,0.133,0,0,0
0.127780,4.01433,0.089,10.357,0.148,0,0,0
0.127800,4.01496,0.203,10.289,0.099,0,0,0
0.127820,4.01558,0.092,10.350,0.087,0,0,0
0.127840,4.01621,0.070,10.189,0.180,0,0,0
0.127860,4.01684,0.109,10.142,0.208,0,0,0
0.127880,4.01747,0.037,10.080,0.164,0,0,0
0.127900,4.01810,0.120,10.101,0.110,0,0,0
0.127920,4.01873,0.066,10.027,0.113,0,0,0
0.127940,4.01935,0.164,9.958,0.125,0,0,0
0.127960,4.01998,0.069,9.873,0.134,0,0,0
0.127980,4.02061,0.150,9.848,0.224,0,0,0
0.128000,4.02124,0.052,9.903,0.108,0,0,0
0.128020,4.02187,0.162,9.787,0.011,0,0,0
0.128040,4.02250,0.159,9.704,0.107,0,0,0
0.128060,4.02312,0.146,9.627,0.077,0,0,0
0.128080,4.02375,0.030,9.540,0.110,0,0,0
0.128100,4.02438,0.168,9.542,0.191,0,0,0
0.128120,4.02501,0.098,9.492,0.070,0,0,0
0.128140,4.02564,0.083,9.411,0.129,0,0,0
0.128160,4.02627,0.171,9.343,0.163,0,0,0
0.128180,4.02689,0.134,9.355,0.027,0,0,0
0.128200,4.02752,0.146,9.268,0.180,0,0,0
0.128220,4.02815,0.164,9.245,0.161,0,0,0
0.128240,4.02878,0.105,9.208,0.154,0,0,0
0.128260,4.02941,0.119,9.083,0.140,0,0,0
0.128280,4.03004,0.171,9.494,0.164,0,540,0
0.128300,4.03066,0.132,9.727,0.094,0,540,0
0.128320,4.03129,0.098,10.056,0.072,0,540,0
0.128340,4.03192,0.119,10.421,0.111,0,540,0
0.128360,4.03255,0.085,10.567,0.080,0,540,0
0.128380,4.03318,0.127,10.907,0.054,0,540,0
0.128400,4.03380,0.167,10.788,0.124,0,0,0
0.128420,4.03443,0.118,10.841,0.053,0,0,0
0.128440,4.03506,0.058,10.751,0.082,0,0,0
0.128460,4.03569,0.116,10.745,0.075,0,0,0
0.128480,4.03632,0.255,10.742,0.196,0,0,0
0.128500,4.03695,0.092,10.563,0.095,0,0,0
0.128520,4.03757,0.105,10.599,0.192,0,0,0
0.128540,4.03820,0.105,10.480,0.096,0,0,0
0.128560,4.03883,0.098,10.573,0.153,0,0,0
0.128580,4.03946,0.066,10.393,0.025,0,0,0
0.128600,4.04009,0.041,10.220,0.137,0,0,0
0.128620,4.04072,0.057,10.294,0.124,0,0,0
0.128640,4.04134,0.022,10.296,0.127,0,0,0
0.128660,4.04197,0.038,10.160,0.114,0,0,0
0.128680,4.04260,0.231,10.169,0.159,0,0,0
0.128700,4.04323,0.058,10.129,0.183,0,0,0
0.128720,4.04386,0.152,10.053,0.097,0,0,0
0.128740,4.04449,0.157,9.991,0.104,0,0,0
0.128760,4.04511,0.143,10.016,0.089,0,0,0
0.128780,4.04574,0.091,9.934,0.123,0,0,0
0.128800,4.04637,0.188,9.905,0.104,0,0,0
0.128820,4.04700,0.172,9.812,0.062,0,0,0
0.128840,4.04763,0.115,9.796,0.046,0,0,0
0.128860,4.04826,0.113,9.832,0.124,0,0,0
0.128880,4.04888,-0.004,9.710,-0.012,0,0,0
0.128900,4.04951,0.212,9.678,0.051,0,0,0
0.128920,4.05014,0.226,9.639,0.162,0,0,0
0.128940,4.05077,0.151,9.522,0.113,0,0,0
0.128960,4.05140,0.070,9.616,0.086,0,0,0
0.128980,4.05203,0.155,9.468,0.130,0,0,0
0.129000,4.05265,0.086,9.503,0.002,0,0,0
0.129020,4.05328,0.086,9.393,0.051,0,0,0
0.129040,4.05391,0.094,9.396,0.124,0,0,0
0.129060,4.05454,0.118,9.351,0.113,0,0,0
0.129080,4.05517,0.017,9.305,0.116,0,0,0
0.129100,4.05580,0.105,9.311,0.119,0,0,0
0.129120,4.05642,0.093,9.208,0.068,0,0,0
0.129140,4.05705,0.132,9.505,0.174,0,540,0
0.129160,4.05768,0.130,9.697,0.066,0,540,0
0.129180,4.05831,0.104,9.965,0.158,0,540,0
0.129200,4.05894,0.093,10.178,0.097,0,540,0
0.129220,4.05957,0.126,10.454,0.122,0,540,0
0.129240,4.06019,0.100,10.712,0.134,0,540,0
0.129260,4.06082,0.135,10.822,0.022,0,0,0
0.129280,4.06145,0.082,10.668,0.155,0,0,0
0.129300,4.06208,0.211,10.768,0.167,0,0,0
0.129320,4.06271,0.134,10.661,0.109,0,0,0
0.129340,4.06334,0.129,10.610,0.142,0,0,0
0.129360,4.06396,0.126,10.487,0.132,0,0,0
0.129380,4.06459,0.134,10.551,0.193,0,0,0
0.129400,4.06522,0.090,10.530,0.124,0,0,0
0.129420,4.06585,0.123,10.427,0.147,0,0,0
0.129440,4.06648,0.138,10.404,0.166,0,0,0
0.129460,4.06711,0.178,10.279,0.080,0,0,0
0.129480,4.06773,0.086,10.269,0.109,0,0,0
0.129500,4.06836,0.078,10.249,0.089,0,0,0
0.129520,4.06899,0.059,10.249,0.116,0,0,0
0.129540,4.06962,0.140,10.244,0.081,0,0,0
0.129560,4.07025,0.112,10.092,0.160,0,0,0
0.129580,4.07088,0.153,10.164,0.056,0,0,0
0.129600,4.07150,0.029,10.130,0.188,0,0,0
0.129620,4.07213,0.191,10.001,0.126,0,0,0
0.129640,4.07276,0.048,10.033,0.024,0,0,0
0.129660,4.07339,0.125,9.909,0.091,0,0,0
0.129680,4.07402,0.044,9.860,0.144,0,0,0
0.129700,4.07465,0.139,9.877,0.121,0,0,0
0.129720,4.07527,0.068,9.855,0.089,0,0,0
0.129740,4.07590,0.088,9.862,0.143,0,0,0
0.129760,4.07653,0.150,9.757,0.109,0,0,0
0.129780,4.07716,0.177,9.700,0.077,0,0,0
0.129800,4.07779,0.090,9.665,0.112,0,0,0
0.129820,4.07842,0.009,9.722,0.192,0,0,0
0.129840,4.07904,0.104,9.612,0.039,0,0,0
0.129860,4.07967,0.142,9.538,0.176,0,0,0
0.129880,4.08030,0.181,9.549,0.084,0,0,0
0.129900,4.08093,0.101,9.525,0.079,0,0,0
0.129920,4.08156,0.119,9.490,0.099,0,0,0
0.129940,4.08219,0.097,9.410,0.175,0,0,0
0.129960,4.08281,0.151,9.368,0.012,0,0,0
0.129980,4.08344,0.191,9.323,0.139,0,0,0
0.130000,4.08407,0.128,9.342,0.062,0,0,0
0.130020,4.08470,-0.003,9.263,0.068,0,0,0
0.130040,4.08533,0.048,9.264,0.072,0,0,0
0.130060,4.08596,0.124,9.203,0.159,0,0,0
0.130080,4.08658,0.105,9.168,0.183,0,0,0
0.130100,4.08721,0.052,9.280,0.053,0,540,0
0.130120,4.08784,0.142,9.475,0.126,0,540,0
0.130140,4.08847,0.063,9.571,0.070,0,540,0
0.130160,4.08910,0.121,9.811,0.067,0,540,0
0.130180,4.08973,0.061,10.147,0.187,0,540,0
0.130200,4.09035,0.046,10.316,0.107,0,540,0
0.130220,4.09098,0.055,10.597,0.086,0,540,0
0.130240,4.09161,-0.039,10.844,0.089,0,540,0
0.130260,4.09224,0.125,10.827,0.151,0,0,0
0.130280,4.09287,0.057,10.860,0.061,0,0,0
0.130300,4.09350,-0.025,10.797,0.091,0,0,0
0.130320,4.09412,0.128,10.747,0.130,0,0,0
0.130340,4.09475,0.046,10.788,0.167,0,0,0
0.130360,4.09538,0.128,10.725,0.052,0,0,0
0.130380,4.09601,0.099,10.638,0.057,0,0,0
0.130400,4.09664,0.075,10.694,0.136,0,0,0
0.130420,4.09727,0.175,10.609,0.012,0,0,0
0.130440,4.09789,0.082,10.653,0.198,0,0,0
0.130460,4.09852,0.128,10.528,0.085,0,0,0
0.130480,4.09915,0.003,10.554,0.052,0,0,0
0.130500,4.09978,0.128,10.387,0.079,0,0,0
0.130520,4.10041,0.190,10.402,0.091,0,0,0
0.130540,4.10104,0.085,10.376,0.113,0,0,0
0.130560,4.10166,0.075,10.353,0.009,0,0,0
0.130580,4.10229,0.100,10.357,0.132,0,0,0
0.130600,4.10292,0.113,10.268,0.139,0,0,0
0.130620,4.10355,0.136,10.291,0.169,0,0,0
0.130640,4.10418,0.105,10.118,0.065,0,0,0
0.130660,4.10480,0.079,10.176,0.117,0,0,0
0.130680,4.10543,0.058,10.092,0.081,0,0,0
0.130700,4.10606,0.063,9.986,0.033,0,0,0
0.130720,4.10669,0.052,10.122,0.165,0,0,0
0.130740,4.10732,0.023,10.047,0.214,0,0,0
0.130760,4.10795,0.143,9.985,0.187,0,0,0
0.130780,4.10857,0.070,10.011,0.182,0,0,0
0.130800,4.10920,0.068,10.017,0.072,0,0,0
0.130820,4.10983,0.210,9.911,0.073,0,0,0
0.130840,4.11046,0.062,9.885,0.144,0,0,0
0.130860,4.11109,0.139,9.934,0.146,0,0,0
0.130880,4.11172,0.071,9.780,0.091,0,0,0
0.130900,4.11234,0.042,9.722,0.081,0,0,0
0.130920,4.11297,0.135,9.776,0.119,0,0,0
0.130940,4.11360,0.071,9.720,0.060,0,0,0
0.130960,4.11423,0.112,9.769,0.102,0,0,0
0.130980,4.11486,0.061,9.760,0.138,0,0,0
0.131000,4.11549,0.107,9.702,0.161,0,0,0
0.131020,4.11611,0.100,9.666,0.093,0,0,0
0.131040,4.11674,0.090,9.605,0.080,0,0,0
0.131060,4.11737,0.029,9.582,0.135,0,0,0
0.131080,4.11800,0.081,9.578,0.174,0,0,0
0.131100,4.11863,0.137,9.600,0.105,0,0,0
0.131120,4.11926,0.040,9.447,-0.039,0,0,0
0.131140,4.11988,0.070,9.445,0.082,0,0,0
0.131160,4.12051,0.101,9.509,0.118,0,0,0
0.131180,4.12114,0.149,9.506,0.105,0,0,0
0.131200,4.12177,0.097,9.388,0.124,0,0,0
0.131220,4.12240,0.083,9.324,0.126,0,0,0
0.131240,4.12303,0.149,9.328,0.128,0,0,0
0.131260,4.12365,0.150,9.297,0.134,0,0,0
0.131280,4.12428,0.067,9.288,0.041,0,0,0
0.131300,4.12491,0.182,9.297,0.102,0,0,0
0.131320,4.12554,0.150,9.258,0.074,0,0,0
0.131340,4.12617,0.125,9.231,0.063,0,0,0
0.131360,4.12680,0.149,9.233,0.082,0,0,0
0.131380,4.12742,0.088,9.179,0.068,0,0,0
0.131400,4.12805,0.046,9.164,0.086,0,0,0
0.131420,4.12868,0.164,9.308,0.106,0,540,0
0.131440,4.12931,0.093,9.497,0.153,0,540,0
0.131460,4.12994,0.058,9.790,0.024,0,540,0
0.131480,4.13057,0.034,10.012,0.084,0,540,0
0.131500,4.13119,0.230,10.045,0.147,0,540,0
0.131520,4.13182,0.071,10.287,0.124,0,540,0
0.131540,4.13245,0.033,10.503,0.083,0,540,0
0.131560,4.13308,0.055,10.737,0.055,0,540,0
0.131580,4.13371,0.152,10.877,0.134,0,540,0
0.131600,4.13434,0.157,10.976,0.146,0,0,0
0.131620,4.13496,0.059,10.863,0.042,0,0,0
0.131640,4.13559,0.131,10.826,0.118,0,0,0
0.131660,4.13622,0.129,10.730,0.152,0,0,0
0.131680,4.13685,0.105,10.819,0.127,0,0,0
0.131700,4.13748,0.129,10.753,0.141,0,0,0
0.131720,4.13811,0.123,10.766,0.057,0,0,0
0.131740,4.13873,0.102,10.659,0.092,0,0,0
0.131760,4.13936,0.122,10.717,0.076,0,0,0
0.131780,4.13999,0.192,10.716,0.020,0,0,0
0.131800,4.14062,0.111,10.665,0.099,0,0,0
0.131820,4.14125,0.061,10.614,0.144,0,0,0
0.131840,4.14188,0.117,10.653,0.095,0,0,0
0.131860,4.14250,0.115,10.523,0.036,0,0,0
0.131880,4.14313,0.100,10.527,0.021,0,0,0
0.131900,4.14376,0.097,10.526,0.159,0,0,0
0.131920,4.14439,0.096,10.481,0.110,0,0,0
0.131940,4.14502,0.091,10.513,0.118,0,0,0
0.131960,4.14565,0.126,10.527,0.083,0,0,0
0.131980,4.14627,0.052,10.522,0.091,0,0,0
0.132000,4.14690,0.150,10.390,0.168,0,0,0
0.132020,4.14753,0.167,10.417,0.104,0,0,0
0.132040,4.14816,0.112,10.370,0.128,0,0,0
0.132060,4.14879,0.025,10.338,0.192,0,0,0
0.132080,4.14942,0.015,10.357,-0.001,0,0,0
0.132100,4.15004,0.111,10.387,0.101,0,0,0
0.132120,4.15067,0.102,10.292,0.114,0,0,0
0.132140,4.15130,0.178,10.240,0.096,0,0,0
0.132160,4.15193,0.149,10.205,0.145,0,0,0
0.132180,4.15256,0.167,10.198,0.129,0,0,0
0.132200,4.15319,0.085,10.164,0.065,0,0,0
0.132220,4.15381,0.118,10.144,0.063,0,0,0
0.132240,4.15444,0.057,10.163,0.124,0,0,0
0.132260,4.15507,0.237,10.158,0.057,0,0,0
0.132280,4.15570,0.142,10.157,0.126,0,0,0
0.132300,4.15633,0.098,10.102,0.067,0,0,0
0.132320,4.15696,0.100,10.051,0.166,0,0,0
0.132340,4.15758,0.144,10.065,0.134,0,0,0
0.132360,4.15821,0.096,10.018,0.123,0,0,0
0.132380,4.15884,0.077,10.160,0.045,0,0,0
0.132400,4.15947,0.132,10.010,0.059,0,0,0
0.132420,4.16010,0.100,10.089,0.137,0,0,0
0.132440,4.16073,0.035,10.041,0.065,0,0,0
0.132460,4.16135,0.148,9.952,0.181,0,0,0
0.132480,4.16198,0.119,9.971,0.081,0,0,0
0.132500,4.16261,0.044,9.964,0.114,0,0,0
0.132520,4.16324,0.098,9.942,0.157,0,0,0
0.132540,4.16387,0.079,9.837,-0.008,0,0,0
0.132560,4.16450,0.173,9.877,0.120,0,0,0
0.132580,4.16512,0.138,9.864,0.067,0,0,0
0.132600,4.16575,0.123,9.848,-0.005,0,0,0
0.132620,4.16638,0.104,9.860,0.084,0,0,0
0.132640,4.16701,0.154,9.788,0.064,0,0,0
0.132660,4.16764,0.083,9.860,0.111,0,0,0
0.132680,4.16827,0.177,9.868,0.081,0,0,0
0.132700,4.16889,0.182,9.718,0.148,0,0,0
0.132720,4.16952,0.111,9.632,0.146,0,0,0
0.132740,4.17015,0.093,9.733,0.212,0,0,0
0.132760,4.17078,0.079,9.671,0.107,0,0,0
0.132780,4.17141,0.097,9.688,0.104,0,0,0
0.132800,4.17204,0.201,9.651,0.103,0,0,0
0.132820,4.17266,0.067,9.607,0.109,0,0,0
0.132840,4.17329,0.150,9.689,0.058,0,0,0
0.132860,4.17392,0.084,9.740,0.111,0,0,0
0.132880,4.17455,0.121,9.541,0.078,0,0,0
0.132900,4.17518,0.196,9.550,0.049,0,0,0
0.132920,4.17580,0.058,9.576,0.131,0,0,0
0.132940,4.17643,0.168,9.528,0.121,0,0,0
0.132960,4.17706,0.200,9.663,0.057,0,0,0
0.132980,4.17769,0.055,9.624,0.089,0,0,0
0.133000,4.17832,0.094,9.466,0.076,0,0,0
0.133020,4.17895,0.065,9.536,0.058,0,0,0
0.133040,4.17957,0.094,9.576,0.098,0,0,0
0.133060,4.18020,0.165,9.497,0.093,0,0,0
0.133080,4.18083,0.267,9.425,0.053,0,0,0
0.133100,4.18146,0.118,9.474,0.143,0,0,0
0.133120,4.18209,0.034,9.402,0.075,0,0,0
0.133140,4.18272,0.122,9.436,0.063,0,0,0
0.133160,4.18334,0.093,9.488,0.126,0,0,0
0.133180,4.18397,0.151,9.397,-0.004,0,0,0
0.133200,4.18460,0.040,9.173,0.104,0,0,0
0.133220,4.18523,0.129,9.360,0.062,0,0,0
0.133240,4.18586,0.187,9.334,0.192,0,0,0
0.133260,4.18649,0.048,9.350,0.095,0,0,0
0.133280,4.18711,0.167,9.441,0.121,0,0,0
0.133300,4.18774,0.177,9.455,0.039,0,0,0
0.133320,4.18837,0.158,9.364,0.038,0,0,0
0.133340,4.18900,0.153,9.368,0.058,0,0,0
0.133360,4.18963,0.150,9.325,0.068,0,0,0
0.133380,4.19026,0.181,9.300,0.126,0,0,0
0.133400,4.19088,0.144,9.365,0.171,0,0,0
0.133420,4.19151,0.076,9.432,0.044,0,540,0
0.133440,4.19214,0.103,9.589,-0.017,0,540,0
0.133460,4.19277,0.084,9.730,0.099,0,540,0
0.133480,4.19340,0.117,9.916,0.109,0,540,0
0.133500,4.19403,0.045,10.181,0.035,0,540,0
0.133520,4.19465,0.136,10.296,0.061,0,540,0
0.133540,4.19528,0.114,10.596,0.062,0,540,0
0.133560,4.19591,0.134,10.703,0.087,0,540,0
0.133580,4.19654,0.088,10.790,0.085,0,540,0
0.133600,4.19717,0.142,10.855,0.065,0,0,0
0.133620,4.19780,0.186,10.884,0.077,0,0,0
0.133640,4.19842,0.079,10.897,-0.008,0,0,0
0.133660,4.19905,0.006,10.803,0.091,0,0,0
0.133680,4.19968,0.038,10.966,0.085,0,0,0
0.133700,4.20031,0.142,10.907,-0.018,0,0,0
0.133720,4.20094,0.178,10.745,0.111,0,0,0
0.133740,4.20157,0.110,10.794,0.158,0,0,0
0.133760,4.20219,0.120,10.842,0.055,0,0,0
0.133780,4.20282,0.157,10.750,0.054,0,0,0
0.133800,4.20345,0.203,10.814,0.125,0,0,0
0.133820,4.20408,0.138,10.722,0.071,0,0,0
0.133840,4.20471,0.167,10.734,0.120,0,0,0
0.133860,4.20534,0.119,10.814,0.031,0,0,0
0.133880,4.20596,0.161,10.694,0.123,0,0,0
0.133900,4.20659,0.134,10.724,0.087,0,0,0
0.133920,4.20722,0.091,10.764,0.038,0,0,0
0.133940,4.20785,0.086,10.613,0.066,0,0,0
0.133960,4.20848,0.145,10.648,0.098,0,0,0
0.133980,4.20911,0.089,10.741,0.115,0,0,0
0.134000,4.20973,0.087,10.637,0.144,0,0,0
0.134020,4.21036,0.129,10.621,0.109,0,0,0
0.134040,4.21099,0.150,10.592,0.162,0,0,0
0.134060,4.21162,0.106,10.629,0.169,0,0,0
0.134080,4.21225,0.158,10.583,0.032,0,0,0
0.134100,4.21288,0.105,10.554,0.133,0,0,0
0.134120,4.21350,0.201,10.589,0.209,0,0,0
0.134140,4.21413,0.258,10.684,0.071,0,0,0
0.134160,4.21476,0.056,10.566,0.140,0,0,0
0.134180,4.21539,0.115,10.473,0.110,0,0,0
0.134200,4.21602,0.128,10.680,0.049,0,0,0
0.134220,4.21665,0.119,10.507,0.085,0,0,0
0.134240,4.21727,0.110,10.533,0.081,0,0,0
0.134260,4.21790,0.097,10.533,0.050,0,0,0
0.134280,4.21853,0.187,10.582,0.050,0,0,0
0.134300,4.21916,0.090,10.531,0.122,0,0,0
0.134320,4.21979,0.061,10.437,0.093,0,0,0
0.134340,4.22042,0.250,10.529,-0.004,0,0,0
0.134360,4.22104,0.155,10.519,0.056,0,0,0
0.134380,4.22167,0.061,10.487,0.059,0,0,0
0.134400,4.22230,0.106,10.472,0.073,0,0,0
0.134420,4.22293,0.020,10.447,0.035,0,0,0
0.134440,4.22356,0.092,10.471,0.105,0,0,0
0.134460,4.22419,0.221,10.472,0.134,0,0,0
0.134480,4.22481,0.071,10.412,0.047,0,0,0
0.134500,4.22544,0.143,10.385,0.047,0,0,0
0.134520,4.22607,0.148,10.404,0.108,0,0,0
0.134540,4.22670,0.124,10.287,0.218,0,0,0
0.134560,4.22733,0.138,10.386,-0.000,0,0,0
0.134580,4.22796,0.161,10.443,-0.007,0,0,0
0.134600,4.22858,0.108,10.311,0.145,0,0,0
0.134620,4.22921,0.085,10.330,0.157,0,0,0
0.134640,4.22984,0.241,10.323,0.092,0,0,0
0.134660,4.23047,0.156,10.262,0.090,0,0,0
0.134680,4.23110,0.015,10.364,0.050,0,0,0
0.134700,4.23173,0.139,10.321,0.075,0,0,0
0.134720,4.23235,0.180,10.276,0.080,0,0,0
0.134740,4.23298,0.107,10.263,1.134,0,0,540
0.134760,4.23361,0.044,10.283,2.024,0,0,540
0.134780,4.23424,0.016,10.291,2.711,0,0,540
0.134800,4.23487,0.084,10.307,3.686,0,0,540
0.134820,4.23550,0.155,10.283,4.620,0,0,540
0.134840,4.23612,0.047,10.291,5.491,0,0,540
0.134860,4.23675,0.176,10.212,6.371,0,0,540
0.134880,4.23738,0.082,10.304,7.245,0,0,540
0.134900,4.23801,0.090,10.265,8.136,0,0,540
0.134920,4.23864,0.112,10.212,9.010,0,0,540
0.134940,4.23927,0.132,10.216,9.895,0,0,540
0.134960,4.23989,0.202,10.167,10.830,0,0,540
0.134980,4.24052,0.105,10.207,10.903,0,0,0
0.135000,4.24115,0.087,10.221,10.821,0,0,0
0.135020,4.24178,0.131,10.178,10.845,0,0,0
0.135040,4.24241,0.177,10.185,10.827,0,0,0
0.135060,4.24304,0.017,10.141,10.758,0,0,0
0.135080,4.24366,0.144,10.184,10.743,0,0,0
0.135100,4.24429,0.144,10.233,10.798,0,0,0
0.135120,4.24492,0.131,10.193,10.756,0,0,0
0.135140,4.24555,0.131,10.212,10.791,0,0,0
0.135160,4.24618,0.160,10.127,10.770,0,0,0
0.135180,4.24680,0.103,10.172,10.650,0,0,0
0.135200,4.24743,0.166,10.223,10.674,0,0,0
0.135220,4.24806,0.155,10.173,10.641,0,0,0
0.135240,4.24869,0.188,10.135,10.692,0,0,0
0.135260,4.24932,0.178,10.183,10.688,0,0,0
0.135280,4.24995,0.116,10.068,10.686,0,0,0
0.135300,4.25057,0.094,10.122,10.682,0,0,0
0.135320,4.25120,0.130,9.982,10.597,0,0,0
0.135340,4.25183,0.165,10.114,10.608,0,0,0
0.135360,4.25246,0.179,10.198,10.643,0,0,0
0.135380,4.25309,0.172,10.115,10.623,0,0,0
0.135400,4.25372,0.164,10.078,10.574,0,0,0
0.135420,4.25434,0.159,10.092,10.556,0,0,0
0.135440,4.25497,0.175,10.118,10.539,0,0,0
0.135460,4.25560,0.121,10.110,10.530,0,0,0
0.135480,4.25623,0.254,10.102,10.506,0,0,0
0.135500,4.25686,0.115,10.156,10.527,0,0,0
0.135520,4.25749,0.232,10.138,10.583,0,0,0
0.135540,4.25811,0.096,10.072,10.467,0,0,0
0.135560,4.25874,0.082,10.026,10.483,0,0,0
0.135580,4.25937,0.157,10.067,10.483,0,0,0
0.135600,4.26000,0.173,9.979,10.491,0,0,0
0.135620,4.26063,0.196,10.068,10.412,0,0,0
0.135640,4.26126,0.145,10.097,10.593,0,0,0
0.135660,4.26188,0.165,10.020,10.416,0,0,0
0.135680,4.26251,0.244,9.968,10.447,0,0,0
0.135700,4.26314,0.171,10.046,10.402,0,0,0
0.135720,4.26377,0.066,9.919,10.423,0,0,0
0.135740,4.26440,0.146,9.996,10.369,0,0,0
0.135760,4.26503,0.197,9.982,10.279,0,0,0
0.135780,4.26565,0.144,9.970,10.340,0,0,0
0.135800,4.26628,0.189,9.994,10.407,0,0,0
0.135820,4.26691,0.117,9.970,10.324,0,0,0
0.135840,4.26754,0.207,10.000,10.264,0,0,0
0.135860,4.26817,0.226,9.965,10.413,0,0,0
0.135880,4.26880,0.174,10.039,10.287,0,0,0
0.135900,4.26942,0.136,9.930,10.398,0,0,0
0.135920,4.27005,0.089,9.917,10.194,0,0,0
0.135940,4.27068,0.162,9.910,10.237,0,0,0
0.135960,4.27131,0.143,9.990,10.228,0,0,0
0.135980,4.27194,0.125,9.962,10.246,0,0,0
0.136000,4.27257,0.117,10.008,10.212,0,0,0
0.136020,4.27319,0.143,9.896,10.298,0,0,0
0.136040,4.27382,0.140,9.898,10.248,0,0,0
0.136060,4.27445,0.123,9.917,10.157,0,0,0
0.136080,4.27508,0.089,9.944,10.294,0,0,0
0.136100,4.27571,0.205,9.895,10.111,0,0,0
0.136120,4.27634,0.177,9.825,10.111,0,0,0
0.136140,4.27696,0.183,9.972,10.213,0,0,0
0.136160,4.27759,0.099,9.881,10.068,0,0,0
0.136180,4.27822,0.113,9.939,10.135,0,0,0
0.136200,4.27885,0.179,9.867,10.184,0,0,0
0.136220,4.27948,0.220,9.927,10.074,0,0,0
0.136240,4.28011,0.079,9.891,10.067,0,0,0
0.136260,4.28073,0.172,9.859,10.153,0,0,0
0.136280,4.28136,0.172,9.913,10.008,0,0,0
0.136300,4.28199,0.147,9.921,10.061,0,0,0
0.136320,4.28262,0.164,9.853,10.147,0,0,0
0.136340,4.28325,0.176,9.968,9.998,0,0,0
0.136360,4.28388,0.137,9.815,10.047,0,0,0
0.136380,4.28450,0.127,9.893,10.020,0,0,0
0.136400,4.28513,0.239,9.838,10.015,0,0,0
0.136420,4.28576,0.149,9.806,9.944,0,0,0
0.136440,4.28639,0.184,9.835,10.082,0,0,0
0.136460,4.28702,0.161,9.875,10.003,0,0,0
0.136480,4.28765,0.148,9.845,10.046,0,0,0
0.136500,4.28827,0.047,9.871,9.864,0,0,0
0.136520,4.28890,0.169,9.761,9.852,0,0,0
0.136540,4.28953,0.132,9.915,9.874,0,0,0
0.136560,4.29016,0.225,9.819,9.864,0,0,0
0.136580,4.29079,0.193,9.899,9.868,0,0,0
0.136600,4.29142,0.276,9.811,9.916,0,0,0
0.136620,4.29204,0.228,9.796,9.898,0,0,0
0.136640,4.29267,0.199,9.756,9.806,0,0,0
0.136660,4.29330,0.221,9.843,9.811,0,0,0
0.136680,4.29393,0.196,9.885,9.876,0,0,0
0.136700,4.29456,0.183,9.770,9.814,0,0,0
0.136720,4.29519,0.234,9.749,9.816,0,0,0
0.136740,4.29581,0.080,9.848,9.893,0,0,0
0.136760,4.29644,0.148,9.750,9.676,0,0,0
0.136780,4.29707,0.216,9.765,9.776,0,0,0
0.136800,4.29770,0.120,9.768,9.806,0,0,0
0.136820,4.29833,0.060,9.686,9.664,0,0,0
0.136840,4.29896,0.250,9.778,9.757,0,0,0
0.136860,4.29958,0.169,9.770,9.701,0,0,0
0.136880,4.30021,0.121,9.871,9.774,0,0,0
0.136900,4.30084,0.153,9.806,9.664,0,0,0
0.136920,4.30147,0.171,9.834,9.603,0,0,0
0.136940,4.30210,0.247,9.755,9.731,0,0,0
0.136960,4.30273,0.180,9.696,9.654,0,0,0
0.136980,4.30335,0.100,9.823,9.651,0,0,0
0.137000,4.30398,0.132,9.709,9.634,0,0,0
0.137020,4.30461,0.198,9.717,9.539,0,0,0
0.137040,4.30524,0.190,9.810,9.540,0,0,0
0.137060,4.30587,0.360,9.792,9.554,0,0,0
0.137080,4.30650,0.191,9.669,9.670,0,0,0
0.137100,4.30712,0.200,9.789,9.600,0,0,0
0.137120,4.30775,0.201,9.777,9.531,0,0,0
0.137140,4.30838,0.107,9.655,9.507,0,0,0
0.137160,4.30901,0.200,9.746,9.601,0,0,0
0.137180,4.30964,0.055,9.726,9.510,-540,0,0
0.137200,4.31027,0.155,9.730,9.548,0,0,0
0.137220,4.31089,0.133,9.758,9.381,0,0,0
0.137240,4.31152,0.111,9.686,9.475,0,0,0
0.137260,4.31215,0.122,9.708,9.388,0,0,0
0.137280,4.31278,0.081,9.704,9.342,0,0,0
0.137300,4.31341,0.103,9.725,9.396,0,0,0
0.137320,4.31404,0.138,9.682,9.358,0,0,0
0.137340,4.31466,0.150,9.698,9.442,0,0,0
0.137360,4.31529,0.109,9.713,9.348,0,0,0
0.137380,4.31592,0.158,9.781,9.290,0,0,0
0.137400,4.31655,0.078,9.764,9.307,0,0,0
0.137420,4.31718,0.102,9.705,9.435,0,0,0
0.137440,4.31780,0.099,9.651,9.260,0,0,0
0.137460,4.31843,0.153,9.695,9.260,0,0,0
0.137480,4.31906,0.063,9.721,9.257,0,0,0
0.137500,4.31969,0.107,9.672,9.225,0,-540,0
0.137520,4.32032,0.203,9.499,9.858,0,-540,540
0.137540,4.32095,0.120,9.361,10.562,0,-540,540
0.137560,4.32157,0.115,9.191,11.032,0,-540,0
0.137580,4.32220,0.168,8.914,10.913,0,-540,0
0.137600,4.32283,0.127,8.793,10.982,0,-540,0
0.137620,4.32346,0.097,8.494,10.886,0,-540,0
0.137640,4.32409,0.160,8.506,10.909,0,-540,0
0.137660,4.32472,0.182,8.342,10.868,0,-540,0
0.137680,4.32534,0.035,8.151,10.879,0,-540,0
0.137700,4.32597,0.131,7.933,10.914,0,-540,0
0.137720,4.32660,0.151,7.835,10.902,0,-540,0
0.137740,4.32723,0.048,7.738,10.824,0,-540,0
0.137760,4.32786,0.065,7.637,10.746,0,-540,0
0.137780,4.32849,0.135,7.381,10.754,0,-540,0
0.137800,4.32911,0.119,7.236,10.813,0,-540,0
0.137820,4.32974,0.145,7.121,10.728,0,-540,0
0.137840,4.33037,0.120,6.889,10.791,0,-540,0
0.137860,4.33100,0.166,6.838,10.623,0,-540,0
0.137880,4.33163,0.156,6.654,10.760,0,-540,0
0.137900,4.33226,0.172,6.524,10.645,0,-540,0
0.137920,4.33288,0.089,6.380,10.701,0,-540,0
0.137940,4.33351,0.076,6.294,10.662,0,-540,0
0.137960,4.33414,0.142,6.177,10.654,0,-540,0
0.137980,4.33477,0.072,5.991,10.527,0,-540,0
0.138000,4.33540,0.080,5.902,10.527,0,-540,0
0.138020,4.33603,0.159,5.794,10.521,0,-540,0
0.138040,4.33665,0.111,5.635,10.470,0,-540,0
0.138060,4.33728,0.061,5.600,10.512,0,-540,0
0.138080,4.33791,0.170,5.413,10.549,0,-540,0
0.138100,4.33854,0.176,5.242,10.471,0,-540,0
0.138120,4.33917,0.153,5.165,10.504,0,-540,0
0.138140,4.33980,0.103,5.100,10.411,0,-540,0
0.138160,4.34042,0.203,4.920,10.400,0,-540,0
0.138180,4.34105,0.170,4.789,10.452,0,-540,0
0.138200,4.34168,0.110,4.677,10.385,0,-540,0
0.138220,4.34231,0.116,4.611,10.401,0,-540,0
0.138240,4.34294,0.112,4.390,10.449,0,-540,0
0.138260,4.34357,0.149,4.335,10.375,0,-540,0
0.138280,4.34419,0.128,4.276,10.381,0,-540,0
0.138300,4.34482,0.056,4.086,10.248,0,-540,0
0.138320,4.34545,0.126,3.988,10.264,0,-540,0
0.138340,4.34608,0.107,3.937,10.287,0,-540,0
0.138360,4.34671,0.142,3.814,10.173,0,-540,0
0.138380,4.34734,0.172,3.792,10.298,0,-540,0
0.138400,4.34796,0.148,3.560,10.150,0,-540,0
0.138420,4.34859,0.120,3.493,10.138,0,-540,0
0.138440,4.34922,0.107,3.398,10.151,0,-540,0
0.138460,4.34985,0.199,3.260,10.128,0,-540,0
0.138480,4.35048,0.132,3.205,10.183,0,-540,0
0.138500,4.35111,0.140,3.087,10.035,0,-540,0
0.138520,4.35173,0.110,3.094,10.069,0,-540,0
0.138540,4.35236,0.061,2.878,10.043,0,-540,0
0.138560,4.35299,0.199,2.831,10.020,0,-540,0
0.138580,4.35362,0.149,2.703,10.002,0,-540,0
0.138600,4.35425,0.162,2.580,9.995,0,-540,0
0.138620,4.35488,0.158,2.544,9.955,0,-540,0
0.138640,4.35550,0.059,2.436,10.007,0,-540,0
0.138660,4.35613,0.125,2.319,9.974,0,-540,0
0.138680,4.35676,0.168,2.259,9.947,0,-540,0
0.138700,4.35739,0.092,2.169,9.869,0,-540,0
0.138720,4.35802,0.187,2.073,9.843,0,-540,0
0.138740,4.35865,0.266,1.940,9.823,0,-540,0
0.138760,4.35927,0.115,1.961,9.789,0,-540,0
0.138780,4.35990,0.073,1.904,9.687,0,-540,0
0.138800,4.36053,0.194,1.946,9.811,0,-540,0
0.138820,4.36116,0.291,1.960,9.774,0,-540,0
0.138840,4.36179,0.203,1.956,9.694,0,-540,0
0.138860,4.36242,0.109,2.016,9.726,0,-540,0
0.138880,4.36304,0.099,1.979,9.587,0,-540,0
0.138900,4.36367,0.171,2.077,9.727,0,-540,0
0.138920,4.36430,0.027,2.017,9.633,0,-540,0
0.138940,4.36493,0.252,1.938,9.657,0,-540,0
0.138960,4.36556,0.174,1.857,9.646,0,-540,0
0.138980,4.36619,0.165,2.004,9.465,0,-540,0
0.139000,4.36681,0.101,2.010,9.530,0,-540,0
0.139020,4.36744,0.230,1.913,9.508,0,-540,0
0.139040,4.36807,0.119,2.029,9.427,0,-540,0
0.139060,4.36870,0.128,2.018,9.425,0,-540,0
0.139080,4.36933,0.118,1.961,9.474,0,-540,0
0.139100,4.36996,0.144,1.910,9.466,0,-540,0
0.139120,4.37058,0.142,2.041,9.336,0,-540,0
0.139140,4.37121,0.084,1.960,9.362,0,-540,0
0.139160,4.37184,0.124,1.944,9.378,0,-540,0
0.139180,4.37247,0.132,2.018,9.341,0,-540,0
0.139200,4.37310,0.142,1.995,9.231,0,-540,0
0.139220,4.37373,0.160,2.043,9.295,0,-540,0
0.139240,4.37435,0.266,2.005,9.222,0,-540,0
0.139260,4.37498,0.126,2.052,9.200,0,-540,0
0.139280,4.37561,0.172,2.018,9.459,0,-540,540
0.139300,4.37624,0.215,2.051,10.386,0,-540,540
0.139320,4.37687,0.141,2.017,10.813,0,-540,0
0.139340,4.37750,0.129,2.012,10.727,0,-540,0
0.139360,4.37812,0.095,1.964,10.781,0,-540,0
0.139380,4.37875,0.121,2.014,10.727,0,-540,0
0.139400,4.37938,0.109,2.030,10.701,0,-540,0
0.139420,4.38001,0.084,1.966,10.654,0,-540,0
0.139440,4.38064,0.117,2.040,10.621,0,-540,0
0.139460,4.38127,0.100,1.933,10.559,0,-540,0
0.139480,4.38189,0.176,1.939,10.524,0,-540,0
0.139500,4.38252,0.165,2.040,10.492,0,-540,0
0.139520,4.38315,0.242,1.997,10.511,0,-540,0
0.139540,4.38378,0.207,2.028,10.549,0,-540,0
0.139560,4.38441,0.240,1.961,10.372,0,-540,0
0.139580,4.38504,0.201,2.000,10.470,0,-540,0
0.139600,4.38566,0.225,2.044,10.298,0,-540,0
0.139620,4.38629,0.264,1.960,10.203,0,-540,0
0.139640,4.38692,0.145,2.054,10.421,0,-540,0
0.139660,4.38755,0.190,2.049,10.269,0,-540,0
0.139680,4.38818,0.211,2.004,10.248,0,-540,0
0.139700,4.38880,0.161,2.131,10.137,0,-540,0
0.139720,4.38943,0.232,1.975,10.156,0,-540,0
0.139740,4.39006,0.166,1.943,10.215,0,-540,0
0.139760,4.39069,0.170,2.099,10.169,0,-540,0
0.139780,4.39132,0.256,2.017,10.058,0,-540,0
0.139800,4.39195,0.134,2.082,10.070,0,-540,0
0.139820,4.39257,0.208,2.050,10.057,0,-540,0
0.139840,4.39320,0.125,1.989,10.039,0,-540,0
0.139860,4.39383,0.246,1.962,10.030,0,-540,0
0.139880,4.39446,0.233,2.079,9.862,0,-540,0
0.139900,4.39509,0.200,2.021,9.858,0,-540,0
0.139920,4.39572,0.175,2.084,9.823,0,-540,0
0.139940,4.39634,0.205,2.023,9.799,0,-540,0
0.139960,4.39697,0.199,1.983,9.814,0,-540,0
0.139980,4.39760,0.210,1.992,9.793,0,-540,0
0.140000,4.39823,0.388,2.034,9.763,0,-540,0
0.140020,4.39886,0.159,2.070,9.715,0,-540,0
0.140040,4.39949,0.123,2.044,9.621,0,-540,0
0.140060,4.40011,0.214,2.003,9.739,0,-540,0
0.140080,4.40074,0.182,1.997,9.636,0,-540,0
0.140100,4.40137,0.231,2.024,9.562,0,-540,0
0.140120,4.40200,0.174,2.007,9.473,0,-540,0
0.140140,4.40263,0.219,2.081,9.586,0,-540,0
0.140160,4.40326,0.114,1.913,9.461,-540,-540,0
0.140180,4.40388,0.080,2.041,9.361,0,-540,0
0.140200,4.40451,0.115,1.937,9.452,0,-540,0
0.140220,4.40514,0.001,1.919,9.347,0,-540,0
0.140240,4.40577,0.078,1.980,9.331,0,-540,0
0.140260,4.40640,0.022,2.037,9.245,0,-540,0
0.140280,4.40703,0.180,1.944,9.179,0,-540,0
0.140300,4.40765,-0.015,2.037,9.165,0,-540,0
0.140320,4.40828,0.009,1.984,9.193,0,-540,0
0.140340,4.40891,0.074,1.985,9.876,0,-540,540
0.140360,4.40954,0.078,1.898,10.674,0,-540,540
0.140380,4.41017,0.074,2.015,11.037,0,-540,0
0.140400,4.41080,0.025,2.043,10.966,0,-540,0
0.140420,4.41142,0.015,2.025,10.996,0,-540,0
0.140440,4.41205,0.112,1.962,10.794,0,-540,0
0.140460,4.41268,0.084,1.968,10.800,0,-540,0
0.140480,4.41331,0.128,2.018,10.836,0,-540,0
0.140500,4.41394,-0.092,2.049,10.760,0,-540,0
0.140520,4.41457,0.062,1.912,10.755,0,-540,0
0.140540,4.41519,0.058,2.016,10.662,0,-540,0
0.140560,4.41582,0.027,2.015,10.645,0,-540,0
0.140580,4.41645,0.035,2.049,10.625,0,-540,0
0.140600,4.41708,-0.024,2.053,10.511,0,-540,0
0.140620,4.41771,0.066,1.970,10.538,0,-540,0
0.140640,4.41834,0.065,2.078,10.499,0,-540,0
0.140660,4.41896,0.010,2.007,10.382,0,-540,0
0.140680,4.41959,0.004,1.990,10.474,0,-540,0
0.140700,4.42022,0.070,2.097,10.336,0,-540,0
0.140720,4.42085,0.064,2.033,10.175,0,-540,0
0.140740,4.42148,0.073,2.042,10.295,0,-540,0
0.140760,4.42211,0.062,1.903,10.213,0,-540,0
0.140780,4.42273,0.049,1.950,10.114,0,-540,0
0.140800,4.42336,0.047,2.078,10.166,0,-540,0
0.140820,4.42399,0.033,1.959,10.121,0,-540,0
0.140840,4.42462,0.028,1.969,10.013,0,-540,0
0.140860,4.42525,0.063,2.041,10.097,0,-540,0
0.140880,4.42588,0.043,2.011,9.849,0,-540,0
0.140900,4.42650,0.022,2.043,9.911,0,-540,0
0.140920,4.42713,0.080,1.903,9.837,0,-540,0
0.140940,4.42776,0.077,2.003,9.753,0,-540,0
0.140960,4.42839,0.171,1.997,9.807,0,-540,0
0.140980,4.42902,0.081,1.931,9.764,0,-540,0
0.141000,4.42965,0.004,1.959,9.670,0,-540,0
0.141020,4.43027,0.032,1.920,9.690,0,-540,0
0.141040,4.43090,0.108,2.060,9.611,0,-540,0
0.141060,4.43153,0.004,1.951,9.559,0,-540,0
0.141080,4.43216,-0.021,2.066,9.508,0,-540,0
0.141100,4.43279,0.128,1.962,9.568,0,-540,0
0.141120,4.43342,-0.070,1.955,9.484,0,-540,0
0.141140,4.43404,0.118,1.953,9.463,0,-540,0
0.141160,4.43467,0.166,1.962,9.356,0,-540,0
0.141180,4.43530,-0.009,2.050,9.410,0,-540,0
0.141200,4.43593,-0.025,1.984,9.293,0,-540,0
0.141220,4.43656,0.057,2.111,9.930,0,-540,540
0.141240,4.43719,0.068,1.974,10.655,0,-540,540
0.141260,4.43781,0.105,1.989,10.888,0,-540,0
0.141280,4.43844,0.078,1.994,10.863,0,-540,0
0.141300,4.43907,0.149,2.060,10.754,0,-540,0
0.141320,4.43970,0.032,1.943,10.673,0,-540,0
0.141340,4.44033,0.107,1.977,10.700,0,-540,0
0.141360,4.44096,0.080,1.959,10.597,0,-540,0
0.141380,4.44158,0.093,1.992,10.578,0,-540,0
0.141400,4.44221,0.071,2.030,10.488,0,-540,0
0.141420,4.44284,0.127,2.098,10.542,0,-540,0
0.141440,4.44347,0.060,1.891,10.459,0,-540,0
0.141460,4.44410,0.116,1.925,10.413,0,-540,0
0.141480,4.44473,0.029,2.013,10.377,0,-540,0
0.141500,4.44535,0.050,2.041,10.238,0,-540,0
0.141520,4.44598,0.109,1.995,10.195,0,-540,0
0.141540,4.44661,0.042,1.966,10.194,0,-540,0
0.141560,4.44724,-0.002,2.031,10.181,0,-540,0
0.141580,4.44787,0.046,2.062,10.060,0,-540,0
0.141600,4.44850,0.081,1.962,10.061,0,-540,0
0.141620,4.44912,0.120,1.971,10.010,0,-540,0
0.141640,4.44975,0.138,2.016,9.909,0,-540,0
0.141660,4.45038,0.030,2.016,9.980,0,-540,0
0.141680,4.45101,0.025,2.117,9.820,0,-540,0
0.141700,4.45164,0.116,2.026,9.770,0,-540,0
0.141720,4.45227,0.131,1.935,9.738,0,-540,0
0.141740,4.45289,0.105,1.971,9.616,0,-540,0
0.141760,4.45352,0.005,1.967,9.672,0,-540,0
0.141780,4.45415,0.065,1.997,9.598,0,-540,0
0.141800,4.45478,0.093,1.992,9.488,0,-540,0
0.141820,4.45541,0.048,1.959,9.480,0,-540,0
0.141840,4.45604,0.148,1.951,9.385,0,-540,0
0.141860,4.45666,0.133,1.956,9.255,0,-540,0
0.141880,4.45729,0.058,2.031,9.268,0,-540,0
0.141900,4.45792,0.107,1.941,9.358,0,-540,0
0.141920,4.45855,0.111,1.909,9.113,0,-540,0
0.141940,4.45918,0.044,2.070,9.759,0,-540,540
0.141960,4.45980,0.125,1.953,10.361,0,-540,540
0.141980,4.46043,0.113,1.962,10.973,0,-540,540
0.142000,4.46106,0.014,1.964,10.870,0,-540,0
0.142020,4.46169,0.075,2.017,10.885,0,-540,0
0.142040,4.46232,0.125,1.908,10.900,0,-540,0
0.142060,4.46295,-0.019,2.041,10.791,0,-540,0
0.142080,4.46357,0.048,1.929,10.695,0,-540,0
0.142100,4.46420,0.098,2.015,10.670,0,-540,0
0.142120,4.46483,0.174,1.992,10.513,0,-540,0
0.142140,4.46546,0.073,1.942,10.489,0,-540,0
0.142160,4.46609,0.082,1.981,10.471,0,-540,0
0.142180,4.46672,0.072,1.994,10.310,0,-540,0
0.142200,4.46734,-0.010,1.993,10.327,0,-540,0
0.142220,4.46797,0.016,2.061,10.186,0,-540,0
0.142240,4.46860,0.131,1.977,10.141,0,-540,0
0.142260,4.46923,0.111,2.062,10.167,0,-540,0
0.142280,4.46986,0.066,2.007,10.017,0,-540,0
0.142300,4.47049,0.083,2.020,10.084,0,-540,0
0.142320,4.47111,0.095,1.990,10.015,0,-540,0
0.142340,4.47174,0.065,1.922,9.979,0,-540,0
0.142360,4.47237,0.112,2.011,9.843,0,-540,0
0.142380,4.47300,0.099,1.986,9.741,0,-540,0
0.142400,4.47363,0.168,1.992,9.679,0,-540,0
0.142420,4.47426,0.006,2.113,9.667,0,-540,0
0.142440,4.47488,0.071,1.961,9.662,0,-540,0
0.142460,4.47551,0.107,1.980,9.639,0,-540,0
0.142480,4.47614,0.096,2.043,9.497,0,-540,0
0.142500,4.47677,0.023,1.935,9.459,0,-540,0
0.142520,4.47740,0.011,1.921,9.366,0,-540,0
0.142540,4.47803,0.054,1.990,9.325,0,-540,0
0.142560,4.47865,-0.007,2.053,9.175,0,-540,0
0.142580,4.47928,0.144,2.009,9.322,0,-540,0
0.142600,4.47991,0.091,2.007,9.206,0,-540,0
0.142620,4.48054,-0.004,2.041,9.580,0,-540,540
0.142640,4.48117,0.058,2.002,10.192,0,-540,540
0.142660,4.48180,0.148,1.927,10.775,0,-540,540
0.142680,4.48242,0.141,2.102,10.943,0,-540,0
0.142700,4.48305,0.026,1.942,10.772,0,-540,0
0.142720,4.48368,0.151,1.971,10.837,0,-540,0
0.142740,4.48431,0.099,2.048,10.712,0,-540,0
0.142760,4.48494,0.018,2.073,10.734,0,-540,0
0.142780,4.48557,0.115,1.974,10.563,0,-540,0
0.142800,4.48619,0.058,2.015,10.711,0,-540,0
0.142820,4.48682,0.057,2.017,10.489,0,-540,0
0.142840,4.48745,0.131,2.007,10.381,0,-540,0
0.142860,4.48808,0.204,1.881,10.317,0,-540,0
0.142880,4.48871,0.087,1.986,10.327,0,-540,0
0.142900,4.48934,0.120,2.024,10.315,0,-540,0
0.142920,4.48996,0.122,1.937,10.175,0,-540,0
0.142940,4.49059,0.058,2.050,10.128,0,-540,0
0.142960,4.49122,0.041,2.034,10.070,0,-540,0
0.142980,4.49185,0.098,2.101,9.958,0,-540,0
0.143000,4.49248,0.150,1.940,9.926,0,-540,0
0.143020,4.49311,0.134,1.954,9.889,0,-540,0
0.143040,4.49373,0.162,1.940,9.820,0,-540,0
0.143060,4.49436,0.104,1.980,9.706,0,-540,0
0.143080,4.49499,0.095,2.006,9.664,0,-540,0
0.143100,4.49562,0.103,2.056,9.616,0,-540,0
0.143120,4.49625,0.104,1.964,9.512,0,-540,0
0.143140,4.49688,0.124,1.887,9.521,0,-540,0
0.143160,4.49750,0.037,1.960,9.467,0,-540,0
0.143180,4.49813,0.096,2.000,9.312,0,-540,0
0.143200,4.49876,0.074,1.906,9.299,0,-540,0
0.143220,4.49939,0.100,1.926,9.302,0,-540,0
0.143240,4.50002,0.063,2.000,9.207,0,-540,0
0.143260,4.50065,0.000,2.023,9.650,0,-540,540
0.143280,4.50127,0.097,2.011,10.046,0,-540,540
0.143300,4.50190,0.068,2.081,10.513,0,-540,540
0.143320,4.50253,0.054,2.002,10.763,0,-540,0
0.143340,4.50316,0.031,1.986,10.759,0,-540,0
0.143360,4.50379,0.105,1.961,10.517,0,-540,0
0.143380,4.50442,0.084,1.997,10.605,0,-540,0
0.143400,4.50504,0.043,2.043,10.457,0,-540,0
0.143420,4.50567,0.095,2.068,10.387,0,-540,0
0.143440,4.50630,0.137,2.008,10.377,0,-540,0
0.143460,4.50693,0.090,2.029,10.268,0,-540,0
0.143480,4.50756,0.185,1.987,10.221,0,-540,0
0.143500,4.50819,0.184,2.020,10.219,0,-540,0
0.143520,4.50881,0.089,2.059,10.047,0,-540,0
0.143540,4.50944,0.074,2.088,9.917,0,-540,0
0.143560,4.51007,0.196,2.026,9.917,0,-540,0
0.143580,4.51070,0.077,2.003,9.867,0,-540,0
0.143600,4.51133,0.054,2.023,9.777,0,-540,0
0.143620,4.51196,0.083,1.990,9.725,0,-540,0
0.143640,4.51258,0.110,1.998,9.652,0,-540,0
0.143660,4.51321,0.011,1.948,9.546,0,-540,0
0.143680,4.51384,0.073,1.994,9.591,0,-540,0
0.143700,4.51447,0.102,1.957,9.533,0,-540,0
0.143720,4.51510,0.095,1.987,9.425,0,-540,0
0.143740,4.51573,0.075,1.961,9.358,0,-540,0
0.143760,4.51635,0.111,2.021,9.361,0,-540,0
0.143780,4.51698,0.150,2.014,9.467,0,-540,540
0.143800,4.51761,0.145,1.967,9.904,0,-540,540
0.143820,4.51824,0.112,2.040,10.235,0,-540,540
0.143840,4.51887,0.042,2.029,10.759,0,-540,540
0.143860,4.51950,0.064,2.009,10.867,0,-540,0
0.143880,4.52012,0.136,2.022,10.813,0,-540,0
0.143900,4.52075,0.062,1.935,10.733,0,-540,0
0.143920,4.52138,0.104,2.118,10.566,0,-540,0
0.143940,4.52201,0.111,1.990,10.592,0,-540,0
0.143960,4.52264,0.062,1.946,10.525,0,-540,0
0.143980,4.52327,0.108,1.990,10.487,0,-540,0
0.144000,4.52389,0.165,2.015,10.378,0,-540,0
0.144020,4.52452,0.050,1.997,10.337,0,-540,0
0.144040,4.52515,0.092,1.920,10.260,0,-540,0
0.144060,4.52578,0.095,2.023,10.203,0,-540,0
0.144080,4.52641,0.089,1.995,10.086,0,-540,0
0.144100,4.52704,0.108,1.935,9.999,0,-540,0
0.144120,4.52766,0.144,1.987,9.960,0,-540,0
0.144140,4.52829,0.006,2.011,9.856,0,-540,0
0.144160,4.52892,0.129,2.023,9.879,0,-540,0
0.144180,4.52955,0.050,1.978,9.856,0,-540,0
0.144200,4.53018,0.059,1.927,9.755,0,-540,0
0.144220,4.53080,0.168,2.050,9.617,0,-540,0
0.144240,4.53143,-0.032,2.013,9.557,0,-540,0
0.144260,4.53206,0.047,2.054,9.454,0,-540,0
0.144280,4.53269,0.128,2.035,9.480,0,-540,0
0.144300,4.53332,0.099,2.071,9.265,0,-540,0
0.144320,4.53395,0.103,2.123,9.275,0,-540,0
0.144340,4.53457,0.088,2.036,9.375,0,-540,0
0.144360,4.53520,0.114,1.949,9.131,0,-540,0
0.144380,4.53583,0.050,1.947,9.323,0,-540,540
0.144400,4.53646,0.187,1.975,9.702,0,-540,540
0.144420,4.53709,0.158,2.076,10.142,0,-540,540
0.144440,4.53772,0.163,1.976,10.442,0,-540,540
0.144460,4.53834,0.111,2.049,10.836,0,-540,540
0.144480,4.53897,0.102,1.963,11.018,0,-540,0
0.144500,4.53960,0.163,2.031,10.882,0,-540,0
0.144520,4.54023,0.098,2.054,10.731,0,-540,0
0.144540,4.54086,0.151,2.032,10.745,0,-540,0
0.144560,4.54149,0.053,2.018,10.703,0,-540,0
0.144580,4.54211,0.113,2.006,10.590,0,-540,0
0.144600,4.54274,0.145,2.000,10.487,0,-540,0
0.144620,4.54337,0.125,1.988,10.497,0,-540,0
0.144640,4.54400,0.130,2.041,10.354,0,-540,0
0.144660,4.54463,0.169,1.909,10.311,0,-540,0
0.144680,4.54526,0.146,1.931,10.322,0,-540,0
0.144700,4.54588,0.158,2.038,10.126,0,-540,0
0.144720,4.54651,0.126,2.024,10.096,0,-540,0
0.144740,4.54714,0.094,2.040,10.103,0,-540,0
0.144760,4.54777,0.168,2.000,9.988,0,-540,0
0.144780,4.54840,0.117,1.985,9.895,0,-540,0
0.144800,4.54903,0.099,2.102,9.882,0,-540,0
0.144820,4.54965,0.138,1.944,9.825,0,-540,0
0.144840,4.55028,0.140,1.968,9.589,0,-540,0
0.144860,4.55091,0.076,2.018,9.747,0,-540,0
0.144880,4.55154,0.197,2.047,9.649,0,-540,0
0.144900,4.55217,0.105,1.964,9.639,0,-540,0
0.144920,4.55280,0.169,1.977,9.477,0,-540,0
0.144940,4.55342,0.092,2.061,9.359,0,-540,0
0.144960,4.55405,0.091,2.048,9.371,0,-540,0
0.144980,4.55468,0.119,2.002,9.332,0,-540,0
0.145000,4.55531,0.160,2.038,9.210,0,-540,0
0.145020,4.55594,0.179,2.067,9.400,0,-540,540
0.145040,4.55657,0.115,2.016,9.695,0,-540,540
0.145060,4.55719,0.103,2.041,9.938,0,-540,540
0.145080,4.55782,0.103,1.993,10.334,0,-540,540
0.145100,4.55845,0.193,1.970,10.698,0,-540,540
0.145120,4.55908,0.107,2.019,10.694,0,-540,0
0.145140,4.55971,0.074,2.016,10.785,0,-540,0
0.145160,4.56034,0.034,1.947,10.655,0,-540,0
0.145180,4.56096,0.061,1.989,10.609,0,-540,0
0.145200,4.56159,0.169,1.982,10.413,0,-540,0
0.145220,4.56222,0.092,1.917,10.516,0,-540,0
0.145240,4.56285,0.037,2.024,10.374,0,-540,0
0.145260,4.56348,0.104,2.042,10.306,0,-540,0
0.145280,4.56411,0.193,1.989,10.192,0,-540,0
0.145300,4.56473,0.079,2.089,10.143,0,-540,0
0.145320,4.56536,0.089,2.021,10.102,0,-540,0
0.145340,4.56599,0.078,1.991,10.118,0,-540,0
0.145360,4.56662,0.124,2.011,9.959,0,-540,0
0.145380,4.56725,0.142,2.111,10.028,0,-540,0
0.145400,4.56788,0.117,2.042,9.842,0,-540,0
0.145420,4.56850,0.142,2.086,9.794,0,-540,0
0.145440,4.56913,0.150,1.979,9.718,0,-540,0
0.145460,4.56976,0.130,2.023,9.717,0,-540,0
0.145480,4.57039,0.076,1.971,9.744,0,-540,0
0.145500,4.57102,0.108,2.060,9.523,0,-540,0
0.145520,4.57165,-0.006,1.915,9.488,0,-540,0
0.145540,4.57227,0.081,2.015,9.490,0,-540,0
0.145560,4.57290,0.171,2.065,9.428,0,-540,0
0.145580,4.57353,0.111,1.944,9.311,0,-540,0
0.145600,4.57416,0.156,1.973,9.320,0,-540,0
0.145620,4.57479,0.105,1.908,9.208,0,-540,0
0.145640,4.57542,0.068,1.966,9.245,0,-540,0
0.145660,4.57604,0.068,2.016,9.383,0,-540,540
0.145680,4.57667,0.067,2.114,9.801,0,-540,540
0.145700,4.57730,0.078,2.019,10.087,0,-540,540
0.145720,4.57793,0.157,1.958,10.310,0,-540,540
0.145740,4.57856,0.104,2.037,10.637,0,-540,540
0.145760,4.57919,0.213,2.002,10.904,0,-540,540
0.145780,4.57981,0.068,1.965,10.929,0,-540,0
0.145800,4.58044,0.103,2.063,10.730,0,-540,0
0.145820,4.58107,0.151,1.995,10.656,0,-540,0
0.145840,4.58170,0.121,2.021,10.719,0,-540,0
0.145860,4.58233,0.161,1.980,10.553,0,-540,0
0.145880,4.58296,0.150,2.014,10.582,0,-540,0
0.145900,4.58358,0.063,1.974,10.401,0,-540,0
0.145920,4.58421,0.085,2.042,10.441,0,-540,0
0.145940,4.58484,0.032,1.968,10.369,0,-540,0
0.145960,4.58547,0.121,2.012,10.284,0,-540,0
0.145980,4.58610,0.158,2.018,10.324,0,-540,0
0.146000,4.58673,0.160,1.990,10.124,0,-540,0
0.146020,4.58735,0.068,2.101,10.132,0,-540,0
0.146040,4.58798,0.053,2.037,9.951,0,-540,0
0.146060,4.58861,0.072,2.011,10.052,0,-540,0
0.146080,4.58924,0.111,1.979,9.977,0,-540,0
0.146100,4.58987,0.181,1.963,9.846,0,-540,0
0.146120,4.59050,0.027,2.046,9.921,0,-540,0
0.146140,4.59112,0.111,2.008,9.648,0,-540,0
0.146160,4.59175,0.203,2.028,9.711,0,-540,0
0.146180,4.59238,0.138,1.965,9.611,0,-540,0
0.146200,4.59301,0.110,2.062,9.661,0,-540,0
0.146220,4.59364,0.018,1.978,9.636,0,-540,0
0.146240,4.59427,0.049,2.051,9.591,0,-540,0
0.146260,4.59489,-0.017,2.046,9.465,0,-540,0
0.146280,4.59552,0.147,1.956,9.514,0,-540,0
0.146300,4.59615,0.094,2.064,9.398,0,-540,0
0.146320,4.59678,0.093,2.037,9.313,0,-540,0
0.146340,4.59741,0.125,1.988,9.247,0,-540,0
0.146360,4.59804,0.167,2.000,9.192,0,-540,0
0.146380,4.59866,0.082,2.031,9.261,0,-540,0
0.146400,4.59929,0.147,1.911,9.328,0,-540,540
0.146420,4.59992,0.157,1.995,9.611,0,-540,540
0.146440,4.60055,0.129,2.011,9.726,0,-540,540
0.146460,4.60118,0.131,2.014,10.047,0,-540,540
0.146480,4.60180,0.106,2.019,10.244,0,-540,540
0.146500,4.60243,0.093,2.034,10.606,0,-540,540
0.146520,4.60306,0.160,1.998,10.868,0,-540,540
0.146540,4.60369,0.134,1.988,10.968,0,-540,0
0.146560,4.60432,0.073,1.973,10.758,0,-540,0
0.146580,4.60495,0.091,1.987,10.804,0,-540,0
0.146600,4.60557,0.123,2.071,10.811,0,-540,0
0.146620,4.60620,0.104,2.041,10.686,0,-540,0
0.146640,4.60683,0.089,1.987,10.620,0,-540,0
0.146660,4.60746,0.068,2.025,10.548,0,-540,0
0.146680,4.60809,0.177,1.991,10.574,0,-540,0
0.146700,4.60872,0.099,2.141,10.488,0,-540,0
0.146720,4.60934,0.118,2.000,10.424,0,-540,0
0.146740,4.60997,0.139,2.120,10.405,0,-540,0
0.146760,4.61060,0.109,2.015,10.312,0,-540,0
0.146780,4.61123,0.107,1.963,10.206,0,-540,0
0.146800,4.61186,0.115,1.891,10.282,0,-540,0
0.146820,4.61249,0.106,1.957,10.203,0,-540,0
0.146840,4.61311,0.073,1.952,10.179,0,-540,0
0.146860,4.61374,0.161,2.150,10.023,0,-540,0
0.146880,4.61437,0.077,2.059,10.112,0,-540,0
0.146900,4.61500,0.136,1.933,10.044,0,-540,0
0.146920,4.61563,0.169,2.059,9.952,0,-540,0
0.146940,4.61626,0.133,1.955,9.971,0,-540,0
0.146960,4.61688,0.060,1.992,9.900,0,-540,0
0.146980,4.61751,0.157,2.017,9.873,0,-540,0
0.147000,4.61814,0.112,2.062,9.733,0,-540,0
0.147020,4.61877,0.069,1.984,9.677,0,-540,0
0.147040,4.61940,0.096,2.016,9.614,0,-540,0
0.147060,4.62003,0.122,2.031,9.565,0,-540,0
0.147080,4.62065,0.118,1.969,9.569,0,-540,0
0.147100,4.62128,0.029,2.006,9.557,0,-540,0
0.147120,4.62191,0.126,2.004,9.528,0,-540,0
0.147140,4.62254,0.173,1.895,9.551,0,-540,0
0.147160,4.62317,0.145,1.958,9.431,0,-540,0
0.147180,4.62380,0.123,1.976,9.420,0,-540,0
0.147200,4.62442,0.061,2.018,9.293,0,-540,0
0.147220,4.62505,0.130,1.888,9.307,0,-540,0
0.147240,4.62568,0.060,2.029,9.243,0,-540,0
0.147260,4.62631,0.096,1.989,9.251,0,-540,0
0.147280,4.62694,0.127,1.951,9.405,0,-540,540
0.147300,4.62757,0.160,1.972,9.559,0,-540,540
0.147320,4.62819,0.108,1.953,9.803,0,-540,540
0.147340,4.62882,0.090,2.024,10.053,0,-540,540
0.147360,4.62945,0.065,2.004,10.173,0,-540,540
0.147380,4.63008,0.171,1.989,10.458,0,-540,540
0.147400,4.63071,0.068,1.971,10.734,0,-540,540
0.147420,4.63134,0.267,1.978,10.818,0,-540,0
0.147440,4.63196,0.085,2.067,10.762,0,-540,0
0.147460,4.63259,0.171,1.973,10.770,0,-540,0
0.147480,4.63322,0.063,2.000,10.631,0,-540,0
0.147500,4.63385,0.102,2.035,10.689,0,-540,0
0.147520,4.63448,0.086,1.988,10.573,0,-540,0
0.147540,4.63511,0.203,2.027,10.607,0,-540,0
0.147560,4.63573,0.035,1.979,10.506,0,-540,0
0.147580,4.63636,0.143,1.980,10.477,0,-540,0
0.147600,4.63699,0.054,1.944,10.476,0,-540,0
0.147620,4.63762,0.186,1.955,10.402,0,-540,0
0.147640,4.63825,0.194,1.946,10.313,0,-540,0
0.147660,4.63888,0.080,1.982,10.337,0,-540,0
0.147680,4.63950,0.141,2.035,10.202,0,-540,0
0.147700,4.64013,0.138,1.930,10.211,0,-540,0
0.147720,4.64076,0.053,2.091,10.180,0,-540,0
0.147740,4.64139,0.072,2.052,10.190,0,-540,0
0.147760,4.64202,0.077,2.016,10.120,0,-540,0
0.147780,4.64265,0.151,1.935,10.165,0,-540,0
0.147800,4.64327,0.111,1.960,10.087,0,-540,0
0.147820,4.64390,0.055,1.976,10.054,0,-540,0
0.147840,4.64453,0.131,1.970,9.955,0,-540,0
0.147860,4.64516,0.098,2.004,9.899,0,-540,0
0.147880,4.64579,0.181,1.992,9.860,0,-540,0
0.147900,4.64642,0.071,1.997,9.880,0,-540,0
0.147920,4.64704,0.160,1.952,9.818,0,-540,0
0.147940,4.64767,0.182,1.936,9.856,0,-540,0
0.147960,4.64830,0.176,1.943,9.802,0,-540,0
0.147980,4.64893,0.115,1.997,9.763,0,-540,0
0.148000,4.64956,0.092,2.044,9.598,0,-540,0
0.148020,4.65019,0.139,1.943,9.705,0,-540,0
0.148040,4.65081,0.056,2.004,9.637,0,-540,0
0.148060,4.65144,0.085,2.113,9.551,0,-540,0
0.148080,4.65207,0.142,2.045,9.617,0,-540,0
0.148100,4.65270,0.052,1.981,9.535,0,-540,0
0.148120,4.65333,0.107,1.966,9.609,0,-540,0
0.148140,4.65396,0.075,1.978,9.429,0,-540,0
0.148160,4.65458,0.095,2.000,9.410,0,-540,0
0.148180,4.65521,0.072,1.922,9.490,0,-540,0
0.148200,4.65584,0.150,2.014,9.480,0,-540,0
0.148220,4.65647,0.133,1.937,9.352,0,-540,0
0.148240,4.65710,0.155,2.091,9.268,0,-540,0
0.148260,4.65773,0.045,2.040,9.373,0,-540,0
0.148280,4.65835,0.076,1.964,9.196,0,-540,0
0.148300,4.65898,0.072,2.004,9.274,0,-540,0
0.148320,4.65961,0.098,1.944,9.344,0,-540,540
0.148340,4.66024,0.071,1.901,9.509,0,-540,540
0.148360,4.66087,0.161,2.119,9.738,0,-540,540
0.148380,4.66150,0.054,2.017,9.956,0,-540,540
0.148400,4.66212,0.116,2.037,10.175,0,-540,540
0.148420,4.66275,0.151,1.955,10.351,0,-540,540
0.148440,4.66338,0.127,1.987,10.481,0,-540,540
0.148460,4.66401,0.146,1.984,10.802,0,-540,540
0.148480,4.66464,0.085,2.072,10.831,0,-540,0
0.148500,4.66527,0.101,1.968,10.854,0,-540,0
0.148520,4.66589,0.095,1.894,10.801,0,-540,0
0.148540,4.66652,0.069,1.992,10.662,0,-540,0
0.148560,4.66715,0.034,2.013,10.740,0,-540,0
0.148580,4.66778,0.111,2.016,10.601,0,-540,0
0.148600,4.66841,0.106,2.086,10.652,0,-540,0
0.148620,4.66904,0.197,1.955,10.633,0,-540,0
0.148640,4.66966,0.076,1.950,10.632,0,-540,0
0.148660,4.67029,0.167,1.941,10.493,0,-540,0
0.148680,4.67092,0.099,2.068,10.521,0,-540,0
0.148700,4.67155,0.128,1.988,10.478,0,-540,0
0.148720,4.67218,0.064,2.046,10.443,0,-540,0
0.148740,4.67280,0.039,1.950,10.349,0,-540,0
0.148760,4.67343,0.101,2.082,10.425,0,-540,0
0.148780,4.67406,0.012,2.064,10.364,0,-540,0
0.148800,4.67469,0.224,2.055,10.335,0,-540,0
0.148820,4.67532,0.145,1.989,10.327,0,-540,0
0.148840,4.67595,0.116,2.072,10.263,0,-540,0
0.148860,4.67657,0.126,2.115,10.302,0,-540,0
0.148880,4.67720,0.072,2.050,10.289,0,-540,0
0.148900,4.67783,0.116,1.996,10.279,0,-540,0
0.148920,4.67846,0.064,1.957,10.137,0,-540,0
0.148940,4.67909,0.077,2.075,10.142,0,-540,0
0.148960,4.67972,0.143,1.945,10.096,0,-540,0
0.148980,4.68034,0.033,2.099,10.100,0,-540,0
0.149000,4.68097,0.129,1.892,10.053,0,-540,0
0.149020,4.68160,0.097,2.025,10.115,0,-540,0
0.149040,4.68223,0.061,1.935,10.053,0,-540,0
0.149060,4.68286,0.068,1.950,9.990,0,-540,0
0.149080,4.68349,0.023,1.961,9.938,0,-540,0
0.149100,4.68411,0.129,2.004,9.944,0,-540,0
0.149120,4.68474,0.081,2.001,9.971,0,-540,0
0.149140,4.68537,0.078,2.019,9.874,0,-540,0
0.149160,4.68600,0.069,2.037,9.892,0,-540,0
0.149180,4.68663,0.091,1.994,9.825,0,-540,0
0.149200,4.68726,0.109,1.985,9.853,0,-540,0
0.149220,4.68788,0.114,2.002,9.805,0,-540,0
0.149240,4.68851,0.146,2.022,9.833,0,-540,0
0.149260,4.68914,0.075,2.055,9.789,0,-540,0
0.149280,4.68977,0.064,1.939,9.697,0,-540,0
0.149300,4.69040,0.079,2.053,9.688,0,-540,0
0.149320,4.69103,0.132,2.043,9.637,0,-540,0
0.149340,4.69165,0.126,1.963,9.620,0,-540,0
0.149360,4.69228,0.025,2.003,9.642,0,-540,0
0.149380,4.69291,0.123,2.005,9.600,0,-540,0
0.149400,4.69354,0.142,1.914,9.630,0,-540,0
0.149420,4.69417,0.131,1.972,9.571,0,-540,0
0.149440,4.69480,0.126,1.931,9.560,0,-540,0
0.149460,4.69542,0.129,2.029,9.596,0,-540,0
0.149480,4.69605,0.146,2.041,9.612,0,-540,0
0.149500,4.69668,0.083,2.070,9.514,0,-540,0
0.149520,4.69731,0.060,2.019,9.484,0,-540,0
0.149540,4.69794,0.028,1.880,9.468,0,-540,0
0.149560,4.69857,0.163,1.979,9.460,0,-540,0
0.149580,4.69919,0.006,2.019,9.470,0,-540,0
0.149600,4.69982,0.103,1.984,9.361,0,-540,0
0.149620,4.70045,0.149,1.949,9.472,0,-540,0
0.149640,4.70108,0.119,2.019,9.331,0,-540,0
0.149660,4.70171,0.151,2.026,9.210,0,-540,0
0.149680,4.70234,0.122,1.911,9.330,0,-540,0
0.149700,4.70296,0.196,1.956,9.312,0,-540,0
0.149720,4.70359,0.053,2.030,9.288,0,-540,0
0.149740,4.70422,0.119,1.969,9.313,0,-540,0
0.149760,4.70485,0.110,2.041,9.266,0,-540,0
0.149780,4.70548,0.072,1.985,9.338,0,-540,0
0.149800,4.70611,0.028,2.126,9.461,0,-540,540
0.149820,4.70673,0.106,1.976,9.684,0,-540,540
0.149840,4.70736,0.177,1.916,9.812,0,-540,540
0.149860,4.70799,0.080,2.073,10.060,0,-540,540
0.149880,4.70862,0.093,2.086,10.268,0,-540,540
0.149900,4.70925,0.175,2.000,10.409,0,-540,540
0.149920,4.70988,0.074,2.004,10.718,0,-540,540
0.149940,4.71050,0.016,1.971,10.842,0,-540,0
0.149960,4.71113,0.085,2.037,10.709,0,-540,0
0.149980,4.71176,0.150,2.023,10.663,0,-540,0
