# Вариант 5. Скорость 450 об/мин, задание тока 15 А, углы 10/150 эл. град, Udc 540 В, R фазы 0,6 Ом (паспорт)
# t_s,theta_mech_sensor_rad,ia_A,ib_A,ic_A,ua_V,ub_V,uc_V
0.000000,0.00000,-0.115,0.023,0.073,0,0,540
0.000020,0.00094,0.016,-0.037,0.132,0,0,540
0.000040,0.00188,-0.037,-0.058,0.329,0,0,540
0.000060,0.00283,0.058,-0.004,0.270,0,0,540
0.000080,0.00377,-0.002,0.049,0.555,0,0,540
0.000100,0.00471,-0.052,-0.031,0.490,0,0,540
0.000120,0.00565,-0.039,-0.061,0.716,0,0,540
0.000140,0.00660,-0.019,0.059,0.658,0,0,540
0.000160,0.00754,0.056,-0.038,0.842,0,0,540
0.000180,0.00848,0.051,-0.106,0.909,0,0,540
0.000200,0.00942,0.031,-0.029,1.155,0,0,540
0.000220,0.01037,0.000,0.075,1.139,0,0,540
0.000240,0.01131,-0.046,-0.083,1.214,0,0,540
0.000260,0.01225,-0.021,-0.013,1.351,0,0,540
0.000280,0.01319,-0.012,-0.016,1.518,0,0,540
0.000300,0.01414,-0.051,0.041,1.654,0,0,540
0.000320,0.01508,0.056,0.002,1.740,0,0,540
0.000340,0.01602,-0.064,-0.045,1.806,0,0,540
0.000360,0.01696,0.095,0.045,2.018,0,0,540
0.000380,0.01791,0.078,-0.045,2.031,0,0,540
0.000400,0.01885,0.039,-0.074,2.142,0,0,540
0.000420,0.01979,-0.004,-0.022,2.280,0,0,540
0.000440,0.02073,-0.025,-0.021,2.400,0,0,540
0.000460,0.02168,-0.036,0.080,2.496,0,0,540
0.000480,0.02262,-0.004,0.035,2.612,0,0,540
0.000500,0.02356,0.113,0.022,2.777,0,0,540
0.000520,0.02450,-0.095,-0.034,2.831,0,0,540
0.000540,0.02545,-0.038,-0.013,2.951,0,0,540
0.000560,0.02639,-0.031,0.106,3.125,0,0,540
0.000580,0.02733,-0.024,0.059,3.232,0,0,540
0.000600,0.02827,0.116,-0.051,3.321,0,0,540
0.000620,0.02922,0.026,-0.048,3.488,0,0,540
0.000640,0.03016,-0.005,0.028,3.604,0,0,540
0.000660,0.03110,0.023,-0.008,3.645,0,0,540
0.000680,0.03204,0.029,0.008,3.906,0,0,540
0.000700,0.03299,0.024,0.015,3.925,0,0,540
0.000720,0.03393,-0.023,0.004,4.093,0,0,540
0.000740,0.03487,0.060,0.034,4.135,0,0,540
0.000760,0.03581,-0.010,-0.041,4.326,0,0,540
0.000780,0.03676,0.018,-0.010,4.537,0,0,540
0.000800,0.03770,-0.013,-0.038,4.634,0,0,540
0.000820,0.03864,0.006,0.014,4.707,0,0,540
0.000840,0.03958,-0.033,-0.009,4.925,0,0,540
0.000860,0.04053,0.011,-0.067,5.066,0,0,540
0.000880,0.04147,0.043,-0.010,5.246,0,0,540
0.000900,0.04241,0.008,-0.096,5.348,0,0,540
0.000920,0.04335,-0.046,0.147,5.525,0,0,540
0.000940,0.04430,0.923,0.038,5.681,540,0,540
0.000960,0.04524,1.835,-0.060,5.809,540,0,540
0.000980,0.04618,2.675,0.029,5.769,540,0,540
0.001000,0.04712,3.534,-0.042,5.941,540,0,540
0.001020,0.04807,4.400,-0.149,6.173,540,0,540
0.001040,0.04901,5.264,0.042,6.361,540,0,540
0.001060,0.04995,6.157,0.069,6.545,540,0,540
0.001080,0.05089,6.959,-0.004,6.673,540,0,540
0.001100,0.05184,8.005,-0.078,6.841,540,0,540
0.001120,0.05278,8.720,-0.037,6.932,540,0,540
0.001140,0.05372,9.601,0.028,7.135,540,0,540
0.001160,0.05466,10.437,-0.033,7.331,540,0,540
0.001180,0.05561,11.217,-0.060,7.509,540,0,540
0.001200,0.05655,12.061,-0.022,7.601,540,0,540
0.001220,0.05749,12.893,0.044,7.832,540,0,540
0.001240,0.05843,13.729,-0.083,7.977,540,0,540
0.001260,0.05938,14.561,0.016,8.096,540,0,540
0.001280,0.06032,15.419,-0.085,8.239,540,0,540
0.001300,0.06126,16.114,-0.006,8.490,540,0,540
0.001320,0.06220,15.984,0.046,8.540,0,0,540
0.001340,0.06315,15.897,0.002,8.778,0,0,540
0.001360,0.06409,15.885,-0.029,9.013,0,0,540
0.001380,0.06503,15.815,-0.024,9.216,0,0,540
0.001400,0.06597,15.605,0.094,9.471,0,0,540
0.001420,0.06692,15.621,0.039,9.656,0,0,540
0.001440,0.06786,15.461,-0.063,9.770,0,0,540
0.001460,0.06880,15.395,-0.050,10.070,0,0,540
0.001480,0.06974,15.339,0.003,10.221,0,0,540
0.001500,0.07069,15.312,-0.043,10.417,0,0,540
0.001520,0.07163,15.255,-0.012,10.722,0,0,540
0.001540,0.07257,15.051,0.054,10.783,0,0,540
0.001560,0.07351,14.936,-0.025,10.943,0,0,540
0.001580,0.07446,14.860,0.054,11.240,0,0,540
0.001600,0.07540,14.817,-0.018,11.457,0,0,540
0.001620,0.07634,14.725,0.066,11.738,0,0,540
0.001640,0.07728,14.610,-0.017,11.974,0,0,540
0.001660,0.07823,14.483,-0.038,12.228,0,0,540
0.001680,0.07917,14.377,-0.007,12.466,0,0,540
0.001700,0.08011,14.264,0.055,12.632,0,0,540
0.001720,0.08105,14.305,-0.012,12.903,0,0,540
0.001740,0.08200,14.564,0.002,13.135,540,0,540
0.001760,0.08294,15.370,0.026,13.363,540,0,540
0.001780,0.08388,15.729,0.023,13.633,0,0,540
0.001800,0.08482,15.702,-0.022,13.924,0,0,540
0.001820,0.08577,15.468,-0.012,14.169,0,0,540
0.001840,0.08671,15.440,-0.065,14.558,0,0,540
0.001860,0.08765,15.353,-0.027,14.784,0,0,540
0.001880,0.08859,15.253,0.043,14.980,0,0,540
0.001900,0.08954,15.188,0.002,15.282,0,0,540
0.001920,0.09048,15.073,0.005,15.517,0,0,540
0.001940,0.09142,14.953,0.026,15.908,0,0,540
0.001960,0.09236,14.799,-0.010,15.796,0,0,0
0.001980,0.09331,14.836,0.030,15.834,0,0,0
0.002000,0.09425,14.804,-0.024,15.790,0,0,0
0.002020,0.09519,14.572,0.038,15.762,0,0,0
0.002040,0.09613,14.522,0.075,15.747,0,0,0
0.002060,0.09708,14.538,0.096,15.793,0,0,0
0.002080,0.09802,14.376,0.046,15.746,0,0,0
0.002100,0.09896,14.155,0.030,15.786,0,0,0
0.002120,0.09990,14.617,-0.032,15.740,540,0,0
0.002140,0.10085,15.347,-0.019,15.767,540,0,0
0.002160,0.10179,15.816,0.046,15.831,0,0,0
0.002180,0.10273,15.699,-0.015,15.673,0,0,0
0.002200,0.10367,15.593,0.032,15.662,0,0,0
0.002220,0.10462,15.534,-0.029,15.723,0,0,0
0.002240,0.10556,15.430,-0.047,15.708,0,0,0
0.002260,0.10650,15.261,0.014,15.652,0,0,0
0.002280,0.10744,15.224,-0.008,15.588,0,0,0
0.002300,0.10838,15.064,0.034,15.649,0,0,0
0.002320,0.10933,15.024,-0.035,15.586,0,0,0
0.002340,0.11027,14.898,-0.046,15.598,0,0,0
0.002360,0.11121,14.764,0.031,15.525,0,0,0
0.002380,0.11215,14.640,-0.026,15.541,0,0,0
0.002400,0.11310,14.606,0.002,15.580,0,0,0
0.002420,0.11404,14.602,-0.007,15.559,0,0,0
0.002440,0.11498,14.527,0.066,15.569,0,0,0
0.002460,0.11592,14.291,-0.040,15.608,0,0,0
0.002480,0.11687,14.260,-0.079,15.517,0,0,0
0.002500,0.11781,14.621,-0.035,15.519,540,0,0
0.002520,0.11875,15.404,-0.029,15.576,540,0,0
0.002540,0.11969,16.252,0.017,15.503,540,0,0
0.002560,0.12064,16.104,0.039,15.490,0,0,0
0.002580,0.12158,15.906,0.035,15.459,0,0,0
0.002600,0.12252,15.832,-0.047,15.410,0,0,0
0.002620,0.12346,15.771,0.021,15.442,0,0,0
0.002640,0.12441,15.705,-0.005,15.449,0,0,0
0.002660,0.12535,15.490,-0.058,15.448,0,0,0
0.002680,0.12629,15.437,-0.026,15.531,0,0,0
0.002700,0.12723,15.330,-0.030,15.406,0,0,0
0.002720,0.12818,15.151,0.018,15.477,0,0,0
0.002740,0.12912,15.184,0.055,15.360,0,0,0
0.002760,0.13006,15.114,-0.032,15.433,0,0,0
0.002780,0.13100,14.898,-0.039,15.248,0,0,-540
0.002800,0.13195,14.835,-0.039,14.956,0,0,-540
0.002820,0.13289,14.792,-0.006,14.733,0,0,-540
0.002840,0.13383,14.607,0.037,14.415,0,0,-540
0.002860,0.13477,14.642,0.033,13.942,0,0,-540
0.002880,0.13572,14.340,0.061,13.797,0,0,-540
0.002900,0.13666,14.353,-0.069,13.487,0,0,-540
0.002920,0.13760,14.322,0.035,13.261,0,0,-540
0.002940,0.13854,14.664,-0.011,12.875,540,0,-540
0.002960,0.13949,15.407,-0.122,12.682,540,0,-540
0.002980,0.14043,15.684,-0.048,12.436,0,0,-540
0.003000,0.14137,15.717,-0.010,12.236,0,0,-540
0.003020,0.14231,15.540,-0.018,11.980,0,0,-540
0.003040,0.14326,15.413,-0.077,11.727,0,0,-540
0.003060,0.14420,15.299,0.055,11.453,0,0,-540
0.003080,0.14514,15.166,0.090,11.262,0,0,-540
0.003100,0.14608,15.069,0.028,10.982,0,0,-540
0.003120,0.14703,14.936,-0.011,10.841,0,0,-540
0.003140,0.14797,15.008,-0.023,10.552,0,0,-540
0.003160,0.14891,14.722,0.003,10.351,0,0,-540
0.003180,0.14985,14.719,-0.096,10.060,0,0,-540
0.003200,0.15080,14.569,0.062,9.999,0,0,-540
0.003220,0.15174,14.543,0.001,9.717,0,0,-540
0.003240,0.15268,14.403,-0.060,9.560,0,0,-540
0.003260,0.15362,14.296,-0.024,9.398,0,0,-540
0.003280,0.15457,15.164,0.059,9.152,540,0,-540
0.003300,0.15551,15.826,0.050,8.908,540,0,-540
0.003320,0.15645,15.722,-0.044,8.757,0,0,-540
0.003340,0.15739,15.575,0.000,8.512,0,0,-540
0.003360,0.15834,15.524,-0.080,8.377,0,0,-540
0.003380,0.15928,15.449,-0.020,8.168,0,0,-540
0.003400,0.16022,15.182,-0.024,8.086,0,0,-540
0.003420,0.16116,15.183,-0.031,7.810,0,0,-540
0.003440,0.16211,15.103,-0.059,7.668,0,0,-540
0.003460,0.16305,14.934,-0.040,7.411,0,0,-540
0.003480,0.16399,14.930,-0.057,7.265,0,0,-540
0.003500,0.16493,14.761,-0.014,7.067,0,0,-540
0.003520,0.16588,14.580,0.014,6.972,0,0,-540
0.003540,0.16682,14.577,0.023,6.872,0,0,-540
0.003560,0.16776,14.420,-0.079,6.645,0,0,-540
0.003580,0.16870,14.285,0.070,6.486,0,0,-540
0.003600,0.16965,14.633,-0.034,6.306,540,0,-540
0.003620,0.17059,15.370,-0.052,6.259,540,0,-540
0.003640,0.17153,15.710,-0.021,6.040,0,0,-540
0.003660,0.17247,15.599,0.056,5.865,0,0,-540
0.003680,0.17342,15.468,-0.111,5.666,0,0,-540
0.003700,0.17436,15.306,0.110,5.541,0,0,-540
0.003720,0.17530,15.292,0.005,5.315,0,0,-540
0.003740,0.17624,15.102,0.113,5.242,0,0,-540
0.003760,0.17719,15.019,-0.015,5.145,0,0,-540
0.003780,0.17813,14.930,-0.002,4.954,0,0,-540
0.003800,0.17907,14.686,0.053,4.916,0,0,-540
0.003820,0.18001,14.746,-0.045,4.741,0,0,-540
0.003840,0.18096,14.492,-0.021,4.643,0,0,-540
0.003860,0.18190,14.450,-0.043,4.534,0,0,-540
0.003880,0.18284,14.262,-0.015,4.409,0,0,-540
0.003900,0.18378,14.306,0.003,4.211,0,0,-540
0.003920,0.18473,15.044,0.017,4.087,540,0,-540
0.003940,0.18567,15.754,-0.062,3.973,540,0,-540
0.003960,0.18661,16.005,0.014,3.846,0,0,-540
0.003980,0.18755,15.934,-0.008,3.759,0,0,-540
0.004000,0.18850,15.775,0.006,3.555,0,0,-540
0.004020,0.18944,15.607,0.013,3.482,0,0,-540
0.004040,0.19038,15.471,-0.012,3.288,0,0,-540
0.004060,0.19132,15.413,-0.046,3.200,0,0,-540
0.004080,0.19227,15.212,-0.056,3.051,0,0,-540
0.004100,0.19321,15.123,0.019,3.003,0,0,-540
0.004120,0.19415,14.906,-0.057,2.892,0,0,-540
0.004140,0.19509,14.904,0.025,2.825,0,0,-540
0.004160,0.19604,14.837,0.092,2.513,0,0,-540
0.004180,0.19698,14.575,0.045,2.573,0,0,-540
0.004200,0.19792,14.423,-0.057,2.463,0,0,-540
0.004220,0.19886,14.391,-0.068,2.308,0,0,-540
0.004240,0.19981,14.284,-0.065,2.133,0,0,-540
0.004260,0.20075,14.556,0.006,2.133,540,0,-540
0.004280,0.20169,15.254,0.094,1.889,540,0,-540
0.004300,0.20263,15.994,0.035,1.890,540,0,-540
0.004320,0.20358,15.850,-0.004,1.652,0,0,-540
0.004340,0.20452,15.765,0.017,1.630,0,0,-540
0.004360,0.20546,15.581,-0.053,1.387,0,0,-540
0.004380,0.20640,15.439,-0.079,1.509,0,0,-540
0.004400,0.20735,15.266,-0.056,1.375,0,0,-540
0.004420,0.20829,15.167,0.023,1.189,0,0,-540
0.004440,0.20923,14.985,-0.031,1.279,0,0,-540
0.004460,0.21017,14.889,0.104,1.137,0,0,-540
0.004480,0.21112,14.840,-0.083,0.894,0,0,-540
0.004500,0.21206,14.635,0.010,0.857,0,0,-540
0.004520,0.21300,14.526,-0.145,0.732,0,0,-540
0.004540,0.21394,14.443,-0.033,0.629,0,0,-540
0.004560,0.21488,14.238,-0.108,0.542,0,0,-540
0.004580,0.21583,14.178,0.007,0.392,0,0,-540
0.004600,0.21677,14.794,0.093,0.463,540,0,-540
0.004620,0.21771,15.517,-0.026,0.228,540,0,-540
0.004640,0.21865,15.734,0.005,0.241,0,0,0
0.004660,0.21960,15.637,0.078,0.188,0,0,0
0.004680,0.22054,15.597,-0.060,0.204,0,0,0
0.004700,0.22148,15.329,0.046,0.269,0,0,0
0.004720,0.22242,15.170,0.060,0.297,0,0,0
0.004740,0.22337,15.106,-0.001,0.185,0,0,0
0.004760,0.22431,14.978,-0.089,0.177,0,0,0
0.004780,0.22525,14.747,0.040,0.148,0,0,0
0.004800,0.22619,14.655,0.001,0.158,0,0,0
0.004820,0.22714,14.508,0.014,0.112,0,0,0
0.004840,0.22808,14.372,0.022,0.069,0,0,0
0.004860,0.22902,14.214,0.021,0.131,0,0,0
0.004880,0.22996,14.477,-0.070,0.173,540,0,0
0.004900,0.23091,14.994,0.058,0.196,540,0,0
0.004920,0.23185,15.818,-0.062,0.220,540,0,0
0.004940,0.23279,16.106,-0.049,0.178,0,0,0
0.004960,0.23373,15.964,-0.029,0.224,0,0,0
0.004980,0.23468,15.725,0.102,0.207,0,0,0
0.005000,0.23562,15.543,-0.003,0.236,0,0,0
0.005020,0.23656,15.471,-0.016,0.122,0,0,0
0.005040,0.23750,15.324,-0.011,0.231,0,0,0
0.005060,0.23845,15.207,-0.051,0.118,0,0,0
0.005080,0.23939,15.031,-0.023,0.186,0,0,0
0.005100,0.24033,14.831,-0.013,0.175,0,0,0
0.005120,0.24127,14.715,-0.014,0.169,0,0,0
0.005140,0.24222,14.514,-0.011,0.157,0,0,0
0.005160,0.24316,14.381,0.022,0.180,0,0,0
0.005180,0.24410,14.294,-0.011,0.145,0,0,0
0.005200,0.24504,14.819,-0.003,0.180,540,0,0
0.005220,0.24599,15.557,0.116,0.104,540,0,0
0.005240,0.24693,16.096,0.010,0.130,540,0,0
0.005260,0.24787,15.893,0.005,0.187,0,0,0
0.005280,0.24881,15.795,-0.016,0.136,0,0,0
0.005300,0.24976,15.526,0.058,0.265,0,0,0
0.005320,0.25070,15.480,0.046,0.122,0,0,0
0.005340,0.25164,15.319,-0.011,0.160,0,0,0
0.005360,0.25258,15.103,-0.076,0.156,0,0,0
0.005380,0.25353,14.898,0.010,0.169,0,0,0
0.005400,0.25447,14.880,0.043,0.190,0,0,0
0.005420,0.25541,14.689,-0.058,0.198,0,0,0
0.005440,0.25635,14.430,0.027,0.169,0,0,0
0.005460,0.25730,14.316,-0.058,0.156,0,0,0
0.005480,0.25824,14.137,-0.007,0.201,0,0,0
0.005500,0.25918,14.816,0.027,0.168,540,0,0
0.005520,0.26012,15.443,-0.028,0.012,540,0,0
0.005540,0.26107,16.047,-0.063,0.071,540,0,0
0.005560,0.26201,15.723,-0.055,0.099,0,0,0
0.005580,0.26295,15.602,-0.026,0.152,0,0,0
0.005600,0.26389,15.441,-0.114,0.160,0,0,0
0.005620,0.26484,15.286,0.025,0.159,0,0,0
0.005640,0.26578,14.945,0.038,0.122,0,0,0
0.005660,0.26672,14.842,-0.044,0.099,0,0,0
0.005680,0.26766,14.806,-0.019,0.125,0,0,0
0.005700,0.26861,14.585,0.012,0.139,0,0,0
0.005720,0.26955,14.371,0.087,0.165,0,0,0
0.005740,0.27049,14.273,-0.065,0.085,0,0,0
0.005760,0.27143,14.415,0.053,0.130,540,0,0
0.005780,0.27238,15.077,-0.080,0.182,540,0,0
0.005800,0.27332,15.524,-0.013,0.100,540,0,0
0.005820,0.27426,15.717,0.030,0.210,0,0,0
0.005840,0.27520,15.543,0.016,0.066,0,0,0
0.005860,0.27615,15.378,0.018,0.136,0,0,0
0.005880,0.27709,15.204,0.073,0.133,0,0,0
0.005900,0.27803,15.035,-0.056,0.115,0,0,0
0.005920,0.27897,14.861,0.024,0.103,0,0,0
0.005940,0.27992,14.663,-0.005,0.139,0,0,0
0.005960,0.28086,14.426,0.060,0.123,0,0,0
0.005980,0.28180,14.363,0.056,0.143,0,0,0
0.006000,0.28274,14.153,-0.010,0.148,0,0,0
0.006020,0.28369,14.563,-0.017,0.140,540,0,0
0.006040,0.28463,15.205,0.065,0.124,540,0,0
0.006060,0.28557,15.688,-0.088,0.074,540,0,0
0.006080,0.28651,15.859,-0.022,0.091,0,0,0
0.006100,0.28746,15.659,0.021,0.173,0,0,0
0.006120,0.28840,15.475,0.002,0.287,0,0,0
0.006140,0.28934,15.311,-0.031,0.206,0,0,0
0.006160,0.29028,15.092,0.011,0.126,0,0,0
0.006180,0.29123,14.941,0.012,0.127,0,0,0
0.006200,0.29217,14.742,0.008,0.030,0,0,0
0.006220,0.29311,14.460,-0.027,0.135,0,0,0
0.006240,0.29405,14.447,-0.013,0.131,0,0,0
0.006260,0.29500,14.520,0.013,0.165,540,0,0
0.006280,0.29594,14.937,0.033,0.122,540,0,0
0.006300,0.29688,15.567,-0.032,0.104,540,0,0
0.006320,0.29782,16.012,0.029,0.099,540,0,0
0.006340,0.29877,15.684,-0.059,0.225,0,0,0
0.006360,0.29971,15.536,0.018,0.111,0,0,0
0.006380,0.30065,15.399,0.017,0.138,0,0,0
0.006400,0.30159,15.121,-0.001,0.182,0,0,0
0.006420,0.30254,15.040,0.110,0.042,0,0,0
0.006440,0.30348,14.810,-0.035,0.156,0,0,0
0.006460,0.30442,14.602,0.042,0.083,0,0,0
0.006480,0.30536,14.480,-0.086,0.124,0,0,0
0.006500,0.30631,14.227,-0.016,0.100,0,0,0
0.006520,0.30725,14.310,0.001,0.114,540,0,0
0.006540,0.30819,14.779,-0.039,0.190,540,0,0
0.006560,0.30913,15.196,0.043,0.105,540,0,0
0.006580,0.31008,15.699,-0.012,0.185,540,0,0
0.006600,0.31102,15.842,-0.051,0.146,0,0,0
0.006620,0.31196,15.617,0.109,0.108,0,0,0
0.006640,0.31290,15.423,-0.013,0.134,0,0,0
0.006660,0.31385,15.205,-0.027,0.148,0,0,0
0.006680,0.31479,14.935,-0.037,0.180,0,0,0
0.006700,0.31573,14.843,-0.020,0.049,0,0,0
0.006720,0.31667,14.582,0.023,0.082,0,0,0
0.006740,0.31762,14.485,-0.086,0.116,0,0,0
0.006760,0.31856,14.197,-0.015,0.060,0,0,0
0.006780,0.31950,14.392,0.043,0.135,540,0,0
0.006800,0.32044,14.774,0.004,0.125,540,0,0
0.006820,0.32138,15.155,-0.105,0.061,540,0,0
0.006840,0.32233,15.609,-0.022,0.116,540,0,0
0.006860,0.32327,15.987,0.032,0.137,540,0,0
0.006880,0.32421,15.816,0.077,0.166,0,0,0
0.006900,0.32515,15.605,0.013,0.145,0,0,0
0.006920,0.32610,15.465,-0.072,0.152,0,0,0
0.006940,0.32704,15.248,0.063,0.139,0,0,0
0.006960,0.32798,15.062,-0.023,0.050,0,0,0
0.006980,0.32892,14.803,0.047,0.218,0,0,0
0.007000,0.32987,14.655,0.039,0.164,0,0,0
0.007020,0.33081,14.451,0.007,0.139,0,0,0
0.007040,0.33175,14.252,-0.052,0.133,0,0,0
0.007060,0.33269,14.583,0.012,0.164,540,0,0
0.007080,0.33364,14.933,0.040,0.062,540,0,0
0.007100,0.33458,15.248,0.055,0.128,540,0,0
0.007120,0.33552,15.760,0.080,0.066,540,0,0
0.007140,0.33646,15.925,-0.025,0.064,0,0,0
0.007160,0.33741,15.575,0.033,0.108,0,0,0
0.007180,0.33835,15.459,0.059,0.026,0,0,0
0.007200,0.33929,15.222,0.041,0.210,0,0,0
0.007220,0.34023,14.973,-0.027,0.109,0,0,0
0.007240,0.34118,14.845,-0.036,0.114,0,0,0
0.007260,0.34212,14.592,0.026,0.263,0,0,0
0.007280,0.34306,14.404,0.010,0.149,0,0,0
0.007300,0.34400,14.221,0.061,0.101,0,0,0
0.007320,0.34495,14.274,-0.016,0.090,540,0,0
0.007340,0.34589,14.685,0.015,0.079,540,0,0
0.007360,0.34683,14.943,0.006,0.210,540,0,0
0.007380,0.34777,15.397,-0.034,0.037,540,0,0
0.007400,0.34872,15.668,-0.028,0.230,540,0,0
0.007420,0.34966,15.752,-0.046,0.076,0,0,0
0.007440,0.35060,15.566,0.030,0.113,0,0,0
0.007460,0.35154,15.299,-0.034,0.078,0,0,0
0.007480,0.35249,15.206,-0.131,0.120,0,0,0
0.007500,0.35343,14.977,-0.049,0.266,0,0,0
0.007520,0.35437,14.848,-0.078,0.164,0,0,0
0.007540,0.35531,14.438,0.064,0.154,0,0,0
0.007560,0.35626,14.372,-0.073,0.022,0,0,0
0.007580,0.35720,14.184,-0.000,0.228,0,0,0
0.007600,0.35814,14.500,-0.043,0.141,540,0,0
0.007620,0.35908,14.828,-0.033,0.150,540,0,0
0.007640,0.36003,15.156,-0.060,0.152,540,0,0
0.007660,0.36097,15.517,0.033,0.078,540,0,0
0.007680,0.36191,15.725,-0.087,0.131,540,0,0
0.007700,0.36285,15.616,0.016,0.190,0,0,0
0.007720,0.36380,15.371,-0.010,0.166,0,0,0
0.007740,0.36474,15.214,0.065,0.078,0,0,0
0.007760,0.36568,15.000,-0.053,0.115,0,0,0
0.007780,0.36662,14.757,0.008,0.194,0,0,0
0.007800,0.36757,14.564,0.116,0.093,0,0,0
0.007820,0.36851,14.454,-0.105,0.157,0,0,0
0.007840,0.36945,14.269,0.024,0.167,0,0,0
0.007860,0.37039,14.419,0.002,0.113,540,0,0
0.007880,0.37134,14.700,0.074,0.169,540,0,0
0.007900,0.37228,14.879,-0.013,0.211,540,0,0
0.007920,0.37322,15.068,-0.090,0.070,540,0,0
0.007940,0.37416,15.523,0.033,0.098,540,0,0
0.007960,0.37511,15.727,-0.021,0.161,540,0,0
0.007980,0.37605,15.726,0.017,0.104,0,0,0
0.008000,0.37699,15.407,0.039,0.161,0,0,0
0.008020,0.37793,15.304,0.033,0.086,0,0,0
0.008040,0.37888,15.013,-0.011,0.202,0,0,0
0.008060,0.37982,14.832,-0.065,0.173,0,0,0
0.008080,0.38076,14.622,-0.003,0.116,0,0,0
0.008100,0.38170,14.526,0.088,0.185,0,0,0
0.008120,0.38265,14.291,0.057,0.146,0,0,0
0.008140,0.38359,14.304,-0.032,0.095,540,0,0
0.008160,0.38453,14.744,-0.036,0.153,540,0,0
0.008180,0.38547,14.959,0.035,0.183,540,0,0
0.008200,0.38642,15.185,0.044,0.114,540,0,0
0.008220,0.38736,15.493,0.116,0.113,540,0,0
0.008240,0.38830,15.742,-0.016,0.144,540,0,0
0.008260,0.38924,15.804,-0.023,0.152,0,0,0
0.008280,0.39019,15.585,-0.061,0.184,0,0,0
0.008300,0.39113,15.363,0.072,0.157,0,0,0
0.008320,0.39207,15.202,-0.042,0.078,0,0,0
0.008340,0.39301,15.038,0.024,0.113,0,0,0
0.008360,0.39396,14.936,0.052,0.092,0,0,0
0.008380,0.39490,14.717,0.049,0.065,0,0,0
0.008400,0.39584,14.528,0.028,0.066,0,0,0
0.008420,0.39678,14.405,-0.061,0.053,0,0,0
0.008440,0.39773,14.164,0.045,0.124,0,0,0
0.008460,0.39867,14.590,0.004,0.122,540,0,0
0.008480,0.39961,14.754,0.004,0.124,540,0,0
0.008500,0.40055,14.973,0.031,0.184,540,0,0
0.008520,0.40150,15.286,-0.021,0.214,540,0,0
0.008540,0.40244,15.481,-0.009,0.162,540,0,0
0.008560,0.40338,15.679,0.083,0.083,540,0,0
0.008580,0.40432,15.565,0.091,0.049,0,0,0
0.008600,0.40527,15.464,-0.067,0.141,0,0,0
0.008620,0.40621,15.196,0.014,0.185,0,0,0
0.008640,0.40715,15.113,-0.045,0.140,0,0,0
0.008660,0.40809,14.951,-0.005,0.118,0,0,0
0.008680,0.40904,14.747,-0.047,0.084,0,0,0
0.008700,0.40998,14.639,-0.002,0.144,0,0,0
0.008720,0.41092,14.397,0.098,0.152,0,0,0
0.008740,0.41186,14.405,0.040,0.115,0,0,0
0.008760,0.41281,14.292,0.006,0.143,540,0,0
0.008780,0.41375,14.642,0.009,0.179,540,0,0
0.008800,0.41469,14.877,-0.054,0.174,540,0,0
0.008820,0.41563,15.028,-0.048,0.087,540,0,0
0.008840,0.41658,15.378,0.030,0.141,540,0,0
0.008860,0.41752,15.602,-0.047,0.215,540,0,0
0.008880,0.41846,15.859,-0.036,0.130,540,0,0
0.008900,0.41940,15.783,0.017,0.024,0,0,0
0.008920,0.42035,15.558,0.028,0.239,0,0,0
0.008940,0.42129,15.297,-0.022,0.083,0,0,0
0.008960,0.42223,15.303,0.010,0.139,0,0,0
0.008980,0.42317,15.050,-0.054,0.110,0,0,0
0.009000,0.42412,14.928,0.015,0.080,0,0,0
0.009020,0.42506,14.738,0.034,0.108,0,0,0
0.009040,0.42600,14.602,0.023,0.129,0,0,0
0.009060,0.42694,14.469,-0.002,0.173,0,0,0
0.009080,0.42788,14.327,0.012,0.133,0,0,0
0.009100,0.42883,14.063,-0.005,0.099,0,0,0
0.009120,0.42977,14.387,-0.039,0.105,540,0,0
0.009140,0.43071,14.718,0.008,0.091,540,0,0
0.009160,0.43165,14.899,0.131,0.149,540,0,0
0.009180,0.43260,15.106,0.080,0.111,540,0,0
0.009200,0.43354,15.353,-0.021,0.164,540,0,0
0.009220,0.43448,15.678,0.011,0.135,540,0,0
0.009240,0.43542,15.857,-0.053,0.136,540,0,0
0.009260,0.43637,15.702,0.059,0.216,0,0,0
0.009280,0.43731,15.566,-0.021,0.168,0,0,0
0.009300,0.43825,15.390,0.024,0.112,0,0,0
0.009320,0.43919,15.309,-0.021,0.036,0,0,0
0.009340,0.44014,15.110,0.017,0.153,0,0,0
0.009360,0.44108,14.964,-0.044,0.108,0,0,0
0.009380,0.44202,14.942,-0.035,0.175,0,0,0
0.009400,0.44296,14.615,0.020,0.184,0,0,0
0.009420,0.44391,14.607,0.028,0.181,0,0,0
0.009440,0.44485,14.462,0.001,0.103,0,0,0
0.009460,0.44579,14.355,-0.038,0.105,0,0,0
0.009480,0.44673,14.194,-0.045,0.140,0,0,0
0.009500,0.44768,14.362,-0.054,0.170,540,0,0
0.009520,0.44862,14.642,0.061,0.161,540,0,0
0.009540,0.44956,14.740,-0.029,0.041,540,0,0
0.009560,0.45050,15.005,0.064,0.159,540,0,0
0.009580,0.45145,15.208,-0.031,0.163,540,0,0
0.009600,0.45239,15.450,0.042,0.098,540,0,0
0.009620,0.45333,15.715,0.019,0.084,540,0,0
0.009640,0.45427,15.589,0.008,0.161,0,0,0
0.009660,0.45522,15.543,-0.078,0.150,0,0,0
0.009680,0.45616,15.332,-0.072,0.060,0,0,0
0.009700,0.45710,15.295,0.060,0.078,0,0,0
0.009720,0.45804,15.106,-0.022,0.120,0,0,0
0.009740,0.45899,14.944,-0.021,0.060,0,0,0
0.009760,0.45993,14.833,-0.001,0.198,0,0,0
0.009780,0.46087,14.745,0.016,0.192,0,0,0
0.009800,0.46181,14.680,0.105,0.084,0,0,0
0.009820,0.46276,14.595,0.098,0.086,0,0,0
0.009840,0.46370,14.435,0.084,0.104,0,0,0
0.009860,0.46464,14.322,0.044,0.127,0,0,0
0.009880,0.46558,14.153,-0.004,0.151,0,0,0
0.009900,0.46653,14.483,0.005,0.011,540,0,0
0.009920,0.46747,14.612,0.083,0.149,540,0,0
0.009940,0.46841,14.904,0.043,0.192,540,0,0
0.009960,0.46935,15.154,-0.030,0.027,540,0,0
0.009980,0.47030,15.349,-0.064,0.145,540,0,0
0.010000,0.47124,15.617,0.038,0.189,540,0,0
0.010020,0.47218,15.926,-0.028,0.089,540,0,0
0.010040,0.47312,15.710,0.026,0.129,0,0,0
0.010060,0.47407,15.672,0.035,0.078,0,0,0
0.010080,0.47501,15.579,-0.031,0.149,0,0,0
0.010100,0.47595,15.402,-0.009,0.117,0,0,0
0.010120,0.47689,15.297,-0.038,0.209,0,0,0
0.010140,0.47784,15.220,0.027,0.166,0,0,0
0.010160,0.47878,15.122,0.145,0.150,0,0,0
0.010180,0.47972,15.018,-0.023,0.075,0,0,0
0.010200,0.48066,14.852,0.007,0.069,0,0,0
0.010220,0.48161,14.804,-0.080,0.106,0,0,0
0.010240,0.48255,14.790,0.014,0.162,0,0,0
0.010260,0.48349,14.590,0.017,0.094,0,0,0
0.010280,0.48443,14.633,0.010,0.042,0,0,0
0.010300,0.48538,14.453,0.044,0.136,0,0,0
0.010320,0.48632,14.320,-0.002,0.148,0,0,0
0.010340,0.48726,14.279,0.054,0.161,0,0,0
0.010360,0.48820,14.209,0.004,0.186,0,0,0
0.010380,0.48915,14.244,-0.002,0.104,540,0,0
0.010400,0.49009,14.431,0.003,0.011,540,0,0
0.010420,0.49103,14.701,0.050,0.170,540,0,0
0.010440,0.49197,14.992,-0.010,0.107,540,0,0
0.010460,0.49292,15.160,0.114,0.127,540,0,0
0.010480,0.49386,15.497,-0.028,0.091,540,0,0
0.010500,0.49480,15.634,0.010,0.189,540,0,0
0.010520,0.49574,15.887,0.011,0.080,540,0,0
0.010540,0.49669,15.767,-0.017,0.106,0,0,0
0.010560,0.49763,15.757,0.050,0.025,0,0,0
0.010580,0.49857,15.600,0.056,0.098,0,0,0
0.010600,0.49951,15.495,0.019,0.067,0,0,0
0.010620,0.50046,15.351,0.004,0.156,0,0,0
0.010640,0.50140,15.287,-0.025,0.133,0,0,0
0.010660,0.50234,15.274,-0.048,0.123,0,0,0
0.010680,0.50328,15.142,0.081,0.131,0,0,0
0.010700,0.50423,15.217,0.001,0.185,0,0,0
0.010720,0.50517,15.041,0.008,0.102,0,0,0
0.010740,0.50611,14.943,-0.020,0.144,0,0,0
0.010760,0.50705,14.903,-0.027,0.134,0,0,0
0.010780,0.50800,14.739,-0.012,0.062,0,0,0
0.010800,0.50894,14.773,-0.077,0.111,0,0,0
0.010820,0.50988,14.610,0.055,0.143,0,0,0
0.010840,0.51082,14.633,0.103,0.083,0,0,0
0.010860,0.51177,14.509,0.097,0.159,0,0,0
0.010880,0.51271,14.386,0.073,0.062,0,0,0
0.010900,0.51365,14.356,0.004,0.115,0,0,0
0.010920,0.51459,14.306,0.025,0.109,0,0,0
0.010940,0.51554,14.152,-0.015,0.064,0,0,0
0.010960,0.51648,14.172,-0.019,0.207,540,0,0
0.010980,0.51742,14.598,0.054,0.032,540,0,0
0.011000,0.51836,14.890,0.077,0.198,540,0,0
0.011020,0.51931,15.055,-0.025,0.080,540,0,0
0.011040,0.52025,15.265,0.001,0.128,540,0,0
0.011060,0.52119,15.522,-0.030,0.184,540,0,0
0.011080,0.52213,15.714,0.013,0.150,540,0,0
0.011100,0.52308,15.858,0.053,0.196,0,0,0
0.011120,0.52402,15.769,0.072,0.157,0,0,0
0.011140,0.52496,15.725,0.036,0.085,0,0,0
0.011160,0.52590,15.674,-0.033,0.051,0,0,0
0.011180,0.52685,15.491,-0.092,0.119,0,0,0
0.011200,0.52779,15.509,-0.034,-0.013,0,0,0
0.011220,0.52873,15.359,-0.033,0.101,0,0,0
0.011240,0.52967,15.322,-0.008,0.134,0,0,0
0.011260,0.53061,15.259,0.019,0.049,0,0,0
0.011280,0.53156,15.248,-0.159,0.106,0,0,0
0.011300,0.53250,15.163,0.062,-0.022,0,0,0
0.011320,0.53344,15.107,0.033,0.040,0,0,0
0.011340,0.53438,15.041,-0.068,0.071,0,0,0
0.011360,0.53533,14.968,-0.003,0.109,0,0,0
0.011380,0.53627,14.866,0.074,0.097,0,0,0
0.011400,0.53721,14.764,0.077,-0.014,0,0,0
0.011420,0.53815,14.803,-0.010,0.165,0,0,0
0.011440,0.53910,14.574,-0.021,0.090,0,0,0
0.011460,0.54004,14.630,-0.042,-0.001,0,0,0
0.011480,0.54098,14.565,-0.021,0.070,0,0,0
0.011500,0.54192,14.463,-0.003,0.136,0,0,0
0.011520,0.54287,14.531,-0.053,0.095,0,0,0
0.011540,0.54381,14.377,0.064,0.134,0,0,0
0.011560,0.54475,14.415,-0.018,0.171,0,0,0
0.011580,0.54569,14.246,0.030,0.023,0,0,0
0.011600,0.54664,14.197,0.010,0.204,0,0,0
0.011620,0.54758,14.172,-0.016,0.037,0,0,0
0.011640,0.54852,14.100,0.004,0.035,0,0,0
0.011660,0.54946,14.360,0.086,0.200,540,0,0
0.011680,0.55041,14.526,-0.018,0.083,540,0,0
0.011700,0.55135,14.903,-0.050,0.092,540,0,0
0.011720,0.55229,15.106,0.008,0.150,540,0,0
0.011740,0.55323,15.369,0.032,0.120,540,0,0
0.011760,0.55418,15.606,-0.069,0.173,540,0,0
0.011780,0.55512,15.930,0.012,0.132,540,0,0
0.011800,0.55606,15.791,0.041,0.031,0,0,0
0.011820,0.55700,15.709,-0.007,0.139,0,0,0
0.011840,0.55795,15.699,0.043,0.134,0,0,0
0.011860,0.55889,15.607,-0.008,-0.000,0,0,0
0.011880,0.55983,15.600,0.039,0.122,0,0,0
0.011900,0.56077,15.506,-0.008,0.102,0,0,0
0.011920,0.56172,15.571,-0.001,0.161,0,0,0
0.011940,0.56266,15.407,-0.074,0.129,0,0,0
0.011960,0.56360,15.364,-0.021,0.079,0,0,0
0.011980,0.56454,15.418,-0.031,0.039,0,0,0
0.012000,0.56549,15.213,-0.103,0.131,0,0,0
0.012020,0.56643,15.099,-0.063,0.142,0,0,0
0.012040,0.56737,15.044,0.432,-0.015,0,540,0
0.012060,0.56831,15.105,1.351,0.116,0,540,0
0.012080,0.56926,15.004,2.360,-0.019,0,540,0
0.012100,0.57020,14.973,3.109,0.097,0,540,0
0.012120,0.57114,14.936,4.001,0.071,0,540,0
0.012140,0.57208,14.878,4.927,0.079,0,540,0
0.012160,0.57303,14.857,5.786,0.030,0,540,0
0.012180,0.57397,14.871,6.692,0.149,0,540,0
0.012200,0.57491,14.792,7.540,0.058,0,540,0
0.012220,0.57585,14.731,8.518,0.101,0,540,0
0.012240,0.57680,14.639,9.417,0.139,0,540,0
0.012260,0.57774,14.631,10.341,0.109,0,540,0
0.012280,0.57868,14.564,11.234,0.167,0,540,0
0.012300,0.57962,14.437,12.156,0.140,0,540,0
0.012320,0.58057,14.507,12.881,0.106,0,540,0
0.012340,0.58151,14.429,13.831,0.123,0,540,0
0.012360,0.58245,14.388,14.740,0.081,0,540,0
0.012380,0.58339,14.368,15.572,0.056,0,540,0
0.012400,0.58434,14.328,16.028,0.138,0,0,0
0.012420,0.58528,14.261,16.058,0.081,0,0,0
0.012440,0.58622,14.238,15.999,0.117,0,0,0
0.012460,0.58716,14.279,15.959,0.010,540,0,0
0.012480,0.58811,14.626,16.032,0.176,540,0,0
0.012500,0.58905,14.786,15.959,0.050,540,0,0
0.012520,0.58999,15.120,15.924,0.123,540,0,0
0.012540,0.59093,15.343,15.954,-0.053,540,0,0
0.012560,0.59188,15.536,15.884,0.114,540,0,0
0.012580,0.59282,15.883,15.820,0.135,540,0,0
0.012600,0.59376,15.811,15.913,0.129,0,0,0
0.012620,0.59470,15.736,15.783,0.151,0,0,0
0.012640,0.59565,15.732,15.835,0.133,0,0,0
0.012660,0.59659,15.686,15.739,0.079,0,0,0
0.012680,0.59753,15.659,15.836,0.159,0,0,0
0.012700,0.59847,15.660,15.779,0.195,0,0,0
0.012720,0.59942,15.614,15.824,0.146,0,0,0
0.012740,0.60036,15.495,15.671,0.102,0,0,0
0.012760,0.60130,15.446,15.749,0.255,0,0,0
0.012780,0.60224,15.430,15.716,0.118,0,0,0
0.012800,0.60319,15.419,15.659,0.094,0,0,0
0.012820,0.60413,15.300,15.748,0.080,0,0,0
0.012840,0.60507,15.403,15.684,0.072,0,0,0
0.012860,0.60601,15.187,15.640,0.150,0,0,0
0.012880,0.60696,15.209,15.575,0.137,0,0,0
0.012900,0.60790,15.195,15.573,0.160,0,0,0
0.012920,0.60884,15.184,15.549,0.086,0,0,0
0.012940,0.60978,15.161,15.554,0.039,0,0,0
0.012960,0.61073,15.045,15.517,0.108,0,0,0
0.012980,0.61167,15.073,15.510,0.128,0,0,0
0.013000,0.61261,14.983,15.549,0.083,0,0,0
0.013020,0.61355,14.931,15.582,0.070,0,0,0
0.013040,0.61450,14.863,15.402,0.129,0,0,0
0.013060,0.61544,14.961,15.507,0.098,0,0,0
0.013080,0.61638,14.900,15.351,0.155,0,0,0
0.013100,0.61732,14.766,15.365,0.132,0,0,0
0.013120,0.61827,14.808,15.381,0.082,0,0,0
0.013140,0.61921,14.718,15.364,0.106,0,0,0
0.013160,0.62015,14.664,15.399,0.070,0,0,0
0.013180,0.62109,14.592,15.406,0.085,0,0,0
0.013200,0.62204,14.617,15.278,0.112,0,0,0
0.013220,0.62298,14.556,15.327,0.129,0,0,0
0.013240,0.62392,14.581,15.290,0.125,0,0,0
0.013260,0.62486,14.558,15.247,0.175,0,0,0
0.013280,0.62581,14.498,15.133,0.035,0,0,0
0.013300,0.62675,14.511,15.173,-0.039,0,0,0
0.013320,0.62769,14.448,15.103,0.122,0,0,0
0.013340,0.62863,14.362,15.156,0.117,0,0,0
0.013360,0.62958,14.230,15.062,0.075,0,0,0
0.013380,0.63052,14.349,15.020,0.102,0,0,0
0.013400,0.63146,14.310,15.216,0.140,0,0,0
0.013420,0.63240,14.194,14.985,0.132,0,0,0
0.013440,0.63335,14.229,15.062,0.085,0,0,0
0.013460,0.63429,14.337,15.055,0.141,540,0,0
0.013480,0.63523,14.485,15.011,0.099,540,0,0
0.013500,0.63617,14.858,14.935,0.118,540,0,0
0.013520,0.63711,15.030,15.094,0.117,540,0,0
0.013540,0.63806,15.370,14.894,0.198,540,0,0
0.013560,0.63900,15.666,14.950,0.095,540,0,0
0.013580,0.63994,15.902,14.942,0.163,540,0,0
0.013600,0.64088,15.825,14.983,0.215,0,0,0
0.013620,0.64183,15.872,14.911,0.270,0,0,0
0.013640,0.64277,15.734,14.844,0.148,0,0,0
0.013660,0.64371,15.728,14.848,0.123,0,0,0
0.013680,0.64465,15.720,14.583,0.123,0,0,0
0.013700,0.64560,15.757,14.715,0.180,0,0,0
0.013720,0.64654,15.691,14.777,0.206,0,0,0
0.013740,0.64748,15.573,14.736,0.040,0,0,0
0.013760,0.64842,15.487,14.632,0.085,0,0,0
0.013780,0.64937,15.575,14.692,0.141,0,0,0
0.013800,0.65031,15.489,14.773,0.169,0,0,0
0.013820,0.65125,15.466,14.664,0.136,0,0,0
0.013840,0.65219,15.401,14.585,0.133,0,0,0
0.013860,0.65314,15.299,14.669,0.125,0,0,0
0.013880,0.65408,15.365,14.560,0.083,0,0,0
0.013900,0.65502,14.940,14.538,0.112,-540,0,0
0.013920,0.65596,14.761,14.439,0.084,-540,0,0
0.013940,0.65691,14.363,14.537,0.137,-540,0,0
0.013960,0.65785,14.093,14.305,0.198,-540,0,0
0.013980,0.65879,13.794,14.380,0.100,-540,0,0
0.014000,0.65973,13.477,14.419,0.078,-540,0,0
0.014020,0.66068,13.097,14.475,0.216,-540,0,0
0.014040,0.66162,12.942,14.363,0.190,-540,0,0
0.014060,0.66256,12.578,14.259,0.117,-540,0,0
0.014080,0.66350,12.303,14.285,0.151,-540,0,0
0.014100,0.66445,12.074,14.255,0.211,-540,0,0
0.014120,0.66539,11.810,14.263,0.117,-540,0,0
0.014140,0.66633,11.594,14.287,0.154,-540,0,0
0.014160,0.66727,11.316,14.225,0.193,-540,0,0
0.014180,0.66822,11.099,14.149,0.139,-540,0,0
0.014200,0.66916,10.779,15.060,0.139,-540,540,0
0.014220,0.67010,10.480,15.925,0.166,-540,540,0
0.014240,0.67104,10.400,15.886,0.207,-540,0,0
0.014260,0.67199,10.078,15.736,0.169,-540,0,0
0.014280,0.67293,9.863,15.719,0.134,-540,0,0
0.014300,0.67387,9.731,15.723,0.143,-540,0,0
0.014320,0.67481,9.471,15.832,0.152,-540,0,0
0.014340,0.67576,9.264,15.732,0.179,-540,0,0
0.014360,0.67670,9.042,15.690,0.180,-540,0,0
0.014380,0.67764,8.936,15.577,0.244,-540,0,0
0.014400,0.67858,8.672,15.537,0.129,-540,0,0
0.014420,0.67953,8.502,15.625,0.153,-540,0,0
0.014440,0.68047,8.337,15.513,0.034,-540,0,0
0.014460,0.68141,8.079,15.504,0.050,-540,0,0
0.014480,0.68235,7.878,15.425,0.092,-540,0,0
0.014500,0.68330,7.616,15.385,0.070,-540,0,0
0.014520,0.68424,7.564,15.376,0.050,-540,0,0
0.014540,0.68518,7.328,15.434,0.084,-540,0,0
0.014560,0.68612,7.207,15.363,-0.019,-540,0,0
0.014580,0.68707,7.077,15.271,0.147,-540,0,0
0.014600,0.68801,6.840,15.205,0.052,-540,0,0
0.014620,0.68895,6.664,15.202,0.048,-540,0,0
0.014640,0.68989,6.364,15.153,-0.016,-540,0,0
0.014660,0.69084,6.354,15.117,0.050,-540,0,0
0.014680,0.69178,6.134,15.083,0.159,-540,0,0
0.014700,0.69272,5.913,14.967,0.119,-540,0,0
0.014720,0.69366,5.993,14.965,0.082,-540,0,0
0.014740,0.69461,5.796,14.850,0.028,-540,0,0
0.014760,0.69555,5.616,14.862,0.090,-540,0,0
0.014780,0.69649,5.402,14.851,0.071,-540,0,0
0.014800,0.69743,5.242,14.803,0.131,-540,0,0
0.014820,0.69838,5.169,14.766,0.018,-540,0,0
0.014840,0.69932,5.014,14.700,0.073,-540,0,0
0.014860,0.70026,4.789,14.701,0.170,-540,0,0
0.014880,0.70120,4.700,14.679,0.038,-540,0,0
0.014900,0.70215,4.542,14.569,0.125,-540,0,0
0.014920,0.70309,4.351,14.593,0.061,-540,0,0
0.014940,0.70403,4.335,14.560,0.052,-540,0,0
0.014960,0.70497,4.154,14.480,0.028,-540,0,0
0.014980,0.70592,4.086,14.479,0.127,-540,0,0
0.015000,0.70686,3.820,14.448,0.097,-540,0,0
0.015020,0.70780,3.777,14.362,0.062,-540,0,0
0.015040,0.70874,3.527,14.302,-0.004,-540,0,0
0.015060,0.70969,3.424,14.198,0.108,-540,0,0
0.015080,0.71063,3.428,14.300,0.157,-540,0,0
0.015100,0.71157,3.250,15.090,0.118,-540,540,0
0.015120,0.71251,3.103,15.837,0.016,-540,540,0
0.015140,0.71346,3.071,15.783,0.083,-540,0,0
0.015160,0.71440,2.971,15.749,0.067,-540,0,0
0.015180,0.71534,2.741,15.702,0.113,-540,0,0
0.015200,0.71628,2.543,15.693,0.086,-540,0,0
0.015220,0.71723,2.562,15.536,0.103,-540,0,0
0.015240,0.71817,2.395,15.516,0.048,-540,0,0
0.015260,0.71911,2.317,15.475,0.147,-540,0,0
0.015280,0.72005,2.270,15.446,0.091,-540,0,0
0.015300,0.72100,2.112,15.342,0.082,-540,0,0
0.015320,0.72194,1.954,15.299,0.067,-540,0,0
0.015340,0.72288,1.806,15.268,0.065,-540,0,0
0.015360,0.72382,1.826,15.199,0.056,-540,0,0
0.015380,0.72477,1.760,15.097,0.058,-540,0,0
0.015400,0.72571,1.563,15.116,0.098,-540,0,0
0.015420,0.72665,1.573,15.003,0.090,-540,0,0
0.015440,0.72759,1.369,14.842,0.181,-540,0,0
0.015460,0.72854,1.228,15.000,0.127,-540,0,0
0.015480,0.72948,1.123,14.835,0.144,-540,0,0
0.015500,0.73042,1.121,14.802,0.143,-540,0,0
0.015520,0.73136,0.851,14.731,0.087,-540,0,0
0.015540,0.73231,0.818,14.589,0.125,-540,0,0
0.015560,0.73325,0.855,14.597,0.121,-540,0,0
0.015580,0.73419,0.746,14.599,0.169,-540,0,0
0.015600,0.73513,0.553,14.510,0.131,-540,0,0
0.015620,0.73608,0.410,14.509,0.056,-540,0,0
0.015640,0.73702,0.430,14.313,0.136,-540,0,0
0.015660,0.73796,0.351,14.294,0.082,-540,0,0
0.015680,0.73890,0.295,14.208,0.119,0,0,0
0.015700,0.73985,0.245,14.590,0.114,-540,540,0
0.015720,0.74079,0.180,15.317,0.113,0,540,0
0.015740,0.74173,0.181,16.175,0.188,0,540,0
0.015760,0.74267,0.233,16.026,0.119,0,0,0
0.015780,0.74361,0.218,15.947,0.068,0,0,0
0.015800,0.74456,0.159,15.904,0.149,-540,0,0
0.015820,0.74550,0.239,15.757,0.054,0,0,0
0.015840,0.74644,0.200,15.713,0.152,0,0,0
0.015860,0.74738,0.183,15.652,0.066,0,0,0
0.015880,0.74833,0.152,15.650,0.199,0,0,0
0.015900,0.74927,0.129,15.493,0.136,0,0,0
0.015920,0.75021,0.172,15.423,0.093,0,0,0
0.015940,0.75115,0.153,15.330,0.083,0,0,0
0.015960,0.75210,0.130,15.332,0.215,0,0,0
0.015980,0.75304,0.150,15.187,0.171,0,0,0
0.016000,0.75398,0.226,15.171,0.078,0,0,0
0.016020,0.75492,-0.014,15.059,0.191,0,0,0
0.016040,0.75587,0.091,14.920,0.198,0,0,0
0.016060,0.75681,0.084,14.863,0.149,0,0,0
0.016080,0.75775,0.214,14.776,0.065,0,0,0
0.016100,0.75869,0.160,14.723,0.097,0,0,0
0.016120,0.75964,0.185,14.552,0.169,0,0,0
0.016140,0.76058,0.205,14.580,0.053,0,0,0
0.016160,0.76152,0.112,14.520,0.205,0,0,0
0.016180,0.76246,0.134,14.383,0.143,0,0,0
0.016200,0.76341,0.175,14.307,0.165,0,0,0
0.016220,0.76435,0.172,14.203,0.131,0,0,0
0.016240,0.76529,0.156,14.976,0.151,0,540,0
0.016260,0.76623,0.123,15.585,0.151,0,540,0
0.016280,0.76718,0.182,15.989,0.099,0,0,0
0.016300,0.76812,0.156,15.747,0.176,0,0,0
0.016320,0.76906,0.156,15.823,0.097,0,0,0
0.016340,0.77000,0.064,15.761,0.090,0,0,0
0.016360,0.77095,0.160,15.592,0.178,0,0,0
0.016380,0.77189,0.107,15.475,0.171,0,0,0
0.016400,0.77283,0.177,15.389,0.166,0,0,0
0.016420,0.77377,0.201,15.228,0.229,0,0,0
0.016440,0.77472,0.020,15.147,0.101,0,0,0
0.016460,0.77566,0.173,14.955,0.138,0,0,0
0.016480,0.77660,0.090,14.908,0.150,0,0,0
0.016500,0.77754,0.093,14.920,0.123,0,0,0
0.016520,0.77849,0.255,14.781,0.109,0,0,0
0.016540,0.77943,0.211,14.561,0.167,0,0,0
0.016560,0.78037,0.278,14.585,0.189,0,0,0
0.016580,0.78131,0.179,14.463,0.106,0,0,0
0.016600,0.78226,0.049,14.455,0.148,0,0,0
0.016620,0.78320,0.144,14.353,0.212,0,0,0
0.016640,0.78414,0.096,14.165,0.173,0,0,0
0.016660,0.78508,0.168,14.811,0.254,0,540,0
0.016680,0.78603,0.130,15.573,0.168,0,540,0
0.016700,0.78697,0.202,16.178,0.145,0,540,0
0.016720,0.78791,0.193,16.062,0.193,0,0,0
0.016740,0.78885,0.087,16.001,0.120,0,0,0
0.016760,0.78980,-0.009,15.763,0.181,0,0,0
0.016780,0.79074,0.153,15.634,0.238,0,0,0
0.016800,0.79168,0.151,15.555,0.120,0,0,0
0.016820,0.79262,0.200,15.535,0.060,0,0,0
0.016840,0.79357,0.159,15.359,0.258,0,0,0
0.016860,0.79451,0.117,15.134,0.249,0,0,0
0.016880,0.79545,0.026,15.073,0.116,0,0,0
0.016900,0.79639,0.108,15.004,0.131,0,0,0
0.016920,0.79734,0.154,14.843,0.170,0,0,0
0.016940,0.79828,0.179,14.816,0.134,0,0,0
0.016960,0.79922,0.106,14.768,0.187,0,0,0
0.016980,0.80016,0.120,14.568,0.116,0,0,0
0.017000,0.80111,0.080,14.439,0.233,0,0,0
0.017020,0.80205,0.132,14.340,0.243,0,0,0
0.017040,0.80299,0.254,14.477,0.165,0,540,0
0.017060,0.80393,0.190,15.102,0.254,0,540,0
0.017080,0.80488,0.177,15.792,0.127,0,540,0
0.017100,0.80582,0.149,16.062,0.133,0,0,0
0.017120,0.80676,0.128,15.823,0.164,0,0,0
0.017140,0.80770,0.153,15.639,0.120,0,0,0
0.017160,0.80865,0.268,15.608,0.147,0,0,0
0.017180,0.80959,0.064,15.317,0.175,0,0,0
0.017200,0.81053,0.203,15.286,0.240,0,0,0
0.017220,0.81147,0.094,15.175,0.061,0,0,0
0.017240,0.81242,0.124,14.998,-0.024,0,0,0
0.017260,0.81336,0.136,14.920,-0.039,0,0,0
0.017280,0.81430,0.167,14.742,-0.049,0,0,0
0.017300,0.81524,0.005,14.670,-0.000,0,0,0
0.017320,0.81619,0.149,14.528,0.021,0,0,0
0.017340,0.81713,0.131,14.599,-0.061,0,0,0
0.017360,0.81807,0.193,14.349,0.017,0,0,0
0.017380,0.81901,0.177,14.502,0.045,0,540,0
0.017400,0.81996,0.178,15.028,-0.015,0,540,0
0.017420,0.82090,0.235,15.566,0.069,0,540,0
0.017440,0.82184,0.141,15.867,-0.036,0,0,0
0.017460,0.82278,0.178,15.622,0.015,0,0,0
0.017480,0.82373,0.093,15.503,0.042,0,0,0
0.017500,0.82467,0.214,15.318,-0.056,0,0,0
0.017520,0.82561,0.242,15.265,-0.064,0,0,0
0.017540,0.82655,0.071,15.075,0.025,0,0,0
0.017560,0.82750,0.197,14.987,0.004,0,0,0
0.017580,0.82844,0.093,14.725,-0.043,0,0,0
0.017600,0.82938,0.061,14.731,0.002,0,0,0
0.017620,0.83032,0.154,14.562,-0.060,0,0,0
0.017640,0.83127,0.155,14.494,-0.007,0,0,0
0.017660,0.83221,0.119,14.255,-0.028,0,0,0
0.017680,0.83315,0.146,14.443,0.006,0,540,0
0.017700,0.83409,0.172,14.996,-0.052,0,540,0
0.017720,0.83504,0.177,15.469,0.005,0,540,0
0.017740,0.83598,0.091,15.900,0.041,0,540,0
0.017760,0.83692,0.251,15.759,0.007,0,0,0
0.017780,0.83786,0.085,15.626,-0.025,0,0,0
0.017800,0.83881,0.226,15.543,0.030,0,0,0
0.017820,0.83975,0.149,15.332,-0.056,0,0,0
0.017840,0.84069,0.082,15.170,-0.099,0,0,0
0.017860,0.84163,0.119,15.063,0.003,0,0,0
0.017880,0.84258,0.115,14.890,0.001,0,0,0
0.017900,0.84352,0.074,14.802,-0.004,0,0,0
0.017920,0.84446,0.152,14.586,-0.032,0,0,0
0.017940,0.84540,0.070,14.415,-0.007,0,0,0
0.017960,0.84635,0.167,14.243,0.039,0,0,0
0.017980,0.84729,0.169,14.248,-0.056,0,0,0
0.018000,0.84823,0.154,14.364,0.081,0,540,0
0.018020,0.84917,0.147,14.856,-0.014,0,540,0
0.018040,0.85011,0.072,15.283,-0.063,0,540,0
0.018060,0.85106,0.178,15.672,0.012,0,540,0
0.018080,0.85200,0.131,15.828,-0.061,0,0,0
0.018100,0.85294,0.138,15.684,-0.062,0,0,0
0.018120,0.85388,0.167,15.497,-0.007,0,0,0
0.018140,0.85483,0.186,15.366,0.011,0,0,0
0.018160,0.85577,0.170,15.162,0.061,0,0,0
0.018180,0.85671,0.077,15.131,-0.024,0,0,0
0.018200,0.85765,0.185,14.883,0.018,0,0,0
0.018220,0.85860,0.202,14.730,0.014,0,0,0
0.018240,0.85954,0.081,14.589,-0.012,0,0,0
0.018260,0.86048,0.067,14.466,-0.002,0,0,0
0.018280,0.86142,0.138,14.280,-0.089,0,0,0
0.018300,0.86237,0.202,14.205,0.000,0,0,0
0.018320,0.86331,0.240,14.600,0.051,0,540,0
0.018340,0.86425,0.113,14.996,-0.082,0,540,0
0.018360,0.86519,0.207,15.313,-0.030,0,540,0
0.018380,0.86614,0.163,15.774,0.091,0,540,0
0.018400,0.86708,0.162,15.583,-0.050,0,0,0
0.018420,0.86802,0.143,15.497,0.065,0,0,0
0.018440,0.86896,0.264,15.382,0.004,0,0,0
0.018460,0.86991,0.150,15.244,-0.081,0,0,0
0.018480,0.87085,0.085,15.033,-0.030,0,0,0
0.018500,0.87179,0.152,14.873,0.070,0,0,0
0.018520,0.87273,0.102,14.760,0.013,0,0,0
0.018540,0.87368,0.149,14.618,0.015,0,0,0
0.018560,0.87462,0.128,14.448,0.025,0,0,0
0.018580,0.87556,0.084,14.329,0.024,0,0,0
0.018600,0.87650,0.222,14.177,-0.017,0,0,0
0.018620,0.87745,0.125,14.500,0.014,0,540,0
0.018640,0.87839,0.108,14.882,-0.000,0,540,0
0.018660,0.87933,0.153,15.186,-0.082,0,540,0
0.018680,0.88027,0.050,15.601,0.037,0,540,0
0.018700,0.88122,0.084,16.012,0.016,0,540,0
0.018720,0.88216,0.121,15.923,-0.001,0,0,0
0.018740,0.88310,0.099,15.763,0.013,0,0,0
0.018760,0.88404,0.107,15.438,-0.010,0,0,0
0.018780,0.88499,0.154,15.326,-0.097,0,0,0
0.018800,0.88593,0.222,15.133,-0.005,0,0,0
0.018820,0.88687,0.119,15.085,0.079,0,0,0
0.018840,0.88781,0.193,14.845,-0.046,0,0,0
0.018860,0.88876,0.123,14.841,0.023,0,0,0
0.018880,0.88970,0.139,14.644,-0.001,0,0,0
0.018900,0.89064,0.108,14.406,-0.017,0,0,0
0.018920,0.89158,0.206,14.345,0.102,0,0,0
0.018940,0.89253,0.130,14.402,0.134,0,540,0
0.018960,0.89347,0.010,14.846,-0.011,0,540,0
0.018980,0.89441,0.139,15.132,0.010,0,540,0
0.019000,0.89535,0.095,15.406,-0.002,0,540,0
0.019020,0.89630,0.176,15.705,-0.011,0,540,0
0.019040,0.89724,0.154,15.928,-0.047,0,0,0
0.019060,0.89818,0.092,15.750,-0.036,0,0,0
0.019080,0.89912,0.135,15.496,-0.077,0,0,0
0.019100,0.90007,0.137,15.396,0.005,0,0,0
0.019120,0.90101,0.055,15.323,0.096,0,0,0
0.019140,0.90195,0.163,15.104,0.060,0,0,0
0.019160,0.90289,0.141,15.010,0.007,0,0,0
0.019180,0.90384,0.129,14.833,-0.011,0,0,0
0.019200,0.90478,0.181,14.679,-0.044,0,0,0
0.019220,0.90572,0.106,14.510,-0.056,0,0,0
0.019240,0.90666,0.123,14.423,-0.040,0,0,0
0.019260,0.90761,0.137,14.223,0.004,0,0,0
0.019280,0.90855,0.084,14.381,0.042,0,540,0
0.019300,0.90949,0.153,14.649,0.066,0,540,0
0.019320,0.91043,0.229,15.037,-0.038,0,540,0
0.019340,0.91138,0.150,15.258,0.044,0,540,0
0.019360,0.91232,0.148,15.513,-0.040,0,540,0
0.019380,0.91326,0.114,15.935,-0.025,0,540,0
0.019400,0.91420,0.132,15.830,0.100,0,0,0
0.019420,0.91515,0.174,15.621,0.016,0,0,0
0.019440,0.91609,0.100,15.414,-0.011,0,0,0
0.019460,0.91703,0.140,15.341,-0.022,0,0,0
0.019480,0.91797,0.182,15.189,-0.009,0,0,0
0.019500,0.91892,0.073,15.147,-0.047,0,0,0
0.019520,0.91986,0.130,14.954,-0.009,0,0,0
0.019540,0.92080,0.169,14.844,-0.041,0,0,0
0.019560,0.92174,0.174,14.645,0.097,0,0,0
0.019580,0.92269,0.132,14.504,-0.055,0,0,0
0.019600,0.92363,0.213,14.423,-0.038,0,0,0
0.019620,0.92457,0.065,14.294,0.059,0,0,0
0.019640,0.92551,0.204,14.218,0.061,0,0,0
0.019660,0.92646,0.069,14.373,-0.002,0,540,0
0.019680,0.92740,0.039,14.676,0.048,0,540,0
0.019700,0.92834,0.138,15.049,0.115,0,540,0
0.019720,0.92928,0.232,15.303,-0.040,0,540,0
0.019740,0.93023,0.203,15.587,0.021,0,540,0
0.019760,0.93117,0.153,15.904,0.006,0,540,0
0.019780,0.93211,0.127,15.843,0.001,0,0,0
0.019800,0.93305,0.219,15.708,-0.041,0,0,0
0.019820,0.93400,0.028,15.497,0.022,0,0,0
0.019840,0.93494,0.176,15.373,0.021,0,0,0
0.019860,0.93588,0.141,15.241,0.007,0,0,0
0.019880,0.93682,0.210,15.138,0.033,0,0,0
0.019900,0.93777,0.200,15.018,0.032,0,0,0
0.019920,0.93871,0.234,14.839,-0.024,0,0,0
0.019940,0.93965,0.009,14.773,-0.075,0,0,0
0.019960,0.94059,0.207,14.586,-0.064,0,0,0
0.019980,0.94154,0.152,14.494,0.053,0,0,0
0.020000,0.94248,0.150,14.303,-0.013,0,0,0
0.020020,0.94342,0.161,14.208,0.064,0,0,0
0.020040,0.94436,0.160,14.606,0.047,0,540,0
0.020060,0.94531,0.125,14.820,0.056,0,540,0
0.020080,0.94625,0.139,15.063,-0.014,0,540,0
0.020100,0.94719,0.102,15.397,-0.025,0,540,0
0.020120,0.94813,0.129,15.632,0.070,0,540,0
0.020140,0.94908,0.188,15.997,0.006,0,540,0
0.020160,0.95002,0.123,15.851,0.102,0,0,0
0.020180,0.95096,0.140,15.705,-0.049,0,0,0
0.020200,0.95190,0.129,15.546,0.077,0,0,0
0.020220,0.95285,0.199,15.466,-0.010,0,0,0
0.020240,0.95379,0.132,15.285,0.054,0,0,0
0.020260,0.95473,0.177,15.242,-0.037,0,0,0
0.020280,0.95567,0.144,15.137,-0.012,0,0,0
0.020300,0.95661,0.122,14.979,-0.179,0,0,0
0.020320,0.95756,0.186,14.887,0.088,0,0,0
0.020340,0.95850,0.120,14.760,-0.012,0,0,0
0.020360,0.95944,0.069,14.691,0.024,0,0,0
0.020380,0.96038,0.054,14.598,0.073,0,0,0
0.020400,0.96133,0.117,14.518,0.070,0,0,0
0.020420,0.96227,0.173,14.283,0.006,0,0,0
0.020440,0.96321,0.138,14.226,0.071,0,0,0
0.020460,0.96415,0.181,14.190,0.000,0,0,0
0.020480,0.96510,0.098,14.356,0.062,0,540,0
0.020500,0.96604,0.145,14.751,-0.109,0,540,0
0.020520,0.96698,0.113,14.881,-0.000,0,540,0
0.020540,0.96792,0.195,15.222,0.016,0,540,0
0.020560,0.96887,0.140,15.484,0.052,0,540,0
0.020580,0.96981,0.146,15.743,0.060,0,540,0
0.020600,0.97075,0.093,15.592,0.048,0,0,0
0.020620,0.97169,0.144,15.609,-0.030,0,0,0
0.020640,0.97264,0.257,15.519,0.072,0,0,0
0.020660,0.97358,0.089,15.345,-0.030,0,0,0
0.020680,0.97452,0.162,15.381,0.041,0,0,0
0.020700,0.97546,0.133,15.245,-0.040,0,0,0
0.020720,0.97641,0.203,15.092,0.040,0,0,0
0.020740,0.97735,0.158,14.979,0.033,0,0,0
0.020760,0.97829,0.175,15.068,0.018,0,0,0
0.020780,0.97923,0.156,14.800,0.001,0,0,0
0.020800,0.98018,0.106,14.744,0.034,0,0,0
0.020820,0.98112,0.184,14.686,0.018,0,0,0
0.020840,0.98206,0.118,14.621,-0.044,0,0,0
0.020860,0.98300,0.102,14.496,0.011,0,0,0
0.020880,0.98395,0.182,14.454,-0.051,0,0,0
0.020900,0.98489,0.036,14.333,-0.017,0,0,0
0.020920,0.98583,0.105,14.364,0.010,0,540,0
0.020940,0.98677,0.139,14.695,-0.024,0,540,0
0.020960,0.98772,0.185,14.898,0.002,0,540,0
0.020980,0.98866,0.115,15.228,0.096,0,540,0
0.021000,0.98960,0.068,15.470,0.024,0,540,0
0.021020,0.99054,0.161,15.799,0.123,0,540,0
0.021040,0.99149,0.148,15.794,0.022,0,0,0
0.021060,0.99243,0.180,15.702,0.013,0,0,0
0.021080,0.99337,0.121,15.666,-0.063,0,0,0
0.021100,0.99431,0.095,15.638,-0.032,0,0,0
0.021120,0.99526,0.156,15.453,0.065,0,0,0
0.021140,0.99620,0.131,15.360,-0.072,0,0,0
0.021160,0.99714,0.166,15.318,0.003,0,0,0
0.021180,0.99808,0.085,15.183,-0.001,0,0,0
0.021200,0.99903,0.023,15.218,-0.038,0,0,0
0.021220,0.99997,0.109,15.066,0.012,0,0,0
0.021240,1.00091,0.177,14.998,-0.009,0,0,0
0.021260,1.00185,0.105,14.926,-0.021,0,0,0
0.021280,1.00280,0.131,14.937,0.043,0,0,0
0.021300,1.00374,0.097,14.807,0.092,0,0,0
0.021320,1.00468,0.025,14.676,0.055,0,0,0
0.021340,1.00562,0.029,14.541,0.076,0,0,0
0.021360,1.00657,0.120,14.612,0.025,0,0,0
0.021380,1.00751,0.126,14.504,-0.011,0,0,0
0.021400,1.00845,0.171,14.451,0.045,0,0,0
0.021420,1.00939,0.144,14.348,0.037,0,0,0
0.021440,1.01034,0.142,14.351,0.011,0,0,0
0.021460,1.01128,0.162,14.219,-0.025,0,0,0
0.021480,1.01222,0.188,14.287,0.065,0,540,0
0.021500,1.01316,0.123,14.582,-0.018,0,540,0
0.021520,1.01411,0.087,14.807,-0.005,0,540,0
0.021540,1.01505,0.040,15.122,0.090,0,540,0
0.021560,1.01599,0.135,15.437,-0.071,0,540,0
0.021580,1.01693,0.161,15.753,-0.035,0,540,0
0.021600,1.01788,0.118,15.795,-0.041,0,0,0
0.021620,1.01882,0.102,15.752,0.068,0,0,0
0.021640,1.01976,0.176,15.641,-0.072,0,0,0
0.021660,1.02070,0.119,15.621,-0.040,0,0,0
0.021680,1.02165,0.200,15.650,-0.038,0,0,0
0.021700,1.02259,0.153,15.529,0.107,0,0,0
0.021720,1.02353,0.195,15.356,0.047,0,0,0
0.021740,1.02447,0.183,15.447,0.018,0,0,0
0.021760,1.02542,0.185,15.295,-0.050,0,0,0
0.021780,1.02636,0.156,15.219,0.012,0,0,0
0.021800,1.02730,0.122,15.280,0.029,0,0,0
0.021820,1.02824,0.158,15.090,0.037,0,0,0
0.021840,1.02919,0.165,15.030,-0.007,0,0,0
0.021860,1.03013,0.068,15.058,-0.028,0,0,0
0.021880,1.03107,0.159,14.932,0.119,0,0,0
0.021900,1.03201,0.154,14.922,0.070,0,0,0
0.021920,1.03296,0.192,14.864,0.062,0,0,0
0.021940,1.03390,0.189,14.845,-0.069,0,0,0
0.021960,1.03484,0.162,14.795,0.009,0,0,0
0.021980,1.03578,0.128,14.715,0.072,0,0,0
0.022000,1.03673,0.068,14.710,-0.019,0,0,0
0.022020,1.03767,0.147,14.577,0.019,0,0,0
0.022040,1.03861,0.154,14.607,0.061,0,0,0
0.022060,1.03955,0.084,14.559,0.025,0,0,0
0.022080,1.04050,0.128,14.563,-0.064,0,0,0
0.022100,1.04144,0.156,14.467,0.022,0,0,0
0.022120,1.04238,0.221,14.463,0.013,0,0,0
0.022140,1.04332,0.125,14.392,-0.110,0,0,0
0.022160,1.04427,0.131,14.271,-0.062,0,0,0
0.022180,1.04521,0.217,14.319,0.060,0,0,0
0.022200,1.04615,0.139,14.358,-0.021,0,540,0
0.022220,1.04709,0.226,14.580,-0.007,0,540,0
0.022240,1.04804,0.084,14.880,0.111,0,540,0
0.022260,1.04898,0.099,15.250,-0.142,0,540,0
0.022280,1.04992,0.176,15.496,-0.054,0,540,0
0.022300,1.05086,0.213,15.839,-0.076,0,540,0
0.022320,1.05181,0.173,16.012,-0.015,0,540,0
0.022340,1.05275,0.133,15.939,-0.118,0,0,0
0.022360,1.05369,0.156,15.947,-0.075,0,0,0
0.022380,1.05463,0.117,15.857,-0.029,0,0,0
0.022400,1.05558,0.145,15.818,-0.035,0,0,0
0.022420,1.05652,0.142,15.788,0.002,0,0,0
0.022440,1.05746,0.174,15.697,-0.021,0,0,0
0.022460,1.05840,0.095,15.706,-0.039,0,0,0
0.022480,1.05935,0.130,15.542,-0.059,0,0,0
0.022500,1.06029,0.132,15.634,-0.008,0,0,0
0.022520,1.06123,0.093,15.572,0.014,0,0,0
0.022540,1.06217,0.171,15.598,0.062,0,0,0
0.022560,1.06311,0.215,15.595,0.019,0,0,0
0.022580,1.06406,0.123,15.528,0.015,0,0,0
0.022600,1.06500,0.201,15.353,0.046,0,0,0
0.022620,1.06594,0.136,15.435,0.037,0,0,0
0.022640,1.06688,0.116,15.335,0.035,0,0,0
0.022660,1.06783,0.176,15.295,0.004,0,0,0
0.022680,1.06877,0.135,15.297,-0.011,0,0,0
0.022700,1.06971,0.133,15.210,0.008,0,0,0
0.022720,1.07065,0.064,15.202,0.015,0,0,0
0.022740,1.07160,0.149,15.192,0.003,0,0,0
0.022760,1.07254,0.127,15.197,-0.022,0,0,0
0.022780,1.07348,0.169,15.061,0.018,0,0,0
0.022800,1.07442,0.207,15.116,0.040,0,0,0
0.022820,1.07537,0.135,14.955,0.035,0,0,0
0.022840,1.07631,0.152,15.001,0.016,0,0,0
0.022860,1.07725,0.184,15.034,0.042,0,0,0
0.022880,1.07819,0.196,14.989,-0.033,0,0,0
0.022900,1.07914,0.147,14.870,0.042,0,0,0
0.022920,1.08008,0.198,14.998,-0.051,0,0,0
0.022940,1.08102,0.132,14.960,0.149,0,0,0
0.022960,1.08196,0.079,14.891,-0.061,0,0,0
0.022980,1.08291,0.206,14.726,0.021,0,0,0
0.023000,1.08385,0.136,14.907,-0.012,0,0,0
0.023020,1.08479,0.136,14.841,0.033,0,0,0
0.023040,1.08573,0.146,14.809,0.018,0,0,0
0.023060,1.08668,0.125,14.661,0.001,0,0,0
0.023080,1.08762,0.037,14.728,-0.012,0,0,0
0.023100,1.08856,0.162,14.621,0.135,0,0,0
0.023120,1.08950,0.112,14.576,-0.041,0,0,0
0.023140,1.09045,0.113,14.564,-0.082,0,0,0
0.023160,1.09139,0.135,14.595,0.895,0,0,540
0.023180,1.09233,0.110,14.588,1.802,0,0,540
0.023200,1.09327,0.118,14.554,2.588,0,0,540
0.023220,1.09422,0.129,14.462,3.598,0,0,540
0.023240,1.09516,0.158,14.459,4.450,0,0,540
0.023260,1.09610,0.146,14.425,5.431,0,0,540
0.023280,1.09704,0.135,14.441,6.313,0,0,540
0.023300,1.09799,0.156,14.447,7.153,0,0,540
0.023320,1.09893,0.159,14.451,8.044,0,0,540
0.023340,1.09987,0.136,14.310,8.971,0,0,540
0.023360,1.10081,0.191,14.341,9.801,0,0,540
0.023380,1.10176,0.170,14.409,10.698,0,0,540
0.023400,1.10270,0.198,14.334,11.669,0,0,540
0.023420,1.10364,0.116,14.379,12.488,0,0,540
0.023440,1.10458,0.144,14.248,13.440,0,0,540
0.023460,1.10553,0.195,14.299,14.317,0,0,540
0.023480,1.10647,0.110,14.270,15.169,0,0,540
0.023500,1.10741,0.135,14.450,16.098,0,540,540
0.023520,1.10835,0.110,14.615,16.004,0,540,0
0.023540,1.10930,0.109,14.878,15.970,0,540,0
0.023560,1.11024,0.100,15.249,15.960,0,540,0
0.023580,1.11118,0.131,15.495,16.019,0,540,0
0.023600,1.11212,0.156,15.735,15.907,0,540,0
0.023620,1.11307,0.113,15.932,15.879,0,0,0
0.023640,1.11401,0.017,15.902,16.032,0,0,0
0.023660,1.11495,0.109,15.915,15.884,0,0,0
0.023680,1.11589,0.152,15.885,15.883,0,0,0
0.023700,1.11684,0.145,15.855,15.975,0,0,0
0.023720,1.11778,0.214,15.781,15.922,0,0,0
0.023740,1.11872,0.157,15.825,15.860,0,0,0
0.023760,1.11966,0.099,15.823,15.722,0,0,0
0.023780,1.12061,0.126,15.747,15.891,0,0,0
0.023800,1.12155,-0.022,15.714,15.862,-540,0,0
0.023820,1.12249,0.113,15.751,15.714,0,0,0
0.023840,1.12343,0.169,15.654,15.748,0,0,0
0.023860,1.12438,0.081,15.632,15.626,0,0,0
0.023880,1.12532,0.049,15.575,15.706,0,0,0
0.023900,1.12626,0.053,15.745,15.667,0,0,0
0.023920,1.12720,0.140,15.610,15.677,0,0,0
0.023940,1.12815,0.126,15.574,15.611,0,0,0
0.023960,1.12909,0.180,15.636,15.626,0,0,0
0.023980,1.13003,0.111,15.600,15.662,0,0,0
0.024000,1.13097,0.149,15.622,15.569,0,0,0
0.024020,1.13192,0.048,15.535,15.603,0,0,0
0.024040,1.13286,0.097,15.547,15.567,0,0,0
0.024060,1.13380,0.085,15.549,15.615,0,0,0
0.024080,1.13474,0.123,15.616,15.593,0,0,0
0.024100,1.13569,0.087,15.488,15.544,0,0,0
0.024120,1.13663,0.158,15.493,15.558,0,0,0
0.024140,1.13757,0.121,15.426,15.402,0,0,0
0.024160,1.13851,0.056,15.407,15.510,0,0,0
0.024180,1.13946,0.145,15.468,15.456,0,0,0
0.024200,1.14040,0.142,15.456,15.345,0,0,0
0.024220,1.14134,0.169,15.388,15.470,0,0,0
0.024240,1.14228,0.160,15.371,15.400,0,0,0
0.024260,1.14323,0.078,15.355,15.332,0,0,0
0.024280,1.14417,0.056,15.315,15.335,0,0,0
0.024300,1.14511,0.150,15.338,15.312,0,0,0
0.024320,1.14605,0.167,15.381,15.281,0,0,0
0.024340,1.14700,0.072,15.356,15.319,0,0,0
0.024360,1.14794,0.094,15.337,15.275,0,0,0
0.024380,1.14888,0.077,15.396,15.229,0,0,0
0.024400,1.14982,0.134,15.269,15.318,0,0,0
0.024420,1.15077,0.126,15.344,15.189,0,0,0
0.024440,1.15171,0.130,15.288,15.266,0,0,0
0.024460,1.15265,0.130,15.203,15.133,0,0,0
0.024480,1.15359,0.114,15.292,15.058,0,0,0
0.024500,1.15454,0.170,15.366,15.072,0,0,0
0.024520,1.15548,0.123,15.215,15.191,0,0,0
0.024540,1.15642,0.062,15.148,15.084,0,0,0
0.024560,1.15736,0.108,15.216,15.093,0,0,0
0.024580,1.15831,0.136,15.227,15.016,0,0,0
0.024600,1.15925,0.208,15.261,14.966,0,0,0
0.024620,1.16019,0.039,15.216,14.914,0,0,0
0.024640,1.16113,0.090,15.176,14.959,0,0,0
0.024660,1.16208,0.115,15.144,14.939,0,0,0
0.024680,1.16302,0.101,15.149,14.881,0,0,0
0.024700,1.16396,0.010,15.108,14.848,0,0,0
0.024720,1.16490,0.118,15.098,14.846,0,0,0
0.024740,1.16585,-0.013,15.143,14.834,0,0,0
0.024760,1.16679,0.157,15.118,14.766,0,0,0
0.024780,1.16773,0.139,15.134,14.834,0,0,0
0.024800,1.16867,0.125,15.140,14.751,0,0,0
0.024820,1.16961,0.173,15.173,14.770,0,0,0
0.024840,1.17056,0.157,15.130,14.750,0,0,0
0.024860,1.17150,0.054,15.054,14.713,0,0,0
0.024880,1.17244,0.230,15.082,14.768,0,0,0
0.024900,1.17338,0.099,15.042,14.664,0,0,0
0.024920,1.17433,0.118,14.996,14.649,0,0,0
0.024940,1.17527,0.208,15.049,14.582,0,0,0
0.024960,1.17621,0.116,15.067,14.665,0,0,0
0.024980,1.17715,0.095,14.974,14.527,0,0,0
0.025000,1.17810,0.129,14.866,14.450,0,-540,0
0.025020,1.17904,0.026,14.440,14.489,0,-540,0
0.025040,1.17998,0.096,14.238,14.570,0,-540,0
0.025060,1.18092,0.107,13.850,14.535,0,-540,0
0.025080,1.18187,0.155,13.666,14.422,0,-540,0
0.025100,1.18281,0.101,13.423,14.472,0,-540,0
0.025120,1.18375,0.236,13.213,14.425,0,-540,0
0.025140,1.18469,0.235,12.943,14.354,0,-540,0
0.025160,1.18564,0.077,12.694,14.390,0,-540,0
0.025180,1.18658,0.147,12.354,14.296,0,-540,0
0.025200,1.18752,0.184,12.234,14.242,0,-540,0
0.025220,1.18846,0.185,11.953,14.643,0,-540,540
0.025240,1.18941,0.083,11.598,15.558,0,-540,540
0.025260,1.19035,0.068,11.398,15.889,0,-540,0
0.025280,1.19129,0.186,11.176,15.957,0,-540,0
0.025300,1.19223,0.135,10.911,15.854,0,-540,0
0.025320,1.19318,0.124,10.664,15.833,0,-540,0
0.025340,1.19412,0.167,10.406,15.864,0,-540,0
0.025360,1.19506,0.149,10.301,15.778,0,-540,0
0.025380,1.19600,0.178,10.057,15.792,0,-540,0
0.025400,1.19695,0.096,9.841,15.775,0,-540,0
0.025420,1.19789,0.115,9.717,15.761,0,-540,0
0.025440,1.19883,0.171,9.500,15.695,0,-540,0
0.025460,1.19977,0.103,9.299,15.754,0,-540,0
0.025480,1.20072,0.102,9.064,15.629,0,-540,0
0.025500,1.20166,0.075,8.916,15.564,0,-540,0
0.025520,1.20260,0.075,8.618,15.537,0,-540,0
0.025540,1.20354,0.130,8.461,15.509,0,-540,0
0.025560,1.20449,0.188,8.295,15.476,0,-540,0
0.025580,1.20543,0.038,8.210,15.527,0,-540,0
0.025600,1.20637,0.127,7.980,15.447,0,-540,0
0.025620,1.20731,0.200,7.770,15.357,0,-540,0
0.025640,1.20826,0.171,7.580,15.351,0,-540,0
0.025660,1.20920,0.139,7.468,15.331,0,-540,0
0.025680,1.21014,0.096,7.210,15.195,0,-540,0
0.025700,1.21108,0.143,7.113,15.241,0,-540,0
0.025720,1.21203,0.130,6.975,15.209,0,-540,0
0.025740,1.21297,0.204,6.673,15.090,0,-540,0
0.025760,1.21391,0.109,6.631,15.068,0,-540,0
0.025780,1.21485,0.100,6.482,15.131,0,-540,0
0.025800,1.21580,0.145,6.271,15.051,0,-540,0
0.025820,1.21674,0.166,6.019,14.929,0,-540,0
0.025840,1.21768,0.158,5.940,14.955,0,-540,0
0.025860,1.21862,0.074,5.805,14.878,0,-540,0
0.025880,1.21957,0.185,5.685,14.893,0,-540,0
0.025900,1.22051,0.181,5.480,14.757,0,-540,0
0.025920,1.22145,0.146,5.325,14.745,0,-540,0
0.025940,1.22239,0.078,5.255,14.722,0,-540,0
0.025960,1.22334,0.155,5.066,14.759,0,-540,0
0.025980,1.22428,0.194,4.974,14.661,0,-540,0
0.026000,1.22522,0.096,4.807,14.630,0,-540,0
0.026020,1.22616,0.101,4.684,14.540,0,-540,0
0.026040,1.22711,0.175,4.532,14.573,0,-540,0
0.026060,1.22805,0.132,4.394,14.553,0,-540,0
0.026080,1.22899,0.171,4.228,14.491,0,-540,0
0.026100,1.22993,0.156,4.186,14.430,0,-540,0
0.026120,1.23088,0.126,4.019,14.411,0,-540,0
0.026140,1.23182,0.125,3.838,14.295,0,-540,0
0.026160,1.23276,0.129,3.735,14.377,0,-540,0
0.026180,1.23370,0.197,3.629,14.198,0,-540,0
0.026200,1.23465,0.164,3.491,14.166,0,-540,0
0.026220,1.23559,0.136,3.367,14.047,0,-540,0
0.026240,1.23653,0.178,3.291,14.984,0,-540,540
0.026260,1.23747,0.127,3.233,15.773,0,-540,540
0.026280,1.23842,0.101,3.031,16.128,0,-540,0
0.026300,1.23936,0.264,2.923,16.071,0,-540,0
0.026320,1.24030,0.214,2.892,16.041,0,-540,0
0.026340,1.24124,0.178,2.664,15.952,0,-540,0
0.026360,1.24219,0.233,2.582,15.894,0,-540,0
0.026380,1.24313,0.164,2.424,15.818,0,-540,0
0.026400,1.24407,0.218,2.374,15.838,0,-540,0
0.026420,1.24501,0.174,2.245,15.712,0,-540,0
0.026440,1.24596,0.228,2.243,15.674,0,-540,0
0.026460,1.24690,0.224,2.043,15.625,0,-540,0
0.026480,1.24784,0.233,1.927,15.693,0,-540,0
0.026500,1.24878,0.232,1.872,15.558,0,-540,0
0.026520,1.24973,0.090,1.718,15.513,0,-540,0
0.026540,1.25067,-0.011,1.643,15.368,0,-540,0
0.026560,1.25161,0.035,1.542,15.358,0,-540,0
0.026580,1.25255,-0.000,1.403,15.177,0,-540,0
0.026600,1.25350,0.137,1.346,15.186,0,-540,0
0.026620,1.25444,0.097,1.206,15.268,0,-540,0
0.026640,1.25538,0.083,1.196,15.092,0,-540,0
0.026660,1.25632,0.064,1.028,15.062,0,-540,0
0.026680,1.25727,0.036,0.970,15.029,0,-540,0
0.026700,1.25821,0.114,0.795,14.881,0,-540,0
0.026720,1.25915,0.118,0.657,14.821,0,-540,0
0.026740,1.26009,0.109,0.585,14.874,0,-540,0
0.026760,1.26104,0.116,0.503,14.749,0,-540,0
0.026780,1.26198,0.022,0.441,14.780,0,-540,0
0.026800,1.26292,0.057,0.262,14.619,0,-540,0
0.026820,1.26386,0.060,0.231,14.503,0,0,0
0.026840,1.26481,0.109,0.205,14.444,0,-540,0
0.026860,1.26575,0.002,0.242,14.440,0,0,0
0.026880,1.26669,0.086,0.337,14.348,0,0,0
0.026900,1.26763,0.096,0.166,14.257,0,0,0
0.026920,1.26858,0.065,0.212,14.120,0,0,0
0.026940,1.26952,-0.022,0.234,14.936,0,0,540
0.026960,1.27046,0.140,0.275,15.727,0,0,540
0.026980,1.27140,0.006,0.148,15.996,0,-540,0
0.027000,1.27235,0.065,0.172,15.994,0,0,0
0.027020,1.27329,0.103,0.158,15.871,0,0,0
0.027040,1.27423,0.039,0.188,15.796,0,0,0
0.027060,1.27517,0.096,0.237,15.638,0,0,0
0.027080,1.27611,0.077,0.262,15.688,0,0,0
0.027100,1.27706,0.031,0.197,15.600,0,0,0
0.027120,1.27800,-0.008,0.113,15.518,0,0,0
0.027140,1.27894,0.102,0.250,15.292,0,0,0
0.027160,1.27988,0.122,0.201,15.354,0,0,0
0.027180,1.28083,0.030,0.206,15.246,0,0,0
0.027200,1.28177,0.091,0.210,15.231,0,0,0
0.027220,1.28271,0.031,0.226,15.073,0,0,0
0.027240,1.28365,0.076,0.192,14.955,0,0,0
0.027260,1.28460,0.101,0.113,14.931,0,-540,0
0.027280,1.28554,0.071,0.203,14.847,0,0,0
0.027300,1.28648,0.125,0.111,14.810,0,0,0
0.027320,1.28742,0.132,0.164,14.628,0,0,0
0.027340,1.28837,-0.016,0.038,14.526,0,0,0
0.027360,1.28931,-0.002,0.136,14.545,0,0,0
0.027380,1.29025,0.017,0.185,14.304,0,0,0
0.027400,1.29119,0.075,0.140,14.374,0,0,0
0.027420,1.29214,0.141,0.149,14.684,0,0,540
0.027440,1.29308,0.142,0.128,15.317,0,0,540
0.027460,1.29402,0.061,0.219,16.009,0,0,540
0.027480,1.29496,0.103,0.182,15.922,0,0,0
0.027500,1.29591,0.063,0.055,15.808,0,0,0
0.027520,1.29685,0.027,0.188,15.646,0,0,0
0.027540,1.29779,0.080,0.165,15.588,0,0,0
0.027560,1.29873,-0.011,0.067,15.555,0,0,0
0.027580,1.29968,0.100,0.170,15.423,0,0,0
0.027600,1.30062,0.110,0.112,15.290,0,0,0
0.027620,1.30156,0.073,0.144,15.192,0,0,0
0.027640,1.30250,0.064,0.060,15.075,0,0,0
0.027660,1.30345,0.012,0.162,14.940,0,0,0
0.027680,1.30439,0.090,0.214,14.880,0,0,0
0.027700,1.30533,0.060,0.197,14.788,0,0,0
0.027720,1.30627,0.017,0.172,14.710,0,0,0
0.027740,1.30722,0.082,0.150,14.616,0,0,0
0.027760,1.30816,0.037,0.129,14.535,0,0,0
0.027780,1.30910,0.080,0.276,14.497,0,0,0
0.027800,1.31004,0.046,0.184,14.293,0,0,0
0.027820,1.31099,0.032,0.147,14.173,0,0,0
0.027840,1.31193,0.056,0.143,14.431,0,0,540
0.027860,1.31287,-0.022,0.157,15.124,0,0,540
0.027880,1.31381,0.092,0.136,15.756,0,0,540
0.027900,1.31476,0.009,0.117,16.077,0,0,0
0.027920,1.31570,0.076,0.115,15.807,0,0,0
0.027940,1.31664,0.077,0.098,15.713,0,0,0
0.027960,1.31758,0.042,0.163,15.659,0,0,0
0.027980,1.31853,0.105,0.215,15.514,0,0,0
0.028000,1.31947,0.150,0.084,15.417,0,0,0
0.028020,1.32041,0.140,0.084,15.297,0,0,0
0.028040,1.32135,-0.002,0.093,15.155,0,0,0
0.028060,1.32230,0.104,0.163,15.066,0,0,0
0.028080,1.32324,0.065,0.235,14.980,0,0,0
0.028100,1.32418,0.098,0.241,14.851,0,0,0
0.028120,1.32512,0.071,0.123,14.692,0,0,0
0.028140,1.32607,0.026,0.026,14.602,0,0,0
0.028160,1.32701,-0.003,0.171,14.508,0,0,0
0.028180,1.32795,0.064,0.046,14.369,0,0,0
0.028200,1.32889,0.081,0.149,14.204,0,0,0
0.028220,1.32984,0.212,0.202,14.433,0,0,540
0.028240,1.33078,0.122,0.243,14.968,0,0,540
0.028260,1.33172,0.078,0.107,15.644,0,0,540
0.028280,1.33266,0.098,0.146,15.893,0,0,0
0.028300,1.33361,0.140,0.170,15.785,0,0,0
0.028320,1.33455,0.123,0.148,15.606,0,0,0
0.028340,1.33549,0.073,0.131,15.490,0,0,0
0.028360,1.33643,0.035,0.202,15.376,0,0,0
0.028380,1.33738,0.119,0.110,15.180,0,0,0
0.028400,1.33832,0.022,0.206,15.111,0,0,0
0.028420,1.33926,0.017,0.186,14.934,0,0,0
0.028440,1.34020,0.087,0.157,14.923,0,0,0
0.028460,1.34115,0.110,0.111,14.672,0,0,0
0.028480,1.34209,0.073,0.176,14.678,0,0,0
0.028500,1.34303,0.043,0.063,14.367,0,0,0
0.028520,1.34397,0.058,0.235,14.362,0,0,0
0.028540,1.34492,0.050,0.082,14.209,0,0,0
0.028560,1.34586,0.144,0.128,14.440,0,0,540
0.028580,1.34680,0.062,0.146,14.890,0,0,540
0.028600,1.34774,0.019,0.068,15.466,0,0,540
0.028620,1.34869,0.078,0.100,15.978,0,0,540
0.028640,1.34963,0.139,0.224,15.805,0,0,0
0.028660,1.35057,0.178,0.200,15.575,0,0,0
0.028680,1.35151,0.157,0.131,15.541,0,0,0
0.028700,1.35246,0.105,0.255,15.360,0,0,0
0.028720,1.35340,0.164,0.121,15.117,0,0,0
0.028740,1.35434,0.144,0.178,15.161,0,0,0
0.028760,1.35528,-0.015,0.148,15.008,0,0,0
0.028780,1.35623,0.061,0.089,14.841,0,0,0
0.028800,1.35717,0.046,0.257,14.693,0,0,0
0.028820,1.35811,0.042,0.084,14.485,0,0,0
0.028840,1.35905,0.050,0.175,14.446,0,0,0
0.028860,1.36000,0.132,0.115,14.322,0,0,0
0.028880,1.36094,0.069,0.172,14.221,0,0,0
0.028900,1.36188,0.065,0.170,14.687,0,0,540
0.028920,1.36282,0.126,0.168,15.099,0,0,540
0.028940,1.36377,0.119,0.050,15.635,0,0,540
0.028960,1.36471,0.023,0.145,15.788,0,0,0
0.028980,1.36565,0.033,0.170,15.580,0,0,0
0.029000,1.36659,0.093,0.091,15.494,0,0,0
0.029020,1.36754,0.054,0.152,15.298,0,0,0
0.029040,1.36848,0.052,0.101,15.160,0,0,0
0.029060,1.36942,0.075,0.149,15.010,0,0,0
0.029080,1.37036,0.107,0.200,14.777,0,0,0
0.029100,1.37131,0.141,0.218,14.763,0,0,0
0.029120,1.37225,0.144,0.245,14.626,0,0,0
0.029140,1.37319,0.102,0.036,14.464,0,0,0
0.029160,1.37413,0.154,0.154,14.311,0,0,0
0.029180,1.37508,0.088,0.150,14.819,0,0,540
0.029200,1.37602,0.066,0.113,15.231,0,0,540
0.029220,1.37696,-0.007,0.174,15.602,0,0,540
0.029240,1.37790,0.039,0.059,15.982,0,0,540
0.029260,1.37885,0.081,0.134,15.840,0,0,0
0.029280,1.37979,0.047,0.203,15.700,0,0,0
0.029300,1.38073,0.083,0.247,15.491,0,0,0
0.029320,1.38167,0.023,0.153,15.425,0,0,0
0.029340,1.38261,0.036,0.113,15.269,0,0,0
0.029360,1.38356,0.020,0.190,15.090,0,0,0
0.029380,1.38450,0.180,0.108,14.958,0,0,0
0.029400,1.38544,0.095,0.262,14.875,0,0,0
0.029420,1.38638,0.017,0.149,14.754,0,0,0
0.029440,1.38733,0.038,0.133,14.489,0,0,0
0.029460,1.38827,0.095,0.139,14.391,0,0,0
0.029480,1.38921,0.154,0.120,14.255,0,0,0
0.029500,1.39015,0.070,0.184,14.001,0,0,0
0.029520,1.39110,0.087,0.190,14.347,0,0,540
0.029540,1.39204,0.081,0.157,14.894,0,0,540
0.029560,1.39298,0.096,0.028,15.199,0,0,540
0.029580,1.39392,0.068,0.147,15.589,0,0,540
0.029600,1.39487,0.125,0.159,15.811,0,0,0
0.029620,1.39581,0.111,0.158,15.635,0,0,0
0.029640,1.39675,0.166,0.131,15.447,0,0,0
0.029660,1.39769,0.046,0.168,15.283,0,0,0
0.029680,1.39864,0.074,0.161,15.090,0,0,0
0.029700,1.39958,-0.016,0.041,15.022,0,0,0
0.029720,1.40052,0.075,0.129,14.900,0,0,0
0.029740,1.40146,0.112,0.207,14.717,0,0,0
0.029760,1.40241,0.065,0.115,14.573,0,0,0
0.029780,1.40335,0.037,0.022,14.496,0,0,0
0.029800,1.40429,0.050,0.139,14.234,0,0,0
0.029820,1.40523,-0.017,0.090,14.349,0,0,540
0.029840,1.40618,0.022,0.154,14.664,0,0,540
0.029860,1.40712,0.073,0.127,15.036,0,0,540
0.029880,1.40806,0.084,0.163,15.360,0,0,540
0.029900,1.40900,0.187,0.123,15.814,0,0,540
0.029920,1.40995,0.081,0.133,15.655,0,0,0
0.029940,1.41089,-0.046,0.271,15.622,0,0,0
0.029960,1.41183,0.084,0.156,15.304,0,0,0
0.029980,1.41277,0.074,0.224,15.221,0,0,0
0.030000,1.41372,0.063,0.105,15.030,0,0,0
0.030020,1.41466,0.072,0.116,14.904,0,0,0
0.030040,1.41560,0.161,0.127,14.732,0,0,0
0.030060,1.41654,-0.011,0.105,14.606,0,0,0
0.030080,1.41749,0.074,0.205,14.466,0,0,0
0.030100,1.41843,0.097,0.195,14.240,0,0,0
0.030120,1.41937,0.037,0.146,14.260,0,0,0
0.030140,1.42031,0.127,0.174,14.551,0,0,540
0.030160,1.42126,0.011,0.161,14.891,0,0,540
0.030180,1.42220,0.064,0.188,15.076,0,0,540
0.030200,1.42314,0.028,0.261,15.518,0,0,540
0.030220,1.42408,0.027,0.107,15.833,0,0,540
0.030240,1.42503,0.112,0.143,15.709,0,0,0
0.030260,1.42597,0.072,0.210,15.600,0,0,0
0.030280,1.42691,0.096,0.152,15.341,0,0,0
0.030300,1.42785,0.060,0.203,15.250,0,0,0
0.030320,1.42880,0.033,0.068,15.025,0,0,0
0.030340,1.42974,0.083,0.068,14.892,0,0,0
0.030360,1.43068,0.072,0.064,14.808,0,0,0
0.030380,1.43162,0.101,0.168,14.697,0,0,0
0.030400,1.43257,0.052,0.130,14.498,0,0,0
0.030420,1.43351,0.089,0.241,14.386,0,0,0
0.030440,1.43445,0.164,0.133,14.321,0,0,0
0.030460,1.43539,0.106,0.063,14.141,0,0,0
0.030480,1.43634,0.109,0.141,14.366,0,0,540
0.030500,1.43728,0.071,0.106,14.798,0,0,540
0.030520,1.43822,0.149,0.062,15.012,0,0,540
0.030540,1.43916,0.049,0.107,15.352,0,0,540
0.030560,1.44011,0.072,0.083,15.695,0,0,540
0.030580,1.44105,0.090,0.130,15.698,0,0,0
0.030600,1.44199,0.128,0.129,15.555,0,0,0
0.030620,1.44293,0.082,0.090,15.476,0,0,0
0.030640,1.44388,0.021,0.184,15.374,0,0,0
0.030660,1.44482,0.036,0.071,15.203,0,0,0
0.030680,1.44576,-0.015,0.148,15.077,0,0,0
0.030700,1.44670,0.069,0.046,14.944,0,0,0
0.030720,1.44765,0.036,0.189,14.786,0,0,0
0.030740,1.44859,0.061,0.180,14.602,0,0,0
0.030760,1.44953,-0.016,0.273,14.474,0,0,0
0.030780,1.45047,0.019,0.168,14.324,0,0,0
0.030800,1.45142,0.109,0.141,14.254,0,0,0
0.030820,1.45236,-0.018,0.155,14.472,0,0,540
0.030840,1.45330,-0.027,0.165,14.825,0,0,540
0.030860,1.45424,0.110,0.193,15.078,0,0,540
0.030880,1.45519,0.066,0.194,15.329,0,0,540
0.030900,1.45613,0.108,0.140,15.715,0,0,540
0.030920,1.45707,0.154,0.138,15.810,0,0,0
0.030940,1.45801,0.009,0.090,15.635,0,0,0
0.030960,1.45896,0.141,0.189,15.460,0,0,0
0.030980,1.45990,0.119,0.077,15.374,0,0,0
0.031000,1.46084,0.062,0.112,15.299,0,0,0
0.031020,1.46178,0.071,0.105,15.093,0,0,0
0.031040,1.46273,0.097,0.208,14.947,0,0,0
0.031060,1.46367,0.107,0.090,14.864,0,0,0
0.031080,1.46461,0.012,0.209,14.773,0,0,0
0.031100,1.46555,0.086,0.233,14.614,0,0,0
0.031120,1.46650,0.126,0.118,14.534,0,0,0
0.031140,1.46744,0.018,0.116,14.432,0,0,0
0.031160,1.46838,0.135,0.145,14.335,0,0,0
0.031180,1.46932,0.061,0.098,14.196,0,0,0
0.031200,1.47027,0.110,0.102,14.298,0,0,540
0.031220,1.47121,0.134,0.190,14.566,0,0,540
0.031240,1.47215,0.121,0.123,14.745,0,0,540
0.031260,1.47309,0.133,0.199,14.999,0,0,540
0.031280,1.47404,0.093,0.119,15.352,0,0,540
0.031300,1.47498,0.027,0.149,15.635,0,0,540
0.031320,1.47592,0.003,0.175,16.032,0,0,540
0.031340,1.47686,0.061,0.110,15.801,0,0,0
0.031360,1.47781,0.014,0.218,15.701,0,0,0
0.031380,1.47875,0.045,0.072,15.621,0,0,0
0.031400,1.47969,-0.026,0.158,15.462,0,0,0
0.031420,1.48063,0.087,0.094,15.362,0,0,0
0.031440,1.48158,0.043,0.129,15.244,0,0,0
0.031460,1.48252,0.038,0.143,15.119,0,0,0
0.031480,1.48346,0.065,0.159,15.134,0,0,0
0.031500,1.48440,0.087,0.188,14.901,0,0,0
0.031520,1.48535,0.002,0.202,14.778,0,0,0
0.031540,1.48629,0.095,0.174,14.669,0,0,0
0.031560,1.48723,0.114,0.165,14.646,0,0,0
0.031580,1.48817,0.059,0.121,14.452,0,0,0
0.031600,1.48911,0.076,0.136,14.387,0,0,0
0.031620,1.49006,0.094,0.168,14.324,0,0,0
0.031640,1.49100,0.058,0.185,14.143,0,0,0
0.031660,1.49194,0.105,0.103,14.460,0,0,540
0.031680,1.49288,-0.029,0.216,14.617,0,0,540
0.031700,1.49383,0.005,0.145,14.984,0,0,540
0.031720,1.49477,0.021,0.201,15.348,0,0,540
0.031740,1.49571,0.094,0.169,15.446,0,0,540
0.031760,1.49665,0.095,0.216,15.762,0,0,540
0.031780,1.49760,0.032,0.169,15.577,0,0,0
0.031800,1.49854,0.001,0.174,15.653,0,0,0
0.031820,1.49948,0.037,0.118,15.426,0,0,0
0.031840,1.50042,-0.027,0.161,15.389,0,0,0
0.031860,1.50137,0.069,0.115,15.256,0,0,0
0.031880,1.50231,0.084,0.010,15.247,0,0,0
0.031900,1.50325,-0.014,0.160,15.129,0,0,0
0.031920,1.50419,-0.015,0.123,15.003,0,0,0
0.031940,1.50514,0.096,0.172,14.849,0,0,0
0.031960,1.50608,0.073,0.107,14.787,0,0,0
0.031980,1.50702,0.058,0.183,14.800,0,0,0
0.032000,1.50796,-0.027,0.154,14.603,0,0,0
0.032020,1.50891,0.035,0.053,14.654,0,0,0
0.032040,1.50985,0.057,0.244,14.495,0,0,0
0.032060,1.51079,0.048,0.243,14.470,0,0,0
0.032080,1.51173,0.043,0.245,14.315,0,0,0
0.032100,1.51268,-0.004,0.114,14.196,0,0,0
0.032120,1.51362,-0.021,0.075,14.209,0,0,0
0.032140,1.51456,0.040,0.131,14.325,0,0,540
0.032160,1.51550,0.108,0.188,14.514,0,0,540
0.032180,1.51645,-0.045,0.180,14.742,0,0,540
0.032200,1.51739,0.090,0.232,15.127,0,0,540
0.032220,1.51833,-0.080,0.097,15.327,0,0,540
0.032240,1.51927,-0.018,0.240,15.615,0,0,540
0.032260,1.52022,0.106,0.204,15.882,0,0,540
0.032280,1.52116,0.053,0.154,15.780,0,0,0
0.032300,1.52210,0.045,0.212,15.783,0,0,0
0.032320,1.52304,0.020,0.182,15.569,0,0,0
0.032340,1.52399,-0.016,0.212,15.563,0,0,0
0.032360,1.52493,-0.009,0.110,15.491,0,0,0
0.032380,1.52587,0.010,0.100,15.485,0,0,0
0.032400,1.52681,0.025,0.163,15.349,0,0,0
0.032420,1.52776,0.067,0.105,15.323,0,0,0
0.032440,1.52870,0.037,0.202,15.211,0,0,0
0.032460,1.52964,0.044,0.199,15.183,0,0,0
0.032480,1.53058,0.059,0.057,15.005,0,0,0
0.032500,1.53153,0.047,0.190,15.046,0,0,0
0.032520,1.53247,0.000,0.086,14.917,0,0,0
0.032540,1.53341,0.026,0.122,14.878,0,0,0
0.032560,1.53435,0.111,0.133,14.687,0,0,0
0.032580,1.53530,0.003,0.142,14.745,0,0,0
0.032600,1.53624,0.041,0.158,14.736,0,0,0
0.032620,1.53718,0.094,0.175,14.687,0,0,0
0.032640,1.53812,0.057,0.221,14.563,0,0,0
0.032660,1.53907,0.007,0.182,14.498,0,0,0
0.032680,1.54001,0.090,0.109,14.402,0,0,0
0.032700,1.54095,0.055,0.157,14.319,0,0,0
0.032720,1.54189,-0.021,0.201,14.269,0,0,0
0.032740,1.54284,0.032,0.139,14.251,0,0,0
0.032760,1.54378,-0.000,0.168,14.282,0,0,540
0.032780,1.54472,0.017,0.108,14.537,0,0,540
0.032800,1.54566,0.025,0.165,14.851,0,0,540
0.032820,1.54661,0.015,0.033,15.114,0,0,540
0.032840,1.54755,0.019,0.118,15.408,0,0,540
0.032860,1.54849,-0.003,0.094,15.666,0,0,540
0.032880,1.54943,0.088,0.242,15.913,0,0,540
0.032900,1.55038,0.071,0.198,15.858,0,0,0
0.032920,1.55132,-0.012,0.135,15.761,0,0,0
0.032940,1.55226,-0.005,0.136,15.682,0,0,0
0.032960,1.55320,-0.007,0.203,15.723,0,0,0
0.032980,1.55415,0.033,0.126,15.629,0,0,0
0.033000,1.55509,0.071,0.150,15.630,0,0,0
0.033020,1.55603,0.099,0.046,15.558,0,0,0
0.033040,1.55697,-0.086,0.162,15.539,0,0,0
0.033060,1.55792,-0.110,0.115,15.362,0,0,0
0.033080,1.55886,0.110,0.131,15.385,0,0,0
0.033100,1.55980,-0.026,0.079,15.447,0,0,0
0.033120,1.56074,0.069,0.107,15.210,0,0,0
0.033140,1.56169,-0.038,0.120,15.233,0,0,0
0.033160,1.56263,0.034,0.155,15.250,0,0,0
0.033180,1.56357,0.023,0.192,15.149,0,0,0
0.033200,1.56451,0.008,0.264,15.128,0,0,0
0.033220,1.56546,0.077,0.134,14.990,0,0,0
0.033240,1.56640,0.076,0.134,15.135,0,0,0
0.033260,1.56734,0.024,0.054,14.962,0,0,0
0.033280,1.56828,0.101,0.189,14.925,0,0,0
0.033300,1.56923,0.082,0.114,14.916,0,0,0
0.033320,1.57017,0.132,0.203,14.821,0,0,0
0.033340,1.57111,0.128,0.125,14.695,0,0,0
0.033360,1.57205,0.068,0.239,14.715,0,0,0
0.033380,1.57300,0.106,0.124,14.641,0,0,0
0.033400,1.57394,0.156,0.130,14.682,0,0,0
0.033420,1.57488,-0.015,0.076,14.611,0,0,0
0.033440,1.57582,0.093,0.132,14.703,0,0,0
0.033460,1.57677,-0.053,0.178,14.553,0,0,0
0.033480,1.57771,0.037,0.152,14.384,0,0,0
0.033500,1.57865,-0.062,0.172,14.451,0,0,0
0.033520,1.57959,-0.036,0.103,14.439,0,0,0
0.033540,1.58054,-0.046,0.095,14.360,0,0,0
0.033560,1.58148,0.066,0.130,14.405,0,0,0
0.033580,1.58242,-0.035,0.051,14.260,0,0,0
0.033600,1.58336,0.020,0.231,14.256,0,0,0
0.033620,1.58431,0.068,0.141,14.199,0,0,0
0.033640,1.58525,0.118,0.169,14.243,0,0,0
0.033660,1.58619,-0.065,0.136,14.521,0,0,540
0.033680,1.58713,0.031,0.228,14.677,0,0,540
0.033700,1.58808,0.110,0.227,14.967,0,0,540
0.033720,1.58902,-0.018,0.172,15.282,0,0,540
0.033740,1.58996,-0.056,0.209,15.596,0,0,540
0.033760,1.59090,0.039,0.305,15.795,0,0,540
0.033780,1.59184,0.010,0.147,16.052,0,0,0
0.033800,1.59279,0.048,0.202,15.901,0,0,0
0.033820,1.59373,0.033,0.130,16.017,0,0,0
0.033840,1.59467,0.002,0.154,15.835,0,0,0
0.033860,1.59561,-0.013,0.101,15.705,0,0,0
0.033880,1.59656,0.056,0.118,15.763,0,0,0
0.033900,1.59750,-0.044,0.116,15.731,0,0,0
0.033920,1.59844,0.051,0.207,15.749,0,0,0
0.033940,1.59938,-0.075,0.179,15.766,0,0,0
0.033960,1.60033,-0.037,0.137,15.637,0,0,0
0.033980,1.60127,0.013,0.169,15.580,0,0,0
0.034000,1.60221,0.005,0.223,15.591,0,0,0
0.034020,1.60315,0.025,0.176,15.588,0,0,0
0.034040,1.60410,0.022,0.195,15.526,0,0,0
0.034060,1.60504,0.036,0.173,15.436,0,0,0
0.034080,1.60598,-0.002,0.123,15.513,0,0,0
0.034100,1.60692,0.118,0.189,15.534,0,0,0
0.034120,1.60787,0.120,0.185,15.424,0,0,0
0.034140,1.60881,0.115,0.192,15.385,0,0,0
0.034160,1.60975,0.038,0.156,15.305,0,0,0
0.034180,1.61069,0.062,0.135,15.358,0,0,0
0.034200,1.61164,0.023,0.196,15.333,0,0,0
0.034220,1.61258,0.040,0.221,15.203,0,0,0
0.034240,1.61352,0.028,0.113,15.269,0,0,0
0.034260,1.61446,0.380,0.178,15.200,540,0,0
0.034280,1.61541,1.344,0.283,15.154,540,0,0
0.034300,1.61635,2.158,0.135,15.227,540,0,0
0.034320,1.61729,3.111,0.149,15.135,540,0,0
0.034340,1.61823,4.115,0.222,15.195,540,0,0
0.034360,1.61918,4.956,0.206,15.118,540,0,0
0.034380,1.62012,5.723,0.260,15.086,540,0,0
0.034400,1.62106,6.617,0.219,15.079,540,0,0
0.034420,1.62200,7.528,0.129,15.007,540,0,0
0.034440,1.62295,8.318,0.239,15.061,540,0,0
0.034460,1.62389,9.210,0.153,14.950,540,0,0
0.034480,1.62483,10.135,0.152,14.919,540,0,0
0.034500,1.62577,10.975,0.114,14.830,540,0,0
0.034520,1.62672,11.707,0.180,14.875,540,0,0
0.034540,1.62766,12.569,0.198,14.847,540,0,0
0.034560,1.62860,13.352,0.219,14.867,540,0,0
0.034580,1.62954,14.151,0.141,14.857,540,0,0
0.034600,1.63049,14.986,0.240,14.829,540,0,0
0.034620,1.63143,15.771,0.193,14.748,540,0,0
0.034640,1.63237,16.122,0.116,14.794,0,0,0
0.034660,1.63331,15.998,0.116,14.814,0,0,0
0.034680,1.63426,15.929,0.212,14.777,0,0,0
0.034700,1.63520,15.865,0.193,14.692,0,0,0
0.034720,1.63614,15.755,0.232,14.753,0,0,0
0.034740,1.63708,15.660,0.161,14.712,0,0,0
0.034760,1.63803,15.631,0.119,14.726,0,0,0
0.034780,1.63897,15.523,0.075,14.556,0,0,0
0.034800,1.63991,15.344,0.195,14.614,0,0,0
0.034820,1.64085,15.282,0.253,14.683,0,0,0
0.034840,1.64180,15.177,0.181,14.652,0,0,0
0.034860,1.64274,15.212,0.111,14.574,0,0,0
0.034880,1.64368,14.979,0.273,14.641,0,0,0
0.034900,1.64462,14.983,0.232,14.481,0,0,0
0.034920,1.64557,14.748,0.174,14.497,0,0,0
0.034940,1.64651,14.758,0.180,14.466,0,0,0
0.034960,1.64745,14.656,0.194,14.426,0,0,0
0.034980,1.64839,14.508,0.117,14.470,0,0,0
0.035000,1.64934,14.454,0.252,14.586,0,0,0
0.035020,1.65028,14.408,0.120,14.390,0,0,0
0.035040,1.65122,14.315,0.185,14.413,0,0,0
0.035060,1.65216,14.173,0.219,14.409,0,0,0
0.035080,1.65311,15.008,0.167,14.395,540,0,0
0.035100,1.65405,15.743,0.231,14.452,540,0,0
0.035120,1.65499,16.132,0.257,14.341,0,0,0
0.035140,1.65593,16.109,0.176,14.330,0,0,0
0.035160,1.65688,15.915,0.182,14.409,0,0,0
0.035180,1.65782,15.834,0.148,14.327,0,0,0
0.035200,1.65876,15.803,0.198,14.294,0,0,0
0.035220,1.65970,15.674,0.167,14.404,0,0,0
0.035240,1.66065,15.545,0.134,14.291,0,0,0
0.035260,1.66159,15.488,0.209,14.223,0,0,0
0.035280,1.66253,15.399,0.122,14.319,0,0,0
0.035300,1.66347,15.263,0.178,14.222,0,0,0
0.035320,1.66442,15.181,0.051,14.208,0,0,0
0.035340,1.66536,15.050,0.135,14.256,0,0,0
0.035360,1.66630,14.985,0.103,14.254,0,0,0
0.035380,1.66724,14.873,0.222,14.389,0,0,540
0.035400,1.66819,14.804,0.129,14.596,0,0,540
0.035420,1.66913,14.655,0.199,14.926,0,0,540
0.035440,1.67007,14.683,0.147,15.251,0,0,540
0.035460,1.67101,14.486,0.097,15.474,0,0,540
0.035480,1.67196,14.403,0.173,15.777,0,0,540
0.035500,1.67290,14.429,0.081,15.789,0,0,0
0.035520,1.67384,14.330,0.118,15.739,0,0,0
0.035540,1.67478,14.657,0.033,15.745,540,0,0
0.035560,1.67573,15.293,0.120,15.708,540,0,0
0.035580,1.67667,16.180,0.129,15.710,540,0,0
0.035600,1.67761,16.112,0.144,15.777,0,0,0
0.035620,1.67855,15.997,0.143,15.661,0,0,0
0.035640,1.67950,15.950,0.110,15.733,0,0,0
0.035660,1.68044,15.880,0.234,15.691,0,0,0
0.035680,1.68138,15.766,0.159,15.561,0,0,0
0.035700,1.68232,15.555,0.076,15.646,0,0,0
0.035720,1.68327,15.573,0.092,15.701,0,0,0
0.035740,1.68421,15.481,0.089,15.676,0,0,0
0.035760,1.68515,15.359,0.139,15.644,0,0,0
0.035780,1.68609,15.173,0.254,15.672,0,0,0
0.035800,1.68704,15.106,0.206,15.612,0,0,0
0.035820,1.68798,15.064,0.194,15.558,0,0,0
0.035840,1.68892,14.920,0.211,15.599,0,0,0
0.035860,1.68986,14.804,0.157,15.534,0,0,0
0.035880,1.69081,14.735,0.150,15.557,0,0,0
0.035900,1.69175,14.702,0.233,15.553,0,0,0
0.035920,1.69269,14.559,0.219,15.565,0,0,0
0.035940,1.69363,14.435,0.109,15.529,0,0,0
0.035960,1.69458,14.297,0.159,15.489,0,0,0
0.035980,1.69552,14.339,0.238,15.461,0,0,0
0.036000,1.69646,14.205,0.159,15.543,0,0,0
0.036020,1.69740,14.973,0.107,15.494,540,0,0
0.036040,1.69834,15.667,0.184,15.483,540,0,0
0.036060,1.69929,15.711,0.233,15.441,0,0,0
0.036080,1.70023,15.605,0.205,15.356,0,0,0
0.036100,1.70117,15.406,0.067,15.603,0,0,0
0.036120,1.70211,15.305,0.248,15.288,0,0,-540
0.036140,1.70306,15.223,0.122,14.997,0,0,-540
0.036160,1.70400,15.075,0.220,14.675,0,0,-540
0.036180,1.70494,15.036,0.145,14.452,0,0,-540
0.036200,1.70588,14.822,0.128,14.088,0,0,-540
0.036220,1.70683,14.874,0.192,13.863,0,0,-540
0.036240,1.70777,14.742,0.197,13.587,0,0,-540
0.036260,1.70871,14.641,0.254,13.203,0,0,-540
0.036280,1.70965,14.478,0.226,13.063,0,0,-540
0.036300,1.71060,14.447,0.289,12.755,0,0,-540
0.036320,1.71154,14.437,0.229,12.500,0,0,-540
0.036340,1.71248,14.248,0.084,12.237,0,0,-540
0.036360,1.71342,14.487,0.182,12.037,540,0,-540
0.036380,1.71437,15.430,0.215,11.778,540,0,-540
0.036400,1.71531,16.127,0.266,11.509,540,0,-540
0.036420,1.71625,16.019,0.192,11.287,0,0,-540
0.036440,1.71719,15.950,0.226,11.106,0,0,-540
0.036460,1.71814,15.765,0.253,10.879,0,0,-540
0.036480,1.71908,15.766,0.154,10.629,0,0,-540
0.036500,1.72002,15.551,0.254,10.381,0,0,-540
0.036520,1.72096,15.515,0.211,10.216,0,0,-540
0.036540,1.72191,15.294,0.216,9.974,0,0,-540
0.036560,1.72285,15.328,0.155,9.820,0,0,-540
0.036580,1.72379,15.093,0.221,9.464,0,0,-540
0.036600,1.72473,15.067,0.151,9.327,0,0,-540
0.036620,1.72568,14.968,0.104,9.081,0,0,-540
0.036640,1.72662,14.767,0.211,8.968,0,0,-540
0.036660,1.72756,14.774,0.274,8.741,0,0,-540
0.036680,1.72850,14.529,0.230,8.661,0,0,-540
0.036700,1.72945,14.524,0.229,8.354,0,0,-540
0.036720,1.73039,14.400,0.240,8.244,0,0,-540
0.036740,1.73133,14.369,0.184,7.983,0,0,-540
0.036760,1.73227,14.265,0.248,7.836,0,0,-540
0.036780,1.73322,14.030,0.197,7.647,0,0,-540
0.036800,1.73416,14.966,0.244,7.547,540,0,-540
0.036820,1.73510,15.638,0.248,7.359,540,0,-540
0.036840,1.73604,15.949,0.193,7.172,0,0,-540
0.036860,1.73699,15.887,0.259,6.960,0,0,-540
0.036880,1.73793,15.846,0.211,6.876,0,0,-540
0.036900,1.73887,15.587,0.116,6.666,0,0,-540
0.036920,1.73981,15.514,0.182,6.507,0,0,-540
0.036940,1.74076,15.415,0.162,6.369,0,0,-540
0.036960,1.74170,15.207,0.117,6.181,0,0,-540
0.036980,1.74264,15.094,0.288,6.162,0,0,-540
0.037000,1.74358,15.111,0.229,5.928,0,0,-540
0.037020,1.74453,14.956,0.198,5.722,0,0,-540
0.037040,1.74547,14.816,0.197,5.620,0,0,-540
0.037060,1.74641,14.704,0.290,5.445,0,0,-540
0.037080,1.74735,14.556,0.144,5.399,0,-540,-540
0.037100,1.74830,14.394,0.102,5.160,0,0,-540
0.037120,1.74924,14.394,0.162,5.034,0,0,-540
0.037140,1.75018,14.198,0.090,4.850,0,0,-540
0.037160,1.75112,14.578,0.048,4.662,540,0,-540
0.037180,1.75207,15.348,0.017,4.689,540,0,-540
0.037200,1.75301,16.085,0.134,4.581,540,0,-540
0.037220,1.75395,15.951,0.157,4.415,0,0,-540
0.037240,1.75489,15.837,0.187,4.230,0,0,-540
0.037260,1.75584,15.693,0.096,4.066,0,0,-540
0.037280,1.75678,15.627,0.162,3.949,0,0,-540
0.037300,1.75772,15.470,0.068,3.879,0,0,-540
0.037320,1.75866,15.268,0.132,3.687,0,0,-540
0.037340,1.75961,15.253,0.201,3.641,0,0,-540
0.037360,1.76055,15.207,0.171,3.431,0,0,-540
0.037380,1.76149,15.016,0.144,3.424,0,0,-540
0.037400,1.76243,14.904,0.153,3.249,0,0,-540
0.037420,1.76338,14.784,0.160,3.109,0,0,-540
0.037440,1.76432,14.553,0.181,3.025,0,0,-540
0.037460,1.76526,14.428,0.128,2.856,0,0,-540
0.037480,1.76620,14.434,0.098,2.815,0,0,-540
0.037500,1.76715,14.266,0.209,2.697,0,0,-540
0.037520,1.76809,14.581,0.139,2.555,540,0,-540
0.037540,1.76903,15.338,0.168,2.404,540,0,-540
0.037560,1.76997,15.950,0.031,2.285,540,0,-540
0.037580,1.77092,15.794,0.186,2.139,0,0,-540
0.037600,1.77186,15.762,0.209,2.099,0,0,-540
0.037620,1.77280,15.676,0.203,1.946,0,0,-540
0.037640,1.77374,15.513,0.121,1.923,0,0,-540
0.037660,1.77469,15.332,0.131,1.697,0,0,-540
0.037680,1.77563,15.250,0.096,1.542,0,0,-540
0.037700,1.77657,15.004,0.150,1.602,0,0,-540
0.037720,1.77751,14.938,0.192,1.433,0,0,-540
0.037740,1.77846,14.853,0.178,1.371,0,0,-540
0.037760,1.77940,14.737,0.286,1.275,0,0,-540
0.037780,1.78034,14.502,0.171,1.080,0,0,-540
0.037800,1.78128,14.471,0.196,0.987,0,0,-540
0.037820,1.78223,14.267,0.163,0.932,0,0,-540
0.037840,1.78317,14.090,0.079,0.916,0,0,-540
0.037860,1.78411,14.801,0.206,0.822,540,0,-540
0.037880,1.78505,15.574,0.192,0.705,540,0,-540
0.037900,1.78600,15.809,0.146,0.509,0,0,-540
0.037920,1.78694,15.726,0.248,0.434,0,0,-540
0.037940,1.78788,15.579,0.205,0.438,0,0,-540
0.037960,1.78882,15.470,0.090,0.330,0,0,0
0.037980,1.78977,15.321,0.131,0.314,0,0,-540
0.038000,1.79071,15.275,0.188,0.252,0,0,0
0.038020,1.79165,14.971,0.192,0.192,0,0,-540
0.038040,1.79259,14.898,0.208,0.156,0,0,0
0.038060,1.79354,14.717,0.140,0.258,0,0,0
0.038080,1.79448,14.539,0.170,0.314,0,0,0
0.038100,1.79542,14.441,0.241,0.232,0,0,0
0.038120,1.79636,14.205,0.053,0.304,0,0,0
0.038140,1.79731,14.095,0.082,0.154,0,0,0
0.038160,1.79825,14.905,0.243,0.281,540,0,0
0.038180,1.79919,15.531,0.213,0.265,540,0,0
0.038200,1.80013,15.743,0.181,0.115,0,0,0
0.038220,1.80108,15.614,0.181,0.155,0,0,0
0.038240,1.80202,15.550,0.195,0.206,0,0,0
0.038260,1.80296,15.259,0.215,0.182,0,0,0
0.038280,1.80390,15.140,-0.053,0.176,0,-540,0
0.038300,1.80484,15.043,0.038,0.219,0,0,0
0.038320,1.80579,14.843,0.012,0.210,0,0,0
0.038340,1.80673,14.822,0.027,0.152,0,0,0
0.038360,1.80767,14.520,-0.015,0.159,0,0,0
0.038380,1.80861,14.349,-0.006,0.146,0,0,0
0.038400,1.80956,14.237,-0.010,0.140,0,0,0
0.038420,1.81050,14.937,0.069,0.305,540,0,0
0.038440,1.81144,15.568,0.001,0.216,540,0,0
0.038460,1.81238,15.749,0.083,0.263,0,0,0
0.038480,1.81333,15.714,0.114,0.280,0,0,0
0.038500,1.81427,15.401,0.054,0.110,0,0,0
0.038520,1.81521,15.367,0.003,0.195,0,0,0
0.038540,1.81615,15.160,-0.001,0.258,0,0,0
0.038560,1.81710,15.093,0.021,0.159,0,0,0
0.038580,1.81804,14.799,0.029,0.167,0,0,0
0.038600,1.81898,14.765,-0.016,0.184,0,0,0
0.038620,1.81992,14.501,0.046,0.149,0,0,0
0.038640,1.82087,14.441,0.041,0.193,0,0,0
0.038660,1.82181,14.185,0.046,0.167,0,0,0
0.038680,1.82275,14.473,0.080,0.234,540,0,0
0.038700,1.82369,15.073,0.003,0.114,540,0,0
0.038720,1.82464,15.594,0.105,0.189,540,0,0
0.038740,1.82558,15.889,0.020,0.149,0,0,0
0.038760,1.82652,15.782,0.083,0.159,0,0,0
0.038780,1.82746,15.551,-0.039,0.212,0,0,0
0.038800,1.82841,15.263,-0.071,0.117,0,0,0
0.038820,1.82935,15.265,0.099,0.190,0,0,0
0.038840,1.83029,15.068,-0.018,0.108,0,0,0
0.038860,1.83123,14.896,-0.064,0.136,0,0,0
0.038880,1.83218,14.763,0.048,0.146,0,0,0
0.038900,1.83312,14.552,-0.062,0.082,0,0,0
0.038920,1.83406,14.341,-0.086,0.211,0,0,0
0.038940,1.83500,14.295,0.107,0.113,0,0,0
0.038960,1.83595,14.366,0.036,0.234,540,0,0
0.038980,1.83689,15.001,0.016,0.166,540,0,0
0.039000,1.83783,15.639,0.019,0.191,540,0,0
0.039020,1.83877,15.713,-0.071,0.132,0,0,0
0.039040,1.83972,15.608,-0.092,0.134,0,0,0
0.039060,1.84066,15.499,-0.051,0.253,0,0,0
0.039080,1.84160,15.244,0.001,0.103,0,0,0
0.039100,1.84254,15.068,-0.058,0.159,0,0,0
0.039120,1.84349,14.846,-0.027,0.162,0,0,0
0.039140,1.84443,14.730,-0.027,0.194,0,0,0
0.039160,1.84537,14.558,0.041,0.194,0,0,0
0.039180,1.84631,14.477,0.143,0.100,0,0,0
0.039200,1.84726,14.282,0.009,0.121,0,0,0
0.039220,1.84820,14.388,0.138,0.148,540,0,0
0.039240,1.84914,14.973,0.008,0.159,540,0,0
0.039260,1.85008,15.432,-0.024,0.186,540,0,0
0.039280,1.85103,16.069,-0.066,0.188,540,0,0
0.039300,1.85197,15.748,-0.044,0.033,0,0,0
0.039320,1.85291,15.620,-0.043,0.125,0,0,0
0.039340,1.85385,15.437,0.019,0.200,0,0,0
0.039360,1.85480,15.219,0.009,0.051,0,0,0
0.039380,1.85574,15.026,0.004,0.181,0,0,0
0.039400,1.85668,14.959,0.051,0.183,0,0,0
0.039420,1.85762,14.779,0.032,0.098,0,0,0
0.039440,1.85857,14.496,0.043,0.142,0,0,0
0.039460,1.85951,14.244,0.053,0.176,0,0,0
0.039480,1.86045,14.148,0.013,0.178,0,0,0
0.039500,1.86139,14.758,0.065,0.058,540,0,0
0.039520,1.86234,15.135,0.040,0.168,540,0,0
0.039540,1.86328,15.716,-0.013,0.101,540,0,0
0.039560,1.86422,15.752,0.042,0.128,0,0,0
0.039580,1.86516,15.621,-0.070,0.142,0,0,0
0.039600,1.86611,15.505,-0.009,0.082,0,0,0
0.039620,1.86705,15.152,0.140,0.170,0,0,0
0.039640,1.86799,15.034,0.074,0.117,0,0,0
0.039660,1.86893,14.832,0.011,0.128,0,0,0
0.039680,1.86988,14.700,0.035,0.200,0,0,0
0.039700,1.87082,14.429,0.059,0.170,0,0,0
0.039720,1.87176,14.296,-0.082,0.169,0,0,0
0.039740,1.87270,14.508,0.007,0.116,540,0,0
0.039760,1.87365,14.929,0.019,0.116,540,0,0
0.039780,1.87459,15.448,0.036,0.249,540,0,0
0.039800,1.87553,15.741,0.091,0.145,540,0,0
0.039820,1.87647,15.918,0.045,0.149,0,0,0
0.039840,1.87742,15.699,-0.011,0.143,0,0,0
0.039860,1.87836,15.524,0.122,0.180,0,0,0
0.039880,1.87930,15.311,-0.002,0.110,0,0,0
0.039900,1.88024,15.045,0.020,0.157,0,0,0
0.039920,1.88119,14.924,0.041,0.141,0,0,0
0.039940,1.88213,14.728,-0.042,0.169,0,0,0
0.039960,1.88307,14.571,-0.016,0.100,0,0,0
0.039980,1.88401,14.350,-0.066,0.160,0,0,0
0.040000,1.88496,14.254,-0.003,0.195,0,0,0
0.040020,1.88590,14.605,0.019,0.100,540,0,0
0.040040,1.88684,15.048,0.134,0.140,540,0,0
0.040060,1.88778,15.429,-0.048,0.148,540,0,0
0.040080,1.88873,15.894,0.029,0.098,540,0,0
0.040100,1.88967,15.619,0.006,0.071,0,0,0
0.040120,1.89061,15.466,0.067,0.163,0,0,0
0.040140,1.89155,15.243,-0.056,0.160,0,0,0
0.040160,1.89250,15.004,0.018,0.181,0,0,0
0.040180,1.89344,14.831,0.010,0.272,0,0,0
0.040200,1.89438,14.639,-0.013,0.108,0,0,0
0.040220,1.89532,14.543,0.034,0.190,0,0,0
0.040240,1.89627,14.316,0.002,0.083,0,0,0
0.040260,1.89721,14.446,0.004,0.066,540,0,0
0.040280,1.89815,14.853,-0.004,0.105,540,0,0
0.040300,1.89909,15.147,0.025,0.139,540,0,0
0.040320,1.90004,15.538,0.033,0.175,540,0,0
0.040340,1.90098,15.689,-0.027,0.148,0,0,0
0.040360,1.90192,15.405,-0.006,0.136,0,0,0
0.040380,1.90286,15.307,-0.056,0.186,0,0,0
0.040400,1.90381,15.053,-0.007,0.189,0,0,0
0.040420,1.90475,14.819,0.037,0.211,0,0,0
0.040440,1.90569,14.774,0.014,0.140,0,0,0
0.040460,1.90663,14.580,-0.003,0.158,0,0,0
0.040480,1.90758,14.428,-0.016,0.158,0,0,0
0.040500,1.90852,14.424,0.002,0.281,540,0,0
0.040520,1.90946,14.779,0.067,0.198,540,0,0
0.040540,1.91040,15.058,0.054,0.219,540,0,0
0.040560,1.91134,15.460,-0.088,0.212,540,0,0
0.040580,1.91229,15.741,0.102,0.124,540,0,0
0.040600,1.91323,15.635,-0.011,0.127,0,0,0
0.040620,1.91417,15.493,-0.007,0.073,0,0,0
0.040640,1.91511,15.201,0.067,0.022,0,0,0
0.040660,1.91606,15.059,-0.083,0.141,0,0,0
0.040680,1.91700,14.813,-0.046,0.207,0,0,0
0.040700,1.91794,14.672,-0.001,0.154,0,0,0
0.040720,1.91888,14.520,-0.010,0.138,0,0,0
0.040740,1.91983,14.267,-0.012,0.154,0,0,0
0.040760,1.92077,14.430,-0.002,0.197,540,0,0
0.040780,1.92171,14.672,0.037,0.104,540,0,0
0.040800,1.92265,14.960,0.101,0.119,540,0,0
0.040820,1.92360,15.339,-0.017,0.113,540,0,0
0.040840,1.92454,15.592,-0.061,0.104,540,0,0
0.040860,1.92548,15.832,0.047,0.085,0,0,0
0.040880,1.92642,15.475,-0.020,0.155,0,0,0
0.040900,1.92737,15.338,-0.024,0.093,0,0,0
0.040920,1.92831,15.127,0.035,0.152,0,0,0
0.040940,1.92925,15.022,-0.003,0.210,0,0,0
0.040960,1.93019,14.684,-0.068,0.121,0,0,0
0.040980,1.93114,14.528,0.044,0.250,0,0,0
0.041000,1.93208,14.359,0.009,0.106,0,0,0
0.041020,1.93302,14.257,0.073,0.135,0,0,0
0.041040,1.93396,14.115,0.003,0.194,540,0,0
0.041060,1.93491,14.464,-0.019,0.154,540,0,0
0.041080,1.93585,14.851,0.071,0.140,540,0,0
0.041100,1.93679,15.090,0.018,0.141,540,0,0
0.041120,1.93773,15.533,0.004,0.181,540,0,0
0.041140,1.93868,15.828,0.038,0.092,540,0,0
0.041160,1.93962,15.821,-0.020,0.224,0,0,0
0.041180,1.94056,15.645,0.021,0.142,0,0,0
0.041200,1.94150,15.429,-0.022,0.187,0,0,0
0.041220,1.94245,15.266,0.042,0.132,0,0,0
0.041240,1.94339,15.040,-0.039,0.255,0,0,0
0.041260,1.94433,14.831,0.105,0.125,0,0,0
0.041280,1.94527,14.736,-0.005,0.196,0,0,0
0.041300,1.94622,14.512,0.011,0.173,0,0,0
0.041320,1.94716,14.239,0.179,0.183,0,0,0
0.041340,1.94810,14.197,0.117,0.069,0,0,0
0.041360,1.94904,14.455,0.028,0.144,540,0,0
0.041380,1.94999,14.709,-0.002,0.084,540,0,0
0.041400,1.95093,14.952,-0.053,0.239,540,0,0
0.041420,1.95187,15.282,-0.051,0.100,540,0,0
0.041440,1.95281,15.574,-0.066,0.088,540,0,0
0.041460,1.95376,15.838,0.033,0.097,540,0,0
0.041480,1.95470,15.850,-0.048,0.197,0,0,0
0.041500,1.95564,15.702,-0.006,0.152,0,0,0
0.041520,1.95658,15.496,0.032,0.093,0,0,0
0.041540,1.95753,15.318,0.003,0.247,0,0,0
0.041560,1.95847,15.189,-0.033,0.115,0,0,0
0.041580,1.95941,14.885,0.059,0.138,0,0,0
0.041600,1.96035,14.736,0.055,0.195,0,0,0
0.041620,1.96130,14.540,0.070,0.180,0,0,0
0.041640,1.96224,14.504,0.107,0.266,0,0,0
0.041660,1.96318,14.290,-0.017,0.145,0,0,0
0.041680,1.96412,14.136,0.074,0.169,0,0,0
0.041700,1.96507,14.425,0.031,0.108,540,0,0
0.041720,1.96601,14.589,0.027,0.230,540,0,0
0.041740,1.96695,14.873,0.030,0.136,540,0,0
0.041760,1.96789,15.206,-0.009,0.138,540,0,0
0.041780,1.96884,15.450,0.094,0.128,540,0,0
0.041800,1.96978,15.690,-0.013,0.103,540,0,0
0.041820,1.97072,15.725,-0.050,0.092,0,0,0
0.041840,1.97166,15.506,0.016,0.185,0,0,0
0.041860,1.97261,15.444,0.031,0.154,0,0,0
0.041880,1.97355,15.316,-0.002,0.230,0,0,0
0.041900,1.97449,15.126,0.060,0.090,0,0,0
0.041920,1.97543,14.864,0.020,0.132,0,0,0
0.041940,1.97638,14.701,-0.011,0.154,0,0,0
0.041960,1.97732,14.553,0.019,0.094,0,0,0
0.041980,1.97826,14.485,0.060,0.060,0,0,0
0.042000,1.97920,14.162,0.076,0.115,0,0,0
0.042020,1.98015,14.145,-0.023,0.176,0,0,0
0.042040,1.98109,14.291,-0.007,0.187,540,0,0
0.042060,1.98203,14.589,0.065,0.162,540,0,0
0.042080,1.98297,14.810,0.036,0.172,540,0,0
0.042100,1.98392,15.090,0.042,0.206,540,0,0
0.042120,1.98486,15.287,-0.024,0.137,540,0,0
0.042140,1.98580,15.642,-0.064,0.172,540,0,0
0.042160,1.98674,15.826,0.066,0.137,540,0,0
0.042180,1.98769,15.675,-0.066,0.228,0,0,0
0.042200,1.98863,15.505,0.087,0.156,0,0,0
0.042220,1.98957,15.479,0.021,0.082,0,0,0
0.042240,1.99051,15.237,-0.012,0.185,0,0,0
0.042260,1.99146,15.071,0.089,0.131,0,0,0
0.042280,1.99240,14.862,0.039,0.188,0,0,0
0.042300,1.99334,14.713,0.047,0.153,0,0,0
0.042320,1.99428,14.562,0.010,0.134,0,0,0
0.042340,1.99523,14.462,0.077,0.114,0,0,0
0.042360,1.99617,14.315,0.057,0.149,0,0,0
0.042380,1.99711,14.236,0.063,0.139,0,0,0
0.042400,1.99805,14.252,0.027,0.154,540,0,0
0.042420,1.99900,14.449,0.076,0.101,540,0,0
0.042440,1.99994,14.639,0.010,0.185,540,0,0
0.042460,2.00088,14.855,-0.003,0.158,540,0,0
0.042480,2.00182,15.188,0.077,0.083,540,0,0
0.042500,2.00277,15.373,0.111,0.141,540,0,0
0.042520,2.00371,15.685,0.027,0.140,540,0,0
0.042540,2.00465,15.738,-0.017,0.114,0,0,0
0.042560,2.00559,15.501,0.061,0.167,0,0,0
0.042580,2.00654,15.487,0.155,0.216,0,0,0
0.042600,2.00748,15.334,0.025,0.088,0,0,0
0.042620,2.00842,15.119,-0.055,0.104,0,0,0
0.042640,2.00936,14.890,0.096,0.069,0,0,0
0.042660,2.01031,14.874,0.106,0.143,0,0,0
0.042680,2.01125,14.684,0.020,0.093,0,0,0
0.042700,2.01219,14.574,0.001,0.168,0,0,0
0.042720,2.01313,14.515,0.041,0.209,0,0,0
0.042740,2.01408,14.427,0.078,0.134,0,0,0
0.042760,2.01502,14.254,0.034,0.155,0,0,0
0.042780,2.01596,14.118,0.102,0.187,0,0,0
0.042800,2.01690,14.321,-0.016,0.121,540,0,0
0.042820,2.01784,14.607,-0.028,0.150,540,0,0
0.042840,2.01879,14.828,0.045,0.272,540,0,0
0.042860,2.01973,15.105,0.021,0.122,540,0,0
0.042880,2.02067,15.293,-0.014,0.151,540,0,0
0.042900,2.02161,15.410,0.041,0.187,540,0,0
0.042920,2.02256,15.757,0.059,0.145,540,0,0
0.042940,2.02350,15.744,0.077,0.131,0,0,0
0.042960,2.02444,15.665,0.011,0.179,0,0,0
0.042980,2.02538,15.499,-0.074,0.106,0,0,0
0.043000,2.02633,15.391,-0.022,0.179,0,0,0
0.043020,2.02727,15.320,0.140,0.134,0,0,0
0.043040,2.02821,15.094,-0.021,0.107,0,0,0
0.043060,2.02915,15.121,-0.012,0.098,0,0,0
0.043080,2.03010,15.051,0.043,0.152,0,0,0
0.043100,2.03104,14.842,-0.023,0.150,0,0,0
0.043120,2.03198,14.713,0.029,0.115,0,0,0
0.043140,2.03292,14.625,-0.014,0.160,0,0,0
0.043160,2.03387,14.521,0.003,0.085,0,0,0
0.043180,2.03481,14.433,0.072,0.175,0,0,0
0.043200,2.03575,14.225,-0.019,0.158,0,0,0
0.043220,2.03669,14.067,-0.005,0.237,0,0,0
0.043240,2.03764,14.402,-0.045,0.228,540,0,0
0.043260,2.03858,14.655,0.044,0.112,540,0,0
0.043280,2.03952,14.906,0.123,0.051,540,0,0
0.043300,2.04046,15.141,-0.013,0.159,540,0,0
0.043320,2.04141,15.360,0.084,0.128,540,0,0
0.043340,2.04235,15.575,-0.013,0.044,540,0,0
0.043360,2.04329,15.833,-0.053,0.110,540,0,0
0.043380,2.04423,15.702,0.019,0.206,0,0,0
0.043400,2.04518,15.678,0.015,0.145,0,0,0
0.043420,2.04612,15.454,0.059,0.148,0,0,0
0.043440,2.04706,15.418,0.144,0.048,0,0,0
0.043460,2.04800,15.231,0.074,0.212,0,0,0
0.043480,2.04895,15.244,0.041,0.026,0,0,0
0.043500,2.04989,15.055,-0.022,0.126,0,0,0
0.043520,2.05083,14.976,0.032,0.068,0,0,0
0.043540,2.05177,14.859,0.105,0.095,0,0,0
0.043560,2.05272,14.748,0.059,0.092,0,0,0
0.043580,2.05366,14.680,0.019,0.168,0,0,0
0.043600,2.05460,14.534,0.031,0.201,0,0,0
0.043620,2.05554,14.566,0.015,0.029,0,0,0
0.043640,2.05649,14.361,0.036,0.107,0,0,0
0.043660,2.05743,14.268,-0.016,0.153,0,0,0
0.043680,2.05837,14.222,0.006,0.168,0,0,0
0.043700,2.05931,14.389,0.075,0.127,540,0,0
0.043720,2.06026,14.564,-0.093,0.107,540,0,0
0.043740,2.06120,14.774,0.031,0.135,540,0,0
0.043760,2.06214,15.034,-0.005,0.142,540,0,0
0.043780,2.06308,15.188,0.026,0.122,540,0,0
0.043800,2.06403,15.454,0.072,0.092,540,0,0
0.043820,2.06497,15.729,0.027,0.145,540,0,0
0.043840,2.06591,15.936,0.126,0.141,0,0,0
0.043860,2.06685,15.742,0.072,0.188,0,0,0
0.043880,2.06780,15.664,-0.002,0.141,0,0,0
0.043900,2.06874,15.492,0.091,0.175,0,0,0
0.043920,2.06968,15.370,0.098,0.172,0,0,0
0.043940,2.07062,15.336,-0.037,0.166,0,0,0
0.043960,2.07157,15.224,0.060,0.183,0,0,0
0.043980,2.07251,15.169,0.025,0.182,0,0,0
0.044000,2.07345,15.023,-0.041,0.170,0,0,0
0.044020,2.07439,15.027,0.030,0.143,0,0,0
0.044040,2.07534,14.964,-0.010,0.199,0,0,0
0.044060,2.07628,14.880,0.051,0.195,0,0,0
0.044080,2.07722,14.795,0.118,0.135,0,0,0
0.044100,2.07816,14.643,0.095,0.080,0,0,0
0.044120,2.07911,14.657,0.010,0.121,0,0,0
0.044140,2.08005,14.563,-0.013,0.051,0,0,0
0.044160,2.08099,14.455,0.012,0.096,0,0,0
0.044180,2.08193,14.372,0.037,0.160,0,0,0
0.044200,2.08288,14.319,0.088,0.080,0,0,0
0.044220,2.08382,14.186,-0.004,0.198,0,0,0
0.044240,2.08476,14.364,0.064,0.090,540,0,0
0.044260,2.08570,14.617,0.007,0.132,540,0,0
0.044280,2.08665,14.812,-0.057,0.060,540,0,0
0.044300,2.08759,15.008,0.019,0.201,540,0,0
0.044320,2.08853,15.326,-0.004,0.197,540,0,0
0.044340,2.08947,15.524,0.009,0.237,540,0,0
0.044360,2.09042,15.722,0.050,0.087,540,0,0
0.044380,2.09136,15.831,-0.040,0.206,0,0,0
0.044400,2.09230,15.736,0.036,0.104,0,0,0
0.044420,2.09324,15.759,0.038,0.172,0,0,0
0.044440,2.09419,15.721,0.077,0.184,0,0,0
0.044460,2.09513,15.430,-0.026,0.212,0,0,0
0.044480,2.09607,15.576,0.007,0.125,0,0,0
0.044500,2.09701,15.517,0.019,0.050,0,0,0
0.044520,2.09796,15.279,-0.011,0.131,0,0,0
0.044540,2.09890,15.327,-0.006,0.120,0,0,0
0.044560,2.09984,15.107,-0.181,0.180,0,0,0
0.044580,2.10078,15.169,0.040,0.212,0,0,0
0.044600,2.10173,15.119,0.028,0.178,0,0,0
0.044620,2.10267,14.923,0.066,0.131,0,0,0
0.044640,2.10361,14.909,0.046,0.187,0,0,0
0.044660,2.10455,14.901,-0.007,0.053,0,0,0
0.044680,2.10550,14.847,0.059,0.224,0,0,0
0.044700,2.10644,14.749,-0.076,0.139,0,0,0
0.044720,2.10738,14.676,0.044,0.209,0,0,0
0.044740,2.10832,14.691,0.058,0.133,0,0,0
0.044760,2.10927,14.473,0.071,0.129,0,0,0
0.044780,2.11021,14.504,0.068,0.156,0,0,0
0.044800,2.11115,14.407,-0.065,0.210,0,0,0
0.044820,2.11209,14.313,0.197,0.122,0,0,0
0.044840,2.11304,14.245,-0.008,0.119,0,0,0
0.044860,2.11398,14.242,-0.069,0.106,0,0,0
0.044880,2.11492,14.253,-0.054,0.182,0,0,0
0.044900,2.11586,14.207,0.044,-0.002,0,0,0
0.044920,2.11681,14.427,-0.038,0.265,540,0,0
0.044940,2.11775,14.615,0.019,0.145,540,0,0
0.044960,2.11869,14.824,0.056,0.269,540,0,0
0.044980,2.11963,15.179,0.018,0.214,540,0,0
0.045000,2.12058,15.362,0.033,0.149,540,0,0
0.045020,2.12152,15.751,0.042,0.243,540,0,0
0.045040,2.12246,15.907,0.015,0.224,540,0,0
0.045060,2.12340,15.925,0.031,0.057,0,0,0
0.045080,2.12434,15.768,0.092,0.175,0,0,0
0.045100,2.12529,15.850,0.096,0.155,0,0,0
0.045120,2.12623,15.564,-0.025,0.224,0,0,0
0.045140,2.12717,15.685,0.044,0.244,0,0,0
0.045160,2.12811,15.509,0.039,0.215,0,0,0
0.045180,2.12906,15.486,-0.003,0.136,0,0,0
0.045200,2.13000,15.490,0.048,0.214,0,0,0
0.045220,2.13094,15.388,-0.044,0.138,0,0,0
0.045240,2.13188,15.349,0.022,0.106,0,0,0
0.045260,2.13283,15.363,0.029,0.148,0,0,0
0.045280,2.13377,15.194,0.009,0.265,0,0,0
0.045300,2.13471,15.159,0.009,0.291,0,0,0
0.045320,2.13565,15.160,-0.005,0.215,0,0,0
0.045340,2.13660,15.044,-0.094,0.148,0,0,0
0.045360,2.13754,14.983,0.095,0.217,0,0,0
0.045380,2.13848,15.091,0.397,0.145,0,540,0
0.045400,2.13942,14.937,1.433,0.144,0,540,0
0.045420,2.14037,14.915,2.240,0.130,0,540,0
0.045440,2.14131,14.795,3.178,0.098,0,540,0
0.045460,2.14225,14.740,4.112,0.137,0,540,0
0.045480,2.14319,14.720,4.945,0.149,0,540,0
0.045500,2.14414,14.647,5.795,0.194,0,540,0
0.045520,2.14508,14.671,6.765,0.058,0,540,0
0.045540,2.14602,14.630,7.680,0.140,0,540,0
0.045560,2.14696,14.530,8.520,0.177,0,540,0
0.045580,2.14791,14.497,9.404,0.206,0,540,0
0.045600,2.14885,14.453,10.293,0.161,0,540,0
0.045620,2.14979,14.376,11.143,0.102,0,540,0
0.045640,2.15073,14.346,12.161,0.090,0,540,0
0.045660,2.15168,14.284,12.946,0.235,0,540,0
0.045680,2.15262,14.247,13.901,0.260,0,540,0
0.045700,2.15356,14.195,14.691,0.259,0,540,0
0.045720,2.15450,14.496,15.583,0.219,540,540,0
0.045740,2.15545,14.739,16.051,0.162,540,0,0
0.045760,2.15639,14.952,16.144,0.171,540,0,0
0.045780,2.15733,15.307,16.007,0.215,540,0,0
0.045800,2.15827,15.544,16.017,0.255,540,0,0
0.045820,2.15922,15.729,15.972,0.230,540,0,0
0.045840,2.16016,15.892,16.008,0.149,0,0,0
0.045860,2.16110,15.887,15.944,0.172,0,0,0
0.045880,2.16204,15.778,16.013,0.249,0,0,0
0.045900,2.16299,15.789,16.004,0.251,0,0,0
0.045920,2.16393,15.688,15.880,0.208,0,0,0
0.045940,2.16487,15.615,15.853,0.207,0,0,0
0.045960,2.16581,15.619,15.821,0.165,0,0,0
0.045980,2.16676,15.565,15.808,0.153,0,0,0
0.046000,2.16770,15.472,15.819,0.107,0,0,0
0.046020,2.16864,15.533,15.868,0.191,0,0,0
0.046040,2.16958,15.438,15.753,0.190,0,0,0
0.046060,2.17053,15.362,15.723,0.193,0,0,0
0.046080,2.17147,15.360,15.785,0.249,0,0,0
0.046100,2.17241,15.295,15.742,0.137,0,0,0
0.046120,2.17335,15.247,15.664,0.240,0,0,0
0.046140,2.17430,15.172,15.742,0.149,0,0,0
0.046160,2.17524,15.185,15.677,0.209,0,0,0
0.046180,2.17618,15.070,15.604,0.195,0,0,0
0.046200,2.17712,15.094,15.628,0.215,0,0,0
0.046220,2.17807,15.053,15.615,0.285,0,0,0
0.046240,2.17901,15.018,15.618,0.249,0,0,0
0.046260,2.17995,14.919,15.624,0.147,0,0,0
0.046280,2.18089,14.958,15.500,0.152,0,0,0
0.046300,2.18184,14.808,15.639,0.187,0,0,0
0.046320,2.18278,14.840,15.405,0.254,0,0,0
0.046340,2.18372,14.742,15.558,0.201,0,0,0
0.046360,2.18466,14.762,15.473,0.258,0,0,0
0.046380,2.18561,14.870,15.552,0.212,0,0,0
0.046400,2.18655,14.689,15.544,0.205,0,0,0
0.046420,2.18749,14.625,15.389,0.257,0,0,0
0.046440,2.18843,14.626,15.533,0.283,0,0,0
0.046460,2.18938,14.602,15.378,0.172,0,0,0
0.046480,2.19032,14.539,15.465,0.271,0,0,0
0.046500,2.19126,14.569,15.347,0.215,0,0,0
0.046520,2.19220,14.505,15.362,0.216,0,0,0
0.046540,2.19315,14.425,15.355,0.195,0,0,0
0.046560,2.19409,14.349,15.366,0.160,0,0,0
0.046580,2.19503,14.424,15.309,0.226,0,0,0
0.046600,2.19597,14.289,15.259,0.251,0,0,0
0.046620,2.19692,14.329,15.231,0.283,0,0,0
0.046640,2.19786,14.315,15.289,0.225,0,0,0
0.046660,2.19880,14.225,15.127,0.223,0,0,0
0.046680,2.19974,14.283,15.223,0.246,0,0,0
0.046700,2.20069,14.197,15.137,0.162,0,0,0
0.046720,2.20163,14.374,15.158,0.128,540,0,0
0.046740,2.20257,14.526,15.213,0.228,540,0,0
0.046760,2.20351,14.859,15.162,0.170,540,0,0
0.046780,2.20446,15.002,15.086,0.156,540,0,0
0.046800,2.20540,15.443,15.119,0.218,540,0,0
0.046820,2.20634,15.615,15.016,0.200,540,0,0
0.046840,2.20728,15.859,15.055,0.341,540,0,0
0.046860,2.20823,15.703,14.987,0.278,0,0,0
0.046880,2.20917,15.766,14.964,0.211,0,0,0
0.046900,2.21011,15.769,14.848,0.200,0,0,-540
0.046920,2.21105,15.709,14.931,0.194,0,0,0
0.046940,2.21200,15.700,14.877,0.111,0,0,0
0.046960,2.21294,15.626,14.914,0.079,0,0,0
0.046980,2.21388,15.545,14.867,0.131,0,0,0
0.047000,2.21482,15.568,14.840,0.181,0,0,0
0.047020,2.21577,15.541,14.840,0.201,0,0,0
0.047040,2.21671,15.522,14.847,0.223,0,0,0
0.047060,2.21765,15.524,14.844,0.164,0,0,0
0.047080,2.21859,15.463,14.655,0.156,0,0,0
0.047100,2.21954,15.370,14.680,0.084,0,0,0
0.047120,2.22048,15.281,14.667,0.225,0,0,0
0.047140,2.22142,15.340,14.779,0.095,0,0,0
0.047160,2.22236,15.327,14.601,0.258,0,0,0
0.047180,2.22331,15.235,14.662,0.252,0,0,0
0.047200,2.22425,15.150,14.559,0.148,0,0,0
0.047220,2.22519,15.151,14.599,0.087,0,0,0
0.047240,2.22613,14.764,14.476,0.242,-540,0,0
0.047260,2.22708,14.528,14.499,0.272,-540,0,0
0.047280,2.22802,14.269,14.545,0.263,-540,0,0
0.047300,2.22896,13.880,14.394,0.123,-540,0,0
0.047320,2.22990,13.603,14.466,0.230,-540,0,0
0.047340,2.23084,13.299,14.433,0.248,-540,0,0
0.047360,2.23179,13.085,14.430,0.092,-540,0,0
0.047380,2.23273,12.824,14.363,0.134,-540,0,0
0.047400,2.23367,12.396,14.351,0.090,-540,0,0
0.047420,2.23461,12.180,14.327,0.209,-540,0,0
0.047440,2.23556,11.814,14.274,0.158,-540,0,0
0.047460,2.23650,11.794,14.286,0.062,-540,0,0
0.047480,2.23744,11.406,14.205,0.073,-540,0,0
0.047500,2.23838,11.253,14.692,0.031,-540,540,0
0.047520,2.23933,10.899,15.556,0.131,-540,540,0
0.047540,2.24027,10.706,15.889,0.123,-540,0,0
0.047560,2.24121,10.570,15.840,0.165,-540,0,0
0.047580,2.24215,10.287,15.883,0.182,-540,0,0
0.047600,2.24310,10.078,15.895,0.138,-540,0,0
0.047620,2.24404,9.794,15.778,0.116,-540,0,0
0.047640,2.24498,9.619,15.697,0.051,-540,0,0
0.047660,2.24592,9.448,15.673,0.112,-540,0,0
0.047680,2.24687,9.171,15.674,0.083,-540,0,0
0.047700,2.24781,8.985,15.682,0.133,-540,0,0
0.047720,2.24875,8.768,15.660,0.160,-540,0,0
0.047740,2.24969,8.519,15.616,0.119,-540,0,0
0.047760,2.25064,8.334,15.637,0.174,-540,0,0
0.047780,2.25158,8.181,15.547,0.087,-540,0,0
0.047800,2.25252,7.847,15.649,0.102,-540,0,0
0.047820,2.25346,7.878,15.469,0.160,-540,0,0
0.047840,2.25441,7.628,15.428,0.132,-540,0,0
0.047860,2.25535,7.421,15.367,0.104,-540,0,0
0.047880,2.25629,7.248,15.332,0.120,-540,0,0
0.047900,2.25723,7.060,15.333,0.123,-540,0,0
0.047920,2.25818,6.865,15.249,0.012,-540,0,0
0.047940,2.25912,6.736,15.208,0.194,-540,0,0
0.047960,2.26006,6.527,15.270,0.064,-540,0,0
0.047980,2.26100,6.368,15.049,0.134,-540,0,0
0.048000,2.26195,6.287,15.119,0.142,-540,0,0
0.048020,2.26289,6.120,15.114,0.117,-540,0,0
0.048040,2.26383,6.013,14.989,0.086,-540,0,0
0.048060,2.26477,5.738,15.087,0.047,-540,0,0
0.048080,2.26572,5.690,14.909,0.168,-540,0,0
0.048100,2.26666,5.488,14.889,0.075,-540,0,0
0.048120,2.26760,5.319,14.905,0.096,-540,0,0
0.048140,2.26854,5.240,14.840,0.134,-540,0,0
0.048160,2.26949,4.997,14.817,0.114,-540,0,0
0.048180,2.27043,4.900,14.891,0.082,-540,0,0
0.048200,2.27137,4.751,14.702,0.134,-540,0,0
0.048220,2.27231,4.652,14.589,0.216,-540,0,0
0.048240,2.27326,4.562,14.616,0.160,-540,0,0
0.048260,2.27420,4.332,14.562,0.132,-540,0,0
0.048280,2.27514,4.277,14.561,0.020,-540,0,0
0.048300,2.27608,4.053,14.443,0.099,-540,0,0
0.048320,2.27703,3.971,14.422,0.208,-540,0,0
0.048340,2.27797,3.872,14.362,0.184,-540,0,0
0.048360,2.27891,3.646,14.353,0.153,-540,0,0
0.048380,2.27985,3.549,14.219,0.076,-540,0,0
0.048400,2.28080,3.397,14.298,0.155,-540,0,0
0.048420,2.28174,3.153,14.243,0.100,-540,0,0
0.048440,2.28268,3.194,14.257,0.099,-540,0,0
0.048460,2.28362,3.167,15.091,0.071,-540,540,0
0.048480,2.28457,3.026,15.763,0.179,-540,540,0
0.048500,2.28551,2.853,15.728,0.138,-540,0,0
0.048520,2.28645,2.737,15.717,0.105,-540,0,0
0.048540,2.28739,2.578,15.562,0.186,-540,0,0
0.048560,2.28834,2.525,15.545,0.106,-540,0,0
0.048580,2.28928,2.459,15.493,0.216,-540,0,0
0.048600,2.29022,2.235,15.500,0.130,-540,0,0
0.048620,2.29116,2.159,15.422,0.188,-540,0,0
0.048640,2.29211,2.065,15.364,0.062,-540,0,0
0.048660,2.29305,2.014,15.325,0.116,-540,0,0
0.048680,2.29399,1.885,15.265,0.078,-540,0,0
0.048700,2.29493,1.692,15.295,0.175,-540,0,0
0.048720,2.29588,1.688,15.130,0.153,-540,0,0
0.048740,2.29682,1.552,15.153,0.121,-540,0,0
0.048760,2.29776,1.479,15.035,0.260,-540,0,0
0.048780,2.29870,1.302,14.901,0.199,-540,0,0
0.048800,2.29965,1.153,14.863,0.137,-540,0,0
0.048820,2.30059,1.116,14.784,0.137,-540,0,0
0.048840,2.30153,1.014,14.791,0.148,-540,0,0
0.048860,2.30247,0.889,14.716,0.172,-540,0,0
0.048880,2.30342,0.760,14.653,0.206,-540,0,0
0.048900,2.30436,0.668,14.574,0.129,-540,0,0
0.048920,2.30530,0.668,14.563,0.144,-540,0,0
0.048940,2.30624,0.519,14.548,0.214,-540,0,0
0.048960,2.30719,0.348,14.495,0.128,-540,0,0
0.048980,2.30813,0.495,14.382,0.209,-540,0,0
0.049000,2.30907,0.284,14.235,0.124,-540,0,0
0.049020,2.31001,0.102,14.275,0.183,0,0,0
0.049040,2.31096,0.171,14.594,0.155,0,540,0
0.049060,2.31190,0.200,15.259,0.177,0,540,0
0.049080,2.31284,0.119,16.038,0.186,-540,540,0
0.049100,2.31378,0.245,15.990,0.164,0,0,0
0.049120,2.31473,0.188,15.934,0.156,0,0,0
0.049140,2.31567,0.263,15.933,0.168,0,0,0
0.049160,2.31661,0.255,15.847,0.197,0,0,0
0.049180,2.31755,0.208,15.627,0.180,0,0,0
0.049200,2.31850,0.183,15.633,0.142,0,0,0
0.049220,2.31944,0.135,15.501,0.162,0,0,0
0.049240,2.32038,0.214,15.580,0.242,0,0,0
0.049260,2.32132,0.184,15.438,0.045,0,0,0
0.049280,2.32227,0.237,15.339,0.110,0,0,0
0.049300,2.32321,0.182,15.187,-0.048,0,0,0
0.049320,2.32415,0.200,15.240,-0.004,0,0,0
0.049340,2.32509,0.155,15.160,-0.033,0,0,0
0.049360,2.32604,0.242,15.019,0.103,0,0,0
0.049380,2.32698,0.125,14.955,-0.025,0,0,0
0.049400,2.32792,0.135,14.904,-0.092,0,0,0
0.049420,2.32886,0.140,14.727,0.002,0,0,0
0.049440,2.32981,0.117,14.691,0.071,0,0,0
0.049460,2.33075,0.150,14.613,-0.046,0,0,0
0.049480,2.33169,0.202,14.496,0.025,0,0,0
0.049500,2.33263,0.247,14.513,-0.058,0,0,0
0.049520,2.33358,0.233,14.365,-0.096,0,0,0
0.049540,2.33452,0.214,14.309,-0.031,0,0,0
0.049560,2.33546,0.226,14.189,-0.063,0,0,0
0.049580,2.33640,0.184,14.084,0.071,0,0,0
0.049600,2.33734,0.170,14.760,0.069,0,540,0
0.049620,2.33829,0.096,15.524,0.030,0,540,0
0.049640,2.33923,0.087,15.766,0.010,0,0,0
0.049660,2.34017,0.186,15.764,0.000,0,0,0
0.049680,2.34111,0.049,15.655,0.057,0,0,0
0.049700,2.34206,0.162,15.643,0.021,0,0,0
0.049720,2.34300,0.073,15.480,0.052,0,0,0
0.049740,2.34394,0.091,15.268,0.093,0,0,0
0.049760,2.34488,0.071,15.248,0.028,0,0,0
0.049780,2.34583,0.165,15.128,-0.021,0,0,0
0.049800,2.34677,0.114,15.032,0.000,0,0,0
0.049820,2.34771,0.171,15.003,0.009,0,0,0
0.049840,2.34865,0.176,14.809,0.030,0,0,0
0.049860,2.34960,0.199,14.772,0.063,0,0,0
0.049880,2.35054,0.145,14.638,0.069,0,0,0
0.049900,2.35148,0.061,14.570,0.033,0,0,0
0.049920,2.35242,0.072,14.448,-0.018,0,0,0
0.049940,2.35337,0.116,14.378,0.024,0,0,0
0.049960,2.35431,0.092,14.278,0.008,0,0,0
0.049980,2.35525,0.175,14.262,0.013,0,0,0
0.050000,2.35619,0.094,14.777,-0.017,0,540,0
0.050020,2.35714,0.083,15.482,0.045,0,540,0
0.050040,2.35808,0.176,16.115,0.045,0,540,0
0.050060,2.35902,0.040,16.016,-0.055,0,0,0
0.050080,2.35996,0.144,15.848,-0.036,0,0,0
0.050100,2.36091,0.218,15.821,0.041,0,0,0
0.050120,2.36185,0.200,15.591,-0.014,0,0,0
0.050140,2.36279,0.059,15.553,0.017,0,0,0
0.050160,2.36373,0.071,15.419,-0.107,0,0,0
0.050180,2.36468,0.082,15.359,0.022,0,0,0
0.050200,2.36562,0.082,15.115,0.029,0,0,0
0.050220,2.36656,0.130,15.162,0.093,0,0,0
0.050240,2.36750,0.140,14.986,0.020,0,0,0
0.050260,2.36845,0.142,14.830,0.085,0,0,0
0.050280,2.36939,0.147,14.718,0.029,0,0,0
0.050300,2.37033,0.102,14.695,0.015,0,0,0
0.050320,2.37127,0.202,14.481,-0.043,0,0,0
0.050340,2.37222,0.158,14.354,-0.029,0,0,0
0.050360,2.37316,0.089,14.335,0.036,0,0,0
0.050380,2.37410,0.109,14.197,-0.017,0,0,0
0.050400,2.37504,0.134,14.812,0.003,0,540,0
0.050420,2.37599,0.179,15.332,-0.031,0,540,0
0.050440,2.37693,0.114,15.867,0.073,0,540,0
0.050460,2.37787,0.049,15.820,0.041,0,0,0
0.050480,2.37881,0.246,15.629,0.012,0,0,0
0.050500,2.37976,0.158,15.545,-0.038,0,0,0
0.050520,2.38070,0.096,15.394,-0.024,0,0,0
0.050540,2.38164,0.236,15.289,-0.047,0,0,0
0.050560,2.38258,0.157,15.165,-0.083,0,0,0
0.050580,2.38353,0.151,14.999,-0.005,0,0,0
0.050600,2.38447,0.108,14.953,-0.024,0,0,0
0.050620,2.38541,0.133,14.712,-0.006,0,0,0
0.050640,2.38635,0.147,14.746,-0.021,0,0,0
0.050660,2.38730,0.146,14.496,0.019,0,0,0
0.050680,2.38824,0.095,14.507,0.037,0,0,0
0.050700,2.38918,0.212,14.232,0.044,0,0,0
0.050720,2.39012,0.159,14.546,-0.022,0,540,0
0.050740,2.39107,0.221,14.988,-0.100,0,540,0
0.050760,2.39201,0.155,15.547,0.061,0,540,0
0.050780,2.39295,0.189,15.774,-0.029,0,0,0
0.050800,2.39389,0.189,15.659,-0.016,0,0,0
0.050820,2.39484,0.167,15.502,0.006,0,0,0
0.050840,2.39578,0.245,15.320,0.055,0,0,0
0.050860,2.39672,0.108,15.286,-0.017,0,0,0
0.050880,2.39766,0.109,15.119,0.038,0,0,0
0.050900,2.39861,0.109,14.969,0.036,0,0,0
0.050920,2.39955,0.045,14.756,-0.073,0,0,0
0.050940,2.40049,0.116,14.626,0.095,0,0,0
0.050960,2.40143,0.193,14.560,-0.064,0,0,0
0.050980,2.40238,0.065,14.394,-0.081,0,0,0
0.051000,2.40332,0.086,14.205,-0.028,0,0,0
0.051020,2.40426,0.177,14.722,-0.102,0,540,0
0.051040,2.40520,0.008,15.230,0.029,0,540,0
0.051060,2.40615,0.185,15.686,0.034,0,540,0
0.051080,2.40709,0.107,15.941,0.086,0,0,0
0.051100,2.40803,0.059,15.773,-0.062,0,0,0
0.051120,2.40897,0.174,15.585,-0.036,0,0,0
0.051140,2.40992,0.130,15.434,0.071,0,0,0
0.051160,2.41086,0.106,15.333,0.046,0,0,0
0.051180,2.41180,0.113,15.210,0.064,0,0,0
0.051200,2.41274,0.201,15.046,-0.037,0,0,0
0.051220,2.41369,0.100,14.892,0.070,0,0,0
0.051240,2.41463,0.214,14.832,0.015,0,0,0
0.051260,2.41557,0.105,14.625,-0.003,0,0,0
0.051280,2.41651,0.063,14.384,0.007,0,0,0
0.051300,2.41746,0.176,14.377,0.013,0,0,0
0.051320,2.41840,0.035,14.263,-0.027,0,0,0
0.051340,2.41934,0.067,14.376,0.108,0,540,0
0.051360,2.42028,0.155,14.716,0.039,0,540,0
0.051380,2.42123,0.074,15.262,-0.017,0,540,0
0.051400,2.42217,0.022,15.628,0.018,0,540,0
0.051420,2.42311,0.190,15.722,0.009,0,0,0
0.051440,2.42405,0.044,15.637,-0.032,0,0,0
0.051460,2.42500,0.210,15.529,-0.029,0,0,0
0.051480,2.42594,0.151,15.334,-0.036,0,0,0
0.051500,2.42688,0.104,15.241,-0.057,0,0,0
0.051520,2.42782,0.165,15.052,-0.040,0,0,0
0.051540,2.42877,0.137,14.898,-0.009,0,0,0
0.051560,2.42971,0.162,14.712,0.079,0,0,0
0.051580,2.43065,0.031,14.584,0.046,0,0,0
0.051600,2.43159,0.085,14.423,0.065,0,0,0
0.051620,2.43254,0.187,14.296,0.071,0,0,0
0.051640,2.43348,0.219,14.435,-0.052,0,540,0
0.051660,2.43442,0.164,14.777,-0.041,0,540,0
0.051680,2.43536,0.111,15.220,-0.089,0,540,0
0.051700,2.43631,0.191,15.741,0.018,0,540,0
0.051720,2.43725,0.112,15.845,0.004,0,0,0
0.051740,2.43819,0.108,15.525,-0.070,0,0,0
0.051760,2.43913,0.129,15.455,-0.155,0,0,0
0.051780,2.44008,0.090,15.267,0.015,0,0,0
0.051800,2.44102,0.112,15.161,-0.038,0,0,0
0.051820,2.44196,0.098,15.010,-0.029,0,0,0
0.051840,2.44290,0.102,14.880,0.026,0,0,0
0.051860,2.44384,0.154,14.705,0.001,0,0,0
0.051880,2.44479,0.216,14.530,0.067,0,0,0
0.051900,2.44573,0.170,14.394,-0.008,0,0,0
0.051920,2.44667,0.118,14.226,-0.001,0,0,0
0.051940,2.44761,0.144,14.118,0.092,0,0,0
0.051960,2.44856,0.102,14.451,0.082,0,540,0
0.051980,2.44950,0.056,14.929,0.004,0,540,0
0.052000,2.45044,0.170,15.249,-0.059,0,540,0
0.052020,2.45138,0.179,15.541,0.037,0,540,0
0.052040,2.45233,0.200,16.014,-0.057,0,540,0
0.052060,2.45327,0.168,15.805,-0.016,0,0,0
0.052080,2.45421,0.180,15.652,0.014,0,0,0
0.052100,2.45515,0.132,15.440,0.055,0,0,0
0.052120,2.45610,0.130,15.287,-0.009,0,0,0
0.052140,2.45704,0.098,15.258,0.040,0,0,0
0.052160,2.45798,0.120,15.058,-0.024,0,0,0
0.052180,2.45892,0.180,14.951,0.013,0,0,0
0.052200,2.45987,0.079,14.695,0.025,0,0,0
0.052220,2.46081,0.098,14.601,0.062,0,0,0
0.052240,2.46175,0.149,14.428,-0.032,0,0,0
0.052260,2.46269,0.076,14.341,0.129,0,0,0
0.052280,2.46364,0.141,14.157,-0.052,0,0,0
0.052300,2.46458,0.112,14.473,0.063,0,540,0
0.052320,2.46552,0.055,14.820,0.080,0,540,0
0.052340,2.46646,0.063,15.200,0.020,0,540,0
0.052360,2.46741,0.178,15.473,-0.035,0,540,0
0.052380,2.46835,0.160,15.927,0.029,0,540,0
0.052400,2.46929,0.091,15.895,0.129,0,0,0
0.052420,2.47023,0.182,15.792,0.042,0,0,0
0.052440,2.47118,0.148,15.581,-0.087,0,0,0
0.052460,2.47212,0.132,15.418,0.045,0,0,0
0.052480,2.47306,0.102,15.362,-0.079,0,0,0
0.052500,2.47400,0.209,15.209,-0.094,0,0,0
0.052520,2.47495,0.154,14.989,-0.005,0,0,0
0.052540,2.47589,0.199,14.836,0.066,0,0,0
0.052560,2.47683,0.176,14.749,0.000,0,0,0
0.052580,2.47777,0.151,14.483,0.047,0,0,0
0.052600,2.47872,0.136,14.553,0.018,0,0,0
0.052620,2.47966,0.103,14.373,0.054,0,0,0
0.052640,2.48060,0.153,14.202,-0.013,0,0,0
0.052660,2.48154,0.205,14.369,-0.008,0,540,0
0.052680,2.48249,0.195,14.646,-0.012,0,540,0
0.052700,2.48343,0.111,14.908,0.076,0,540,0
0.052720,2.48437,0.129,15.250,0.118,0,540,0
0.052740,2.48531,0.157,15.519,0.073,0,540,0
0.052760,2.48626,0.089,15.778,-0.029,0,540,0
0.052780,2.48720,0.096,15.620,0.036,0,0,0
0.052800,2.48814,0.145,15.511,-0.065,0,0,0
0.052820,2.48908,0.072,15.395,-0.004,0,0,0
0.052840,2.49003,0.187,15.255,0.058,0,0,0
0.052860,2.49097,0.136,15.184,0.001,0,0,0
0.052880,2.49191,0.215,15.023,-0.129,0,0,0
0.052900,2.49285,0.088,14.823,-0.003,0,0,0
0.052920,2.49380,0.225,14.733,0.054,0,0,0
0.052940,2.49474,0.067,14.622,0.087,0,0,0
0.052960,2.49568,0.173,14.372,-0.031,0,0,0
0.052980,2.49662,0.165,14.232,-0.051,0,0,0
0.053000,2.49757,0.164,14.205,0.063,0,0,0
0.053020,2.49851,0.196,14.606,0.064,0,540,0
0.053040,2.49945,0.070,14.723,0.038,0,540,0
0.053060,2.50039,0.060,14.999,-0.052,0,540,0
0.053080,2.50134,0.188,15.364,-0.007,0,540,0
0.053100,2.50228,0.072,15.694,0.004,0,540,0
0.053120,2.50322,0.161,15.684,-0.055,0,0,0
0.053140,2.50416,0.122,15.613,-0.006,0,0,0
0.053160,2.50511,0.117,15.430,-0.037,0,0,0
0.053180,2.50605,0.198,15.321,0.039,0,0,0
0.053200,2.50699,0.183,15.189,0.024,0,0,0
0.053220,2.50793,0.190,14.996,-0.058,0,0,0
0.053240,2.50888,0.296,15.009,-0.018,0,0,0
0.053260,2.50982,0.139,14.782,0.010,0,0,0
0.053280,2.51076,0.135,14.734,0.001,0,0,0
0.053300,2.51170,0.171,14.518,0.038,0,0,0
0.053320,2.51265,0.147,14.505,-0.015,0,0,0
0.053340,2.51359,0.091,14.278,-0.035,0,0,0
0.053360,2.51453,0.215,14.308,0.057,0,0,0
0.053380,2.51547,0.105,14.314,-0.024,0,540,0
0.053400,2.51642,0.160,14.560,0.059,0,540,0
0.053420,2.51736,0.167,14.909,0.030,0,540,0
0.053440,2.51830,0.201,15.164,0.056,0,540,0
0.053460,2.51924,0.112,15.416,-0.000,0,540,0
0.053480,2.52019,0.126,15.669,0.029,0,540,0
0.053500,2.52113,0.170,15.772,0.074,0,0,0
0.053520,2.52207,0.252,15.701,-0.019,0,0,0
0.053540,2.52301,0.206,15.613,0.032,0,0,0
0.053560,2.52396,0.065,15.370,-0.044,0,0,0
0.053580,2.52490,0.204,15.255,-0.003,0,0,0
0.053600,2.52584,0.178,15.153,-0.096,0,0,0
0.053620,2.52678,0.079,15.041,0.047,0,0,0
0.053640,2.52773,0.205,14.964,0.071,0,0,0
0.053660,2.52867,0.083,14.870,-0.014,0,0,0
0.053680,2.52961,0.096,14.800,-0.024,0,0,0
0.053700,2.53055,0.116,14.563,0.058,0,0,0
0.053720,2.53150,0.094,14.580,0.081,0,0,0
0.053740,2.53244,0.229,14.455,-0.010,0,0,0
0.053760,2.53338,0.177,14.331,0.035,0,0,0
0.053780,2.53432,0.088,14.231,0.017,0,0,0
0.053800,2.53527,0.148,14.558,0.033,0,540,0
0.053820,2.53621,0.167,14.723,-0.012,0,540,0
0.053840,2.53715,0.032,15.056,0.013,0,540,0
0.053860,2.53809,0.244,15.364,-0.002,0,540,0
0.053880,2.53904,0.152,15.632,0.011,0,540,0
0.053900,2.53998,0.181,15.897,0.008,0,540,0
0.053920,2.54092,0.045,15.773,0.024,0,0,0
0.053940,2.54186,0.123,15.708,0.024,0,0,0
0.053960,2.54281,0.098,15.583,-0.025,0,0,0
0.053980,2.54375,0.083,15.414,-0.013,0,0,0
0.054000,2.54469,0.081,15.482,0.062,0,0,0
0.054020,2.54563,0.139,15.289,0.090,0,0,0
0.054040,2.54658,0.050,15.164,-0.020,0,0,0
0.054060,2.54752,0.196,15.094,-0.042,0,0,0
0.054080,2.54846,0.138,15.008,-0.013,0,0,0
0.054100,2.54940,0.258,14.942,0.047,0,0,0
0.054120,2.55034,0.070,14.850,-0.040,0,0,0
0.054140,2.55129,0.168,14.804,0.071,0,0,0
0.054160,2.55223,0.205,14.692,-0.011,0,0,0
0.054180,2.55317,0.160,14.558,0.028,0,0,0
0.054200,2.55411,0.112,14.415,-0.050,0,0,0
0.054220,2.55506,0.039,14.343,-0.029,0,0,0
0.054240,2.55600,0.113,14.274,0.012,0,0,0
0.054260,2.55694,0.095,14.223,0.037,0,0,0
0.054280,2.55788,0.101,14.130,-0.064,0,0,0
0.054300,2.55883,0.211,14.404,0.083,0,540,0
0.054320,2.55977,0.132,14.557,0.091,0,540,0
0.054340,2.56071,0.145,14.855,0.045,0,540,0
0.054360,2.56165,0.156,15.249,0.054,0,540,0
0.054380,2.56260,0.159,15.520,-0.048,0,540,0
0.054400,2.56354,0.181,15.710,0.017,0,540,0
0.054420,2.56448,0.119,15.595,-0.031,0,0,0
0.054440,2.56542,0.140,15.563,0.095,0,0,0
0.054460,2.56637,0.152,15.458,0.097,0,0,0
0.054480,2.56731,0.101,15.328,0.009,0,0,0
0.054500,2.56825,0.076,15.303,-0.027,0,0,0
0.054520,2.56919,0.084,15.227,0.044,0,0,0
0.054540,2.57014,0.179,15.114,-0.069,0,0,0
0.054560,2.57108,0.179,15.077,0.012,0,0,0
0.054580,2.57202,0.140,14.978,0.042,0,0,0
0.054600,2.57296,0.145,14.903,0.004,0,0,0
0.054620,2.57391,0.112,14.954,0.040,0,0,0
0.054640,2.57485,0.177,14.794,0.011,0,0,0
0.054660,2.57579,0.241,14.684,0.110,0,0,0
0.054680,2.57673,0.157,14.630,-0.021,0,0,0
0.054700,2.57768,0.120,14.530,0.083,0,0,0
0.054720,2.57862,0.165,14.534,0.091,0,0,0
0.054740,2.57956,0.157,14.408,0.065,0,0,0
0.054760,2.58050,0.138,14.322,-0.023,0,0,0
0.054780,2.58145,0.265,14.268,-0.051,0,0,0
0.054800,2.58239,0.126,14.282,-0.008,0,0,0
0.054820,2.58333,0.195,14.173,-0.006,0,0,0
0.054840,2.58427,0.134,14.381,-0.076,0,540,0
0.054860,2.58522,0.184,14.496,-0.003,0,540,0
0.054880,2.58616,0.158,14.828,0.111,0,540,0
0.054900,2.58710,0.078,15.106,-0.075,0,540,0
0.054920,2.58804,0.047,15.305,-0.030,0,540,0
0.054940,2.58899,0.185,15.672,0.073,0,540,0
0.054960,2.58993,0.131,15.810,0.060,0,540,0
0.054980,2.59087,0.171,15.706,-0.048,0,0,0
0.055000,2.59181,0.126,15.721,0.039,0,0,0
0.055020,2.59276,0.133,15.844,0.041,0,0,0
0.055040,2.59370,0.088,15.666,0.039,0,0,0
0.055060,2.59464,0.086,15.495,0.024,0,0,0
0.055080,2.59558,0.147,15.439,-0.054,0,0,0
0.055100,2.59653,0.033,15.382,-0.048,0,0,0
0.055120,2.59747,0.122,15.391,-0.000,0,0,0
0.055140,2.59841,0.083,15.283,-0.014,0,0,0
0.055160,2.59935,0.147,15.210,0.058,0,0,0
0.055180,2.60030,0.124,15.229,-0.078,0,0,0
0.055200,2.60124,0.138,15.298,0.033,0,0,0
0.055220,2.60218,0.133,14.964,0.016,0,0,0
0.055240,2.60312,0.080,15.172,0.004,0,0,0
0.055260,2.60407,0.132,15.091,0.035,0,0,0
0.055280,2.60501,0.085,14.933,-0.009,0,0,0
0.055300,2.60595,0.220,14.901,0.042,0,0,0
0.055320,2.60689,0.154,14.898,0.021,0,0,0
0.055340,2.60784,0.118,14.788,0.026,0,0,0
0.055360,2.60878,0.101,14.804,0.114,0,0,0
0.055380,2.60972,0.103,14.667,0.001,0,0,0
0.055400,2.61066,0.198,14.662,0.025,0,0,0
0.055420,2.61161,0.066,14.549,0.016,0,0,0
0.055440,2.61255,0.133,14.589,0.093,0,0,0
0.055460,2.61349,0.049,14.587,-0.016,0,0,0
0.055480,2.61443,0.094,14.511,0.127,0,0,0
0.055500,2.61538,0.071,14.463,0.007,0,0,0
0.055520,2.61632,0.249,14.438,0.001,0,0,0
0.055540,2.61726,0.074,14.431,0.011,0,0,0
0.055560,2.61820,0.144,14.276,0.061,0,0,0
0.055580,2.61915,0.170,14.338,-0.034,0,0,0
0.055600,2.62009,0.153,14.276,0.008,0,0,0
0.055620,2.62103,0.059,14.314,-0.070,0,540,0
0.055640,2.62197,0.130,14.617,-0.008,0,540,0
0.055660,2.62292,0.008,14.819,0.076,0,540,0
0.055680,2.62386,-0.042,15.047,-0.051,0,540,0
0.055700,2.62480,0.081,15.388,0.039,0,540,0
0.055720,2.62574,0.025,15.660,-0.065,0,540,0
0.055740,2.62669,0.195,15.781,0.056,0,0,0
0.055760,2.62763,0.162,15.761,0.027,0,0,0
0.055780,2.62857,0.157,15.707,0.053,0,0,0
0.055800,2.62951,0.045,15.689,-0.041,0,0,0
0.055820,2.63046,0.088,15.685,0.133,0,0,0
0.055840,2.63140,0.103,15.678,-0.016,0,0,0
0.055860,2.63234,0.095,15.598,0.035,0,0,0
0.055880,2.63328,0.109,15.515,0.102,0,0,0
0.055900,2.63423,0.086,15.497,0.068,0,0,0
0.055920,2.63517,0.051,15.490,0.012,0,0,0
0.055940,2.63611,0.041,15.422,0.018,0,0,0
0.055960,2.63705,0.038,15.395,-0.052,0,0,0
0.055980,2.63800,0.095,15.389,0.004,0,0,0
0.056000,2.63894,0.085,15.272,0.022,0,0,0
0.056020,2.63988,0.101,15.355,0.040,0,0,0
0.056040,2.64082,0.072,15.291,-0.021,0,0,0
0.056060,2.64177,0.070,15.233,0.025,0,0,0
0.056080,2.64271,0.102,15.161,0.012,0,0,0
0.056100,2.64365,0.118,15.076,0.047,0,0,0
0.056120,2.64459,0.094,15.107,0.041,0,0,0
0.056140,2.64554,0.128,15.108,0.057,0,0,0
0.056160,2.64648,0.067,15.100,-0.064,0,0,0
0.056180,2.64742,0.085,14.974,0.031,0,0,0
0.056200,2.64836,0.060,15.039,0.008,0,0,0
0.056220,2.64931,0.091,14.977,-0.052,0,0,0
0.056240,2.65025,0.133,14.951,0.036,0,0,0
0.056260,2.65119,0.065,14.877,0.031,0,0,0
0.056280,2.65213,0.056,14.889,0.006,0,0,0
0.056300,2.65307,-0.043,14.808,-0.011,0,0,0
0.056320,2.65402,0.096,14.791,-0.057,0,0,0
0.056340,2.65496,0.106,14.728,0.089,0,0,0
0.056360,2.65590,0.175,14.705,0.115,0,0,0
0.056380,2.65684,0.070,14.763,0.037,0,0,0
0.056400,2.65779,0.053,14.834,0.008,0,0,0
0.056420,2.65873,0.031,14.688,0.061,0,0,0
0.056440,2.65967,0.124,14.752,-0.032,0,0,0
0.056460,2.66061,0.003,14.626,0.012,0,0,0
0.056480,2.66156,0.053,14.551,0.037,0,0,0
0.056500,2.66250,0.185,14.618,0.898,0,0,540
0.056520,2.66344,0.200,14.575,1.803,0,0,540
0.056540,2.66438,0.142,14.485,2.686,0,0,540
0.056560,2.66533,0.058,14.488,3.545,0,0,540
0.056580,2.66627,0.025,14.494,4.513,0,0,540
0.056600,2.66721,0.117,14.490,5.378,0,0,540
0.056620,2.66815,0.092,14.455,6.296,0,0,540
0.056640,2.66910,0.024,14.385,7.180,0,0,540
0.056660,2.67004,0.183,14.293,8.019,0,0,540
0.056680,2.67098,0.075,14.483,8.969,0,0,540
0.056700,2.67192,0.152,14.349,9.845,0,0,540
0.056720,2.67287,0.027,14.361,10.699,0,0,540
0.056740,2.67381,0.074,14.362,11.574,0,0,540
0.056760,2.67475,0.091,14.400,12.481,0,0,540
0.056780,2.67569,0.171,14.422,13.441,0,0,540
0.056800,2.67664,-0.043,14.231,14.279,0,0,540
0.056820,2.67758,0.113,14.581,15.187,0,540,540
0.056840,2.67852,0.091,14.684,15.999,0,540,540
0.056860,2.67946,0.154,14.936,15.985,0,540,0
0.056880,2.68041,0.098,15.164,15.992,0,540,0
0.056900,2.68135,0.109,15.455,16.008,0,540,0
0.056920,2.68229,0.040,15.827,16.011,0,540,0
0.056940,2.68323,0.100,15.889,15.985,0,0,0
0.056960,2.68418,0.079,15.865,15.986,0,0,0
0.056980,2.68512,0.091,15.881,15.906,0,0,0
0.057000,2.68606,0.076,15.842,15.883,0,0,0
0.057020,2.68700,0.174,15.804,15.926,0,0,0
0.057040,2.68795,0.049,15.835,15.787,0,0,0
0.057060,2.68889,0.125,15.811,15.806,0,0,0
0.057080,2.68983,0.119,15.774,15.849,0,0,0
0.057100,2.69077,0.072,15.711,15.806,0,0,0
0.057120,2.69172,0.121,15.767,15.749,0,0,0
0.057140,2.69266,0.161,15.811,15.695,0,0,0
0.057160,2.69360,0.075,15.750,15.751,0,0,0
0.057180,2.69454,0.026,15.651,15.739,0,0,0
0.057200,2.69549,0.059,15.746,15.773,0,0,0
0.057220,2.69643,0.124,15.648,15.702,0,0,0
0.057240,2.69737,0.052,15.667,15.713,0,0,0
0.057260,2.69831,0.069,15.611,15.708,0,0,0
0.057280,2.69926,0.127,15.730,15.608,0,0,0
0.057300,2.70020,0.078,15.565,15.497,0,0,0
0.057320,2.70114,0.101,15.582,15.629,0,0,0
0.057340,2.70208,0.071,15.593,15.652,0,0,0
0.057360,2.70303,0.120,15.539,15.573,0,0,0
0.057380,2.70397,0.119,15.479,15.598,0,0,0
0.057400,2.70491,0.145,15.543,15.574,0,0,0
0.057420,2.70585,0.050,15.507,15.544,0,0,0
0.057440,2.70680,0.167,15.517,15.545,0,0,0
0.057460,2.70774,0.153,15.530,15.476,0,0,0
0.057480,2.70868,0.076,15.514,15.432,0,0,0
0.057500,2.70962,0.262,15.543,15.504,0,0,0
0.057520,2.71057,0.126,15.499,15.476,0,0,0
0.057540,2.71151,0.163,15.463,15.428,0,0,0
0.057560,2.71245,0.108,15.472,15.403,0,0,0
0.057580,2.71339,0.090,15.463,15.346,0,0,0
0.057600,2.71434,0.130,15.427,15.370,0,0,0
0.057620,2.71528,0.164,15.462,15.283,0,0,0
0.057640,2.71622,0.052,15.375,15.285,0,0,0
0.057660,2.71716,0.079,15.417,15.308,0,0,0
0.057680,2.71811,0.169,15.326,15.313,0,0,0
0.057700,2.71905,0.159,15.344,15.235,0,0,0
0.057720,2.71999,0.098,15.306,15.080,0,0,0
0.057740,2.72093,0.146,15.322,15.337,0,0,0
0.057760,2.72188,0.119,15.429,15.293,0,0,0
0.057780,2.72282,0.071,15.361,15.136,0,0,0
0.057800,2.72376,0.087,15.370,15.239,0,0,0
0.057820,2.72470,0.104,15.336,15.157,0,0,0
0.057840,2.72565,0.055,15.214,15.127,0,0,0
0.057860,2.72659,0.106,15.246,15.110,0,0,0
0.057880,2.72753,-0.005,15.301,15.146,0,0,0
0.057900,2.72847,0.122,15.178,15.062,0,0,0
0.057920,2.72942,0.051,15.194,14.992,0,0,0
0.057940,2.73036,0.066,15.251,15.049,0,0,0
0.057960,2.73130,0.134,15.155,14.990,0,0,0
0.057980,2.73224,0.129,15.159,14.935,0,0,0
0.058000,2.73319,0.179,15.146,14.944,0,0,0
0.058020,2.73413,0.106,15.191,14.979,0,0,0
0.058040,2.73507,0.170,15.093,14.898,0,0,0
0.058060,2.73601,0.167,15.202,14.884,0,0,0
0.058080,2.73696,0.127,15.144,14.808,0,0,0
0.058100,2.73790,0.087,15.114,14.820,0,0,0
0.058120,2.73884,0.078,15.160,14.901,0,0,0
0.058140,2.73978,0.130,15.124,14.805,0,0,0
0.058160,2.74073,0.032,15.120,14.924,0,0,0
0.058180,2.74167,0.157,15.081,14.748,0,0,0
0.058200,2.74261,0.142,15.054,14.738,0,0,0
0.058220,2.74355,0.203,15.128,14.716,0,0,0
0.058240,2.74450,0.140,15.065,14.664,0,0,0
0.058260,2.74544,0.226,15.024,14.670,0,0,0
0.058280,2.74638,0.097,14.989,14.742,0,0,0
0.058300,2.74732,0.099,15.171,14.584,0,0,0
0.058320,2.74827,0.154,15.138,14.662,0,0,0
0.058340,2.74921,0.181,14.858,14.578,0,-540,0
0.058360,2.75015,0.045,14.580,14.410,0,-540,0
0.058380,2.75109,0.178,14.236,14.484,0,-540,0
0.058400,2.75204,0.123,13.966,14.527,0,-540,0
0.058420,2.75298,0.091,13.653,14.472,0,-540,0
0.058440,2.75392,0.109,13.479,14.458,0,-540,0
0.058460,2.75486,0.079,13.185,14.365,0,-540,0
0.058480,2.75581,0.152,12.837,14.358,0,-540,0
0.058500,2.75675,0.154,12.577,14.391,0,-540,0
0.058520,2.75769,0.198,12.380,14.336,0,-540,0
0.058540,2.75863,0.147,12.148,14.318,0,-540,0
0.058560,2.75957,0.140,11.911,14.396,0,-540,0
0.058580,2.76052,0.047,11.777,14.191,0,-540,0
0.058600,2.76146,0.213,11.475,14.249,0,-540,0
0.058620,2.76240,0.105,11.174,14.194,0,-540,0
0.058640,2.76334,0.198,10.955,14.160,0,-540,0
0.058660,2.76429,0.231,10.703,14.979,0,-540,540
0.058680,2.76523,0.112,10.491,15.974,0,-540,540
0.058700,2.76617,0.096,10.302,15.864,0,-540,0
0.058720,2.76711,0.109,10.097,15.894,0,-540,0
0.058740,2.76806,0.210,9.806,15.777,0,-540,0
0.058760,2.76900,0.169,9.642,15.646,0,-540,0
0.058780,2.76994,0.149,9.410,15.758,0,-540,0
0.058800,2.77088,0.177,9.379,15.679,0,-540,0
0.058820,2.77183,0.186,9.130,15.622,0,-540,0
0.058840,2.77277,0.151,8.926,15.721,0,-540,0
0.058860,2.77371,0.191,8.632,15.446,0,-540,0
0.058880,2.77465,0.114,8.552,15.522,0,-540,0
0.058900,2.77560,0.143,8.338,15.459,0,-540,0
0.058920,2.77654,0.130,8.125,15.478,0,-540,0
0.058940,2.77748,0.158,7.870,15.459,0,-540,0
0.058960,2.77842,0.213,7.714,15.351,0,-540,0
0.058980,2.77937,0.218,7.543,15.349,0,-540,0
0.059000,2.78031,0.164,7.395,15.338,0,-540,0
0.059020,2.78125,0.093,7.290,15.284,0,-540,0
0.059040,2.78219,0.180,7.153,15.210,0,-540,0
0.059060,2.78314,0.171,6.925,15.222,0,-540,0
0.059080,2.78408,0.178,6.722,15.093,0,-540,0
0.059100,2.78502,0.173,6.636,15.136,0,-540,0
0.059120,2.78596,0.144,6.546,15.110,0,-540,0
0.059140,2.78691,0.217,6.190,15.083,0,-540,0
0.059160,2.78785,0.109,6.222,15.045,0,-540,0
0.059180,2.78879,0.146,5.964,14.943,0,-540,0
0.059200,2.78973,0.183,5.809,14.899,0,-540,0
0.059220,2.79068,0.157,5.650,14.906,0,-540,0
0.059240,2.79162,0.138,5.510,14.953,0,-540,0
0.059260,2.79256,0.135,5.431,14.805,0,-540,0
0.059280,2.79350,0.174,5.304,14.817,0,-540,0
0.059300,2.79445,0.124,5.052,14.695,0,-540,0
0.059320,2.79539,0.183,4.943,14.676,0,-540,0
0.059340,2.79633,0.168,4.902,14.712,0,-540,0
0.059360,2.79727,0.149,4.719,14.583,0,-540,0
0.059380,2.79822,0.157,4.560,14.513,0,-540,0
0.059400,2.79916,0.201,4.419,14.485,0,-540,0
0.059420,2.80010,0.255,4.310,14.511,0,-540,0
0.059440,2.80104,0.222,4.159,14.425,0,-540,0
0.059460,2.80199,0.138,4.115,14.358,0,-540,0
0.059480,2.80293,0.253,3.875,14.350,0,-540,0
0.059500,2.80387,0.150,3.827,14.285,0,-540,0
0.059520,2.80481,0.184,3.662,14.123,0,-540,0
0.059540,2.80576,0.188,3.388,14.640,0,-540,540
0.059560,2.80670,0.176,3.413,15.532,0,-540,540
0.059580,2.80764,0.178,3.315,15.761,0,-540,0
0.059600,2.80858,0.101,3.179,15.732,0,-540,0
0.059620,2.80953,0.105,3.015,15.724,0,-540,0
0.059640,2.81047,0.197,2.911,15.674,0,-540,0
0.059660,2.81141,0.250,2.841,15.642,0,-540,0
0.059680,2.81235,0.222,2.662,15.529,0,-540,0
0.059700,2.81330,0.257,2.654,15.512,0,-540,0
0.059720,2.81424,0.210,2.519,15.513,0,-540,0
0.059740,2.81518,0.119,2.349,15.338,0,-540,0
0.059760,2.81612,0.223,2.217,15.285,0,-540,0
0.059780,2.81707,0.232,2.201,15.368,0,-540,0
0.059800,2.81801,0.187,2.055,15.295,0,-540,0
0.059820,2.81895,0.109,1.834,15.132,0,-540,0
0.059840,2.81989,0.211,1.790,15.144,0,-540,0
0.059860,2.82084,0.049,1.588,15.015,0,-540,0
0.059880,2.82178,0.029,1.568,15.019,0,-540,0
0.059900,2.82272,0.062,1.414,15.036,0,-540,0
0.059920,2.82366,0.065,1.378,14.877,0,-540,0
0.059940,2.82461,0.050,1.382,14.812,0,-540,0
0.059960,2.82555,0.096,1.200,14.741,0,-540,0
0.059980,2.82649,0.041,1.069,14.750,0,-540,0
0.060000,2.82743,0.014,1.009,14.737,0,-540,0
0.060020,2.82838,0.103,0.897,14.635,0,-540,0
0.060040,2.82932,0.037,0.730,14.518,0,-540,0
0.060060,2.83026,0.010,0.682,14.510,0,-540,0
0.060080,2.83120,0.114,0.621,14.390,0,-540,0
0.060100,2.83215,0.083,0.492,14.239,0,-540,0
0.060120,2.83309,0.041,0.382,14.429,0,-540,0
0.060140,2.83403,0.035,0.330,14.211,0,0,0
0.060160,2.83497,0.110,0.247,14.515,0,0,540
0.060180,2.83592,0.100,0.159,15.219,0,-540,540
0.060200,2.83686,0.062,0.242,16.112,0,0,540
0.060220,2.83780,0.097,0.250,15.982,0,0,0
0.060240,2.83874,0.055,0.200,15.943,0,0,0
0.060260,2.83969,-0.065,0.233,15.875,0,0,0
0.060280,2.84063,0.056,0.276,15.685,0,0,0
0.060300,2.84157,0.178,0.254,15.782,0,0,0
0.060320,2.84251,0.027,0.220,15.594,0,0,0
0.060340,2.84346,0.034,0.149,15.499,0,0,0
0.060360,2.84440,0.008,0.193,15.496,0,0,0
0.060380,2.84534,0.023,0.137,15.344,0,-540,0
0.060400,2.84628,0.053,0.116,15.297,0,0,0
0.060420,2.84723,0.042,0.194,15.157,0,0,0
0.060440,2.84817,0.108,0.194,15.189,0,0,0
0.060460,2.84911,0.001,0.124,15.165,0,0,0
0.060480,2.85005,0.079,0.171,15.031,0,0,0
0.060500,2.85100,0.092,0.142,14.968,0,0,0
0.060520,2.85194,0.049,0.078,14.824,0,0,0
0.060540,2.85288,0.094,0.154,14.750,0,0,0
0.060560,2.85382,0.004,0.134,14.702,0,0,0
0.060580,2.85477,0.115,0.207,14.537,0,0,0
0.060600,2.85571,-0.035,0.149,14.402,0,0,0
0.060620,2.85665,0.073,0.072,14.376,0,0,0
0.060640,2.85759,0.096,0.134,14.365,0,0,0
0.060660,2.85854,0.039,0.077,14.244,0,0,0
0.060680,2.85948,-0.025,0.088,14.169,0,0,0
0.060700,2.86042,0.029,0.208,14.528,0,0,540
0.060720,2.86136,0.106,0.231,15.167,0,0,540
0.060740,2.86231,0.047,0.084,15.877,0,0,540
0.060760,2.86325,0.074,0.088,15.771,0,0,0
0.060780,2.86419,0.108,0.252,15.681,0,0,0
0.060800,2.86513,0.072,0.127,15.565,0,0,0
0.060820,2.86607,0.029,0.261,15.478,0,0,0
0.060840,2.86702,0.066,0.177,15.370,0,0,0
0.060860,2.86796,0.013,0.200,15.292,0,0,0
0.060880,2.86890,0.146,0.129,15.154,0,0,0
0.060900,2.86984,0.074,0.074,15.105,0,0,0
0.060920,2.87079,0.099,0.284,14.991,0,0,0
0.060940,2.87173,0.116,0.124,14.914,0,0,0
0.060960,2.87267,0.028,0.116,14.826,0,0,0
0.060980,2.87361,0.094,0.141,14.721,0,0,0
0.061000,2.87456,0.049,0.155,14.619,0,0,0
0.061020,2.87550,0.084,0.111,14.545,0,0,0
0.061040,2.87644,0.103,0.231,14.564,0,0,0
0.061060,2.87738,0.125,0.125,14.257,0,0,0
0.061080,2.87833,0.108,0.127,14.226,0,0,0
0.061100,2.87927,0.093,0.132,14.498,0,0,540
0.061120,2.88021,-0.012,0.236,15.098,0,0,540
0.061140,2.88115,0.066,0.141,15.837,0,0,540
0.061160,2.88210,0.000,0.187,16.006,0,0,0
0.061180,2.88304,0.020,0.138,15.874,0,0,0
0.061200,2.88398,0.255,0.118,15.811,0,0,0
0.061220,2.88492,0.070,0.129,15.745,0,0,0
0.061240,2.88587,0.118,0.132,15.660,0,0,0
0.061260,2.88681,0.063,0.248,15.546,0,0,0
0.061280,2.88775,-0.011,0.184,15.298,0,0,0
0.061300,2.88869,0.132,0.080,15.264,0,0,0
0.061320,2.88964,0.078,0.099,15.116,0,0,0
0.061340,2.89058,0.064,0.117,15.044,0,0,0
0.061360,2.89152,0.108,0.229,14.931,0,0,0
0.061380,2.89246,0.040,0.177,14.769,0,0,0
0.061400,2.89341,0.126,0.201,14.626,0,0,0
0.061420,2.89435,0.034,0.119,14.580,0,0,0
0.061440,2.89529,0.139,0.137,14.423,0,0,0
0.061460,2.89623,0.111,0.116,14.372,0,0,0
0.061480,2.89718,0.172,0.207,14.256,0,0,0
0.061500,2.89812,0.069,0.099,14.113,0,0,0
0.061520,2.89906,0.093,0.136,14.741,0,0,540
0.061540,2.90000,0.063,0.259,15.268,0,0,540
0.061560,2.90095,0.005,0.102,15.921,0,0,540
0.061580,2.90189,0.089,0.068,15.741,0,0,0
0.061600,2.90283,0.090,0.159,15.664,0,0,0
0.061620,2.90377,0.110,0.161,15.568,0,0,0
0.061640,2.90472,0.100,0.139,15.308,0,0,0
0.061660,2.90566,0.030,0.120,15.158,0,0,0
0.061680,2.90660,0.158,0.160,15.110,0,0,0
0.061700,2.90754,0.113,0.137,14.968,0,0,0
0.061720,2.90849,0.064,0.128,14.814,0,0,0
0.061740,2.90943,0.149,0.151,14.757,0,0,0
0.061760,2.91037,0.163,0.097,14.596,0,0,0
0.061780,2.91131,0.073,0.110,14.418,0,0,0
0.061800,2.91226,0.115,0.141,14.284,0,0,0
0.061820,2.91320,-0.007,0.245,14.120,0,0,0
0.061840,2.91414,0.012,0.147,14.386,0,0,540
0.061860,2.91508,0.121,0.264,14.976,0,0,540
0.061880,2.91603,0.089,0.040,15.466,0,0,540
0.061900,2.91697,0.021,0.023,16.054,0,0,540
0.061920,2.91791,0.090,0.109,15.925,0,0,0
0.061940,2.91885,0.064,0.191,15.728,0,0,0
0.061960,2.91980,0.171,0.168,15.580,0,0,0
0.061980,2.92074,0.089,0.089,15.510,0,0,0
0.062000,2.92168,0.003,0.166,15.301,0,0,0
0.062020,2.92262,0.107,0.158,15.219,0,0,0
0.062040,2.92357,0.040,0.119,15.045,0,0,0
0.062060,2.92451,0.104,0.145,14.918,0,0,0
0.062080,2.92545,0.116,0.152,14.766,0,0,0
0.062100,2.92639,0.098,0.152,14.619,0,0,0
0.062120,2.92734,0.112,0.183,14.494,0,0,0
0.062140,2.92828,0.003,0.243,14.401,0,0,0
0.062160,2.92922,0.030,0.149,14.317,0,0,0
0.062180,2.93016,0.157,0.221,14.683,0,0,540
0.062200,2.93111,0.094,0.168,15.211,0,0,540
0.062220,2.93205,0.198,0.187,15.600,0,0,540
0.062240,2.93299,0.145,0.065,15.782,0,0,0
0.062260,2.93393,0.009,0.149,15.718,0,0,0
0.062280,2.93488,0.017,0.163,15.491,0,0,0
0.062300,2.93582,0.038,0.120,15.300,0,0,0
0.062320,2.93676,0.078,0.095,15.320,0,0,0
0.062340,2.93770,0.040,0.086,15.068,0,0,0
0.062360,2.93865,0.099,0.244,14.951,0,0,0
0.062380,2.93959,0.029,0.148,14.876,0,0,0
0.062400,2.94053,-0.041,0.148,14.638,0,0,0
0.062420,2.94147,0.108,0.170,14.449,0,0,0
0.062440,2.94242,-0.004,0.109,14.452,0,0,0
0.062460,2.94336,0.022,0.059,14.263,0,0,0
0.062480,2.94430,0.126,0.049,14.428,0,0,540
0.062500,2.94524,0.052,0.228,14.860,0,0,540
0.062520,2.94619,0.064,0.230,15.277,0,0,540
0.062540,2.94713,0.102,0.177,15.773,0,0,540
0.062560,2.94807,0.132,0.152,15.895,0,0,0
0.062580,2.94901,0.128,0.171,15.669,0,0,0
0.062600,2.94996,0.045,0.093,15.481,0,0,0
0.062620,2.95090,0.113,0.167,15.400,0,0,0
0.062640,2.95184,0.101,0.191,15.163,0,0,0
0.062660,2.95278,0.044,0.196,15.013,0,0,0
0.062680,2.95373,-0.010,0.155,15.005,0,0,0
0.062700,2.95467,0.033,0.170,14.748,0,0,0
0.062720,2.95561,0.177,0.154,14.659,0,0,0
0.062740,2.95655,0.135,0.174,14.585,0,0,0
0.062760,2.95750,0.076,0.193,14.362,0,0,0
0.062780,2.95844,0.161,0.061,14.313,0,0,0
0.062800,2.95938,0.092,0.128,14.356,0,0,540
0.062820,2.96032,-0.000,0.216,14.707,0,0,540
0.062840,2.96127,0.143,0.135,15.105,0,0,540
0.062860,2.96221,0.078,0.209,15.490,0,0,540
0.062880,2.96315,0.156,0.235,16.056,0,0,540
0.062900,2.96409,0.029,0.055,15.790,0,0,0
0.062920,2.96504,0.102,0.192,15.596,0,0,0
0.062940,2.96598,0.025,0.139,15.369,0,0,0
0.062960,2.96692,-0.015,0.150,15.273,0,0,0
0.062980,2.96786,0.165,0.149,15.202,0,0,0
0.063000,2.96881,0.062,0.225,14.975,0,0,0
0.063020,2.96975,0.124,0.050,14.893,0,0,0
0.063040,2.97069,0.023,0.202,14.749,0,0,0
0.063060,2.97163,0.136,0.135,14.556,0,0,0
0.063080,2.97257,0.039,0.202,14.390,0,0,0
0.063100,2.97352,0.075,0.154,14.318,0,0,0
0.063120,2.97446,0.152,0.193,14.191,0,0,0
0.063140,2.97540,0.065,0.183,14.490,0,0,540
0.063160,2.97634,0.096,0.099,14.824,0,0,540
0.063180,2.97729,0.100,0.129,15.211,0,0,540
0.063200,2.97823,0.110,0.127,15.653,0,0,540
0.063220,2.97917,0.150,0.188,15.714,0,0,0
0.063240,2.98011,-0.025,0.129,15.524,0,0,0
0.063260,2.98106,0.080,0.211,15.445,0,0,0
0.063280,2.98200,0.105,0.128,15.220,0,0,0
0.063300,2.98294,0.082,0.125,15.062,0,0,0
0.063320,2.98388,0.095,0.200,14.920,0,0,0
0.063340,2.98483,0.161,0.189,14.794,0,0,0
0.063360,2.98577,0.144,0.097,14.564,0,0,0
0.063380,2.98671,0.051,0.202,14.407,0,0,0
0.063400,2.98765,0.091,0.157,14.209,0,0,0
0.063420,2.98860,0.081,0.150,14.429,0,0,540
0.063440,2.98954,0.005,0.125,14.760,0,0,540
0.063460,2.99048,0.090,0.128,15.111,0,0,540
0.063480,2.99142,0.055,0.163,15.396,0,0,540
0.063500,2.99237,0.007,0.141,15.838,0,0,540
0.063520,2.99331,0.113,0.208,15.841,0,0,0
0.063540,2.99425,0.091,0.157,15.707,0,0,0
0.063560,2.99519,0.138,0.160,15.546,0,0,0
0.063580,2.99614,0.086,0.106,15.368,0,0,0
0.063600,2.99708,0.069,0.191,15.221,0,0,0
0.063620,2.99802,0.095,0.128,15.090,0,0,0
0.063640,2.99896,0.118,0.250,14.914,0,0,0
0.063660,2.99991,0.092,0.133,14.770,0,0,0
0.063680,3.00085,0.153,0.078,14.665,0,0,0
0.063700,3.00179,0.088,0.104,14.556,0,0,0
0.063720,3.00273,0.093,0.214,14.409,0,0,0
0.063740,3.00368,0.097,0.144,14.209,0,0,0
0.063760,3.00462,0.106,0.216,14.340,0,0,540
0.063780,3.00556,-0.066,0.189,14.630,0,0,540
0.063800,3.00650,0.121,0.165,14.910,0,0,540
0.063820,3.00745,0.077,0.244,15.276,0,0,540
0.063840,3.00839,0.142,0.170,15.576,0,0,540
0.063860,3.00933,0.071,0.166,15.922,0,0,540
0.063880,3.01027,0.032,0.167,15.794,0,0,0
0.063900,3.01122,0.099,0.143,15.628,0,0,0
0.063920,3.01216,-0.007,0.182,15.534,0,0,0
0.063940,3.01310,0.055,0.160,15.359,0,0,0
0.063960,3.01404,0.145,0.073,15.187,0,0,0
0.063980,3.01499,0.088,0.156,14.975,0,0,0
0.064000,3.01593,0.075,0.157,14.822,0,0,0
0.064020,3.01687,0.062,0.151,14.692,0,0,0
0.064040,3.01781,0.062,0.197,14.687,0,0,0
0.064060,3.01876,0.087,0.169,14.561,0,0,0
0.064080,3.01970,0.119,0.170,14.451,0,0,0
0.064100,3.02064,0.099,0.091,14.241,0,0,0
0.064120,3.02158,0.062,0.163,14.096,0,0,0
0.064140,3.02253,0.058,0.168,14.449,0,0,540
0.064160,3.02347,-0.000,0.229,14.677,0,0,540
0.064180,3.02441,0.077,0.176,14.968,0,0,540
0.064200,3.02535,0.172,0.174,15.285,0,0,540
0.064220,3.02630,0.069,0.114,15.558,0,0,540
0.064240,3.02724,0.094,0.181,15.889,0,0,540
0.064260,3.02818,0.101,0.235,15.801,0,0,0
0.064280,3.02912,0.083,0.167,15.662,0,0,0
0.064300,3.03007,0.024,0.161,15.431,0,0,0
0.064320,3.03101,-0.016,0.148,15.409,0,0,0
0.064340,3.03195,0.049,0.278,15.202,0,0,0
0.064360,3.03289,-0.013,0.141,15.061,0,0,0
0.064380,3.03384,0.069,0.126,14.969,0,0,0
0.064400,3.03478,0.045,0.158,14.892,0,0,0
0.064420,3.03572,0.187,0.091,14.758,0,0,0
0.064440,3.03666,0.056,0.162,14.673,0,0,0
0.064460,3.03761,0.063,0.232,14.450,0,0,0
0.064480,3.03855,0.076,0.078,14.319,0,0,0
0.064500,3.03949,0.136,0.146,14.233,0,0,0
0.064520,3.04043,-0.008,0.060,14.146,0,0,0
0.064540,3.04138,0.017,0.210,14.341,0,0,540
0.064560,3.04232,-0.019,0.186,14.700,0,0,540
0.064580,3.04326,0.113,0.090,15.003,0,0,540
0.064600,3.04420,0.017,0.125,15.312,0,0,540
0.064620,3.04515,0.049,0.034,15.520,0,0,540
0.064640,3.04609,0.201,0.224,15.831,0,0,540
0.064660,3.04703,-0.017,0.175,15.876,0,0,0
0.064680,3.04797,0.104,0.161,15.676,0,0,0
0.064700,3.04892,0.092,0.074,15.591,0,0,0
0.064720,3.04986,0.073,0.144,15.590,0,0,0
0.064740,3.05080,0.097,0.172,15.452,0,0,0
0.064760,3.05174,0.189,0.171,15.278,0,0,0
0.064780,3.05269,-0.001,0.057,15.215,0,0,0
0.064800,3.05363,0.038,0.084,15.028,0,0,0
0.064820,3.05457,0.090,0.112,15.007,0,0,0
0.064840,3.05551,0.139,0.106,14.874,0,0,0
0.064860,3.05646,0.017,0.111,14.832,0,0,0
0.064880,3.05740,0.014,0.171,14.663,0,0,0
0.064900,3.05834,0.088,0.160,14.591,0,0,0
0.064920,3.05928,0.076,0.176,14.483,0,0,0
0.064940,3.06023,0.032,0.075,14.345,0,0,0
0.064960,3.06117,0.078,0.151,14.285,0,0,0
0.064980,3.06211,-0.061,0.114,14.414,0,0,540
0.065000,3.06305,0.029,0.131,14.550,0,0,540
0.065020,3.06400,0.084,0.134,14.886,0,0,540
0.065040,3.06494,0.103,0.110,15.168,0,0,540
0.065060,3.06588,-0.008,0.133,15.445,0,0,540
0.065080,3.06682,-0.074,0.192,15.679,0,0,540
0.065100,3.06777,0.045,0.112,15.741,0,0,0
0.065120,3.06871,0.040,0.099,15.700,0,0,0
0.065140,3.06965,0.088,0.077,15.618,0,0,0
0.065160,3.07059,0.052,0.252,15.464,0,0,0
0.065180,3.07154,0.070,0.144,15.448,0,0,0
0.065200,3.07248,0.005,0.129,15.272,0,0,0
0.065220,3.07342,0.125,0.094,15.110,0,0,0
0.065240,3.07436,0.042,0.204,15.090,0,0,0
0.065260,3.07531,0.102,0.216,14.950,0,0,0
0.065280,3.07625,0.074,0.090,14.975,0,0,0
0.065300,3.07719,-0.004,0.043,14.813,0,0,0
0.065320,3.07813,0.062,0.083,14.670,0,0,0
0.065340,3.07907,0.002,0.200,14.746,0,0,0
0.065360,3.08002,0.045,0.139,14.629,0,0,0
0.065380,3.08096,-0.016,0.231,14.612,0,0,0
0.065400,3.08190,-0.064,0.108,14.366,0,0,0
0.065420,3.08284,0.089,0.101,14.336,0,0,0
0.065440,3.08379,0.036,0.151,14.299,0,0,0
0.065460,3.08473,0.101,0.130,14.090,0,0,0
0.065480,3.08567,-0.041,0.104,14.509,0,0,540
0.065500,3.08661,0.072,0.100,14.662,0,0,540
0.065520,3.08756,0.056,0.159,15.004,0,0,540
0.065540,3.08850,0.058,0.194,15.198,0,0,540
0.065560,3.08944,0.069,0.092,15.475,0,0,540
0.065580,3.09038,0.020,0.135,15.831,0,0,540
0.065600,3.09133,0.049,0.093,15.841,0,0,0
0.065620,3.09227,0.099,0.111,15.713,0,0,0
0.065640,3.09321,0.049,0.072,15.634,0,0,0
0.065660,3.09415,0.020,0.169,15.764,0,0,0
0.065680,3.09510,0.007,0.049,15.612,0,0,0
0.065700,3.09604,0.089,0.210,15.510,0,0,0
0.065720,3.09698,0.053,0.164,15.490,0,0,0
0.065740,3.09792,0.096,0.181,15.265,0,0,0
0.065760,3.09887,-0.009,0.124,15.206,0,0,0
0.065780,3.09981,0.001,0.057,15.203,0,0,0
0.065800,3.10075,0.079,0.085,15.105,0,0,0
0.065820,3.10169,0.068,0.128,15.091,0,0,0
0.065840,3.10264,0.081,0.084,15.027,0,0,0
0.065860,3.10358,-0.042,0.191,14.961,0,0,0
0.065880,3.10452,0.085,0.126,14.786,0,0,0
0.065900,3.10546,0.081,0.158,14.753,0,0,0
0.065920,3.10641,0.043,0.166,14.765,0,0,0
0.065940,3.10735,-0.038,0.253,14.716,0,0,0
0.065960,3.10829,0.015,0.101,14.631,0,0,0
0.065980,3.10923,0.014,0.154,14.508,0,0,0
0.066000,3.11018,0.022,0.177,14.409,0,0,0
0.066020,3.11112,0.059,0.053,14.414,0,0,0
0.066040,3.11206,0.042,0.181,14.411,0,0,0
0.066060,3.11300,0.069,0.179,14.291,0,0,0
0.066080,3.11395,0.027,0.101,14.393,0,0,540
0.066100,3.11489,-0.029,0.110,14.614,0,0,540
0.066120,3.11583,0.052,0.185,14.927,0,0,540
0.066140,3.11677,0.014,0.209,15.169,0,0,540
0.066160,3.11772,0.057,0.146,15.436,0,0,540
0.066180,3.11866,0.043,0.135,15.613,0,0,540
0.066200,3.11960,-0.036,0.082,15.814,0,0,0
0.066220,3.12054,0.023,0.149,15.759,0,0,0
0.066240,3.12149,-0.052,0.128,15.675,0,0,0
0.066260,3.12243,0.016,0.060,15.726,0,0,0
0.066280,3.12337,0.028,0.161,15.544,0,0,0
0.066300,3.12431,0.048,0.087,15.542,0,0,0
0.066320,3.12526,0.029,0.195,15.508,0,0,0
0.066340,3.12620,-0.049,0.194,15.449,0,0,0
0.066360,3.12714,0.011,0.169,15.391,0,0,0
0.066380,3.12808,0.101,0.248,15.307,0,0,0
0.066400,3.12903,-0.000,0.065,15.286,0,0,0
0.066420,3.12997,-0.061,0.134,15.218,0,0,0
0.066440,3.13091,0.092,0.172,15.175,0,0,0
0.066460,3.13185,-0.032,0.174,15.043,0,0,0
0.066480,3.13280,-0.008,0.133,15.072,0,0,0
0.066500,3.13374,0.036,0.182,14.989,0,0,0
0.066520,3.13468,-0.044,0.205,14.955,0,0,0
0.066540,3.13562,-0.004,0.254,14.874,0,0,0
0.066560,3.13657,-0.036,0.190,14.799,0,0,0
0.066580,3.13751,0.087,0.162,14.814,0,0,0
0.066600,3.13845,0.039,0.210,14.716,0,0,0
0.066620,3.13939,-0.068,0.252,14.661,0,0,0
0.066640,3.14034,-0.034,0.177,14.651,0,0,0
0.066660,3.14128,0.059,0.130,14.692,0,0,0
0.066680,3.14222,-0.029,0.223,14.641,0,0,0
0.066700,3.14316,0.031,0.225,14.506,0,0,0
0.066720,3.14411,0.026,0.115,14.520,0,0,0
0.066740,3.14505,0.062,0.185,14.477,0,0,0
0.066760,3.14599,0.095,0.181,14.401,0,0,0
0.066780,3.14693,-0.051,0.112,14.338,0,0,0
0.066800,3.14788,-0.033,0.268,14.304,0,0,0
0.066820,3.14882,0.011,0.127,14.195,0,0,0
0.066840,3.14976,0.012,0.108,14.316,0,0,0
0.066860,3.15070,0.061,0.219,14.183,0,0,0
0.066880,3.15165,-0.030,0.083,14.205,0,0,0
0.066900,3.15259,-0.015,0.082,14.507,0,0,540
0.066920,3.15353,0.034,0.221,14.727,0,0,540
0.066940,3.15447,-0.027,0.196,15.081,0,0,540
0.066960,3.15542,0.102,0.201,15.277,0,0,540
0.066980,3.15636,-0.034,0.189,15.601,0,0,540
0.067000,3.15730,0.158,0.222,15.796,0,0,540
0.067020,3.15824,-0.059,0.211,15.812,0,0,0
0.067040,3.15919,-0.073,0.175,15.678,0,0,0
0.067060,3.16013,0.024,0.245,15.766,0,0,0
0.067080,3.16107,0.065,0.131,15.680,0,0,0
0.067100,3.16201,0.017,0.215,15.680,0,0,0
0.067120,3.16296,-0.016,0.210,15.695,0,0,0
0.067140,3.16390,-0.001,0.162,15.677,0,0,0
0.067160,3.16484,0.049,0.180,15.559,0,0,0
0.067180,3.16578,-0.017,0.109,15.547,0,0,0
0.067200,3.16673,0.036,0.152,15.507,0,0,0
0.067220,3.16767,0.039,0.251,15.466,0,0,0
0.067240,3.16861,-0.031,0.137,15.406,0,0,0
0.067260,3.16955,0.014,0.130,15.386,0,0,0
0.067280,3.17050,-0.117,0.261,15.307,0,0,0
0.067300,3.17144,0.043,0.134,15.231,0,0,0
0.067320,3.17238,0.053,0.191,15.331,0,0,0
0.067340,3.17332,0.081,0.173,15.280,0,0,0
0.067360,3.17427,-0.019,0.064,15.131,0,0,0
0.067380,3.17521,0.017,0.158,15.182,0,0,0
0.067400,3.17615,0.107,0.094,15.096,0,0,0
0.067420,3.17709,0.028,0.124,15.176,0,0,0
0.067440,3.17804,0.044,0.267,15.191,0,0,0
0.067460,3.17898,0.050,0.167,15.072,0,0,0
0.067480,3.17992,0.010,0.169,15.049,0,0,0
0.067500,3.18086,0.030,0.130,15.030,0,0,0
0.067520,3.18181,0.139,0.204,15.002,0,0,0
0.067540,3.18275,0.091,0.092,15.010,0,0,0
0.067560,3.18369,0.020,0.216,14.959,0,0,0
0.067580,3.18463,0.040,0.195,14.960,0,0,0
0.067600,3.18557,0.446,0.195,14.867,540,0,0
0.067620,3.18652,1.424,0.099,14.848,540,0,0
0.067640,3.18746,2.245,0.151,14.898,540,0,0
0.067660,3.18840,3.275,0.161,14.981,540,0,0
0.067680,3.18934,4.052,0.200,14.699,540,0,0
0.067700,3.19029,4.903,0.201,14.783,540,0,0
0.067720,3.19123,5.794,0.166,14.761,540,0,0
0.067740,3.19217,6.655,0.167,14.790,540,0,0
0.067760,3.19311,7.457,0.140,14.699,540,0,0
0.067780,3.19406,8.333,0.229,14.713,540,0,0
0.067800,3.19500,9.144,0.209,14.627,540,0,0
0.067820,3.19594,10.073,0.214,14.680,540,0,0
0.067840,3.19688,10.854,0.050,14.661,540,0,0
0.067860,3.19783,11.731,0.176,14.667,540,0,0
0.067880,3.19877,12.532,0.091,14.520,540,0,0
0.067900,3.19971,13.390,0.137,14.560,540,0,0
0.067920,3.20065,14.118,-0.009,14.528,540,0,0
0.067940,3.20160,14.991,0.169,14.617,540,0,0
0.067960,3.20254,15.770,0.191,14.560,540,0,0
0.067980,3.20348,16.120,0.124,14.396,0,0,0
0.068000,3.20442,16.020,0.149,14.475,0,0,0
0.068020,3.20537,15.901,0.098,14.518,0,0,0
0.068040,3.20631,15.851,0.093,14.392,0,0,0
0.068060,3.20725,15.726,0.117,14.387,0,0,0
0.068080,3.20819,15.715,0.109,14.421,0,0,0
0.068100,3.20914,15.507,0.105,14.340,0,0,0
0.068120,3.21008,15.486,0.097,14.261,0,0,0
0.068140,3.21102,15.385,0.173,14.419,0,0,0
0.068160,3.21196,15.320,0.141,14.199,0,0,0
0.068180,3.21291,15.164,0.109,14.330,0,0,0
0.068200,3.21385,15.166,0.171,14.362,0,0,0
0.068220,3.21479,15.004,0.171,14.548,0,0,540
0.068240,3.21573,14.906,0.186,14.879,0,0,540
0.068260,3.21668,14.793,0.133,15.163,0,0,540
0.068280,3.21762,14.739,0.121,15.296,0,0,540
0.068300,3.21856,14.589,0.135,15.678,0,0,540
0.068320,3.21950,14.579,0.137,15.875,0,0,0
0.068340,3.22045,14.420,0.216,15.929,0,0,0
0.068360,3.22139,14.350,0.081,15.808,0,0,0
0.068380,3.22233,14.289,0.150,15.762,0,0,0
0.068400,3.22327,14.153,0.197,15.815,0,0,0
0.068420,3.22422,14.964,0.181,15.723,540,0,0
0.068440,3.22516,15.728,0.130,15.704,540,0,0
0.068460,3.22610,16.246,0.171,15.733,0,0,0
0.068480,3.22704,16.064,0.125,15.750,0,0,0
0.068500,3.22799,15.961,0.174,15.753,0,0,0
0.068520,3.22893,15.873,0.182,15.655,0,0,0
0.068540,3.22987,15.768,0.044,15.676,0,0,0
0.068560,3.23081,15.651,0.161,15.595,0,0,0
0.068580,3.23176,15.535,0.157,15.679,0,0,0
0.068600,3.23270,15.559,0.145,15.529,0,0,0
0.068620,3.23364,15.438,0.235,15.622,0,0,0
0.068640,3.23458,15.298,0.190,15.565,0,0,0
0.068660,3.23553,15.278,0.241,15.524,0,0,0
0.068680,3.23647,15.034,0.125,15.557,0,0,0
0.068700,3.23741,15.059,0.153,15.526,0,0,0
0.068720,3.23835,14.966,0.113,15.490,0,0,0
0.068740,3.23930,14.820,0.061,15.532,0,0,0
0.068760,3.24024,14.740,0.179,15.544,0,0,0
0.068780,3.24118,14.609,0.199,15.504,0,0,0
0.068800,3.24212,14.545,0.139,15.523,0,0,0
0.068820,3.24307,14.381,0.120,15.494,0,0,0
0.068840,3.24401,14.345,0.182,15.424,0,0,0
0.068860,3.24495,14.282,0.086,15.402,0,0,0
0.068880,3.24589,14.667,0.055,15.467,540,0,0
0.068900,3.24684,15.474,0.210,15.505,540,0,0
0.068920,3.24778,15.691,0.184,15.479,0,0,0
0.068940,3.24872,15.707,0.182,15.382,0,0,0
0.068960,3.24966,15.637,0.134,15.411,0,0,0
0.068980,3.25061,15.578,0.175,15.368,0,0,0
0.069000,3.25155,15.372,0.165,15.336,0,0,0
0.069020,3.25249,15.348,0.165,15.403,0,0,0
0.069040,3.25343,15.129,0.180,15.486,0,0,0
0.069060,3.25438,15.111,0.089,15.296,0,0,0
0.069080,3.25532,15.028,0.092,15.329,0,0,0
0.069100,3.25626,14.867,0.185,15.348,0,0,0
0.069120,3.25720,14.773,0.205,15.276,0,0,0
0.069140,3.25815,14.698,0.209,15.261,0,0,0
0.069160,3.25909,14.629,0.175,15.240,0,0,0
0.069180,3.26003,14.577,0.077,15.178,0,0,0
0.069200,3.26097,14.437,0.186,15.266,0,0,0
0.069220,3.26192,14.307,0.114,15.268,0,0,0
0.069240,3.26286,14.226,0.107,15.158,0,0,0
0.069260,3.26380,14.595,0.068,15.346,540,0,0
0.069280,3.26474,15.474,0.127,15.157,540,0,0
0.069300,3.26569,16.172,0.137,15.144,540,0,0
0.069320,3.26663,16.101,0.149,15.218,0,0,0
0.069340,3.26757,16.052,0.164,15.206,0,0,0
0.069360,3.26851,15.885,0.179,15.283,0,0,0
0.069380,3.26946,15.776,0.227,15.212,0,0,0
0.069400,3.27040,15.738,0.152,15.159,0,0,0
0.069420,3.27134,15.533,0.177,15.116,0,0,0
0.069440,3.27228,15.445,0.194,15.150,0,0,0
0.069460,3.27323,15.346,0.137,14.902,0,0,-540
0.069480,3.27417,15.211,0.209,14.705,0,0,-540
0.069500,3.27511,15.123,0.223,14.349,0,0,-540
0.069520,3.27605,15.050,0.188,14.024,0,0,-540
0.069540,3.27700,14.872,0.168,13.684,0,0,-540
0.069560,3.27794,14.808,0.174,13.437,0,0,-540
0.069580,3.27888,14.710,0.224,13.077,0,0,-540
0.069600,3.27982,14.622,0.171,12.896,0,0,-540
0.069620,3.28077,14.605,0.272,12.683,0,0,-540
0.069640,3.28171,14.440,0.165,12.353,0,0,-540
0.069660,3.28265,14.325,0.171,12.137,0,0,-540
0.069680,3.28359,14.238,0.190,12.033,0,0,-540
0.069700,3.28454,14.678,0.193,11.680,540,0,-540
0.069720,3.28548,15.323,0.161,11.455,540,0,-540
0.069740,3.28642,15.678,0.219,11.167,0,0,-540
0.069760,3.28736,15.601,0.293,10.917,0,0,-540
0.069780,3.28831,15.500,0.085,10.682,0,-540,-540
0.069800,3.28925,15.427,0.099,10.456,0,0,-540
0.069820,3.29019,15.244,0.118,10.345,0,0,-540
0.069840,3.29113,15.065,0.039,10.066,0,0,-540
0.069860,3.29207,15.065,0.085,9.880,0,0,-540
0.069880,3.29302,14.953,0.121,9.565,0,0,-540
0.069900,3.29396,14.878,0.045,9.534,0,0,-540
0.069920,3.29490,14.773,0.065,9.185,0,0,-540
0.069940,3.29584,14.655,0.116,9.021,0,0,-540
0.069960,3.29679,14.501,0.139,8.943,0,0,-540
0.069980,3.29773,14.441,0.102,8.694,0,0,-540
0.070000,3.29867,14.315,0.106,8.467,0,0,-540
0.070020,3.29961,14.164,0.060,8.301,0,0,-540
0.070040,3.30056,15.016,0.183,8.088,540,0,-540
0.070060,3.30150,15.770,-0.015,7.950,540,0,-540
0.070080,3.30244,16.080,0.146,7.812,0,0,-540
0.070100,3.30338,15.963,0.058,7.612,0,0,-540
0.070120,3.30433,15.920,0.148,7.375,0,0,-540
0.070140,3.30527,15.749,0.119,7.303,0,0,-540
0.070160,3.30621,15.607,0.149,6.996,0,0,-540
0.070180,3.30715,15.427,0.226,6.889,0,0,-540
0.070200,3.30810,15.447,0.090,6.715,0,0,-540
0.070220,3.30904,15.261,0.120,6.563,0,0,-540
0.070240,3.30998,15.286,0.138,6.453,0,0,-540
0.070260,3.31092,15.030,0.023,6.281,0,0,-540
0.070280,3.31187,14.989,0.117,6.049,0,0,-540
0.070300,3.31281,14.807,0.045,6.044,0,0,-540
0.070320,3.31375,14.740,0.124,5.805,0,0,-540
0.070340,3.31469,14.530,0.117,5.701,0,0,-540
0.070360,3.31564,14.543,0.105,5.550,0,0,-540
0.070380,3.31658,14.416,0.204,5.429,0,0,-540
0.070400,3.31752,14.387,0.137,5.174,0,0,-540
0.070420,3.31846,14.621,0.171,5.194,540,0,-540
0.070440,3.31941,15.296,0.260,4.948,540,0,-540
0.070460,3.32035,16.050,0.137,4.830,540,0,-540
0.070480,3.32129,16.000,0.252,4.714,0,0,-540
0.070500,3.32223,15.894,0.090,4.590,0,0,-540
0.070520,3.32318,15.818,0.123,4.385,0,0,-540
0.070540,3.32412,15.748,0.145,4.271,0,0,-540
0.070560,3.32506,15.511,0.135,4.185,0,0,-540
0.070580,3.32600,15.345,0.146,4.136,0,0,-540
0.070600,3.32695,15.332,0.109,3.864,0,0,-540
0.070620,3.32789,15.117,0.102,3.727,0,0,-540
0.070640,3.32883,15.089,0.179,3.669,0,0,-540
0.070660,3.32977,14.912,0.216,3.631,0,0,-540
0.070680,3.33072,14.749,0.254,3.399,0,0,-540
0.070700,3.33166,14.659,0.205,3.349,0,0,-540
0.070720,3.33260,14.499,0.220,3.148,0,0,-540
0.070740,3.33354,14.349,0.087,3.039,0,0,-540
0.070760,3.33449,14.309,0.072,2.857,0,0,-540
0.070780,3.33543,14.161,0.118,2.774,0,0,-540
0.070800,3.33637,14.509,0.094,2.768,540,0,-540
0.070820,3.33731,15.216,0.049,2.603,540,0,-540
0.070840,3.33826,15.967,0.106,2.495,540,0,-540
0.070860,3.33920,15.795,0.175,2.286,0,0,-540
0.070880,3.34014,15.684,0.139,2.309,0,0,-540
0.070900,3.34108,15.428,0.176,2.073,0,0,-540
0.070920,3.34203,15.461,0.252,2.010,0,0,-540
0.070940,3.34297,15.320,0.103,1.986,0,0,-540
0.070960,3.34391,15.200,0.126,1.848,0,0,-540
0.070980,3.34485,14.964,0.245,1.622,0,0,-540
0.071000,3.34580,14.884,0.107,1.669,0,0,-540
0.071020,3.34674,14.832,0.165,1.515,0,0,-540
0.071040,3.34768,14.690,0.142,1.411,0,0,-540
0.071060,3.34862,14.523,0.163,1.328,0,0,-540
0.071080,3.34957,14.382,0.198,1.174,0,0,-540
0.071100,3.35051,14.275,0.135,1.225,0,0,-540
0.071120,3.35145,14.616,0.138,0.950,540,0,-540
0.071140,3.35239,15.247,0.197,0.869,540,0,-540
0.071160,3.35334,15.994,0.270,0.784,540,0,-540
0.071180,3.35428,15.784,0.170,0.700,0,0,-540
0.071200,3.35522,15.636,0.160,0.705,0,0,-540
0.071220,3.35616,15.501,0.185,0.543,0,0,-540
0.071240,3.35711,15.294,0.258,0.364,0,0,-540
0.071260,3.35805,15.187,0.146,0.376,0,0,-540
0.071280,3.35899,15.209,0.087,0.331,0,0,-540
0.071300,3.35993,14.916,0.079,0.282,0,0,0
0.071320,3.36088,14.817,0.108,0.222,0,0,0
0.071340,3.36182,14.609,0.190,0.147,0,0,0
0.071360,3.36276,14.551,0.239,0.275,0,0,0
0.071380,3.36370,14.414,0.276,0.153,0,0,-540
0.071400,3.36465,14.342,0.284,0.245,0,0,0
0.071420,3.36559,14.147,0.083,0.324,0,-540,0
0.071440,3.36653,14.526,0.082,0.277,540,0,0
0.071460,3.36747,15.131,-0.011,0.190,540,0,0
0.071480,3.36842,15.883,-0.015,0.156,540,0,0
0.071500,3.36936,15.605,0.075,0.136,0,0,0
0.071520,3.37030,15.534,0.022,0.249,0,0,0
0.071540,3.37124,15.298,0.003,0.146,0,0,0
0.071560,3.37219,15.132,0.002,0.248,0,0,0
0.071580,3.37313,15.055,0.032,0.179,0,0,0
0.071600,3.37407,14.865,-0.017,0.178,0,0,0
0.071620,3.37501,14.774,-0.038,0.251,0,0,0
0.071640,3.37596,14.547,0.123,0.222,0,0,0
0.071660,3.37690,14.469,-0.016,0.229,0,0,0
0.071680,3.37784,14.308,0.073,0.281,0,0,0
0.071700,3.37878,14.253,-0.029,0.234,0,0,0
0.071720,3.37973,14.922,0.000,0.247,540,0,0
0.071740,3.38067,15.485,-0.013,0.096,540,0,0
0.071760,3.38161,16.161,-0.010,0.270,540,0,0
0.071780,3.38255,16.021,0.047,0.103,0,0,0
0.071800,3.38350,15.803,-0.007,0.243,0,0,0
0.071820,3.38444,15.561,0.042,0.190,0,0,0
0.071840,3.38538,15.486,0.022,0.203,0,0,0
0.071860,3.38632,15.291,0.044,0.228,0,0,0
0.071880,3.38727,15.050,0.072,0.191,0,0,0
0.071900,3.38821,14.987,0.052,0.199,0,0,0
0.071920,3.38915,14.909,0.052,0.200,0,0,0
0.071940,3.39009,14.629,0.044,0.175,0,0,0
0.071960,3.39104,14.496,-0.042,0.085,0,0,-540
0.071980,3.39198,14.368,0.120,0.212,0,0,0
0.072000,3.39292,14.216,0.090,0.142,0,0,0
0.072020,3.39386,14.883,0.053,0.246,540,0,0
0.072040,3.39481,15.505,0.028,0.020,540,0,0
0.072060,3.39575,16.075,0.136,0.153,540,0,0
0.072080,3.39669,15.907,0.086,0.224,0,0,0
0.072100,3.39763,15.567,0.118,0.093,0,0,0
0.072120,3.39857,15.530,0.040,0.162,0,0,0
0.072140,3.39952,15.361,0.045,0.136,0,0,0
0.072160,3.40046,15.165,-0.026,0.116,0,0,0
0.072180,3.40140,14.931,0.003,0.067,0,0,0
0.072200,3.40234,14.934,-0.012,0.184,0,0,0
0.072220,3.40329,14.741,0.014,0.105,0,0,0
0.072240,3.40423,14.553,0.081,0.146,0,0,0
0.072260,3.40517,14.389,0.036,0.191,0,0,0
0.072280,3.40611,14.216,0.021,0.173,0,0,0
0.072300,3.40706,14.676,0.165,0.084,540,0,0
0.072320,3.40800,15.378,0.150,0.150,540,0,0
0.072340,3.40894,15.963,-0.016,0.140,540,0,0
0.072360,3.40988,15.696,0.033,0.158,0,0,0
0.072380,3.41083,15.646,0.053,0.197,0,0,0
0.072400,3.41177,15.518,0.055,0.106,0,0,0
0.072420,3.41271,15.167,0.145,0.225,0,0,0
0.072440,3.41365,15.064,0.003,0.100,0,0,0
0.072460,3.41460,14.866,0.048,0.062,0,0,0
0.072480,3.41554,14.743,0.042,0.086,0,0,0
0.072500,3.41648,14.414,0.137,0.081,0,0,0
0.072520,3.41742,14.408,0.046,0.149,0,0,0
0.072540,3.41837,14.168,0.102,0.142,0,0,0
0.072560,3.41931,14.711,0.027,0.111,540,0,0
0.072580,3.42025,15.251,0.114,0.143,540,0,0
0.072600,3.42119,15.847,-0.013,0.108,540,0,0
0.072620,3.42214,15.937,0.040,0.048,0,0,0
0.072640,3.42308,15.704,0.104,0.204,0,0,0
0.072660,3.42402,15.571,0.030,0.094,0,0,0
0.072680,3.42496,15.428,0.047,0.136,0,0,0
0.072700,3.42591,15.233,0.136,0.195,0,0,0
0.072720,3.42685,14.928,-0.031,0.135,0,0,0
0.072740,3.42779,14.732,0.050,0.170,0,0,0
0.072760,3.42873,14.588,0.048,0.129,0,0,0
0.072780,3.42968,14.574,0.075,0.064,0,0,0
0.072800,3.43062,14.284,0.051,0.085,0,0,0
0.072820,3.43156,14.141,-0.005,0.154,0,0,0
0.072840,3.43250,14.679,0.082,0.122,540,0,0
0.072860,3.43345,15.106,0.036,0.229,540,0,0
0.072880,3.43439,15.577,0.010,0.135,540,0,0
0.072900,3.43533,16.050,-0.004,0.050,540,0,0
0.072920,3.43627,15.974,0.101,0.234,0,0,0
0.072940,3.43722,15.655,-0.015,0.123,0,0,0
0.072960,3.43816,15.519,0.011,0.137,0,0,0
0.072980,3.43910,15.265,-0.070,0.151,0,0,0
0.073000,3.44004,15.103,0.051,0.131,0,0,0
0.073020,3.44099,14.925,0.077,0.104,0,0,0
0.073040,3.44193,14.821,0.017,0.161,0,0,0
0.073060,3.44287,14.530,0.056,0.132,0,0,0
0.073080,3.44381,14.376,0.147,0.131,0,0,0
0.073100,3.44476,14.210,0.055,0.164,0,0,0
0.073120,3.44570,14.666,-0.016,0.064,540,0,0
0.073140,3.44664,15.098,0.042,0.146,540,0,0
0.073160,3.44758,15.592,0.121,0.146,540,0,0
0.073180,3.44853,16.045,0.053,0.102,540,0,0
0.073200,3.44947,15.850,-0.010,0.156,0,0,0
0.073220,3.45041,15.605,0.002,0.186,0,0,0
0.073240,3.45135,15.478,0.003,0.146,0,0,0
0.073260,3.45230,15.297,0.026,0.090,0,0,0
0.073280,3.45324,15.058,0.128,0.193,0,0,0
0.073300,3.45418,14.780,-0.003,0.128,0,0,0
0.073320,3.45512,14.678,0.086,0.162,0,0,0
0.073340,3.45607,14.517,0.099,0.148,0,0,0
0.073360,3.45701,14.255,0.075,0.147,0,0,0
0.073380,3.45795,14.122,-0.010,0.124,0,0,0
0.073400,3.45889,14.459,-0.023,0.203,540,0,0
0.073420,3.45984,14.931,-0.010,0.178,540,0,0
0.073440,3.46078,15.375,0.039,0.130,540,0,0
0.073460,3.46172,15.769,0.052,0.174,540,0,0
0.073480,3.46266,15.559,0.116,0.201,0,0,0
0.073500,3.46361,15.432,0.016,0.145,0,0,0
0.073520,3.46455,15.067,-0.051,0.127,0,0,0
0.073540,3.46549,14.948,-0.006,0.126,0,0,0
0.073560,3.46643,14.784,0.172,0.112,0,0,0
0.073580,3.46738,14.463,0.098,0.146,0,0,0
0.073600,3.46832,14.405,0.157,0.177,0,0,0
0.073620,3.46926,14.188,0.078,0.145,0,0,0
0.073640,3.47020,14.620,-0.003,0.126,540,0,0
0.073660,3.47115,14.945,0.082,-0.059,540,0,0
0.073680,3.47209,15.328,0.146,0.129,540,0,0
0.073700,3.47303,15.674,0.001,0.225,540,0,0
0.073720,3.47397,15.804,-0.022,0.174,0,0,0
0.073740,3.47492,15.697,-0.003,0.071,0,0,0
0.073760,3.47586,15.414,0.032,0.110,0,0,0
0.073780,3.47680,15.195,-0.065,0.111,0,0,0
0.073800,3.47774,15.046,-0.013,0.177,0,0,0
0.073820,3.47869,14.806,0.077,0.164,0,0,0
0.073840,3.47963,14.589,0.082,0.129,0,0,0
0.073860,3.48057,14.361,-0.012,0.155,0,0,0
0.073880,3.48151,14.349,0.143,0.123,0,0,0
0.073900,3.48246,14.313,0.100,0.099,540,0,0
0.073920,3.48340,14.722,0.029,0.197,540,0,0
0.073940,3.48434,15.045,0.060,0.048,540,0,0
0.073960,3.48528,15.310,0.039,0.280,540,0,0
0.073980,3.48623,15.688,-0.017,0.119,540,0,0
0.074000,3.48717,15.850,-0.048,0.216,0,0,0
0.074020,3.48811,15.604,0.014,0.123,0,0,0
0.074040,3.48905,15.395,0.183,0.114,0,0,0
0.074060,3.49000,15.147,-0.026,-0.000,0,0,0
0.074080,3.49094,15.064,0.043,0.116,0,0,0
0.074100,3.49188,14.806,0.065,0.133,0,0,0
0.074120,3.49282,14.668,0.112,0.145,0,0,0
0.074140,3.49377,14.364,0.097,0.081,0,0,0
0.074160,3.49471,14.235,0.078,0.150,0,0,0
0.074180,3.49565,14.039,-0.055,0.108,0,0,0
0.074200,3.49659,14.349,0.135,0.184,540,0,0
0.074220,3.49754,14.735,0.062,0.133,540,0,0
0.074240,3.49848,14.944,0.073,0.142,540,0,0
0.074260,3.49942,15.376,0.057,0.083,540,0,0
0.074280,3.50036,15.653,-0.022,0.143,540,0,0
0.074300,3.50131,15.787,0.032,0.123,0,0,0
0.074320,3.50225,15.418,0.071,0.137,0,0,0
0.074340,3.50319,15.336,-0.031,0.154,0,0,0
0.074360,3.50413,15.206,0.098,0.210,0,0,0
0.074380,3.50507,14.887,-0.094,0.119,0,0,0
0.074400,3.50602,14.720,0.067,0.145,0,0,0
0.074420,3.50696,14.593,0.116,0.301,0,0,0
0.074440,3.50790,14.384,0.098,0.120,0,0,0
0.074460,3.50884,14.232,0.070,0.110,0,0,0
0.074480,3.50979,14.216,0.054,0.107,540,0,0
0.074500,3.51073,14.628,0.035,0.131,540,0,0
0.074520,3.51167,14.866,0.098,0.107,540,0,0
0.074540,3.51261,15.155,0.091,0.085,540,0,0
0.074560,3.51356,15.442,0.127,0.129,540,0,0
0.074580,3.51450,15.776,0.062,0.111,540,0,0
0.074600,3.51544,15.864,0.085,0.068,0,0,0
0.074620,3.51638,15.616,0.106,0.185,0,0,0
0.074640,3.51733,15.453,0.081,0.144,0,0,0
0.074660,3.51827,15.223,0.050,0.153,0,0,0
0.074680,3.51921,15.060,0.053,0.048,0,0,0
0.074700,3.52015,14.816,0.066,0.082,0,0,0
0.074720,3.52110,14.653,0.138,0.168,0,0,0
0.074740,3.52204,14.483,0.145,0.136,0,0,0
0.074760,3.52298,14.374,0.060,0.067,0,0,0
0.074780,3.52392,14.445,0.014,0.131,540,0,0
0.074800,3.52487,14.681,0.005,0.138,540,0,0
0.074820,3.52581,14.894,0.042,0.073,540,0,0
0.074840,3.52675,15.183,0.139,0.079,540,0,0
0.074860,3.52769,15.569,0.002,0.111,540,0,0
0.074880,3.52864,15.835,0.055,0.107,540,0,0
0.074900,3.52958,15.864,0.021,0.109,0,0,0
0.074920,3.53052,15.616,0.014,0.202,0,0,0
0.074940,3.53146,15.461,0.123,0.110,0,0,0
0.074960,3.53241,15.221,0.050,0.127,0,0,0
0.074980,3.53335,14.976,0.004,0.086,0,0,0
0.075000,3.53429,14.948,0.012,0.143,0,0,0
0.075020,3.53523,14.802,0.076,0.115,0,0,0
0.075040,3.53618,14.561,0.022,0.145,0,0,0
0.075060,3.53712,14.357,0.113,0.071,0,0,0
0.075080,3.53806,14.222,-0.031,0.039,0,0,0
0.075100,3.53900,14.158,0.065,0.099,540,0,0
0.075120,3.53995,14.539,0.026,0.065,540,0,0
0.075140,3.54089,14.781,0.019,0.095,540,0,0
0.075160,3.54183,15.033,0.066,0.093,540,0,0
0.075180,3.54277,15.318,0.061,0.110,540,0,0
0.075200,3.54372,15.635,0.027,0.105,540,0,0
0.075220,3.54466,15.880,-0.037,0.060,540,0,0
0.075240,3.54560,15.877,0.195,0.068,0,0,0
0.075260,3.54654,15.589,-0.064,0.093,0,0,0
0.075280,3.54749,15.506,0.112,0.151,0,0,0
0.075300,3.54843,15.285,0.024,0.125,0,0,0
0.075320,3.54937,15.169,0.114,0.086,0,0,0
0.075340,3.55031,14.949,0.072,0.083,0,0,0
0.075360,3.55126,14.817,0.064,0.043,0,0,0
0.075380,3.55220,14.755,-0.016,0.146,0,0,0
0.075400,3.55314,14.481,0.013,0.051,0,0,0
0.075420,3.55408,14.481,0.014,0.172,0,0,0
0.075440,3.55503,14.167,-0.034,0.015,0,0,0
0.075460,3.55597,14.484,0.037,0.220,540,0,0
0.075480,3.55691,14.695,0.076,-0.010,540,0,0
0.075500,3.55785,14.989,0.006,0.104,540,0,0
0.075520,3.55880,15.232,0.041,0.086,540,0,0
0.075540,3.55974,15.472,0.027,0.193,540,0,0
0.075560,3.56068,15.670,0.057,0.214,540,0,0
0.075580,3.56162,15.965,0.063,0.105,540,0,0
0.075600,3.56257,15.744,-0.019,0.109,0,0,0
0.075620,3.56351,15.627,-0.014,0.128,0,0,0
0.075640,3.56445,15.454,0.070,0.247,0,0,0
0.075660,3.56539,15.374,0.005,0.163,0,0,0
0.075680,3.56634,15.097,0.082,0.140,0,0,0
0.075700,3.56728,15.126,-0.022,0.116,0,0,0
0.075720,3.56822,14.835,0.078,0.127,0,0,0
0.075740,3.56916,14.778,0.038,0.156,0,0,0
0.075760,3.57011,14.677,0.013,0.119,0,0,0
0.075780,3.57105,14.473,0.016,-0.038,0,0,0
0.075800,3.57199,14.346,-0.006,0.055,0,0,0
0.075820,3.57293,14.129,0.012,0.181,0,0,0
0.075840,3.57388,14.414,0.048,0.116,540,0,0
0.075860,3.57482,14.690,0.152,0.104,540,0,0
0.075880,3.57576,14.891,0.063,0.085,540,0,0
0.075900,3.57670,15.097,0.043,0.165,540,0,0
0.075920,3.57765,15.332,0.038,0.172,540,0,0
0.075940,3.57859,15.599,0.034,0.096,540,0,0
0.075960,3.57953,15.856,0.089,0.049,540,0,0
0.075980,3.58047,15.699,0.073,0.069,0,0,0
0.076000,3.58142,15.512,0.054,0.031,0,0,0
0.076020,3.58236,15.454,0.056,0.045,0,0,0
0.076040,3.58330,15.230,0.052,0.153,0,0,0
0.076060,3.58424,15.101,0.067,0.206,0,0,0
0.076080,3.58519,14.998,0.060,0.047,0,0,0
0.076100,3.58613,14.955,0.072,-0.061,0,0,0
0.076120,3.58707,14.833,-0.045,0.171,0,0,0
0.076140,3.58801,14.588,0.012,0.070,0,0,0
0.076160,3.58896,14.442,0.062,0.115,0,0,0
0.076180,3.58990,14.395,0.117,0.109,0,0,0
0.076200,3.59084,14.225,0.108,0.122,0,0,0
0.076220,3.59178,14.483,0.048,0.077,540,0,0
0.076240,3.59273,14.762,-0.024,0.187,540,0,0
0.076260,3.59367,15.134,0.082,0.100,540,0,0
0.076280,3.59461,15.237,0.089,0.120,540,0,0
0.076300,3.59555,15.449,0.064,0.159,540,0,0
0.076320,3.59650,15.691,0.060,0.218,540,0,0
0.076340,3.59744,15.757,-0.004,0.137,0,0,0
0.076360,3.59838,15.581,0.044,0.114,0,0,0
0.076380,3.59932,15.541,0.141,0.168,0,0,0
0.076400,3.60027,15.336,0.059,0.119,0,0,0
0.076420,3.60121,15.177,0.065,0.066,0,0,0
0.076440,3.60215,15.138,0.076,0.128,0,0,0
0.076460,3.60309,15.016,0.003,0.125,0,0,0
0.076480,3.60404,14.829,0.079,0.106,0,0,0
0.076500,3.60498,14.807,0.089,0.164,0,0,0
0.076520,3.60592,14.722,0.060,0.143,0,0,0
0.076540,3.60686,14.578,0.114,0.061,0,0,0
0.076560,3.60781,14.449,0.028,0.097,0,0,0
0.076580,3.60875,14.364,0.058,0.158,0,0,0
0.076600,3.60969,14.239,0.026,0.051,0,0,0
0.076620,3.61063,14.345,0.044,0.141,540,0,0
0.076640,3.61157,14.558,0.100,0.065,540,0,0
0.076660,3.61252,14.777,0.002,0.109,540,0,0
0.076680,3.61346,15.038,0.110,0.114,540,0,0
0.076700,3.61440,15.255,0.037,0.102,540,0,0
0.076720,3.61534,15.443,0.111,0.166,540,0,0
0.076740,3.61629,15.727,0.049,0.078,540,0,0
0.076760,3.61723,15.854,0.032,0.015,0,0,0
0.076780,3.61817,15.567,0.103,0.060,0,0,0
0.076800,3.61911,15.636,0.122,0.079,0,0,0
0.076820,3.62006,15.524,0.076,0.045,0,0,0
0.076840,3.62100,15.348,0.115,0.142,0,0,0
0.076860,3.62194,15.312,0.013,0.116,0,0,0
0.076880,3.62288,15.203,0.093,0.121,0,0,0
0.076900,3.62383,15.180,0.088,0.036,0,0,0
0.076920,3.62477,14.941,0.160,0.085,0,0,0
0.076940,3.62571,14.891,0.019,0.156,0,0,0
0.076960,3.62665,14.812,0.022,0.003,0,0,0
0.076980,3.62760,14.699,0.053,0.086,0,0,0
0.077000,3.62854,14.593,0.032,0.086,0,0,0
0.077020,3.62948,14.651,0.033,0.081,0,0,0
0.077040,3.63042,14.289,-0.017,0.132,0,0,0
0.077060,3.63137,14.404,-0.026,0.118,0,0,0
0.077080,3.63231,14.197,0.012,0.079,0,0,0
0.077100,3.63325,14.364,0.034,0.126,540,0,0
0.077120,3.63419,14.564,0.022,0.036,540,0,0
0.077140,3.63514,14.837,0.033,0.096,540,0,0
0.077160,3.63608,14.976,0.044,0.054,540,0,0
0.077180,3.63702,15.220,0.105,0.067,540,0,0
0.077200,3.63796,15.507,0.004,0.155,540,0,0
0.077220,3.63891,15.777,0.095,0.163,540,0,0
0.077240,3.63985,15.778,0.061,0.172,0,0,0
0.077260,3.64079,15.711,0.054,0.058,0,0,0
0.077280,3.64173,15.626,0.116,0.149,0,0,0
0.077300,3.64268,15.647,0.049,0.057,0,0,0
0.077320,3.64362,15.458,0.052,0.049,0,0,0
0.077340,3.64456,15.319,0.002,0.128,0,0,0
0.077360,3.64550,15.251,0.095,0.028,0,0,0
0.077380,3.64645,15.118,0.059,0.072,0,0,0
0.077400,3.64739,15.152,-0.023,0.081,0,0,0
0.077420,3.64833,15.006,-0.045,0.120,0,0,0
0.077440,3.64927,14.968,0.125,0.191,0,0,0
0.077460,3.65022,14.905,-0.026,0.081,0,0,0
0.077480,3.65116,14.801,-0.020,0.107,0,0,0
0.077500,3.65210,14.782,-0.007,0.183,0,0,0
0.077520,3.65304,14.651,0.050,0.061,0,0,0
0.077540,3.65399,14.580,0.050,0.142,0,0,0
0.077560,3.65493,14.447,0.192,0.108,0,0,0
0.077580,3.65587,14.489,0.001,0.068,0,0,0
0.077600,3.65681,14.449,0.083,0.110,0,0,0
0.077620,3.65776,14.445,-0.048,0.131,0,0,0
0.077640,3.65870,14.178,-0.007,0.149,0,0,0
0.077660,3.65964,14.105,0.027,0.039,0,0,0
0.077680,3.66058,14.407,-0.019,0.062,540,0,0
0.077700,3.66153,14.604,0.011,0.191,540,0,0
0.077720,3.66247,14.847,0.062,0.090,540,0,0
0.077740,3.66341,15.129,0.119,0.056,540,0,0
0.077760,3.66435,15.354,0.018,0.167,540,0,0
0.077780,3.66530,15.592,0.014,0.101,540,0,0
0.077800,3.66624,15.877,0.126,0.146,540,0,0
0.077820,3.66718,15.877,0.039,0.124,0,0,0
0.077840,3.66812,15.704,0.006,0.048,0,0,0
0.077860,3.66907,15.691,0.078,0.096,0,0,0
0.077880,3.67001,15.573,0.084,0.127,0,0,0
0.077900,3.67095,15.528,0.045,0.086,0,0,0
0.077920,3.67189,15.447,0.061,0.097,0,0,0
0.077940,3.67284,15.429,0.054,0.124,0,0,0
0.077960,3.67378,15.307,0.007,0.135,0,0,0
0.077980,3.67472,15.160,0.095,0.063,0,0,0
0.078000,3.67566,15.151,0.036,0.079,0,0,0
0.078020,3.67661,15.015,-0.024,0.112,0,0,0
0.078040,3.67755,15.102,0.063,0.118,0,0,0
0.078060,3.67849,14.976,0.078,0.086,0,0,0
0.078080,3.67943,14.930,-0.005,0.132,0,0,0
0.078100,3.68038,14.850,0.070,0.097,0,0,0
0.078120,3.68132,14.820,-0.048,0.085,0,0,0
0.078140,3.68226,14.818,0.005,0.012,0,0,0
0.078160,3.68320,14.610,0.105,-0.005,0,0,0
0.078180,3.68415,14.603,0.082,0.119,0,0,0
0.078200,3.68509,14.537,0.046,0.073,0,0,0
0.078220,3.68603,14.608,0.082,0.134,0,0,0
0.078240,3.68697,14.405,0.081,0.082,0,0,0
0.078260,3.68792,14.376,0.159,0.159,0,0,0
0.078280,3.68886,14.334,0.112,0.096,0,0,0
0.078300,3.68980,14.250,0.016,0.151,0,0,0
0.078320,3.69074,14.137,0.103,0.207,0,0,0
0.078340,3.69169,14.367,0.015,0.121,540,0,0
0.078360,3.69263,14.503,0.129,0.072,540,0,0
0.078380,3.69357,14.926,0.006,0.138,540,0,0
0.078400,3.69451,15.046,0.048,-0.024,540,0,0
0.078420,3.69546,15.242,0.076,0.136,540,0,0
0.078440,3.69640,15.580,0.125,0.086,540,0,0
0.078460,3.69734,15.832,0.065,0.053,540,0,0
0.078480,3.69828,15.846,0.011,0.229,0,0,0
0.078500,3.69923,15.717,0.010,0.105,0,0,0
0.078520,3.70017,15.615,0.052,0.084,0,0,0
0.078540,3.70111,15.610,0.052,0.055,0,0,0
0.078560,3.70205,15.565,0.051,-0.015,0,0,0
0.078580,3.70300,15.485,0.093,0.082,0,0,0
0.078600,3.70394,15.489,-0.028,0.166,0,0,0
0.078620,3.70488,15.397,0.110,0.033,0,0,0
0.078640,3.70582,15.382,0.046,0.175,0,0,0
0.078660,3.70677,15.251,0.093,0.194,0,0,0
0.078680,3.70771,15.094,0.065,0.071,0,0,0
0.078700,3.70865,15.172,0.064,0.131,0,0,0
0.078720,3.70959,15.141,0.959,0.200,0,540,0
0.078740,3.71054,15.096,1.903,0.159,0,540,0
0.078760,3.71148,14.964,2.778,0.073,0,540,0
0.078780,3.71242,15.004,3.672,-0.016,0,540,0
0.078800,3.71336,14.871,4.518,0.167,0,540,0
0.078820,3.71430,14.818,5.467,0.099,0,540,0
0.078840,3.71525,14.772,6.333,0.086,0,540,0
0.078860,3.71619,14.818,7.256,0.085,0,540,0
0.078880,3.71713,14.682,8.118,0.160,0,540,0
0.078900,3.71807,14.658,8.996,0.177,0,540,0
0.078920,3.71902,14.554,9.880,0.158,0,540,0
0.078940,3.71996,14.506,10.854,0.163,0,540,0
0.078960,3.72090,14.553,11.618,0.097,0,540,0
0.078980,3.72184,14.520,12.545,0.067,0,540,0
0.079000,3.72279,14.522,13.426,0.152,0,540,0
0.079020,3.72373,14.446,14.325,0.179,0,540,0
0.079040,3.72467,14.418,15.108,0.157,0,540,0
0.079060,3.72561,14.283,16.028,0.090,0,540,0
0.079080,3.72656,14.225,16.055,0.177,0,0,0
0.079100,3.72750,14.244,16.070,0.159,0,0,0
0.079120,3.72844,14.137,16.003,0.048,0,0,0
0.079140,3.72938,14.502,15.966,0.138,540,0,0
0.079160,3.73033,14.738,16.045,0.174,540,0,0
0.079180,3.73127,14.952,16.016,0.151,540,0,0
0.079200,3.73221,15.214,16.017,0.205,540,0,0
0.079220,3.73315,15.407,15.946,0.112,540,0,0
0.079240,3.73410,15.742,15.937,0.174,540,0,0
0.079260,3.73504,15.861,15.964,0.088,0,0,0
0.079280,3.73598,15.845,15.902,0.092,0,0,0
0.079300,3.73692,15.730,15.841,0.140,0,0,0
0.079320,3.73787,15.716,15.780,0.080,0,0,0
0.079340,3.73881,15.708,15.798,0.100,0,0,0
0.079360,3.73975,15.542,15.933,0.160,0,0,0
0.079380,3.74069,15.569,15.907,0.133,0,0,0
0.079400,3.74164,15.409,15.713,0.103,0,0,0
0.079420,3.74258,15.449,15.755,0.195,0,0,0
0.079440,3.74352,15.364,15.731,0.137,0,0,0
0.079460,3.74446,15.332,15.632,0.133,0,0,0
0.079480,3.74541,15.351,15.671,0.086,0,0,0
0.079500,3.74635,15.237,15.691,0.177,0,0,0
0.079520,3.74729,15.281,15.669,0.159,0,0,0
0.079540,3.74823,15.219,15.644,0.032,0,0,0
0.079560,3.74918,15.113,15.724,0.163,0,0,0
0.079580,3.75012,15.130,15.577,0.140,0,0,0
0.079600,3.75106,15.061,15.622,0.078,0,0,0
0.079620,3.75200,14.994,15.596,0.160,0,0,0
0.079640,3.75295,15.035,15.612,0.114,0,0,0
0.079660,3.75389,14.984,15.545,0.232,0,0,0
0.079680,3.75483,14.969,15.493,0.135,0,0,0
0.079700,3.75577,14.843,15.491,0.080,0,0,0
0.079720,3.75672,14.845,15.487,0.141,0,0,0
0.079740,3.75766,14.754,15.488,0.139,0,0,0
0.079760,3.75860,14.837,15.473,0.159,0,0,0
0.079780,3.75954,14.765,15.499,0.258,0,0,0
0.079800,3.76049,14.770,15.426,0.110,0,0,0
0.079820,3.76143,14.717,15.359,0.157,0,0,0
0.079840,3.76237,14.620,15.407,0.201,0,0,0
0.079860,3.76331,14.646,15.395,0.181,0,0,0
0.079880,3.76426,14.529,15.301,0.049,0,0,0
0.079900,3.76520,14.556,15.331,0.113,0,0,0
0.079920,3.76614,14.506,15.316,0.158,0,0,0
0.079940,3.76708,14.574,15.304,0.131,0,0,0
0.079960,3.76803,14.408,15.172,0.203,0,0,0
0.079980,3.76897,14.420,15.223,0.176,0,0,0
0.080000,3.76991,14.438,15.213,0.171,0,0,0
0.080020,3.77085,14.379,15.184,0.203,0,0,0
0.080040,3.77180,14.302,15.259,0.137,0,0,0
0.080060,3.77274,14.260,15.170,0.109,0,0,0
0.080080,3.77368,14.273,15.138,0.136,0,0,0
0.080100,3.77462,14.219,15.110,0.288,0,0,0
0.080120,3.77557,14.200,15.096,0.124,0,0,0
0.080140,3.77651,14.125,15.045,0.074,0,0,0
0.080160,3.77745,14.249,15.015,0.251,540,0,0
0.080180,3.77839,14.523,14.970,0.134,540,0,0
0.080200,3.77934,14.788,15.030,0.197,540,0,0
0.080220,3.78028,15.033,14.937,0.259,540,0,0
0.080240,3.78122,15.254,14.960,0.141,540,0,0
0.080260,3.78216,15.582,14.971,0.201,540,0,0
0.080280,3.78311,15.862,14.931,0.128,540,0,0
0.080300,3.78405,16.093,14.936,0.176,0,0,0
0.080320,3.78499,15.773,14.905,0.196,0,0,0
0.080340,3.78593,15.855,14.793,0.178,0,0,0
0.080360,3.78688,15.860,14.858,0.201,0,0,0
0.080380,3.78782,15.726,14.827,0.185,0,0,0
0.080400,3.78876,15.702,14.839,0.176,0,0,0
0.080420,3.78970,15.727,14.823,0.224,0,0,0
0.080440,3.79065,15.628,14.779,0.268,0,0,0
0.080460,3.79159,15.690,14.794,0.129,0,0,0
0.080480,3.79253,15.672,14.635,0.229,0,0,0
0.080500,3.79347,15.630,14.619,0.116,0,0,0
0.080520,3.79442,15.599,14.594,0.144,0,0,0
0.080540,3.79536,15.460,14.634,0.226,0,0,0
0.080560,3.79630,15.378,14.523,0.217,-540,0,0
0.080580,3.79724,14.984,14.590,0.201,-540,0,0
0.080600,3.79819,14.641,14.626,0.215,-540,0,0
0.080620,3.79913,14.348,14.518,0.160,-540,0,0
0.080640,3.80007,14.026,14.463,0.147,-540,0,0
0.080660,3.80101,13.723,14.528,0.181,-540,0,0
0.080680,3.80196,13.425,14.475,0.208,-540,0,0
0.080700,3.80290,13.092,14.422,0.343,-540,0,0
0.080720,3.80384,12.879,14.367,0.114,-540,0,0
0.080740,3.80478,12.588,14.311,0.184,-540,0,0
0.080760,3.80573,12.363,14.323,0.157,-540,0,0
0.080780,3.80667,12.081,14.311,0.040,-540,0,-540
0.080800,3.80761,11.842,14.258,0.159,-540,0,0
0.080820,3.80855,11.501,14.317,0.115,-540,0,0
0.080840,3.80950,11.374,14.582,0.143,-540,540,0
0.080860,3.81044,11.065,15.488,0.101,-540,540,0
0.080880,3.81138,10.867,15.940,0.108,-540,0,0
0.080900,3.81232,10.554,15.919,0.130,-540,0,0
0.080920,3.81327,10.245,15.899,0.058,-540,0,0
0.080940,3.81421,10.138,15.927,0.117,-540,0,0
0.080960,3.81515,9.963,15.856,0.036,-540,0,0
0.080980,3.81609,9.755,15.714,0.118,-540,0,0
0.081000,3.81704,9.375,15.804,0.106,-540,0,0
0.081020,3.81798,9.265,15.686,0.131,-540,0,0
0.081040,3.81892,9.058,15.677,0.052,-540,0,0
0.081060,3.81986,8.830,15.709,0.178,-540,0,0
0.081080,3.82080,8.625,15.632,0.148,-540,0,0
0.081100,3.82175,8.468,15.488,0.181,-540,0,0
0.081120,3.82269,8.273,15.549,0.168,-540,0,0
0.081140,3.82363,8.076,15.455,0.093,-540,0,0
0.081160,3.82457,7.907,15.525,0.141,-540,0,0
0.081180,3.82552,7.745,15.399,0.133,-540,0,0
0.081200,3.82646,7.560,15.333,0.114,-540,0,0
0.081220,3.82740,7.326,15.372,0.065,-540,0,0
0.081240,3.82834,7.227,15.356,0.206,-540,0,0
0.081260,3.82929,6.977,15.259,0.144,-540,0,0
0.081280,3.83023,6.754,15.214,0.143,-540,0,0
0.081300,3.83117,6.721,15.183,0.084,-540,0,0
0.081320,3.83211,6.497,15.163,0.148,-540,0,0
0.081340,3.83306,6.280,15.095,0.198,-540,0,0
0.081360,3.83400,6.172,15.018,0.167,-540,0,0
0.081380,3.83494,5.999,15.018,0.065,-540,0,0
0.081400,3.83588,5.826,15.004,0.105,-540,0,0
0.081420,3.83683,5.745,14.963,0.135,-540,0,0
0.081440,3.83777,5.633,15.009,0.230,-540,0,0
0.081460,3.83871,5.461,14.895,0.138,-540,0,0
0.081480,3.83965,5.285,14.864,-0.000,-540,0,0
0.081500,3.84060,5.178,14.762,0.150,-540,0,0
0.081520,3.84154,4.990,14.818,0.154,-540,0,0
0.081540,3.84248,4.833,14.783,0.266,-540,0,0
0.081560,3.84342,4.719,14.637,0.093,-540,0,0
0.081580,3.84437,4.631,14.548,0.019,-540,0,0
0.081600,3.84531,4.395,14.584,0.069,-540,0,0
0.081620,3.84625,4.321,14.508,0.079,-540,0,0
0.081640,3.84719,4.198,14.538,0.145,-540,0,0
0.081660,3.84814,4.060,14.401,0.083,-540,0,0
0.081680,3.84908,3.910,14.438,0.065,-540,0,0
0.081700,3.85002,3.743,14.365,0.024,-540,0,0
0.081720,3.85096,3.647,14.245,0.068,-540,0,0
0.081740,3.85191,3.515,14.390,0.102,-540,0,0
0.081760,3.85285,3.331,14.320,0.128,-540,0,0
0.081780,3.85379,3.312,14.638,0.262,-540,540,0
0.081800,3.85473,3.115,15.457,0.142,-540,540,0
0.081820,3.85568,3.037,15.808,0.206,-540,0,0
0.081840,3.85662,2.895,15.791,0.163,-540,0,0
0.081860,3.85756,2.737,15.759,0.155,-540,0,0
0.081880,3.85850,2.636,15.644,0.101,-540,0,0
0.081900,3.85945,2.581,15.555,0.152,-540,0,0
0.081920,3.86039,2.502,15.583,0.115,-540,0,0
0.081940,3.86133,2.272,15.499,0.203,-540,0,0
0.081960,3.86227,2.261,15.360,0.131,-540,0,0
0.081980,3.86322,2.084,15.386,0.213,-540,0,0
0.082000,3.86416,2.016,15.320,0.203,-540,0,0
0.082020,3.86510,1.860,15.276,0.169,-540,0,0
0.082040,3.86604,1.769,15.154,0.183,-540,0,0
0.082060,3.86699,1.762,15.265,0.222,-540,0,0
0.082080,3.86793,1.499,15.134,0.064,-540,0,0
0.082100,3.86887,1.474,15.125,0.185,-540,0,0
0.082120,3.86981,1.356,14.998,0.180,-540,0,0
0.082140,3.87076,1.240,14.902,0.221,-540,0,0
0.082160,3.87170,1.148,14.920,0.129,-540,0,0
0.082180,3.87264,1.072,14.779,0.147,-540,0,0
0.082200,3.87358,0.959,14.726,0.225,-540,0,0
0.082220,3.87453,0.777,14.632,0.271,-540,0,0
0.082240,3.87547,0.665,14.634,0.220,-540,0,0
0.082260,3.87641,0.630,14.521,0.142,-540,0,0
0.082280,3.87735,0.494,14.423,0.193,-540,0,0
0.082300,3.87830,0.502,14.402,0.192,-540,0,0
0.082320,3.87924,0.466,14.315,0.164,-540,0,0
0.082340,3.88018,0.287,14.250,0.204,-540,0,0
0.082360,3.88112,0.186,14.247,0.186,-540,0,0
0.082380,3.88207,0.355,14.132,0.168,0,0,0
0.082400,3.88301,0.271,14.972,0.094,0,540,0
0.082420,3.88395,0.134,15.691,0.229,0,540,0
0.082440,3.88489,0.228,15.976,0.187,0,0,0
0.082460,3.88584,0.203,15.993,0.213,0,0,0
0.082480,3.88678,0.218,15.868,0.075,0,0,0
0.082500,3.88772,0.283,15.831,-0.055,0,0,0
0.082520,3.88866,0.258,15.772,-0.052,0,0,0
0.082540,3.88961,0.247,15.692,0.040,0,0,0
0.082560,3.89055,0.330,15.563,-0.050,0,0,0
0.082580,3.89149,0.124,15.559,0.006,-540,0,0
0.082600,3.89243,0.175,15.350,0.044,0,0,0
0.082620,3.89338,0.196,15.261,-0.038,0,0,0
0.082640,3.89432,0.155,15.247,-0.054,0,0,0
0.082660,3.89526,0.305,15.149,-0.012,0,0,0
0.082680,3.89620,0.198,15.131,0.129,0,0,0
0.082700,3.89715,0.219,15.003,0.040,0,0,0
0.082720,3.89809,0.174,14.995,0.047,0,0,0
0.082740,3.89903,0.225,14.879,-0.011,0,0,0
0.082760,3.89997,0.313,14.851,0.040,0,0,0
0.082780,3.90092,0.240,14.575,0.005,0,0,0
0.082800,3.90186,0.164,14.592,-0.012,0,0,0
0.082820,3.90280,0.285,14.526,-0.007,0,0,0
0.082840,3.90374,0.084,14.405,-0.000,0,0,0
0.082860,3.90469,0.214,14.390,0.093,0,0,0
0.082880,3.90563,0.190,14.205,0.025,0,0,0
0.082900,3.90657,0.170,14.646,0.062,0,540,0
0.082920,3.90751,0.171,15.316,0.105,0,540,0
0.082940,3.90846,0.157,15.956,0.065,0,540,0
0.082960,3.90940,0.212,15.996,-0.025,0,0,0
0.082980,3.91034,0.117,15.825,-0.020,0,0,0
0.083000,3.91128,0.169,15.703,0.092,0,0,0
0.083020,3.91223,0.191,15.678,0.100,0,0,0
0.083040,3.91317,0.262,15.623,0.093,0,0,0
0.083060,3.91411,0.112,15.438,0.090,0,0,0
0.083080,3.91505,0.243,15.366,-0.011,0,0,0
0.083100,3.91600,0.270,15.271,-0.102,0,0,0
0.083120,3.91694,0.264,15.178,0.105,0,0,0
0.083140,3.91788,0.194,14.977,0.028,0,0,0
0.083160,3.91882,0.248,14.952,0.049,0,0,0
0.083180,3.91977,0.114,14.869,0.124,0,0,0
0.083200,3.92071,0.164,14.759,0.082,0,0,0
0.083220,3.92165,0.163,14.632,-0.047,0,0,0
0.083240,3.92259,0.166,14.539,-0.038,0,0,0
0.083260,3.92354,0.172,14.457,-0.013,0,0,0
0.083280,3.92448,0.190,14.387,0.080,0,0,0
0.083300,3.92542,0.184,14.215,-0.072,0,0,0
0.083320,3.92636,0.171,14.164,-0.011,0,0,0
0.083340,3.92730,0.167,14.855,-0.043,0,540,0
0.083360,3.92825,0.229,15.388,0.145,0,540,0
0.083380,3.92919,0.054,16.126,0.007,0,540,0
0.083400,3.93013,0.286,15.970,-0.015,0,0,0
0.083420,3.93107,0.265,15.746,0.101,0,0,0
0.083440,3.93202,0.271,15.831,-0.022,0,0,0
0.083460,3.93296,0.205,15.669,0.137,0,0,0
0.083480,3.93390,0.197,15.441,-0.001,0,0,0
0.083500,3.93484,0.240,15.453,0.035,0,0,0
0.083520,3.93579,0.268,15.214,0.049,0,0,0
0.083540,3.93673,0.168,15.158,0.142,0,0,0
0.083560,3.93767,0.208,15.083,-0.032,0,0,0
0.083580,3.93861,0.188,14.919,0.052,0,0,0
0.083600,3.93956,0.075,14.741,-0.033,0,0,0
0.083620,3.94050,0.260,14.777,0.062,0,0,0
0.083640,3.94144,0.156,14.586,0.011,0,0,0
0.083660,3.94238,0.175,14.467,-0.022,0,0,0
0.083680,3.94333,0.213,14.451,-0.024,0,0,0
0.083700,3.94427,0.303,14.329,0.031,0,0,0
0.083720,3.94521,0.118,14.207,0.017,0,0,0
0.083740,3.94615,0.147,14.375,0.040,0,540,0
0.083760,3.94710,0.229,14.906,-0.044,0,540,0
0.083780,3.94804,0.165,15.530,0.029,0,540,0
0.083800,3.94898,0.161,15.747,0.172,0,0,0
0.083820,3.94992,0.136,15.569,0.022,0,0,0
0.083840,3.95087,0.113,15.503,0.050,0,0,0
0.083860,3.95181,0.219,15.414,-0.034,0,0,0
0.083880,3.95275,0.193,15.257,0.066,0,0,0
0.083900,3.95369,0.188,15.076,-0.076,0,0,0
0.083920,3.95464,0.154,14.999,-0.060,0,0,0
0.083940,3.95558,0.123,14.760,0.010,0,0,0
0.083960,3.95652,0.218,14.754,-0.010,0,0,0
0.083980,3.95746,0.118,14.586,0.053,0,0,0
0.084000,3.95841,0.181,14.472,0.060,0,0,0
0.084020,3.95935,0.144,14.353,0.115,0,0,0
0.084040,3.96029,0.240,14.254,0.028,0,0,0
0.084060,3.96123,0.119,14.146,0.014,0,0,0
0.084080,3.96218,0.173,14.620,0.040,0,540,0
0.084100,3.96312,0.196,15.110,0.006,0,540,0
0.084120,3.96406,0.155,15.728,0.040,0,540,0
0.084140,3.96500,0.134,15.915,0.003,0,0,0
0.084160,3.96595,0.208,15.737,0.017,0,0,0
0.084180,3.96689,0.184,15.703,0.084,0,0,0
0.084200,3.96783,0.127,15.554,0.158,0,0,0
0.084220,3.96877,0.166,15.278,-0.020,0,0,0
0.084240,3.96972,0.159,15.219,0.050,0,0,0
0.084260,3.97066,0.080,15.102,0.082,0,0,0
0.084280,3.97160,0.187,15.045,0.074,0,0,0
0.084300,3.97254,0.253,14.809,0.039,0,0,0
0.084320,3.97349,0.266,14.718,0.075,0,0,0
0.084340,3.97443,0.210,14.568,0.063,0,0,0
0.084360,3.97537,0.208,14.430,0.077,0,0,0
0.084380,3.97631,0.130,14.243,-0.004,0,0,0
0.084400,3.97726,0.229,14.112,-0.011,0,0,0
0.084420,3.97820,0.273,14.669,0.124,0,540,0
0.084440,3.97914,0.205,15.135,0.039,0,540,0
0.084460,3.98008,0.251,15.513,0.029,0,540,0
0.084480,3.98103,0.180,16.072,0.093,0,540,0
0.084500,3.98197,0.181,15.932,0.053,0,0,0
0.084520,3.98291,0.166,15.684,0.153,0,0,0
0.084540,3.98385,0.212,15.574,0.084,0,0,0
0.084560,3.98480,0.214,15.386,0.081,0,0,0
0.084580,3.98574,0.258,15.409,0.018,0,0,0
0.084600,3.98668,0.200,15.112,0.055,0,0,0
0.084620,3.98762,0.196,15.065,-0.045,0,0,0
0.084640,3.98857,0.199,14.814,0.068,0,0,0
0.084660,3.98951,0.121,14.664,0.042,0,0,0
0.084680,3.99045,0.223,14.649,-0.021,0,0,0
0.084700,3.99139,0.130,14.500,-0.030,0,0,0
0.084720,3.99234,0.245,14.286,0.006,0,0,0
0.084740,3.99328,0.158,14.146,0.017,0,0,0
0.084760,3.99422,0.202,14.654,0.021,0,540,0
0.084780,3.99516,0.251,15.037,0.076,0,540,0
0.084800,3.99611,0.265,15.386,0.051,0,540,0
0.084820,3.99705,0.239,15.919,0.074,0,540,0
0.084840,3.99799,0.233,15.704,0.132,0,0,0
0.084860,3.99893,0.230,15.549,0.088,0,0,0
0.084880,3.99988,0.204,15.386,0.088,0,0,0
0.084900,4.00082,0.243,15.254,0.079,0,0,0
0.084920,4.00176,0.174,15.086,0.088,0,0,0
0.084940,4.00270,0.171,14.993,-0.043,0,0,0
0.084960,4.00365,0.227,14.818,0.038,0,0,0
0.084980,4.00459,0.262,14.659,0.023,0,0,0
0.085000,4.00553,0.149,14.509,0.017,0,0,0
0.085020,4.00647,0.153,14.408,0.074,0,0,0
0.085040,4.00742,0.155,14.168,0.031,0,0,0
0.085060,4.00836,0.302,14.329,0.060,0,540,0
0.085080,4.00930,0.207,14.777,-0.036,0,540,0
0.085100,4.01024,0.043,15.218,0.067,0,540,0
0.085120,4.01119,0.105,15.607,0.047,0,540,0
0.085140,4.01213,0.185,15.935,-0.061,0,540,0
0.085160,4.01307,0.255,15.787,0.092,0,0,0
0.085180,4.01401,0.229,15.643,0.111,0,0,0
0.085200,4.01496,0.212,15.415,0.075,0,0,0
0.085220,4.01590,0.186,15.259,0.029,0,0,0
0.085240,4.01684,0.142,15.168,0.029,0,0,0
0.085260,4.01778,0.146,14.826,0.083,0,0,0
0.085280,4.01873,0.199,14.895,0.024,0,0,0
0.085300,4.01967,0.227,14.641,0.007,0,0,0
0.085320,4.02061,0.158,14.512,0.051,0,0,0
0.085340,4.02155,0.116,14.428,0.074,0,0,0
0.085360,4.02250,0.184,14.264,-0.030,0,0,0
0.085380,4.02344,0.126,14.013,0.080,0,0,0
0.085400,4.02438,0.100,14.449,0.037,0,540,0
0.085420,4.02532,0.072,14.880,0.055,0,540,0
0.085440,4.02627,0.151,15.145,0.068,0,540,0
0.085460,4.02721,0.145,15.498,0.106,0,540,0
0.085480,4.02815,0.272,15.980,0.050,0,540,0
0.085500,4.02909,0.160,15.695,0.078,0,0,0
0.085520,4.03004,0.206,15.496,0.008,0,0,0
0.085540,4.03098,0.227,15.333,0.059,0,0,0
0.085560,4.03192,0.150,15.216,0.052,0,0,0
0.085580,4.03286,0.193,15.164,0.044,0,0,0
0.085600,4.03380,0.180,15.004,0.024,0,0,0
0.085620,4.03475,0.183,14.863,0.101,0,0,0
0.085640,4.03569,0.094,14.740,0.091,0,0,0
0.085660,4.03663,0.248,14.559,0.076,0,0,0
0.085680,4.03757,0.200,14.295,-0.056,0,0,0
0.085700,4.03852,0.174,14.236,0.052,0,0,0
0.085720,4.03946,0.181,14.308,-0.020,0,540,0
0.085740,4.04040,0.173,14.587,-0.047,0,540,0
0.085760,4.04134,0.202,14.991,0.051,0,540,0
0.085780,4.04229,0.173,15.391,0.019,0,540,0
0.085800,4.04323,0.196,15.643,0.052,0,540,0
0.085820,4.04417,0.145,15.791,-0.001,0,0,0
0.085840,4.04511,0.101,15.669,0.085,0,0,0
0.085860,4.04606,0.098,15.435,0.014,0,0,0
0.085880,4.04700,0.179,15.227,0.122,0,0,0
0.085900,4.04794,0.128,15.158,0.020,0,0,0
0.085920,4.04888,0.239,15.054,0.036,0,0,0
0.085940,4.04983,0.142,14.849,0.058,0,0,0
0.085960,4.05077,0.090,14.681,0.132,0,0,0
0.085980,4.05171,0.208,14.511,0.034,0,0,0
0.086000,4.05265,0.183,14.479,0.047,0,0,0
0.086020,4.05360,0.214,14.240,0.048,0,0,0
0.086040,4.05454,0.161,14.273,0.065,0,0,0
0.086060,4.05548,0.204,14.539,0.050,0,540,0
0.086080,4.05642,0.096,14.700,0.082,0,540,0
0.086100,4.05737,0.188,15.068,0.043,0,540,0
0.086120,4.05831,0.226,15.379,0.079,0,540,0
0.086140,4.05925,0.193,15.737,0.048,0,540,0
0.086160,4.06019,0.143,15.810,0.099,0,0,0
0.086180,4.06114,0.112,15.692,0.045,0,0,0
0.086200,4.06208,0.217,15.612,0.050,0,0,0
0.086220,4.06302,0.224,15.389,0.094,0,0,0
0.086240,4.06396,0.106,15.290,0.102,-540,0,0
0.086260,4.06491,0.220,15.048,0.085,0,0,0
0.086280,4.06585,0.008,15.002,0.049,0,0,0
0.086300,4.06679,0.125,14.847,0.085,0,0,0
0.086320,4.06773,0.110,14.562,0.053,0,0,0
0.086340,4.06868,0.102,14.579,0.003,0,0,0
0.086360,4.06962,0.113,14.476,0.106,0,0,0
0.086380,4.07056,0.110,14.265,0.033,0,0,0
0.086400,4.07150,0.151,14.217,0.004,0,0,0
0.086420,4.07245,0.117,14.495,0.087,0,540,0
0.086440,4.07339,0.052,14.745,0.071,0,540,0
0.086460,4.07433,0.124,15.052,0.092,0,540,0
0.086480,4.07527,0.165,15.321,0.087,0,540,0
0.086500,4.07622,0.051,15.578,0.039,0,540,0
0.086520,4.07716,0.179,15.983,-0.077,0,540,0
0.086540,4.07810,0.160,15.879,0.110,0,0,0
0.086560,4.07904,0.023,15.689,0.032,0,0,0
0.086580,4.07999,0.141,15.490,0.086,0,0,0
0.086600,4.08093,0.142,15.376,-0.030,0,0,0
0.086620,4.08187,0.071,15.315,0.027,0,0,0
0.086640,4.08281,0.225,15.163,0.064,0,0,0
0.086660,4.08376,0.130,15.105,0.092,0,0,0
0.086680,4.08470,0.182,14.838,0.110,0,0,0
0.086700,4.08564,0.060,14.874,0.099,0,0,0
0.086720,4.08658,0.120,14.739,0.064,0,0,0
0.086740,4.08753,0.162,14.600,0.050,0,0,0
0.086760,4.08847,0.104,14.472,0.053,0,0,0
0.086780,4.08941,0.117,14.315,0.063,0,0,0
0.086800,4.09035,0.123,14.263,-0.011,0,0,0
0.086820,4.09130,0.180,14.225,0.109,0,0,0
0.086840,4.09224,0.028,14.388,0.035,0,540,0
0.086860,4.09318,0.129,14.615,0.060,0,540,0
0.086880,4.09412,0.096,14.981,0.034,0,540,0
0.086900,4.09507,0.043,15.290,0.101,0,540,0
0.086920,4.09601,0.168,15.483,-0.006,0,540,0
0.086940,4.09695,0.102,15.809,0.039,0,540,0
0.086960,4.09789,0.169,15.837,0.024,0,0,0
0.086980,4.09884,0.087,15.712,0.013,0,0,0
0.087000,4.09978,0.123,15.599,0.034,0,0,0
0.087020,4.10072,0.159,15.533,0.090,0,0,0
0.087040,4.10166,0.223,15.423,0.004,0,0,0
0.087060,4.10261,0.162,15.248,0.057,0,0,0
0.087080,4.10355,0.103,15.056,0.034,0,0,0
0.087100,4.10449,0.057,15.119,0.011,0,0,0
0.087120,4.10543,0.143,14.986,0.000,0,0,0
0.087140,4.10638,0.136,14.705,0.043,0,0,0
0.087160,4.10732,0.118,14.853,0.149,0,0,0
0.087180,4.10826,0.158,14.609,0.054,0,0,0
0.087200,4.10920,0.159,14.579,0.062,0,0,0
0.087220,4.11015,0.192,14.477,0.035,0,0,0
0.087240,4.11109,0.187,14.339,0.061,0,0,0
0.087260,4.11203,0.084,14.341,0.013,0,0,0
0.087280,4.11297,0.182,14.531,-0.008,0,540,0
0.087300,4.11392,0.170,14.794,0.063,0,540,0
0.087320,4.11486,0.078,15.106,0.143,0,540,0
0.087340,4.11580,0.108,15.317,0.061,0,540,0
0.087360,4.11674,0.122,15.676,0.081,0,540,0
0.087380,4.11769,0.145,15.858,0.054,0,540,0
0.087400,4.11863,0.120,15.814,0.087,0,0,0
0.087420,4.11957,0.127,15.627,0.152,0,0,0
0.087440,4.12051,0.161,15.615,-0.014,0,0,0
0.087460,4.12146,0.104,15.468,0.112,0,0,0
0.087480,4.12240,0.059,15.372,0.134,0,0,0
0.087500,4.12334,0.153,15.432,0.124,0,0,0
0.087520,4.12428,0.141,15.181,0.125,0,0,0
0.087540,4.12523,0.072,15.148,0.081,0,0,0
0.087560,4.12617,0.122,14.984,-0.000,0,0,0
0.087580,4.12711,0.211,14.965,0.006,0,0,0
0.087600,4.12805,0.182,14.964,0.075,0,0,0
0.087620,4.12900,0.165,14.748,-0.003,0,0,0
0.087640,4.12994,0.071,14.644,0.081,0,0,0
0.087660,4.13088,0.060,14.582,0.091,0,0,0
0.087680,4.13182,0.242,14.587,0.036,0,0,0
0.087700,4.13277,0.133,14.467,0.120,0,0,0
0.087720,4.13371,0.102,14.368,0.076,0,0,0
0.087740,4.13465,0.158,14.236,0.085,0,0,0
0.087760,4.13559,0.099,14.199,0.093,0,0,0
0.087780,4.13654,0.132,14.511,0.058,0,540,0
0.087800,4.13748,0.211,14.693,0.038,0,540,0
0.087820,4.13842,0.122,14.881,0.082,0,540,0
0.087840,4.13936,0.145,15.293,0.045,0,540,0
0.087860,4.14030,0.013,15.561,0.059,0,540,0
0.087880,4.14125,0.226,15.853,0.005,0,540,0
0.087900,4.14219,0.076,15.734,-0.034,0,0,0
0.087920,4.14313,0.060,15.634,0.015,0,0,0
0.087940,4.14407,0.150,15.590,0.153,0,0,0
0.087960,4.14502,0.117,15.520,0.035,0,0,0
0.087980,4.14596,0.113,15.377,0.084,0,0,0
0.088000,4.14690,0.038,15.353,0.038,0,0,0
0.088020,4.14784,0.058,15.244,0.000,0,0,0
0.088040,4.14879,0.113,15.190,0.022,0,0,0
0.088060,4.14973,0.126,15.206,0.132,0,0,0
0.088080,4.15067,0.122,15.101,-0.002,0,0,0
0.088100,4.15161,0.127,14.973,0.050,0,0,0
0.088120,4.15256,0.157,14.963,0.084,0,0,0
0.088140,4.15350,0.123,14.901,0.070,0,0,0
0.088160,4.15444,0.092,14.801,0.098,0,0,0
0.088180,4.15538,0.141,14.772,0.032,0,0,0
0.088200,4.15633,0.177,14.673,0.056,0,0,0
0.088220,4.15727,0.147,14.622,0.111,0,0,0
0.088240,4.15821,0.059,14.596,0.153,0,0,0
0.088260,4.15915,0.139,14.549,0.018,0,0,0
0.088280,4.16010,0.040,14.491,0.080,0,0,0
0.088300,4.16104,0.039,14.420,0.073,0,0,0
0.088320,4.16198,0.108,14.291,0.084,0,0,0
0.088340,4.16292,0.167,14.260,0.109,0,0,0
0.088360,4.16387,0.063,14.267,0.028,0,0,0
0.088380,4.16481,0.083,14.447,-0.006,0,540,0
0.088400,4.16575,0.067,14.759,0.036,0,540,0
0.088420,4.16669,0.082,14.982,-0.044,0,540,0
0.088440,4.16764,0.062,15.323,-0.025,0,540,0
0.088460,4.16858,0.115,15.573,0.019,0,540,0
0.088480,4.16952,0.046,15.895,0.111,0,540,0
0.088500,4.17046,0.071,15.799,0.025,0,0,0
0.088520,4.17141,0.130,15.779,0.095,0,0,0
0.088540,4.17235,0.117,15.674,0.087,0,0,0
0.088560,4.17329,0.088,15.675,0.100,0,0,0
0.088580,4.17423,0.229,15.596,0.062,0,0,0
0.088600,4.17518,0.182,15.463,0.151,0,0,0
0.088620,4.17612,0.154,15.444,0.119,0,0,0
0.088640,4.17706,0.112,15.355,-0.003,0,0,0
0.088660,4.17800,0.155,15.319,0.093,0,0,0
0.088680,4.17895,0.079,15.288,0.161,0,0,0
0.088700,4.17989,0.131,15.286,0.034,0,0,0
0.088720,4.18083,0.170,15.117,0.064,0,0,0
0.088740,4.18177,0.196,15.146,-0.009,0,0,0
0.088760,4.18272,0.246,15.111,0.050,0,0,0
0.088780,4.18366,0.167,15.066,0.051,0,0,0
0.088800,4.18460,0.113,14.909,-0.031,0,0,0
0.088820,4.18554,0.150,14.977,0.044,0,0,0
0.088840,4.18649,0.043,14.918,-0.053,0,0,0
0.088860,4.18743,0.114,14.844,-0.002,0,0,0
0.088880,4.18837,0.082,14.851,0.025,0,0,0
0.088900,4.18931,0.030,14.881,-0.037,0,0,0
0.088920,4.19026,0.115,14.754,0.148,0,0,0
0.088940,4.19120,0.058,14.693,0.025,0,0,0
0.088960,4.19214,0.091,14.632,0.088,0,0,0
0.088980,4.19308,0.112,14.604,0.053,0,0,0
0.089000,4.19403,0.220,14.645,0.110,0,0,0
0.089020,4.19497,0.018,14.622,0.080,0,0,0
0.089040,4.19591,0.180,14.401,0.064,0,0,0
0.089060,4.19685,0.197,14.513,0.018,0,0,0
0.089080,4.19780,0.092,14.422,-0.012,0,0,0
0.089100,4.19874,0.184,14.394,0.028,0,0,0
0.089120,4.19968,0.144,14.424,0.031,0,0,0
0.089140,4.20062,0.096,14.263,-0.025,0,0,0
0.089160,4.20157,0.172,14.283,0.055,0,0,0
0.089180,4.20251,0.102,14.154,0.032,0,0,0
0.089200,4.20345,0.108,14.160,0.018,0,0,0
0.089220,4.20439,0.067,14.375,0.055,0,540,0
0.089240,4.20534,0.106,14.588,-0.014,0,540,0
0.089260,4.20628,0.124,14.901,0.068,0,540,0
0.089280,4.20722,0.132,15.103,0.072,0,540,0
0.089300,4.20816,0.149,15.313,0.081,0,540,0
0.089320,4.20911,0.051,15.725,0.086,0,540,0
0.089340,4.21005,0.143,15.800,0.044,0,0,0
0.089360,4.21099,0.188,15.774,0.026,0,0,0
0.089380,4.21193,0.258,15.722,0.041,0,0,0
0.089400,4.21288,0.162,15.664,-0.049,0,0,0
0.089420,4.21382,0.147,15.645,0.087,0,0,0
0.089440,4.21476,0.095,15.592,-0.008,0,0,0
0.089460,4.21570,0.234,15.585,-0.028,0,0,0
0.089480,4.21665,0.219,15.477,0.024,0,0,0
0.089500,4.21759,0.085,15.562,0.016,0,0,0
0.089520,4.21853,0.127,15.506,-0.015,0,0,0
0.089540,4.21947,0.154,15.386,0.107,0,0,0
0.089560,4.22042,0.204,15.479,0.087,0,0,0
0.089580,4.22136,0.155,15.545,0.074,0,0,0
0.089600,4.22230,0.092,15.421,0.027,0,0,0
0.089620,4.22324,0.170,15.367,-0.008,0,0,0
0.089640,4.22419,0.138,15.273,0.088,0,0,0
0.089660,4.22513,0.094,15.222,0.088,0,0,0
0.089680,4.22607,0.158,15.283,-0.003,0,0,0
0.089700,4.22701,0.108,15.259,0.032,0,0,0
0.089720,4.22796,0.126,15.172,0.025,0,0,0
0.089740,4.22890,0.230,15.179,-0.081,0,0,0
0.089760,4.22984,0.108,15.195,0.064,0,0,0
0.089780,4.23078,0.139,15.158,0.100,0,0,0
0.089800,4.23173,0.072,15.065,0.042,0,0,0
0.089820,4.23267,0.077,15.053,0.638,0,0,540
0.089840,4.23361,0.164,15.090,1.381,0,0,540
0.089860,4.23455,0.087,15.050,2.336,0,0,540
0.089880,4.23550,0.088,15.002,3.259,0,0,540
0.089900,4.23644,0.090,14.964,4.100,0,0,540
0.089920,4.23738,0.091,14.916,4.961,0,0,540
0.089940,4.23832,0.210,14.909,5.798,0,0,540
0.089960,4.23927,0.188,14.927,6.732,0,0,540
0.089980,4.24021,0.144,14.976,7.641,0,0,540
0.090000,4.24115,0.155,14.832,8.558,0,0,540
0.090020,4.24209,0.196,14.850,9.547,0,0,540
0.090040,4.24304,0.179,14.775,10.330,0,0,540
0.090060,4.24398,0.195,14.789,11.131,0,0,540
0.090080,4.24492,0.164,14.703,12.015,0,0,540
0.090100,4.24586,0.106,14.802,12.987,0,0,540
0.090120,4.24680,0.221,14.696,13.965,0,0,540
0.090140,4.24775,0.139,14.735,14.783,0,0,540
0.090160,4.24869,0.229,14.655,15.748,0,0,540
0.090180,4.24963,0.224,14.656,16.099,0,0,0
0.090200,4.25057,0.097,14.654,16.094,0,0,0
0.090220,4.25152,0.197,14.637,15.966,0,0,0
0.090240,4.25246,0.078,14.573,15.952,0,0,0
0.090260,4.25340,0.182,14.581,16.012,0,0,0
0.090280,4.25434,0.090,14.640,15.971,0,0,0
0.090300,4.25529,0.128,14.559,15.993,0,0,0
0.090320,4.25623,0.217,14.536,15.974,0,0,0
0.090340,4.25717,0.155,14.489,15.882,0,0,0
0.090360,4.25811,0.153,14.455,15.918,0,0,0
0.090380,4.25906,0.150,14.492,15.955,0,0,0
0.090400,4.26000,0.129,14.360,15.916,0,0,0
0.090420,4.26094,0.109,14.514,15.859,0,0,0
0.090440,4.26188,0.159,14.394,15.771,0,0,0
0.090460,4.26283,0.175,14.428,15.875,0,0,0
0.090480,4.26377,0.137,14.452,15.843,0,0,0
0.090500,4.26471,0.171,14.399,15.845,0,0,0
0.090520,4.26565,0.185,14.357,15.774,0,0,0
0.090540,4.26660,0.101,14.377,15.703,0,0,0
0.090560,4.26754,0.194,14.313,15.835,0,0,0
0.090580,4.26848,0.136,14.302,15.770,0,0,0
0.090600,4.26942,0.058,14.396,15.688,0,0,0
0.090620,4.27037,0.146,14.327,15.594,0,0,0
0.090640,4.27131,0.181,14.437,15.659,0,540,0
0.090660,4.27225,0.162,14.713,15.656,0,540,0
0.090680,4.27319,0.136,14.859,15.649,0,540,0
0.090700,4.27414,0.121,15.197,15.657,0,540,0
0.090720,4.27508,0.218,15.552,15.676,0,540,0
0.090740,4.27602,0.211,15.856,15.616,0,540,0
0.090760,4.27696,0.112,15.842,15.580,0,0,0
0.090780,4.27791,0.128,15.779,15.579,0,0,0
0.090800,4.27885,0.084,15.800,15.462,0,0,0
0.090820,4.27979,0.115,15.811,15.584,0,0,0
0.090840,4.28073,0.113,15.791,15.466,0,0,0
0.090860,4.28168,0.198,15.762,15.486,0,0,0
0.090880,4.28262,0.197,15.783,15.422,0,0,0
0.090900,4.28356,0.175,15.837,15.460,0,0,0
0.090920,4.28450,0.117,15.645,15.304,0,0,0
0.090940,4.28545,0.100,15.768,15.470,0,0,0
0.090960,4.28639,0.093,15.684,15.352,0,0,0
0.090980,4.28733,0.222,15.645,15.307,0,0,0
0.091000,4.28827,0.147,15.692,15.331,0,0,0
0.091020,4.28922,0.170,15.608,15.349,0,0,0
0.091040,4.29016,0.201,15.598,15.254,0,0,0
0.091060,4.29110,0.082,15.636,15.323,0,0,0
0.091080,4.29204,0.237,15.641,15.323,0,0,0
0.091100,4.29299,0.174,15.607,15.149,0,0,0
0.091120,4.29393,0.189,15.596,15.264,0,0,0
0.091140,4.29487,0.199,15.609,15.241,0,0,0
0.091160,4.29581,0.109,15.605,15.240,0,0,0
0.091180,4.29676,0.181,15.606,15.114,0,0,0
0.091200,4.29770,0.195,15.508,15.162,0,0,0
0.091220,4.29864,0.146,15.530,15.257,0,0,0
0.091240,4.29958,0.118,15.536,15.105,0,0,0
0.091260,4.30053,0.136,15.474,15.033,0,0,0
0.091280,4.30147,0.184,15.427,15.020,0,0,0
0.091300,4.30241,0.178,15.574,14.996,0,0,0
0.091320,4.30335,0.219,15.433,14.975,0,0,0
0.091340,4.30430,0.157,15.449,14.910,0,0,0
0.091360,4.30524,0.173,15.391,14.942,0,0,0
0.091380,4.30618,0.102,15.525,14.994,0,0,0
0.091400,4.30712,0.078,15.467,14.994,0,0,0
0.091420,4.30807,0.087,15.445,14.836,0,0,0
0.091440,4.30901,0.078,15.457,14.841,0,0,0
0.091460,4.30995,0.035,15.402,14.851,0,0,0
0.091480,4.31089,0.051,15.419,14.863,0,0,0
0.091500,4.31184,0.058,15.373,14.743,0,0,0
0.091520,4.31278,0.119,15.476,14.795,0,0,0
0.091540,4.31372,0.023,15.282,14.651,0,0,0
0.091560,4.31466,0.142,15.262,14.721,0,0,0
0.091580,4.31561,0.129,15.460,14.688,0,0,0
0.091600,4.31655,0.089,15.268,14.659,0,0,0
0.091620,4.31749,0.165,15.366,14.689,0,0,0
0.091640,4.31843,0.093,15.268,14.602,0,0,0
0.091660,4.31938,0.179,15.371,14.574,0,0,0
0.091680,4.32032,0.158,15.040,14.642,0,-540,0
0.091700,4.32126,0.040,14.668,14.591,0,-540,0
0.091720,4.32220,0.033,14.449,14.547,0,-540,0
0.091740,4.32315,0.107,14.118,14.522,0,-540,0
0.091760,4.32409,0.122,13.855,14.466,0,-540,0
0.091780,4.32503,0.134,13.543,14.450,0,-540,0
0.091800,4.32597,0.025,13.255,14.449,0,-540,0
0.091820,4.32692,0.153,13.029,14.453,0,-540,0
0.091840,4.32786,0.098,12.841,14.368,0,-540,0
0.091860,4.32880,0.118,12.520,14.337,0,-540,0
0.091880,4.32974,0.005,12.280,14.212,0,-540,0
0.091900,4.33069,0.086,11.931,14.167,0,-540,0
0.091920,4.33163,0.128,11.807,14.243,0,-540,0
0.091940,4.33257,0.067,11.480,14.696,0,-540,540
0.091960,4.33351,0.181,11.317,15.533,0,-540,540
0.091980,4.33446,0.083,11.076,15.900,0,-540,0
0.092000,4.33540,0.080,10.908,15.993,0,-540,0
0.092020,4.33634,0.090,10.509,15.951,0,-540,0
0.092040,4.33728,0.068,10.386,15.845,0,-540,0
0.092060,4.33823,0.118,10.166,15.860,0,-540,0
0.092080,4.33917,0.245,10.022,15.731,0,-540,0
0.092100,4.34011,0.103,9.831,15.816,0,-540,0
0.092120,4.34105,0.131,9.622,15.734,0,-540,0
0.092140,4.34200,0.150,9.361,15.684,0,-540,0
0.092160,4.34294,0.101,9.306,15.597,0,-540,0
0.092180,4.34388,0.195,8.897,15.597,0,-540,0
0.092200,4.34482,0.115,8.742,15.529,0,-540,0
0.092220,4.34577,0.128,8.515,15.539,0,-540,0
0.092240,4.34671,0.174,8.433,15.537,0,-540,0
0.092260,4.34765,0.079,8.277,15.508,0,-540,0
0.092280,4.34859,0.077,8.029,15.407,0,-540,0
0.092300,4.34954,0.067,7.924,15.360,0,-540,0
0.092320,4.35048,0.136,7.650,15.344,0,-540,0
0.092340,4.35142,0.065,7.555,15.431,0,-540,0
0.092360,4.35236,0.167,7.350,15.238,0,-540,0
0.092380,4.35330,0.143,7.236,15.192,0,-540,0
0.092400,4.35425,0.111,7.066,15.305,0,-540,0
0.092420,4.35519,0.085,6.861,15.176,0,-540,0
0.092440,4.35613,0.190,6.712,15.159,0,-540,0
0.092460,4.35707,0.055,6.414,15.093,0,-540,0
0.092480,4.35802,0.152,6.371,15.078,0,-540,0
0.092500,4.35896,0.054,6.187,15.059,0,-540,0
0.092520,4.35990,0.177,6.110,14.965,0,-540,0
0.092540,4.36084,0.113,5.916,14.915,0,-540,0
0.092560,4.36179,0.089,5.774,14.860,0,-540,0
0.092580,4.36273,0.142,5.555,14.794,0,-540,0
0.092600,4.36367,0.133,5.511,14.865,0,-540,0
0.092620,4.36461,0.221,5.295,14.649,0,-540,0
0.092640,4.36556,0.071,5.093,14.733,0,-540,0
0.092660,4.36650,0.137,5.105,14.661,0,-540,0
0.092680,4.36744,0.070,4.914,14.657,0,-540,0
0.092700,4.36838,0.162,4.734,14.608,0,-540,0
0.092720,4.36933,0.090,4.600,14.472,0,-540,0
0.092740,4.37027,0.207,4.432,14.473,0,-540,0
0.092760,4.37121,0.084,4.352,14.524,0,-540,0
0.092780,4.37215,0.214,4.223,14.448,0,-540,0
0.092800,4.37310,0.232,4.144,14.372,0,-540,0
0.092820,4.37404,0.077,3.903,14.344,0,-540,0
0.092840,4.37498,0.180,3.867,14.293,0,-540,0
0.092860,4.37592,0.112,3.706,14.335,0,-540,0
0.092880,4.37687,0.162,3.604,14.663,0,-540,540
0.092900,4.37781,0.095,3.536,15.403,0,-540,540
0.092920,4.37875,0.083,3.343,15.838,0,-540,0
0.092940,4.37969,0.120,3.167,15.739,0,-540,0
0.092960,4.38064,0.193,3.125,15.725,0,-540,0
0.092980,4.38158,0.075,2.944,15.714,0,-540,0
0.093000,4.38252,0.147,2.800,15.626,0,-540,0
0.093020,4.38346,0.194,2.757,15.495,0,-540,0
0.093040,4.38441,0.185,2.655,15.516,0,-540,0
0.093060,4.38535,0.166,2.564,15.446,0,-540,0
0.093080,4.38629,0.120,2.382,15.402,0,-540,0
0.093100,4.38723,0.186,2.386,15.355,0,-540,0
0.093120,4.38818,0.209,2.182,15.157,0,-540,0
0.093140,4.38912,0.179,2.095,15.174,0,-540,0
0.093160,4.39006,0.097,1.946,15.272,0,-540,0
0.093180,4.39100,0.175,1.896,15.096,0,-540,0
0.093200,4.39195,0.130,1.836,15.080,0,-540,0
0.093220,4.39289,0.086,1.629,14.918,0,-540,0
0.093240,4.39383,0.118,1.626,15.020,0,-540,0
0.093260,4.39477,0.188,1.439,14.895,0,-540,0
0.093280,4.39572,0.152,1.369,14.849,0,-540,0
0.093300,4.39666,0.118,1.286,14.771,0,-540,0
0.093320,4.39760,0.020,1.108,14.686,0,-540,0
0.093340,4.39854,0.173,1.086,14.716,0,-540,0
0.093360,4.39949,0.132,0.991,14.515,0,-540,0
0.093380,4.40043,0.177,0.771,14.575,0,-540,0
0.093400,4.40137,0.268,0.709,14.472,0,-540,0
0.093420,4.40231,0.199,0.626,14.397,0,-540,0
0.093440,4.40326,0.192,0.623,14.264,0,-540,0
0.093460,4.40420,0.202,0.514,14.211,0,-540,0
0.093480,4.40514,0.179,0.450,15.015,0,-540,540
0.093500,4.40608,0.133,0.264,15.799,0,-540,540
0.093520,4.40703,0.185,0.283,15.982,0,0,0
0.093540,4.40797,0.161,0.190,16.117,0,0,0
0.093560,4.40891,0.201,0.239,15.927,0,0,0
0.093580,4.40985,0.217,0.240,15.960,0,0,0
0.093600,4.41080,0.209,0.289,15.792,0,0,0
0.093620,4.41174,0.165,0.234,15.806,0,0,0
0.093640,4.41268,0.194,0.217,15.656,0,0,0
0.093660,4.41362,0.148,0.181,15.508,0,0,0
0.093680,4.41457,0.165,0.265,15.561,0,0,0
0.093700,4.41551,0.187,0.087,15.494,0,0,0
0.093720,4.41645,0.154,0.206,15.387,0,0,0
0.093740,4.41739,0.222,0.228,15.282,0,0,0
0.093760,4.41834,0.312,0.240,15.151,0,0,0
0.093780,4.41928,0.114,0.216,15.170,0,0,0
0.093800,4.42022,0.121,0.178,15.088,0,0,0
0.093820,4.42116,0.246,0.275,15.040,0,0,0
0.093840,4.42211,0.032,0.257,14.911,-540,0,0
0.093860,4.42305,0.067,0.220,14.766,0,0,0
0.093880,4.42399,-0.042,0.161,14.737,0,0,0
0.093900,4.42493,-0.005,0.200,14.620,0,0,0
0.093920,4.42588,0.059,0.228,14.579,0,0,0
0.093940,4.42682,0.065,0.244,14.567,0,0,0
0.093960,4.42776,-0.012,0.233,14.437,0,0,0
0.093980,4.42870,0.018,0.246,14.277,0,0,0
0.094000,4.42965,0.035,0.282,14.297,0,0,0
0.094020,4.43059,0.086,0.153,14.613,0,0,540
0.094040,4.43153,-0.014,0.245,15.208,0,0,540
0.094060,4.43247,-0.035,0.157,15.919,0,0,540
0.094080,4.43342,-0.058,0.228,15.835,0,0,0
0.094100,4.43436,-0.074,0.173,15.730,0,0,0
0.094120,4.43530,-0.011,0.149,15.672,0,0,0
0.094140,4.43624,0.003,0.081,15.605,0,0,0
0.094160,4.43719,-0.013,0.143,15.483,0,0,0
0.094180,4.43813,0.032,0.126,15.402,0,0,0
0.094200,4.43907,0.009,0.238,15.284,0,0,0
0.094220,4.44001,0.065,0.081,15.279,0,0,0
0.094240,4.44096,0.065,0.049,15.023,0,0,0
0.094260,4.44190,-0.000,0.133,15.111,0,0,0
0.094280,4.44284,0.038,0.068,14.855,0,0,0
0.094300,4.44378,0.110,0.225,14.812,0,0,0
0.094320,4.44473,0.076,0.116,14.706,0,0,0
0.094340,4.44567,0.035,0.177,14.562,0,0,0
0.094360,4.44661,0.022,0.139,14.563,0,0,0
0.094380,4.44755,0.018,0.250,14.422,0,0,0
0.094400,4.44850,0.026,0.152,14.309,0,0,0
0.094420,4.44944,0.017,0.079,14.182,0,0,0
0.094440,4.45038,0.058,0.251,14.499,0,0,540
0.094460,4.45132,-0.016,0.198,15.143,0,0,540
0.094480,4.45227,0.020,0.070,15.805,0,0,540
0.094500,4.45321,0.011,0.131,16.035,0,0,0
0.094520,4.45415,0.031,0.113,15.932,0,0,0
0.094540,4.45509,-0.005,0.097,15.765,0,0,0
0.094560,4.45604,0.014,0.171,15.726,0,0,0
0.094580,4.45698,0.075,0.174,15.657,0,0,0
0.094600,4.45792,-0.013,0.155,15.463,0,0,0
0.094620,4.45886,0.086,0.135,15.321,0,-540,0
0.094640,4.45980,0.034,0.143,15.286,0,0,0
0.094660,4.46075,-0.027,0.101,15.116,0,0,0
0.094680,4.46169,0.058,0.124,15.038,0,0,0
0.094700,4.46263,0.009,0.047,14.922,0,0,0
0.094720,4.46357,0.059,0.158,14.787,0,0,0
0.094740,4.46452,-0.046,0.125,14.648,0,0,0
0.094760,4.46546,-0.006,0.068,14.550,0,0,0
0.094780,4.46640,-0.016,0.164,14.439,0,0,0
0.094800,4.46734,-0.059,0.063,14.396,0,0,0
0.094820,4.46829,-0.064,0.194,14.250,0,0,0
0.094840,4.46923,0.029,0.076,14.810,0,0,540
0.094860,4.47017,-0.027,0.070,15.392,0,0,540
0.094880,4.47111,0.083,0.097,16.009,0,0,540
0.094900,4.47206,0.082,0.096,15.800,0,0,0
0.094920,4.47300,-0.008,0.052,15.720,0,0,0
0.094940,4.47394,0.014,0.107,15.630,0,0,0
0.094960,4.47488,0.044,0.026,15.428,0,0,0
0.094980,4.47583,-0.050,0.100,15.288,0,0,0
0.095000,4.47677,0.022,0.066,15.215,0,0,0
0.095020,4.47771,-0.024,0.142,15.092,0,0,0
0.095040,4.47865,0.050,0.145,14.987,0,0,0
0.095060,4.47960,0.044,0.059,14.794,0,0,0
0.095080,4.48054,0.044,0.050,14.731,0,0,0
0.095100,4.48148,-0.063,0.068,14.561,0,0,0
0.095120,4.48242,0.071,0.060,14.439,0,0,0
0.095140,4.48337,-0.082,0.074,14.328,0,0,0
0.095160,4.48431,-0.151,0.005,14.269,0,0,0
0.095180,4.48525,0.035,0.068,14.397,0,0,540
0.095200,4.48619,0.065,0.147,14.881,0,0,540
0.095220,4.48714,-0.000,0.150,15.413,0,0,540
0.095240,4.48808,-0.074,0.034,16.012,0,0,540
0.095260,4.48902,-0.008,0.147,15.852,0,0,0
0.095280,4.48996,-0.025,0.180,15.740,0,0,0
0.095300,4.49091,0.028,0.128,15.623,0,0,0
0.095320,4.49185,0.035,0.128,15.449,0,0,0
0.095340,4.49279,-0.022,0.045,15.347,0,0,0
0.095360,4.49373,0.059,-0.002,15.255,0,0,0
0.095380,4.49468,0.116,0.170,14.969,0,0,0
0.095400,4.49562,0.091,0.221,14.889,0,0,0
0.095420,4.49656,-0.013,0.117,14.773,0,0,0
0.095440,4.49750,-0.099,0.050,14.566,0,0,0
0.095460,4.49845,0.094,0.126,14.540,0,0,0
0.095480,4.49939,0.021,0.188,14.301,0,0,0
0.095500,4.50033,-0.036,0.093,14.144,0,0,0
0.095520,4.50127,0.025,0.137,14.659,0,0,540
0.095540,4.50222,-0.066,0.146,15.177,0,0,540
0.095560,4.50316,0.017,0.078,15.683,0,0,540
0.095580,4.50410,-0.065,0.114,15.817,0,0,0
0.095600,4.50504,0.090,0.175,15.708,0,0,0
0.095620,4.50599,-0.023,0.200,15.505,0,0,0
0.095640,4.50693,0.018,0.107,15.401,0,0,0
0.095660,4.50787,0.005,0.005,15.224,0,0,0
0.095680,4.50881,0.033,0.107,15.061,0,0,0
0.095700,4.50976,-0.065,0.145,14.920,0,0,0
0.095720,4.51070,-0.012,0.083,14.799,0,0,0
0.095740,4.51164,-0.013,0.155,14.661,0,0,0
0.095760,4.51258,0.074,0.221,14.522,0,0,0
0.095780,4.51353,0.049,0.054,14.331,0,0,0
0.095800,4.51447,0.024,0.135,14.249,0,0,0
0.095820,4.51541,-0.012,0.079,14.591,0,0,540
0.095840,4.51635,0.035,0.140,15.140,0,0,540
0.095860,4.51730,0.005,-0.002,15.531,0,0,540
0.095880,4.51824,-0.064,0.129,15.945,0,0,540
0.095900,4.51918,0.002,0.042,15.905,0,0,0
0.095920,4.52012,-0.061,0.215,15.624,0,0,0
0.095940,4.52107,-0.038,0.098,15.521,0,0,0
0.095960,4.52201,0.020,0.104,15.384,0,0,0
0.095980,4.52295,0.029,0.068,15.153,0,0,0
0.096000,4.52389,0.101,0.097,15.134,0,0,0
0.096020,4.52484,0.047,0.067,14.857,0,0,0
0.096040,4.52578,0.081,0.177,14.615,0,0,0
0.096060,4.52672,0.001,0.182,14.705,0,0,0
0.096080,4.52766,0.020,0.063,14.431,0,0,0
0.096100,4.52861,-0.031,0.173,14.337,0,0,0
0.096120,4.52955,-0.030,0.158,14.416,0,0,540
0.096140,4.53049,0.068,0.086,14.868,0,0,540
0.096160,4.53143,-0.055,0.186,15.290,0,0,540
0.096180,4.53238,-0.025,0.068,15.680,0,0,540
0.096200,4.53332,-0.032,0.049,15.820,0,0,0
0.096220,4.53426,0.116,0.142,15.598,0,0,0
0.096240,4.53520,0.005,0.106,15.378,0,0,0
0.096260,4.53615,0.062,0.111,15.334,0,0,0
0.096280,4.53709,0.021,0.071,15.133,0,0,0
0.096300,4.53803,0.094,0.085,14.974,0,0,0
0.096320,4.53897,-0.005,0.114,14.838,0,0,0
0.096340,4.53992,-0.001,0.106,14.779,0,0,0
0.096360,4.54086,-0.029,0.180,14.547,0,0,0
0.096380,4.54180,-0.018,0.032,14.291,0,0,0
0.096400,4.54274,0.089,0.131,14.277,0,0,0
0.096420,4.54369,0.027,0.082,14.377,0,0,540
0.096440,4.54463,0.052,0.069,14.798,0,0,540
0.096460,4.54557,0.119,0.156,15.149,0,0,540
0.096480,4.54651,-0.042,0.075,15.487,0,0,540
0.096500,4.54746,0.031,0.090,15.874,0,0,540
0.096520,4.54840,-0.022,0.185,16.033,0,0,0
0.096540,4.54934,-0.013,0.113,15.794,0,0,0
0.096560,4.55028,0.031,0.211,15.656,0,0,0
0.096580,4.55123,0.047,0.157,15.519,0,0,0
0.096600,4.55217,0.018,0.108,15.331,0,0,0
0.096620,4.55311,-0.001,-0.002,15.280,0,0,0
0.096640,4.55405,0.008,0.134,15.024,0,0,0
0.096660,4.55500,0.075,0.155,14.913,0,0,0
0.096680,4.55594,0.037,0.105,14.815,0,0,0
0.096700,4.55688,-0.006,0.196,14.545,0,0,0
0.096720,4.55782,0.001,0.106,14.461,0,0,0
0.096740,4.55877,0.093,0.061,14.217,0,0,0
0.096760,4.55971,-0.021,0.102,14.349,0,0,540
0.096780,4.56065,0.004,0.035,14.690,0,0,540
0.096800,4.56159,-0.024,0.111,15.031,0,0,540
0.096820,4.56254,-0.069,0.037,15.370,0,0,540
0.096840,4.56348,0.021,0.138,15.692,0,0,540
0.096860,4.56442,0.050,0.065,15.773,0,0,0
0.096880,4.56536,-0.017,0.046,15.598,0,0,0
0.096900,4.56630,0.026,0.181,15.453,0,0,0
0.096920,4.56725,-0.076,0.162,15.440,0,0,0
0.096940,4.56819,0.046,0.220,15.245,0,0,0
0.096960,4.56913,0.033,0.097,15.135,0,0,0
0.096980,4.57007,0.048,0.059,14.930,0,0,0
0.097000,4.57102,0.029,0.161,14.768,0,0,0
0.097020,4.57196,-0.016,0.069,14.597,0,0,0
0.097040,4.57290,0.060,0.043,14.453,0,0,0
0.097060,4.57384,-0.080,0.121,14.324,0,0,0
0.097080,4.57479,-0.026,0.090,14.154,0,0,0
0.097100,4.57573,-0.055,0.024,14.580,0,0,540
0.097120,4.57667,0.045,0.102,14.777,0,0,540
0.097140,4.57761,-0.000,0.096,15.121,0,0,540
0.097160,4.57856,0.058,0.069,15.387,0,0,540
0.097180,4.57950,0.102,0.140,15.799,0,0,540
0.097200,4.58044,-0.033,0.069,15.811,0,0,0
0.097220,4.58138,0.042,0.076,15.782,0,0,0
0.097240,4.58233,-0.056,0.084,15.574,0,0,0
0.097260,4.58327,0.075,0.104,15.391,0,0,0
0.097280,4.58421,-0.006,0.149,15.255,0,0,0
0.097300,4.58515,-0.007,0.084,15.073,0,0,0
0.097320,4.58610,0.051,0.095,14.936,0,0,0
0.097340,4.58704,-0.041,0.024,14.860,0,0,0
0.097360,4.58798,0.025,0.154,14.709,0,0,0
0.097380,4.58892,-0.018,0.031,14.572,0,0,0
0.097400,4.58987,0.079,0.067,14.420,0,0,0
0.097420,4.59081,0.059,0.059,14.315,0,0,0
0.097440,4.59175,0.075,0.121,14.218,0,0,0
0.097460,4.59269,0.006,0.047,14.371,0,0,540
0.097480,4.59364,0.023,0.153,14.679,0,0,540
0.097500,4.59458,0.031,0.080,14.812,0,0,540
0.097520,4.59552,0.060,0.082,15.195,0,0,540
0.097540,4.59646,0.102,0.090,15.519,0,0,540
0.097560,4.59741,-0.003,0.125,15.774,0,0,540
0.097580,4.59835,0.101,0.140,15.884,0,0,0
0.097600,4.59929,0.044,0.037,15.695,0,0,0
0.097620,4.60023,0.091,0.121,15.498,0,0,0
0.097640,4.60118,0.028,0.122,15.426,0,0,0
0.097660,4.60212,0.042,0.181,15.350,0,0,0
0.097680,4.60306,-0.004,0.112,15.153,0,0,0
0.097700,4.60400,0.028,0.132,15.104,0,0,0
0.097720,4.60495,-0.064,0.137,14.969,0,0,0
0.097740,4.60589,0.032,0.162,14.848,0,0,0
0.097760,4.60683,-0.018,0.194,14.691,0,0,0
0.097780,4.60777,0.085,0.078,14.582,0,0,0
0.097800,4.60872,-0.046,0.128,14.514,0,0,0
0.097820,4.60966,-0.001,0.099,14.233,0,0,0
0.097840,4.61060,0.120,0.070,14.234,0,0,0
0.097860,4.61154,0.043,0.100,14.179,0,0,0
0.097880,4.61249,-0.006,0.073,14.377,0,0,540
0.097900,4.61343,0.054,0.082,14.577,0,0,540
0.097920,4.61437,0.130,0.034,14.902,0,0,540
0.097940,4.61531,-0.044,0.073,15.183,0,0,540
0.097960,4.61626,0.015,0.143,15.526,0,0,540
0.097980,4.61720,0.011,0.160,15.772,0,0,540
0.098000,4.61814,0.000,0.167,15.886,0,0,0
0.098020,4.61908,0.020,0.170,15.651,0,0,0
0.098040,4.62003,0.075,0.158,15.632,0,0,0
0.098060,4.62097,0.037,0.168,15.525,0,0,0
0.098080,4.62191,0.029,0.081,15.432,0,0,0
0.098100,4.62285,0.043,0.101,15.257,0,0,0
0.098120,4.62380,0.034,0.141,15.116,0,0,0
0.098140,4.62474,0.079,0.186,15.065,0,0,0
0.098160,4.62568,0.066,0.060,14.936,0,0,0
0.098180,4.62662,-0.040,0.099,14.826,0,0,0
0.098200,4.62757,0.041,0.127,14.696,0,0,0
0.098220,4.62851,0.044,0.091,14.648,0,0,0
0.098240,4.62945,-0.014,0.141,14.581,0,0,0
0.098260,4.63039,0.011,0.085,14.413,0,0,0
0.098280,4.63134,0.003,0.042,14.339,0,0,0
0.098300,4.63228,0.039,0.037,14.253,0,0,0
0.098320,4.63322,0.040,0.155,14.283,0,0,0
0.098340,4.63416,0.037,0.134,14.460,0,0,540
0.098360,4.63511,0.018,0.153,14.713,0,0,540
0.098380,4.63605,-0.046,0.047,14.968,0,0,540
0.098400,4.63699,-0.028,0.137,15.213,0,0,540
0.098420,4.63793,-0.065,0.035,15.535,0,0,540
0.098440,4.63888,0.039,0.058,15.714,0,0,540
0.098460,4.63982,-0.060,0.121,15.861,0,0,0
0.098480,4.64076,0.053,0.092,15.806,0,0,0
0.098500,4.64170,0.034,0.123,15.697,0,0,0
0.098520,4.64265,0.085,0.085,15.573,0,0,0
0.098540,4.64359,0.053,0.090,15.445,0,0,0
0.098560,4.64453,0.094,0.076,15.353,0,0,0
0.098580,4.64547,0.050,0.054,15.310,0,0,0
0.098600,4.64642,-0.029,0.117,15.161,0,0,0
0.098620,4.64736,-0.014,0.009,15.078,0,0,0
0.098640,4.64830,0.071,0.190,15.053,0,0,0
0.098660,4.64924,-0.017,0.100,14.824,0,0,0
0.098680,4.65019,-0.057,0.081,14.746,0,0,0
0.098700,4.65113,0.007,0.122,14.622,0,0,0
0.098720,4.65207,-0.046,0.113,14.690,0,0,0
0.098740,4.65301,0.033,0.116,14.539,0,0,0
0.098760,4.65396,0.071,0.182,14.494,0,0,0
0.098780,4.65490,0.007,0.072,14.411,0,0,0
0.098800,4.65584,-0.064,0.079,14.269,0,0,0
0.098820,4.65678,0.025,0.062,14.141,0,0,0
0.098840,4.65773,0.057,0.079,14.521,0,0,540
0.098860,4.65867,-0.007,0.080,14.725,0,0,540
0.098880,4.65961,0.001,0.194,15.150,0,0,540
0.098900,4.66055,0.028,0.075,15.266,0,0,540
0.098920,4.66150,-0.054,0.123,15.614,0,0,540
0.098940,4.66244,0.037,0.116,15.974,0,0,540
0.098960,4.66338,-0.056,0.029,15.824,0,0,0
0.098980,4.66432,-0.058,0.099,15.754,0,0,0
0.099000,4.66527,-0.031,0.118,15.541,0,0,0
0.099020,4.66621,-0.019,0.009,15.402,0,0,0
0.099040,4.66715,-0.073,0.040,15.504,0,0,0
0.099060,4.66809,0.041,0.099,15.540,0,0,0
0.099080,4.66904,-0.003,0.055,15.322,0,0,0
0.099100,4.66998,-0.040,0.069,15.261,0,0,0
0.099120,4.67092,0.009,0.103,15.146,0,0,0
0.099140,4.67186,0.027,0.135,15.123,0,0,0
0.099160,4.67280,0.041,0.162,15.063,0,0,0
0.099180,4.67375,-0.065,0.104,14.909,0,0,0
0.099200,4.67469,0.044,0.119,14.803,0,0,0
0.099220,4.67563,-0.039,0.089,14.811,0,0,0
0.099240,4.67657,0.012,0.105,14.804,0,0,0
0.099260,4.67752,0.006,0.128,14.783,0,0,0
0.099280,4.67846,-0.096,0.147,14.592,0,0,0
0.099300,4.67940,0.031,0.105,14.480,0,0,0
0.099320,4.68034,0.060,0.090,14.417,0,0,0
0.099340,4.68129,-0.072,0.145,14.363,0,0,0
0.099360,4.68223,-0.047,0.123,14.428,0,0,0
0.099380,4.68317,0.029,0.137,14.311,0,0,0
0.099400,4.68411,0.056,0.099,14.322,0,0,0
0.099420,4.68506,0.072,0.021,14.271,0,0,0
0.099440,4.68600,0.071,0.051,14.395,0,0,540
0.099460,4.68694,0.007,0.144,14.740,0,0,540
0.099480,4.68788,0.010,0.080,15.000,0,0,540
0.099500,4.68883,0.067,0.060,15.245,0,0,540
0.099520,4.68977,-0.004,0.157,15.462,0,0,540
0.099540,4.69071,0.014,0.122,15.884,0,0,540
0.099560,4.69165,0.016,0.132,15.748,0,0,0
0.099580,4.69260,0.044,0.013,15.784,0,0,0
0.099600,4.69354,-0.038,0.110,15.598,0,0,0
0.099620,4.69448,0.019,0.169,15.564,0,0,0
0.099640,4.69542,0.087,0.158,15.545,0,0,0
0.099660,4.69637,0.019,0.081,15.427,0,0,0
0.099680,4.69731,0.034,0.096,15.432,0,0,0
0.099700,4.69825,0.024,0.068,15.310,0,0,0
0.099720,4.69919,0.017,0.136,15.314,0,0,0
0.099740,4.70014,0.045,0.057,15.303,0,0,0
0.099760,4.70108,0.010,0.099,15.277,0,0,0
0.099780,4.70202,0.020,0.065,15.155,0,0,0
0.099800,4.70296,-0.017,0.012,15.035,0,0,0
0.099820,4.70391,0.027,0.109,15.056,0,0,0
0.099840,4.70485,0.014,0.094,14.981,0,0,0
0.099860,4.70579,0.044,0.047,15.046,0,0,0
0.099880,4.70673,-0.008,0.055,14.872,0,0,0
0.099900,4.70768,0.005,0.055,14.839,0,0,0
0.099920,4.70862,0.068,0.116,14.831,0,0,0
0.099940,4.70956,0.024,0.105,14.766,0,0,0
0.099960,4.71050,-0.034,0.147,14.753,0,0,0
0.099980,4.71145,-0.100,0.111,14.700,0,0,0
