# Вариант 1. Скорость 300 об/мин, задание тока 10 А, углы 10/150 эл. град, Udc 540 В, R фазы 0,6 Ом (паспорт)
# t_s,theta_mech_sensor_rad,ia_A,ib_A,ic_A,ua_V,ub_V,uc_V
0.000000,0.00000,-0.015,-0.016,0.015,0,0,0
0.000020,0.00063,0.027,-0.007,-0.069,0,0,0
0.000040,0.00126,0.009,-0.058,0.068,0,0,0
0.000060,0.00188,-0.031,-0.041,0.072,0,0,0
0.000080,0.00251,0.050,-0.022,-0.001,0,0,0
0.000100,0.00314,0.065,-0.030,0.013,0,0,0
0.000120,0.00377,-0.033,0.064,-0.009,0,0,0
0.000140,0.00440,0.034,0.029,-0.098,0,0,0
0.000160,0.00503,-0.001,0.047,-0.018,0,0,0
0.000180,0.00565,-0.031,-0.001,0.083,0,0,0
0.000200,0.00628,0.070,0.011,0.081,0,0,0
0.000220,0.00691,0.090,-0.050,-0.123,0,0,0
0.000240,0.00754,0.010,-0.055,-0.012,0,0,0
0.000260,0.00817,0.146,0.047,-0.047,0,0,0
0.000280,0.00880,0.065,-0.043,-0.089,0,0,0
0.000300,0.00942,0.055,0.038,-0.010,0,0,0
0.000320,0.01005,0.019,0.004,0.007,0,0,0
0.000340,0.01068,0.005,-0.024,0.018,0,0,0
0.000360,0.01131,-0.031,-0.028,-0.027,0,0,0
0.000380,0.01194,0.074,0.104,-0.061,0,0,0
0.000400,0.01257,0.035,-0.004,-0.067,0,0,0
0.000420,0.01319,0.110,0.041,-0.072,0,0,0
0.000440,0.01382,0.002,0.034,0.076,0,0,0
0.000460,0.01445,0.002,0.013,-0.071,0,0,0
0.000480,0.01508,-0.034,0.045,-0.006,0,0,0
0.000500,0.01571,0.084,-0.006,-0.089,0,0,0
0.000520,0.01634,0.004,0.044,-0.030,0,0,0
0.000540,0.01696,0.079,-0.026,0.023,0,0,0
0.000560,0.01759,0.016,0.022,0.021,0,0,0
0.000580,0.01822,0.038,0.045,0.093,0,0,0
0.000600,0.01885,-0.030,-0.030,0.025,0,0,0
0.000620,0.01948,0.044,0.021,0.045,0,0,0
0.000640,0.02011,0.031,0.067,-0.108,0,0,0
0.000660,0.02073,-0.056,0.006,0.032,0,0,0
0.000680,0.02136,-0.017,0.065,-0.024,0,0,0
0.000700,0.02199,-0.054,0.005,-0.059,0,0,0
0.000720,0.02262,-0.085,-0.043,-0.092,0,0,0
0.000740,0.02325,0.005,-0.009,-0.039,0,0,0
0.000760,0.02388,0.020,-0.049,-0.094,0,0,0
0.000780,0.02450,0.054,0.063,-0.034,0,0,0
0.000800,0.02513,0.019,-0.006,0.074,0,0,0
0.000820,0.02576,-0.055,0.032,0.074,0,0,0
0.000840,0.02639,0.046,0.016,0.162,0,0,0
0.000860,0.02702,-0.019,0.082,0.011,0,0,0
0.000880,0.02765,0.035,-0.054,0.013,0,0,0
0.000900,0.02827,0.012,0.042,0.049,0,0,0
0.000920,0.02890,-0.032,-0.057,0.002,0,0,0
0.000940,0.02953,0.053,0.014,-0.009,0,0,0
0.000960,0.03016,-0.005,-0.019,-0.062,0,0,0
0.000980,0.03079,-0.036,-0.018,-0.061,0,0,0
0.001000,0.03142,0.013,-0.001,0.102,0,0,0
0.001020,0.03204,0.033,-0.071,0.032,0,0,0
0.001040,0.03267,0.050,0.014,-0.019,0,0,0
0.001060,0.03330,0.010,-0.047,-0.009,0,0,0
0.001080,0.03393,0.013,0.032,-0.030,0,0,0
0.001100,0.03456,-0.012,-0.084,0.042,0,0,0
0.001120,0.03519,-0.002,0.051,0.102,0,0,0
0.001140,0.03581,0.025,0.015,-0.112,0,0,0
0.001160,0.03644,-0.022,-0.027,0.026,0,0,0
0.001180,0.03707,-0.039,-0.042,0.010,0,0,0
0.001200,0.03770,0.003,-0.002,-0.011,0,0,0
0.001220,0.03833,0.018,0.071,-0.052,0,0,0
0.001240,0.03896,-0.040,0.020,0.015,0,0,0
0.001260,0.03958,-0.004,-0.046,0.093,0,0,0
0.001280,0.04021,-0.021,0.071,0.044,0,0,0
0.001300,0.04084,-0.040,-0.012,-0.006,0,0,0
0.001320,0.04147,0.017,-0.019,-0.016,0,0,0
0.001340,0.04210,-0.010,0.060,-0.005,0,0,0
0.001360,0.04273,-0.089,0.047,-0.005,0,0,0
0.001380,0.04335,-0.047,0.013,-0.123,0,0,0
0.001400,0.04398,0.962,0.086,0.019,540,0,0
0.001420,0.04461,1.862,-0.062,0.044,540,0,0
0.001440,0.04524,2.650,-0.067,0.036,540,0,0
0.001460,0.04587,3.670,0.063,0.029,540,0,0
0.001480,0.04650,4.541,0.065,-0.046,540,0,0
0.001500,0.04712,5.288,0.055,0.017,540,0,0
0.001520,0.04775,6.319,-0.015,0.034,540,0,0
0.001540,0.04838,7.063,0.012,-0.015,540,0,0
0.001560,0.04901,8.031,-0.028,0.013,540,0,0
0.001580,0.04964,8.950,0.035,0.039,540,0,0
0.001600,0.05027,9.881,-0.106,-0.052,540,0,0
0.001620,0.05089,10.741,0.022,-0.078,540,0,0
0.001640,0.05152,11.176,-0.045,-0.019,0,0,0
0.001660,0.05215,11.201,0.021,0.035,0,0,0
0.001680,0.05278,11.201,-0.083,0.013,0,0,0
0.001700,0.05341,11.170,0.018,0.049,0,0,0
0.001720,0.05404,11.178,-0.056,-0.037,0,0,0
0.001740,0.05466,11.049,-0.015,0.022,0,0,0
0.001760,0.05529,11.124,0.028,-0.029,0,0,0
0.001780,0.05592,11.087,-0.002,-0.079,0,0,0
0.001800,0.05655,11.070,-0.043,-0.073,0,0,0
0.001820,0.05718,11.024,0.012,0.071,0,0,0
0.001840,0.05781,10.986,-0.009,0.039,0,0,0
0.001860,0.05843,11.058,0.050,0.029,0,0,0
0.001880,0.05906,11.005,-0.008,-0.063,0,0,0
0.001900,0.05969,10.978,0.010,-0.053,0,0,0
0.001920,0.06032,11.014,-0.034,-0.130,0,0,0
0.001940,0.06095,11.019,-0.032,-0.070,0,0,0
0.001960,0.06158,10.973,-0.067,-0.005,0,0,0
0.001980,0.06220,10.934,-0.020,0.010,0,0,0
0.002000,0.06283,10.954,0.022,-0.055,0,0,0
0.002020,0.06346,10.948,0.060,0.014,0,0,0
0.002040,0.06409,11.001,0.016,0.064,0,0,0
0.002060,0.06472,10.951,-0.010,-0.002,0,0,0
0.002080,0.06535,10.893,-0.031,0.033,0,0,0
0.002100,0.06597,10.876,0.057,0.167,0,0,0
0.002120,0.06660,10.859,-0.001,-0.065,0,0,0
0.002140,0.06723,10.904,0.010,0.011,0,0,0
0.002160,0.06786,10.879,0.077,0.004,0,0,0
0.002180,0.06849,10.842,-0.037,0.001,0,0,0
0.002200,0.06912,10.845,-0.059,-0.050,0,0,0
0.002220,0.06974,10.842,-0.129,0.034,0,0,0
0.002240,0.07037,10.889,-0.015,0.021,0,0,0
0.002260,0.07100,10.658,-0.066,-0.034,0,0,0
0.002280,0.07163,10.794,-0.047,0.121,0,0,0
0.002300,0.07226,10.741,0.037,-0.010,0,0,0
0.002320,0.07288,10.712,-0.068,-0.079,0,0,0
0.002340,0.07351,10.734,-0.058,0.033,0,0,0
0.002360,0.07414,10.787,0.101,-0.006,0,0,0
0.002380,0.07477,10.777,0.058,-0.063,0,0,0
0.002400,0.07540,10.781,-0.046,0.027,0,0,0
0.002420,0.07603,10.639,-0.039,0.085,0,0,0
0.002440,0.07665,10.662,-0.105,0.086,0,0,0
0.002460,0.07728,10.705,0.035,0.059,0,0,0
0.002480,0.07791,10.643,-0.084,0.002,0,0,0
0.002500,0.07854,10.624,0.081,-0.012,0,0,0
0.002520,0.07917,10.633,0.078,0.030,0,0,0
0.002540,0.07980,10.578,-0.047,0.022,0,0,0
0.002560,0.08042,10.690,0.050,0.023,0,0,0
0.002580,0.08105,10.599,0.051,-0.023,0,0,0
0.002600,0.08168,10.509,0.041,-0.022,0,0,0
0.002620,0.08231,10.613,-0.080,0.055,0,0,0
0.002640,0.08294,10.607,-0.066,-0.085,0,0,0
0.002660,0.08357,10.535,0.098,-0.064,0,0,0
0.002680,0.08419,10.564,-0.028,-0.014,0,0,0
0.002700,0.08482,10.515,0.031,-0.014,0,0,0
0.002720,0.08545,10.579,0.034,-0.008,0,0,0
0.002740,0.08608,10.538,0.044,-0.025,0,0,0
0.002760,0.08671,10.655,-0.042,-0.039,0,0,0
0.002780,0.08734,10.493,-0.070,-0.007,0,0,0
0.002800,0.08796,10.496,-0.008,0.018,0,0,0
0.002820,0.08859,10.486,0.028,-0.040,0,0,0
0.002840,0.08922,10.436,0.079,-0.044,0,0,0
0.002860,0.08985,10.364,-0.053,0.065,0,0,0
0.002880,0.09048,10.312,-0.005,0.022,0,0,0
0.002900,0.09111,10.437,-0.008,0.063,0,0,0
0.002920,0.09173,10.413,-0.009,-0.036,0,0,0
0.002940,0.09236,10.358,0.082,0.068,0,0,0
0.002960,0.09299,10.304,-0.008,-0.054,0,0,0
0.002980,0.09362,10.334,0.024,-0.013,0,0,0
0.003000,0.09425,10.312,-0.106,-0.023,0,0,0
0.003020,0.09488,10.281,-0.046,-0.004,0,0,0
0.003040,0.09550,10.338,-0.048,0.013,0,0,0
0.003060,0.09613,10.336,0.033,-0.023,0,0,0
0.003080,0.09676,10.268,-0.007,0.075,0,0,0
0.003100,0.09739,10.320,-0.024,-0.042,0,0,0
0.003120,0.09802,10.219,-0.058,0.103,0,0,0
0.003140,0.09865,10.254,0.061,0.004,0,0,0
0.003160,0.09927,10.304,0.034,0.051,0,0,0
0.003180,0.09990,10.300,0.000,0.039,0,0,0
0.003200,0.10053,10.327,0.058,-0.054,0,0,0
0.003220,0.10116,10.258,0.031,0.044,0,0,0
0.003240,0.10179,10.249,-0.062,-0.025,0,0,0
0.003260,0.10242,10.230,-0.020,-0.009,0,0,0
0.003280,0.10304,10.238,-0.045,0.035,0,0,0
0.003300,0.10367,10.082,-0.002,0.021,0,0,0
0.003320,0.10430,10.106,0.042,0.049,0,0,0
0.003340,0.10493,10.137,-0.012,-0.015,0,0,0
0.003360,0.10556,10.231,-0.043,0.009,0,0,0
0.003380,0.10619,10.216,-0.009,0.009,0,0,0
0.003400,0.10681,10.065,0.045,0.019,0,0,0
0.003420,0.10744,10.057,0.029,0.060,0,0,0
0.003440,0.10807,10.151,0.032,-0.035,0,0,0
0.003460,0.10870,9.994,0.041,0.056,0,0,0
0.003480,0.10933,10.082,-0.042,0.009,0,0,0
0.003500,0.10996,10.041,0.083,-0.022,0,0,0
0.003520,0.11058,9.977,-0.085,-0.023,0,0,0
0.003540,0.11121,10.018,0.052,0.085,0,0,0
0.003560,0.11184,9.991,-0.063,-0.025,0,0,0
0.003580,0.11247,9.904,0.001,-0.027,0,0,0
0.003600,0.11310,9.935,-0.016,-0.057,0,0,0
0.003620,0.11373,9.912,0.021,-0.058,0,0,0
0.003640,0.11435,10.031,-0.048,0.038,0,0,0
0.003660,0.11498,10.032,-0.110,0.006,0,0,0
0.003680,0.11561,9.860,0.052,-0.014,0,0,0
0.003700,0.11624,9.896,0.058,-0.085,0,0,0
0.003720,0.11687,9.896,-0.049,0.014,0,0,0
0.003740,0.11750,9.899,0.045,-0.121,0,0,0
0.003760,0.11812,9.878,-0.035,0.016,0,0,0
0.003780,0.11875,9.789,0.032,-0.010,0,0,0
0.003800,0.11938,9.845,-0.040,0.064,0,0,0
0.003820,0.12001,9.898,0.005,-0.002,0,0,0
0.003840,0.12064,9.811,-0.008,-0.067,0,0,0
0.003860,0.12127,9.830,-0.036,-0.070,0,0,0
0.003880,0.12189,9.794,-0.025,0.004,0,0,0
0.003900,0.12252,9.821,0.061,-0.002,0,0,0
0.003920,0.12315,9.727,-0.110,-0.060,0,0,0
0.003940,0.12378,9.713,0.043,0.069,0,0,0
0.003960,0.12441,9.661,-0.007,-0.048,0,0,0
0.003980,0.12504,9.794,0.007,0.009,0,0,0
0.004000,0.12566,9.682,-0.011,0.007,0,0,0
0.004020,0.12629,9.610,0.034,-0.038,0,0,0
0.004040,0.12692,9.759,0.010,0.041,0,0,0
0.004060,0.12755,9.695,-0.034,-0.022,0,0,0
0.004080,0.12818,9.575,0.039,0.025,0,0,0
0.004100,0.12881,9.625,0.037,-0.016,0,0,0
0.004120,0.12943,9.606,-0.022,-0.038,0,0,0
0.004140,0.13006,9.688,0.026,-0.009,0,0,0
0.004160,0.13069,9.531,-0.098,-0.022,0,0,0
0.004180,0.13132,9.480,-0.031,-0.021,0,0,0
0.004200,0.13195,9.541,0.048,0.037,0,0,0
0.004220,0.13258,9.425,-0.041,-0.056,0,0,0
0.004240,0.13320,9.529,-0.010,0.046,0,0,0
0.004260,0.13383,9.471,-0.033,-0.015,0,0,0
0.004280,0.13446,9.465,-0.033,0.024,0,0,0
0.004300,0.13509,9.405,-0.088,0.019,0,0,0
0.004320,0.13572,9.429,0.020,-0.067,0,0,0
0.004340,0.13635,9.467,-0.040,-0.077,0,0,0
0.004360,0.13697,9.420,0.024,0.009,0,0,0
0.004380,0.13760,9.320,-0.026,-0.026,0,0,0
0.004400,0.13823,9.431,0.043,0.116,0,0,0
0.004420,0.13886,9.403,0.027,-0.010,0,0,0
0.004440,0.13949,9.434,-0.003,0.004,0,0,0
0.004460,0.14012,9.447,0.017,-0.035,0,0,0
0.004480,0.14074,9.296,0.018,-0.025,0,0,0
0.004500,0.14137,9.251,-0.039,-0.020,0,0,0
0.004520,0.14200,9.297,0.060,-0.026,0,0,0
0.004540,0.14263,9.266,0.044,0.033,0,0,0
0.004560,0.14326,9.231,0.004,0.019,0,0,0
0.004580,0.14388,9.647,0.045,0.087,540,0,0
0.004600,0.14451,10.498,-0.066,0.017,540,0,0
0.004620,0.14514,10.936,0.027,0.054,0,0,0
0.004640,0.14577,10.936,-0.019,0.006,0,0,0
0.004660,0.14640,10.964,-0.045,0.039,0,0,0
0.004680,0.14703,10.969,0.013,0.031,0,0,0
0.004700,0.14765,10.895,0.056,-0.070,0,0,0
0.004720,0.14828,10.856,0.073,-0.097,0,0,0
0.004740,0.14891,10.796,-0.048,0.042,0,0,0
0.004760,0.14954,10.885,0.032,-0.053,0,0,0
0.004780,0.15017,10.814,-0.091,-0.138,0,0,0
0.004800,0.15080,10.873,0.010,0.055,0,0,0
0.004820,0.15142,10.855,0.009,0.035,0,0,0
0.004840,0.15205,10.736,0.026,0.089,0,0,0
0.004860,0.15268,10.697,-0.058,-0.083,0,0,0
0.004880,0.15331,10.570,0.030,0.050,0,0,0
0.004900,0.15394,10.732,0.133,-0.036,0,0,0
0.004920,0.15457,10.641,-0.016,-0.078,0,0,0
0.004940,0.15519,10.633,0.003,0.040,0,0,0
0.004960,0.15582,10.626,0.009,0.057,0,0,0
0.004980,0.15645,10.531,-0.061,-0.019,0,0,0
0.005000,0.15708,10.625,0.036,0.018,0,0,0
0.005020,0.15771,10.552,-0.051,0.034,0,0,0
0.005040,0.15834,10.509,-0.020,0.059,0,0,0
0.005060,0.15896,10.553,0.055,-0.061,0,0,0
0.005080,0.15959,10.406,0.007,0.040,0,0,0
0.005100,0.16022,10.444,-0.003,0.004,0,0,0
0.005120,0.16085,10.365,-0.020,-0.066,0,0,0
0.005140,0.16148,10.331,0.033,0.027,0,0,0
0.005160,0.16211,10.460,0.022,0.003,0,0,0
0.005180,0.16273,10.337,0.057,0.070,0,0,0
0.005200,0.16336,10.386,0.013,0.032,0,0,0
0.005220,0.16399,10.334,-0.024,-0.003,0,0,0
0.005240,0.16462,10.384,-0.029,0.031,0,0,0
0.005260,0.16525,10.311,-0.029,0.001,0,0,0
0.005280,0.16588,10.244,0.011,0.019,0,0,0
0.005300,0.16650,10.266,-0.001,-0.108,0,0,0
0.005320,0.16713,10.203,-0.041,0.097,0,0,0
0.005340,0.16776,10.187,0.007,0.033,0,0,0
0.005360,0.16839,10.237,0.054,-0.038,0,0,0
0.005380,0.16902,10.217,-0.004,-0.040,0,0,0
0.005400,0.16965,10.249,-0.089,0.019,0,0,0
0.005420,0.17027,10.172,0.036,-0.056,0,0,0
0.005440,0.17090,10.057,-0.062,-0.031,0,0,0
0.005460,0.17153,10.112,-0.022,-0.006,0,0,0
0.005480,0.17216,9.998,0.040,0.014,0,0,0
0.005500,0.17279,10.043,-0.026,0.015,0,0,0
0.005520,0.17342,10.064,0.027,0.036,0,0,0
0.005540,0.17404,9.948,0.027,-0.110,0,0,0
0.005560,0.17467,9.985,0.015,-0.083,0,0,0
0.005580,0.17530,9.923,-0.093,0.001,0,0,0
0.005600,0.17593,9.920,0.031,-0.001,0,0,0
0.005620,0.17656,9.897,0.058,-0.066,0,0,0
0.005640,0.17719,9.717,-0.003,-0.016,0,0,0
0.005660,0.17781,9.828,0.077,-0.012,0,0,0
0.005680,0.17844,9.813,-0.032,0.037,0,0,0
0.005700,0.17907,9.847,-0.037,-0.037,0,0,0
0.005720,0.17970,9.779,0.031,-0.090,0,0,0
0.005740,0.18033,9.716,0.010,-0.012,0,0,0
0.005760,0.18096,9.744,-0.024,-0.026,0,0,0
0.005780,0.18158,9.650,0.048,-0.042,0,0,0
0.005800,0.18221,9.730,0.027,-0.035,0,0,0
0.005820,0.18284,9.596,0.005,0.022,0,0,0
0.005840,0.18347,9.587,0.002,-0.006,0,0,0
0.005860,0.18410,9.642,-0.023,-0.027,0,0,0
0.005880,0.18473,9.645,-0.027,-0.014,0,0,0
0.005900,0.18535,9.520,0.071,0.009,0,0,0
0.005920,0.18598,9.568,0.062,0.021,0,0,0
0.005940,0.18661,9.534,0.087,-0.044,0,0,0
0.005960,0.18724,9.453,-0.000,0.048,0,0,0
0.005980,0.18787,9.471,-0.040,-0.105,0,0,0
0.006000,0.18850,9.369,-0.020,0.021,0,0,0
0.006020,0.18912,9.366,-0.060,-0.093,0,0,0
0.006040,0.18975,9.296,-0.017,0.031,0,0,0
0.006060,0.19038,9.341,-0.021,0.098,0,0,0
0.006080,0.19101,9.296,0.031,-0.021,0,0,0
0.006100,0.19164,9.291,0.010,-0.019,0,0,0
0.006120,0.19227,9.288,0.016,0.051,0,0,0
0.006140,0.19289,9.174,-0.021,-0.001,0,0,0
0.006160,0.19352,9.617,-0.044,0.003,540,0,0
0.006180,0.19415,10.451,-0.093,-0.025,540,0,0
0.006200,0.19478,10.863,0.052,-0.032,0,0,0
0.006220,0.19541,10.760,-0.019,-0.042,0,0,0
0.006240,0.19604,10.733,-0.014,0.107,0,0,0
0.006260,0.19666,10.709,-0.025,0.045,0,0,0
0.006280,0.19729,10.604,0.091,-0.009,0,0,0
0.006300,0.19792,10.654,0.026,-0.029,0,0,0
0.006320,0.19855,10.558,-0.009,0.064,0,0,0
0.006340,0.19918,10.533,-0.011,0.081,0,0,0
0.006360,0.19981,10.515,-0.066,0.014,0,0,0
0.006380,0.20043,10.573,0.013,-0.016,0,0,0
0.006400,0.20106,10.516,0.032,-0.012,0,0,0
0.006420,0.20169,10.480,0.056,0.018,0,0,0
0.006440,0.20232,10.383,0.037,0.016,0,0,0
0.006460,0.20295,10.411,-0.075,-0.045,0,0,0
0.006480,0.20358,10.457,0.015,0.123,0,0,0
0.006500,0.20420,10.362,-0.031,-0.006,0,0,0
0.006520,0.20483,10.253,-0.038,0.181,0,0,0
0.006540,0.20546,10.346,0.019,-0.054,0,0,0
0.006560,0.20609,10.249,0.024,0.082,0,0,0
0.006580,0.20672,10.214,-0.007,-0.037,0,0,0
0.006600,0.20735,10.104,0.027,0.077,0,0,0
0.006620,0.20797,10.070,-0.010,-0.029,0,0,0
0.006640,0.20860,9.996,-0.016,-0.035,0,0,0
0.006660,0.20923,9.996,0.001,-0.050,0,0,0
0.006680,0.20986,10.063,0.020,0.028,0,0,0
0.006700,0.21049,10.013,0.033,-0.061,0,0,0
0.006720,0.21112,9.967,-0.003,-0.045,0,0,0
0.006740,0.21174,9.992,-0.003,-0.055,0,0,0
0.006760,0.21237,9.768,-0.045,0.013,0,0,0
0.006780,0.21300,9.821,-0.000,-0.046,0,0,0
0.006800,0.21363,9.755,0.087,-0.012,0,0,0
0.006820,0.21426,9.762,0.011,-0.029,0,0,0
0.006840,0.21488,9.725,0.054,0.016,0,0,0
0.006860,0.21551,9.761,-0.041,0.012,0,0,0
0.006880,0.21614,9.610,0.023,0.085,0,0,0
0.006900,0.21677,9.623,-0.079,0.033,0,0,0
0.006920,0.21740,9.603,-0.075,0.090,0,0,0
0.006940,0.21803,9.492,-0.048,0.104,0,0,0
0.006960,0.21865,9.526,-0.008,-0.025,0,0,0
0.006980,0.21928,9.517,0.002,-0.031,0,0,0
0.007000,0.21991,9.375,0.026,0.119,0,0,0
0.007020,0.22054,9.444,-0.025,0.020,0,0,0
0.007040,0.22117,9.399,0.037,0.053,0,0,0
0.007060,0.22180,9.380,-0.034,0.061,0,0,0
0.007080,0.22242,9.174,-0.013,-0.040,0,0,0
0.007100,0.22305,9.251,0.029,0.082,0,0,0
0.007120,0.22368,9.295,-0.001,0.025,0,0,0
0.007140,0.22431,9.211,-0.063,0.005,0,0,0
0.007160,0.22494,9.890,0.012,-0.069,540,0,0
0.007180,0.22557,10.667,0.039,-0.049,540,0,0
0.007200,0.22619,11.037,0.000,0.031,0,0,0
0.007220,0.22682,10.911,0.024,0.016,0,0,0
0.007240,0.22745,10.906,0.017,-0.101,0,0,0
0.007260,0.22808,10.835,-0.041,0.057,0,0,0
0.007280,0.22871,10.821,0.000,0.030,0,0,0
0.007300,0.22934,10.826,0.052,0.027,0,0,0
0.007320,0.22996,10.821,0.084,-0.042,0,0,0
0.007340,0.23059,10.736,-0.018,-0.010,0,0,0
0.007360,0.23122,10.675,-0.039,-0.005,0,0,0
0.007380,0.23185,10.634,0.069,0.054,0,0,0
0.007400,0.23248,10.510,-0.029,-0.001,0,0,0
0.007420,0.23311,10.404,-0.008,0.035,0,0,0
0.007440,0.23373,10.558,0.082,-0.059,0,0,0
0.007460,0.23436,10.377,-0.127,0.051,0,0,0
0.007480,0.23499,10.393,0.022,-0.029,0,0,0
0.007500,0.23562,10.299,-0.035,-0.011,0,0,0
0.007520,0.23625,10.349,0.059,0.008,0,0,0
0.007540,0.23688,10.285,0.042,-0.020,0,0,0
0.007560,0.23750,10.140,0.041,-0.055,0,0,0
0.007580,0.23813,10.268,-0.075,0.019,0,0,0
0.007600,0.23876,10.140,0.004,0.044,0,0,0
0.007620,0.23939,10.170,0.025,0.015,0,0,0
0.007640,0.24002,10.017,0.019,-0.025,0,0,0
0.007660,0.24065,10.104,0.075,-0.024,0,0,0
0.007680,0.24127,9.881,0.053,-0.037,0,0,0
0.007700,0.24190,9.869,0.039,-0.020,0,0,0
0.007720,0.24253,9.892,0.034,-0.084,0,0,0
0.007740,0.24316,9.762,0.044,0.001,0,0,0
0.007760,0.24379,9.758,-0.094,0.033,0,0,0
0.007780,0.24442,9.764,0.021,-0.050,0,0,0
0.007800,0.24504,9.574,0.044,-0.015,0,0,0
0.007820,0.24567,9.600,0.011,0.107,0,0,0
0.007840,0.24630,9.571,-0.015,-0.039,0,0,0
0.007860,0.24693,9.509,0.049,0.040,0,0,0
0.007880,0.24756,9.496,-0.070,0.024,0,0,0
0.007900,0.24819,9.496,0.024,-0.138,0,0,0
0.007920,0.24881,9.426,-0.069,-0.021,0,0,0
0.007940,0.24944,9.341,-0.022,-0.053,0,0,0
0.007960,0.25007,9.260,0.049,0.105,0,0,0
0.007980,0.25070,9.302,0.052,0.007,0,0,0
0.008000,0.25133,9.222,-0.017,0.021,0,0,0
0.008020,0.25196,9.115,0.036,-0.048,0,0,0
0.008040,0.25258,9.807,0.081,-0.101,540,0,0
0.008060,0.25321,10.355,-0.026,-0.064,540,0,0
0.008080,0.25384,10.775,-0.012,-0.018,0,0,0
0.008100,0.25447,10.768,0.080,0.023,0,0,0
0.008120,0.25510,10.720,0.149,0.009,0,0,0
0.008140,0.25573,10.586,-0.007,-0.023,0,0,0
0.008160,0.25635,10.502,-0.021,-0.011,0,0,0
0.008180,0.25698,10.455,0.110,-0.078,0,0,0
0.008200,0.25761,10.481,0.012,-0.043,0,0,0
0.008220,0.25824,10.436,-0.048,0.005,0,0,0
0.008240,0.25887,10.425,0.015,0.080,0,0,0
0.008260,0.25950,10.280,0.053,0.105,0,0,0
0.008280,0.26012,10.173,0.028,0.071,0,0,0
0.008300,0.26075,10.178,0.066,0.010,0,0,0
0.008320,0.26138,10.058,-0.031,-0.002,0,0,0
0.008340,0.26201,10.049,-0.011,0.116,0,0,0
0.008360,0.26264,9.979,0.029,0.063,0,0,0
0.008380,0.26327,9.950,-0.034,-0.064,0,0,0
0.008400,0.26389,9.918,0.028,0.015,0,0,0
0.008420,0.26452,9.865,-0.029,0.038,0,0,0
0.008440,0.26515,9.885,0.015,-0.015,0,0,0
0.008460,0.26578,9.818,-0.015,0.014,0,0,0
0.008480,0.26641,9.688,0.071,0.066,0,0,0
0.008500,0.26704,9.716,-0.012,-0.070,0,0,0
0.008520,0.26766,9.582,-0.077,-0.043,0,0,0
0.008540,0.26829,9.596,0.002,0.035,0,0,0
0.008560,0.26892,9.453,-0.061,-0.033,0,0,0
0.008580,0.26955,9.453,-0.003,0.005,0,0,0
0.008600,0.27018,9.429,-0.113,0.010,0,0,0
0.008620,0.27081,9.369,-0.008,-0.023,0,0,0
0.008640,0.27143,9.282,0.028,-0.086,0,0,0
0.008660,0.27206,9.289,-0.030,-0.016,0,0,0
0.008680,0.27269,9.233,0.038,-0.005,0,0,0
0.008700,0.27332,9.787,-0.063,-0.020,540,0,0
0.008720,0.27395,10.293,0.054,-0.004,540,0,0
0.008740,0.27458,10.933,-0.060,-0.061,540,0,0
0.008760,0.27520,10.921,0.007,-0.033,0,0,0
0.008780,0.27583,10.805,0.069,-0.058,0,0,0
0.008800,0.27646,10.775,-0.038,-0.014,0,0,0
0.008820,0.27709,10.561,-0.048,0.001,0,0,0
0.008840,0.27772,10.717,-0.049,-0.014,0,0,0
0.008860,0.27835,10.519,0.016,0.121,0,0,0
0.008880,0.27897,10.557,-0.002,0.071,0,0,0
0.008900,0.27960,10.542,0.008,-0.064,0,0,0
0.008920,0.28023,10.357,-0.023,-0.023,0,0,0
0.008940,0.28086,10.421,0.039,-0.065,0,0,0
0.008960,0.28149,10.307,0.027,0.064,0,0,0
0.008980,0.28212,10.264,-0.029,0.037,0,0,0
0.009000,0.28274,10.195,0.072,0.053,0,0,0
0.009020,0.28337,10.097,0.059,0.003,0,0,0
0.009040,0.28400,9.976,-0.040,-0.080,0,0,0
0.009060,0.28463,9.993,0.026,0.014,0,0,0
0.009080,0.28526,9.870,-0.032,-0.049,0,0,0
0.009100,0.28588,9.877,0.047,-0.003,0,0,0
0.009120,0.28651,9.871,0.040,-0.017,0,0,0
0.009140,0.28714,9.738,0.095,0.011,0,0,0
0.009160,0.28777,9.706,-0.004,0.073,0,0,0
0.009180,0.28840,9.596,0.029,-0.056,0,0,0
0.009200,0.28903,9.621,0.092,-0.017,0,0,0
0.009220,0.28965,9.507,0.034,-0.022,0,0,0
0.009240,0.29028,9.446,-0.028,0.101,0,0,0
0.009260,0.29091,9.467,0.095,-0.018,0,0,0
0.009280,0.29154,9.470,-0.030,-0.110,0,0,0
0.009300,0.29217,9.241,-0.056,0.019,0,0,0
0.009320,0.29280,9.248,0.006,0.049,0,0,0
0.009340,0.29342,9.422,0.036,-0.074,540,0,0
0.009360,0.29405,10.001,-0.003,-0.035,540,0,0
0.009380,0.29468,10.456,0.079,-0.009,540,0,0
0.009400,0.29531,11.012,0.106,0.098,540,0,0
0.009420,0.29594,10.984,0.006,0.002,0,0,0
0.009440,0.29657,10.933,-0.049,0.089,0,0,0
0.009460,0.29719,10.781,0.023,0.001,0,0,0
0.009480,0.29782,10.789,0.063,0.056,0,0,0
0.009500,0.29845,10.591,-0.069,0.063,0,0,0
0.009520,0.29908,10.581,0.068,0.019,0,0,0
0.009540,0.29971,10.529,-0.015,0.037,0,0,0
0.009560,0.30034,10.417,-0.046,-0.007,0,0,0
0.009580,0.30096,10.372,-0.035,-0.077,0,0,0
0.009600,0.30159,10.369,0.097,-0.033,0,0,0
0.009620,0.30222,10.306,0.024,-0.005,0,0,0
0.009640,0.30285,10.157,-0.062,0.036,0,0,0
0.009660,0.30348,10.175,0.078,0.069,0,0,0
0.009680,0.30411,10.069,-0.017,-0.051,0,0,0
0.009700,0.30473,10.067,0.036,-0.029,0,0,0
0.009720,0.30536,9.941,-0.026,0.007,0,0,0
0.009740,0.30599,9.795,-0.062,0.050,0,0,0
0.009760,0.30662,9.845,0.030,0.053,0,0,0
0.009780,0.30725,9.772,-0.021,0.101,0,0,0
0.009800,0.30788,9.758,-0.003,0.048,0,0,0
0.009820,0.30850,9.581,0.077,-0.053,0,0,0
0.009840,0.30913,9.615,-0.091,-0.078,0,0,0
0.009860,0.30976,9.605,-0.024,-0.080,0,0,0
0.009880,0.31039,9.466,-0.015,-0.055,0,0,0
0.009900,0.31102,9.494,0.081,0.014,0,0,0
0.009920,0.31165,9.297,0.008,-0.008,0,0,0
0.009940,0.31227,9.194,-0.063,-0.124,0,0,0
0.009960,0.31290,9.706,0.060,-0.076,540,0,0
0.009980,0.31353,10.260,0.044,-0.010,540,0,0
0.010000,0.31416,10.645,-0.006,0.065,540,0,0
0.010020,0.31479,10.826,0.037,-0.091,0,0,0
0.010040,0.31542,10.764,0.054,-0.045,0,0,0
0.010060,0.31604,10.716,-0.096,-0.076,0,0,0
0.010080,0.31667,10.533,-0.069,-0.022,0,0,0
0.010100,0.31730,10.512,0.019,-0.005,0,0,0
0.010120,0.31793,10.570,0.051,-0.054,0,0,0
0.010140,0.31856,10.409,0.043,-0.004,0,0,0
0.010160,0.31919,10.308,-0.048,-0.075,0,0,0
0.010180,0.31981,10.341,0.050,-0.011,0,0,0
0.010200,0.32044,10.177,0.060,0.015,0,0,0
0.010220,0.32107,10.190,-0.038,0.024,0,0,0
0.010240,0.32170,10.060,-0.105,0.041,0,0,0
0.010260,0.32233,10.041,-0.013,0.008,0,0,0
0.010280,0.32296,9.926,-0.005,0.022,0,0,0
0.010300,0.32358,9.929,-0.009,-0.037,0,0,0
0.010320,0.32421,9.747,0.005,-0.012,0,0,0
0.010340,0.32484,9.710,0.049,0.088,0,0,0
0.010360,0.32547,9.747,-0.038,-0.000,0,0,0
0.010380,0.32610,9.621,0.044,-0.071,0,0,0
0.010400,0.32673,9.638,-0.074,0.072,0,0,0
0.010420,0.32735,9.576,-0.000,-0.032,0,0,0
0.010440,0.32798,9.453,-0.018,0.028,0,0,0
0.010460,0.32861,9.285,-0.039,0.045,0,0,0
0.010480,0.32924,9.337,-0.005,0.009,0,0,0
0.010500,0.32987,9.244,-0.014,-0.121,0,0,0
0.010520,0.33050,9.214,-0.045,0.058,0,0,0
0.010540,0.33112,9.544,-0.057,-0.076,540,0,0
0.010560,0.33175,9.935,0.007,-0.001,540,0,0
0.010580,0.33238,10.416,0.038,-0.062,540,0,0
0.010600,0.33301,10.859,-0.034,0.003,540,0,0
0.010620,0.33364,10.784,-0.032,-0.077,0,0,0
0.010640,0.33427,10.628,-0.057,-0.055,0,0,0
0.010660,0.33489,10.551,-0.002,-0.027,0,0,0
0.010680,0.33552,10.477,0.005,0.002,0,0,0
0.010700,0.33615,10.478,-0.033,-0.019,0,0,0
0.010720,0.33678,10.377,-0.068,-0.033,0,0,0
0.010740,0.33741,10.297,-0.049,-0.036,0,0,0
0.010760,0.33804,10.187,0.058,-0.088,0,0,0
0.010780,0.33866,10.179,-0.077,0.030,0,0,0
0.010800,0.33929,10.021,-0.040,-0.036,0,0,0
0.010820,0.33992,9.942,-0.041,0.007,0,0,0
0.010840,0.34055,9.991,0.086,0.045,0,0,0
0.010860,0.34118,9.901,-0.004,0.068,0,0,0
0.010880,0.34181,9.890,-0.052,-0.044,0,0,0
0.010900,0.34243,9.748,-0.070,-0.045,0,0,0
0.010920,0.34306,9.703,0.019,0.057,0,0,0
0.010940,0.34369,9.669,0.066,-0.003,0,0,0
0.010960,0.34432,9.619,-0.014,0.034,0,0,0
0.010980,0.34495,9.456,-0.007,0.035,0,0,0
0.011000,0.34558,9.492,0.074,-0.040,0,0,0
0.011020,0.34620,9.424,-0.022,-0.003,0,0,0
0.011040,0.34683,9.371,0.092,0.018,0,0,0
0.011060,0.34746,9.368,-0.046,0.049,0,0,0
0.011080,0.34809,9.132,0.111,0.086,0,0,0
0.011100,0.34872,9.526,0.008,0.087,540,0,0
0.011120,0.34935,9.950,-0.061,-0.036,540,0,0
0.011140,0.34997,10.275,0.032,-0.104,540,0,0
0.011160,0.35060,10.639,0.010,0.063,540,0,0
0.011180,0.35123,10.827,0.075,0.099,0,0,0
0.011200,0.35186,10.655,-0.010,-0.075,0,0,0
0.011220,0.35249,10.599,0.002,0.065,0,0,0
0.011240,0.35312,10.541,0.031,-0.026,0,0,0
0.011260,0.35374,10.536,-0.017,0.014,0,0,0
0.011280,0.35437,10.404,0.007,0.011,0,0,0
0.011300,0.35500,10.365,0.038,-0.022,0,0,0
0.011320,0.35563,10.360,0.077,0.020,0,0,0
0.011340,0.35626,10.270,-0.008,0.001,0,0,0
0.011360,0.35688,10.146,0.061,0.024,0,0,0
0.011380,0.35751,10.110,0.035,-0.031,0,0,0
0.011400,0.35814,10.012,-0.053,-0.000,0,0,0
0.011420,0.35877,9.960,0.040,0.031,0,0,0
0.011440,0.35940,9.802,-0.098,-0.068,0,0,0
0.011460,0.36003,9.812,-0.061,0.012,0,0,0
0.011480,0.36065,9.758,-0.040,-0.104,0,0,0
0.011500,0.36128,9.713,-0.067,0.013,0,0,0
0.011520,0.36191,9.635,-0.063,-0.059,0,0,0
0.011540,0.36254,9.592,-0.054,-0.021,0,0,0
0.011560,0.36317,9.472,-0.071,-0.002,0,0,0
0.011580,0.36380,9.405,0.061,0.026,0,0,0
0.011600,0.36442,9.380,-0.060,-0.036,0,0,0
0.011620,0.36505,9.282,0.029,0.040,0,0,0
0.011640,0.36568,9.217,0.006,-0.008,0,0,0
0.011660,0.36631,9.319,-0.034,-0.011,0,0,0
0.011680,0.36694,9.112,-0.015,-0.032,0,0,0
0.011700,0.36757,9.380,0.081,-0.085,540,0,0
0.011720,0.36819,9.736,-0.082,-0.023,540,0,0
0.011740,0.36882,10.082,0.032,-0.059,540,0,0
0.011760,0.36945,10.399,0.012,0.006,540,0,0
0.011780,0.37008,10.749,0.040,-0.031,540,0,0
0.011800,0.37071,10.934,0.072,-0.007,0,0,0
0.011820,0.37134,10.799,-0.013,-0.108,0,0,0
0.011840,0.37196,10.716,-0.013,0.039,0,0,0
0.011860,0.37259,10.674,0.033,-0.022,0,0,0
0.011880,0.37322,10.640,-0.048,0.046,0,0,0
0.011900,0.37385,10.474,0.058,0.012,0,0,0
0.011920,0.37448,10.548,0.034,-0.003,0,0,0
0.011940,0.37511,10.463,-0.033,-0.005,0,0,0
0.011960,0.37573,10.384,0.007,-0.037,0,0,0
0.011980,0.37636,10.287,-0.045,0.094,0,0,0
0.012000,0.37699,10.310,-0.019,0.029,0,0,0
0.012020,0.37762,10.218,-0.087,-0.038,0,0,0
0.012040,0.37825,10.102,-0.023,-0.045,0,0,0
0.012060,0.37888,10.127,-0.033,0.117,0,0,0
0.012080,0.37950,10.001,0.052,-0.042,0,0,0
0.012100,0.38013,9.932,-0.030,0.021,0,0,0
0.012120,0.38076,9.853,0.023,0.062,0,0,0
0.012140,0.38139,9.845,0.070,-0.008,0,0,0
0.012160,0.38202,9.705,0.065,0.060,0,0,0
0.012180,0.38265,9.713,0.006,0.004,0,0,0
0.012200,0.38327,9.701,-0.067,-0.001,0,0,0
0.012220,0.38390,9.575,-0.034,-0.055,0,0,0
0.012240,0.38453,9.575,-0.121,0.049,0,0,0
0.012260,0.38516,9.511,-0.108,0.077,0,0,0
0.012280,0.38579,9.412,-0.035,-0.021,0,0,0
0.012300,0.38642,9.346,-0.096,-0.001,0,0,0
0.012320,0.38704,9.274,0.019,-0.101,0,0,0
0.012340,0.38767,9.172,0.023,0.027,0,0,0
0.012360,0.38830,9.316,-0.071,-0.045,540,0,0
0.012380,0.38893,9.605,0.130,0.060,540,0,0
0.012400,0.38956,9.957,0.027,0.022,540,0,0
0.012420,0.39019,10.215,0.036,0.021,540,0,0
0.012440,0.39081,10.491,0.065,0.091,540,0,0
0.012460,0.39144,10.703,0.017,-0.056,540,0,0
0.012480,0.39207,10.915,-0.059,-0.049,0,0,0
0.012500,0.39270,10.774,0.040,0.002,0,0,0
0.012520,0.39333,10.745,-0.065,-0.072,0,0,0
0.012540,0.39396,10.611,-0.054,-0.003,0,0,0
0.012560,0.39458,10.720,0.048,0.094,0,0,0
0.012580,0.39521,10.494,0.063,0.052,0,0,0
0.012600,0.39584,10.552,0.058,-0.053,0,0,0
0.012620,0.39647,10.478,-0.077,0.116,0,0,0
0.012640,0.39710,10.383,0.013,0.005,0,0,0
0.012660,0.39773,10.313,0.084,0.039,0,0,0
0.012680,0.39835,10.303,-0.032,-0.000,0,0,0
0.012700,0.39898,10.214,-0.031,0.064,0,0,0
0.012720,0.39961,10.154,0.089,0.000,0,0,0
0.012740,0.40024,10.086,-0.083,-0.028,0,0,0
0.012760,0.40087,10.134,-0.027,0.044,0,0,0
0.012780,0.40150,9.950,0.030,-0.020,0,0,0
0.012800,0.40212,9.787,0.020,-0.090,0,0,0
0.012820,0.40275,9.809,-0.017,0.053,0,0,0
0.012840,0.40338,9.874,0.039,-0.046,0,0,0
0.012860,0.40401,9.808,0.010,-0.017,0,0,0
0.012880,0.40464,9.725,0.083,0.060,0,0,0
0.012900,0.40527,9.733,0.040,0.026,0,0,0
0.012920,0.40589,9.650,-0.071,-0.038,0,0,0
0.012940,0.40652,9.564,-0.036,0.067,0,0,0
0.012960,0.40715,9.542,-0.098,0.055,0,0,0
0.012980,0.40778,9.542,-0.021,0.030,0,0,0
0.013000,0.40841,9.480,-0.069,0.037,0,0,0
0.013020,0.40904,9.271,-0.019,-0.052,0,0,0
0.013040,0.40966,9.334,0.025,-0.060,0,0,0
0.013060,0.41029,9.285,-0.013,0.010,0,0,0
0.013080,0.41092,9.298,0.025,0.061,0,0,0
0.013100,0.41155,9.293,0.015,0.019,540,0,0
0.013120,0.41218,9.500,-0.006,0.018,540,0,0
0.013140,0.41281,9.851,-0.004,-0.056,540,0,0
0.013160,0.41343,10.090,0.009,-0.027,540,0,0
0.013180,0.41406,10.267,-0.027,-0.004,540,0,0
0.013200,0.41469,10.518,0.002,-0.032,540,0,0
0.013220,0.41532,10.820,-0.030,0.020,540,0,0
0.013240,0.41595,10.821,-0.037,-0.074,0,0,0
0.013260,0.41658,10.701,0.041,-0.055,0,0,0
0.013280,0.41720,10.740,-0.008,0.002,0,0,0
0.013300,0.41783,10.629,0.065,0.005,0,0,0
0.013320,0.41846,10.617,0.007,0.044,0,0,0
0.013340,0.41909,10.597,-0.012,-0.040,0,0,0
0.013360,0.41972,10.366,-0.016,-0.005,0,0,0
0.013380,0.42035,10.364,0.012,0.073,0,0,0
0.013400,0.42097,10.311,0.061,0.029,0,0,0
0.013420,0.42160,10.259,-0.054,0.068,0,0,0
0.013440,0.42223,10.288,-0.036,-0.104,0,0,0
0.013460,0.42286,10.169,0.021,0.011,0,0,0
0.013480,0.42349,10.181,-0.046,0.083,0,0,0
0.013500,0.42412,10.146,0.024,0.032,0,0,0
0.013520,0.42474,10.033,-0.037,0.003,0,0,0
0.013540,0.42537,10.065,0.037,0.015,0,0,0
0.013560,0.42600,10.016,0.010,-0.005,0,0,0
0.013580,0.42663,9.895,0.071,0.066,0,0,0
0.013600,0.42726,9.941,-0.013,-0.031,0,0,0
0.013620,0.42788,9.767,0.001,0.081,0,0,0
0.013640,0.42851,9.826,0.049,-0.031,0,0,0
0.013660,0.42914,9.688,-0.032,0.064,0,0,0
0.013680,0.42977,9.784,-0.024,-0.057,0,0,0
0.013700,0.43040,9.637,-0.004,-0.057,0,0,0
0.013720,0.43103,9.575,-0.042,-0.023,0,0,0
0.013740,0.43165,9.551,0.025,-0.018,0,0,0
0.013760,0.43228,9.653,0.026,0.032,0,0,0
0.013780,0.43291,9.460,0.058,0.039,0,0,0
0.013800,0.43354,9.421,0.051,0.037,0,0,0
0.013820,0.43417,9.409,0.012,0.036,0,0,0
0.013840,0.43480,9.334,0.042,0.015,0,0,0
0.013860,0.43542,9.344,-0.013,0.024,0,0,0
0.013880,0.43605,9.285,0.024,-0.078,0,0,0
0.013900,0.43668,9.314,-0.004,0.051,0,0,0
0.013920,0.43731,9.277,0.008,0.025,0,0,0
0.013940,0.43794,9.447,-0.040,-0.009,540,0,0
0.013960,0.43857,9.696,0.024,-0.001,540,0,0
0.013980,0.43919,9.984,0.053,0.050,540,0,0
0.014000,0.43982,10.070,-0.063,0.037,540,0,0
0.014020,0.44045,10.311,-0.093,0.033,540,0,0
0.014040,0.44108,10.551,-0.000,-0.012,540,0,0
0.014060,0.44171,10.885,-0.048,0.007,540,0,0
0.014080,0.44234,10.797,-0.028,0.009,0,0,0
0.014100,0.44296,10.688,-0.008,-0.045,0,0,0
0.014120,0.44359,10.603,0.135,0.033,0,0,0
0.014140,0.44422,10.577,-0.008,0.056,0,0,0
0.014160,0.44485,10.650,0.020,0.017,0,0,0
0.014180,0.44548,10.564,-0.067,0.002,0,0,0
0.014200,0.44611,10.575,0.158,-0.024,0,0,0
0.014220,0.44673,10.498,0.057,0.077,0,0,0
0.014240,0.44736,10.425,0.005,0.042,0,0,0
0.014260,0.44799,10.358,0.030,-0.034,0,0,0
0.014280,0.44862,10.408,-0.026,-0.020,0,0,0
0.014300,0.44925,10.383,-0.022,0.004,0,0,0
0.014320,0.44988,10.222,-0.016,-0.042,0,0,0
0.014340,0.45050,10.280,0.052,0.053,0,0,0
0.014360,0.45113,10.262,-0.085,-0.005,0,0,0
0.014380,0.45176,10.218,-0.068,-0.002,0,0,0
0.014400,0.45239,10.204,-0.015,-0.076,0,0,0
0.014420,0.45302,10.040,0.005,-0.003,0,0,0
0.014440,0.45365,9.994,0.076,0.009,0,0,0
0.014460,0.45427,10.006,-0.051,0.038,0,0,0
0.014480,0.45490,9.966,0.026,0.035,0,0,0
0.014500,0.45553,9.901,-0.073,-0.047,0,0,0
0.014520,0.45616,9.943,0.014,0.054,0,0,0
0.014540,0.45679,9.900,0.014,-0.010,0,0,0
0.014560,0.45742,9.856,-0.010,-0.022,0,0,0
0.014580,0.45804,9.884,-0.112,0.006,0,0,0
0.014600,0.45867,9.715,0.020,-0.118,0,0,0
0.014620,0.45930,9.704,0.062,-0.053,0,0,0
0.014640,0.45993,9.706,-0.020,0.056,0,0,0
0.014660,0.46056,9.665,-0.020,-0.016,0,0,0
0.014680,0.46119,9.642,0.011,-0.056,0,0,0
0.014700,0.46181,9.557,-0.021,-0.013,0,0,0
0.014720,0.46244,9.590,-0.096,0.029,0,0,0
0.014740,0.46307,9.499,0.094,0.068,0,0,0
0.014760,0.46370,9.618,-0.014,-0.033,0,0,0
0.014780,0.46433,9.492,0.014,-0.003,0,0,0
0.014800,0.46496,9.399,-0.050,-0.031,0,0,0
0.014820,0.46558,9.465,-0.015,0.018,0,0,0
0.014840,0.46621,9.396,0.071,0.028,0,0,0
0.014860,0.46684,9.300,-0.007,0.054,0,0,0
0.014880,0.46747,9.396,-0.060,-0.066,0,0,0
0.014900,0.46810,9.288,-0.042,-0.032,0,0,0
0.014920,0.46873,9.253,0.051,0.032,0,0,0
0.014940,0.46935,9.256,0.040,-0.002,0,0,0
0.014960,0.46998,9.205,-0.051,-0.033,0,0,0
0.014980,0.47061,9.338,0.121,-0.068,540,0,0
0.015000,0.47124,9.488,-0.002,-0.015,540,0,0
0.015020,0.47187,9.802,0.032,-0.086,540,0,0
0.015040,0.47250,9.881,0.088,0.036,540,0,0
0.015060,0.47312,10.140,-0.058,-0.044,540,0,0
0.015080,0.47375,10.353,-0.012,0.036,540,0,0
0.015100,0.47438,10.670,-0.048,0.032,540,0,0
0.015120,0.47501,10.722,0.041,-0.093,540,0,0
0.015140,0.47564,10.802,0.071,-0.013,0,0,0
0.015160,0.47627,10.743,0.023,-0.103,0,0,0
0.015180,0.47689,10.786,0.028,-0.011,0,0,0
0.015200,0.47752,10.660,-0.049,-0.065,0,0,0
0.015220,0.47815,10.702,-0.010,0.070,0,0,0
0.015240,0.47878,10.615,-0.027,0.015,0,0,0
0.015260,0.47941,10.592,0.056,0.017,0,0,0
0.015280,0.48004,10.593,0.035,0.077,0,0,0
0.015300,0.48066,10.570,-0.049,-0.046,0,0,0
0.015320,0.48129,10.675,-0.055,-0.038,0,0,0
0.015340,0.48192,10.507,-0.087,0.070,0,0,0
0.015360,0.48255,10.403,0.030,-0.014,0,0,0
0.015380,0.48318,10.345,-0.059,0.053,0,0,0
0.015400,0.48381,10.383,0.024,-0.066,0,0,0
0.015420,0.48443,10.365,-0.010,-0.014,0,0,0
0.015440,0.48506,10.367,0.009,-0.003,0,0,0
0.015460,0.48569,10.295,0.021,-0.005,0,0,0
0.015480,0.48632,10.342,-0.028,-0.003,0,0,0
0.015500,0.48695,10.308,0.007,-0.043,0,0,0
0.015520,0.48758,10.227,-0.003,0.014,0,0,0
0.015540,0.48820,10.236,-0.046,-0.121,0,0,0
0.015560,0.48883,10.097,-0.064,-0.054,0,0,0
0.015580,0.48946,10.210,-0.044,-0.040,0,0,0
0.015600,0.49009,10.034,0.081,0.019,0,0,0
0.015620,0.49072,10.093,0.040,0.042,0,0,0
0.015640,0.49135,9.991,0.021,-0.064,0,0,0
0.015660,0.49197,10.056,0.011,0.099,0,0,0
0.015680,0.49260,9.944,0.044,-0.033,0,0,0
0.015700,0.49323,10.009,-0.120,0.018,0,0,0
0.015720,0.49386,10.049,-0.002,0.017,0,0,0
0.015740,0.49449,9.937,-0.058,0.012,0,0,0
0.015760,0.49512,9.939,0.041,0.035,0,0,0
0.015780,0.49574,9.875,0.065,0.070,0,0,0
0.015800,0.49637,9.834,-0.029,0.095,0,0,0
0.015820,0.49700,9.770,-0.068,-0.002,0,0,0
0.015840,0.49763,9.728,0.062,0.028,0,0,0
0.015860,0.49826,9.876,-0.028,0.028,0,0,0
0.015880,0.49888,9.848,-0.039,0.058,0,0,0
0.015900,0.49951,9.800,-0.032,0.007,0,0,0
0.015920,0.50014,9.735,-0.066,0.041,0,0,0
0.015940,0.50077,9.691,-0.081,-0.028,0,0,0
0.015960,0.50140,9.706,0.022,0.021,0,0,0
0.015980,0.50203,9.606,0.099,-0.045,0,0,0
0.016000,0.50265,9.678,0.046,-0.011,0,0,0
0.016020,0.50328,9.677,0.026,0.035,0,0,0
0.016040,0.50391,9.723,-0.109,0.053,0,0,0
0.016060,0.50454,9.596,-0.040,0.009,0,0,0
0.016080,0.50517,9.523,0.040,0.045,0,0,0
0.016100,0.50580,9.548,-0.006,-0.086,0,0,0
0.016120,0.50642,9.513,0.011,-0.031,0,0,0
0.016140,0.50705,9.511,-0.023,0.041,0,0,0
0.016160,0.50768,9.496,-0.031,-0.010,0,0,0
0.016180,0.50831,9.446,0.003,0.003,0,0,0
0.016200,0.50894,9.420,-0.022,-0.111,0,0,0
0.016220,0.50957,9.324,-0.021,0.039,0,0,0
0.016240,0.51019,9.539,-0.032,0.037,0,0,0
0.016260,0.51082,9.469,0.109,-0.044,0,0,0
0.016280,0.51145,9.320,0.013,-0.042,0,0,0
0.016300,0.51208,9.340,0.013,0.021,0,0,0
0.016320,0.51271,9.388,-0.121,-0.088,0,0,0
0.016340,0.51334,9.316,0.040,0.048,0,0,0
0.016360,0.51396,9.337,-0.000,0.012,0,0,0
0.016380,0.51459,9.312,-0.037,-0.050,0,0,0
0.016400,0.51522,9.297,0.067,0.063,0,0,0
0.016420,0.51585,9.261,-0.020,0.050,0,0,0
0.016440,0.51648,9.348,0.010,0.031,540,0,0
0.016460,0.51711,9.497,0.039,0.018,540,0,0
0.016480,0.51773,9.759,-0.024,-0.005,540,0,0
0.016500,0.51836,9.826,0.035,0.100,540,0,0
0.016520,0.51899,10.125,0.004,-0.027,540,0,0
0.016540,0.51962,10.504,-0.029,-0.059,540,0,0
0.016560,0.52025,10.483,-0.026,0.015,540,0,0
0.016580,0.52088,10.843,0.110,0.077,540,0,0
0.016600,0.52150,10.692,-0.033,0.042,0,0,0
0.016620,0.52213,10.810,0.054,-0.040,0,0,0
0.016640,0.52276,10.825,0.024,0.023,0,0,0
0.016660,0.52339,10.632,-0.079,-0.003,0,0,0
0.016680,0.52402,10.724,-0.005,0.047,0,0,0
0.016700,0.52465,10.664,0.050,-0.035,0,0,0
0.016720,0.52527,10.711,0.004,0.090,0,0,0
0.016740,0.52590,10.602,-0.020,-0.008,0,0,0
0.016760,0.52653,10.649,-0.024,-0.069,0,0,0
0.016780,0.52716,10.669,-0.028,0.048,0,0,0
0.016800,0.52779,10.567,-0.049,-0.013,0,0,0
0.016820,0.52842,10.551,-0.072,-0.012,0,0,0
0.016840,0.52904,10.507,-0.017,0.030,0,0,0
0.016860,0.52967,10.562,0.091,-0.001,0,0,0
0.016880,0.53030,10.548,-0.087,-0.051,0,0,0
0.016900,0.53093,10.431,-0.023,0.027,0,0,0
0.016920,0.53156,10.457,-0.043,0.037,0,0,0
0.016940,0.53219,10.469,-0.019,0.019,0,0,0
0.016960,0.53281,10.454,-0.004,0.039,0,0,0
0.016980,0.53344,10.400,0.097,-0.018,0,0,0
0.017000,0.53407,10.393,0.084,0.026,0,0,0
0.017020,0.53470,10.432,-0.062,-0.030,0,0,0
0.017040,0.53533,10.351,0.002,-0.034,0,0,0
0.017060,0.53596,10.348,-0.001,0.014,0,0,0
0.017080,0.53658,10.280,0.118,0.030,0,0,0
0.017100,0.53721,10.384,0.034,0.139,0,0,0
0.017120,0.53784,10.354,-0.045,-0.033,0,0,0
0.017140,0.53847,10.238,0.031,0.095,0,0,0
0.017160,0.53910,10.321,-0.104,-0.061,0,0,0
0.017180,0.53973,10.228,-0.003,-0.047,0,0,0
0.017200,0.54035,10.239,-0.022,0.044,0,0,0
0.017220,0.54098,10.285,0.070,0.022,0,0,0
0.017240,0.54161,10.213,-0.051,-0.012,0,0,0
0.017260,0.54224,10.281,-0.070,0.014,0,0,0
0.017280,0.54287,10.171,-0.069,0.062,0,0,0
0.017300,0.54350,10.176,-0.032,-0.079,0,0,0
0.017320,0.54412,10.210,0.027,-0.008,0,0,0
0.017340,0.54475,10.138,-0.003,-0.007,0,0,0
0.017360,0.54538,10.104,0.011,0.022,0,0,0
0.017380,0.54601,10.073,0.051,-0.007,0,0,0
0.017400,0.54664,10.181,0.047,0.024,0,0,0
0.017420,0.54727,10.033,-0.043,0.010,0,0,0
0.017440,0.54789,9.982,-0.044,-0.058,0,0,0
0.017460,0.54852,10.136,0.068,-0.075,0,0,0
0.017480,0.54915,10.113,0.004,-0.001,0,0,0
0.017500,0.54978,10.024,-0.004,-0.023,0,0,0
0.017520,0.55041,10.043,0.009,-0.018,0,0,0
0.017540,0.55104,10.054,0.017,-0.059,0,0,0
0.017560,0.55166,9.862,-0.100,0.124,0,0,0
0.017580,0.55229,10.083,-0.068,-0.024,0,0,0
0.017600,0.55292,9.958,0.020,0.038,0,0,0
0.017620,0.55355,9.925,0.007,0.070,0,0,0
0.017640,0.55418,10.019,-0.079,-0.016,0,0,0
0.017660,0.55481,9.937,0.009,0.000,0,0,0
0.017680,0.55543,9.946,0.048,0.095,0,0,0
0.017700,0.55606,9.926,0.060,-0.022,0,0,0
0.017720,0.55669,9.912,-0.020,0.004,0,0,0
0.017740,0.55732,9.940,-0.021,-0.069,0,0,0
0.017760,0.55795,9.936,-0.022,0.030,0,0,0
0.017780,0.55858,9.787,0.049,0.003,0,0,0
0.017800,0.55920,9.789,-0.011,0.026,0,0,0
0.017820,0.55983,9.867,0.005,-0.075,0,0,0
0.017840,0.56046,9.856,-0.008,0.055,0,0,0
0.017860,0.56109,9.853,-0.042,-0.084,0,0,0
0.017880,0.56172,9.788,-0.026,0.023,0,0,0
0.017900,0.56235,9.824,-0.026,-0.179,0,0,0
0.017920,0.56297,9.771,-0.029,-0.085,0,0,0
0.017940,0.56360,9.835,0.067,0.000,0,0,0
0.017960,0.56423,9.812,0.054,-0.063,0,0,0
0.017980,0.56486,9.746,0.013,0.041,0,0,0
0.018000,0.56549,9.733,-0.001,0.020,0,0,0
0.018020,0.56611,9.813,0.055,0.012,0,0,0
0.018040,0.56674,9.761,0.010,0.018,0,0,0
0.018060,0.56737,9.789,0.469,-0.011,0,540,0
0.018080,0.56800,9.772,1.343,-0.025,0,540,0
0.018100,0.56863,9.712,2.210,-0.060,0,540,0
0.018120,0.56926,9.696,3.183,0.033,0,540,0
0.018140,0.56988,9.671,4.005,-0.001,0,540,0
0.018160,0.57051,9.642,4.983,-0.049,0,540,0
0.018180,0.57114,9.615,5.823,0.006,0,540,0
0.018200,0.57177,9.662,6.790,0.041,0,540,0
0.018220,0.57240,9.538,7.567,-0.025,0,540,0
0.018240,0.57303,9.654,8.464,0.006,0,540,0
0.018260,0.57365,9.674,9.367,0.045,0,540,0
0.018280,0.57428,9.621,10.250,0.086,0,540,0
0.018300,0.57491,9.580,11.091,-0.014,0,540,0
0.018320,0.57554,9.600,11.092,-0.015,0,0,0
0.018340,0.57617,9.537,11.164,0.047,0,0,0
0.018360,0.57680,9.645,11.117,-0.037,0,0,0
0.018380,0.57742,9.597,11.094,0.128,0,0,0
0.018400,0.57805,9.587,11.063,-0.025,0,0,0
0.018420,0.57868,9.561,11.127,-0.044,0,0,0
0.018440,0.57931,9.526,11.030,0.028,0,0,0
0.018460,0.57994,9.535,11.119,-0.036,0,0,0
0.018480,0.58057,9.575,11.025,-0.030,0,0,0
0.018500,0.58119,9.519,11.052,-0.012,0,0,0
0.018520,0.58182,9.536,11.132,0.036,0,0,0
0.018540,0.58245,9.602,10.994,0.075,0,0,0
0.018560,0.58308,9.573,11.054,0.104,0,0,0
0.018580,0.58371,9.576,11.016,-0.018,0,0,0
0.018600,0.58434,9.481,10.905,-0.044,0,0,0
0.018620,0.58496,9.530,10.966,-0.033,0,0,0
0.018640,0.58559,9.410,10.988,0.018,0,0,0
0.018660,0.58622,9.522,10.932,0.009,0,0,0
0.018680,0.58685,9.476,10.918,0.017,0,0,0
0.018700,0.58748,9.501,10.989,0.013,0,0,0
0.018720,0.58811,9.447,10.839,0.020,0,0,0
0.018740,0.58873,9.462,10.917,0.071,0,0,0
0.018760,0.58936,9.440,10.931,0.014,0,0,0
0.018780,0.58999,9.380,10.848,-0.052,0,0,0
0.018800,0.59062,9.373,10.955,-0.066,0,0,0
0.018820,0.59125,9.337,10.931,0.001,0,0,0
0.018840,0.59188,9.502,10.949,0.044,0,0,0
0.018860,0.59250,9.432,10.996,-0.051,0,0,0
0.018880,0.59313,9.483,10.789,0.051,0,0,0
0.018900,0.59376,9.427,10.845,0.016,0,0,0
0.018920,0.59439,9.459,10.771,0.101,0,0,0
0.018940,0.59502,9.400,10.828,-0.018,0,0,0
0.018960,0.59565,9.380,10.867,0.054,0,0,0
0.018980,0.59627,9.339,10.713,-0.018,0,0,0
0.019000,0.59690,9.490,10.801,-0.008,0,0,0
0.019020,0.59753,9.475,10.832,0.024,0,0,0
0.019040,0.59816,9.458,10.753,-0.041,0,0,0
0.019060,0.59879,9.344,10.691,0.153,0,0,0
0.019080,0.59942,9.358,10.721,0.095,0,0,0
0.019100,0.60004,9.357,10.699,0.003,0,0,0
0.019120,0.60067,9.280,10.704,-0.009,0,0,0
0.019140,0.60130,9.289,10.748,-0.018,0,0,0
0.019160,0.60193,9.372,10.620,0.012,0,0,0
0.019180,0.60256,9.296,10.636,-0.094,0,0,0
0.019200,0.60319,9.263,10.676,-0.001,0,0,0
0.019220,0.60381,9.281,10.643,-0.098,0,0,0
0.019240,0.60444,9.321,10.558,-0.018,0,0,0
0.019260,0.60507,9.281,10.664,-0.046,0,0,0
0.019280,0.60570,9.287,10.580,0.053,0,0,0
0.019300,0.60633,9.198,10.561,0.083,0,0,0
0.019320,0.60696,9.241,10.557,0.041,0,0,0
0.019340,0.60758,9.472,10.586,0.013,540,0,0
0.019360,0.60821,9.585,10.547,-0.082,540,0,0
0.019380,0.60884,9.853,10.500,0.053,540,0,0
0.019400,0.60947,10.043,10.534,-0.010,540,0,0
0.019420,0.61010,10.295,10.493,-0.015,540,0,0
0.019440,0.61073,10.511,10.487,-0.031,540,0,0
0.019460,0.61135,10.697,10.469,-0.042,540,0,0
0.019480,0.61198,10.792,10.544,-0.020,0,0,0
0.019500,0.61261,10.765,10.493,0.011,0,0,0
0.019520,0.61324,10.799,10.418,0.038,0,0,0
0.019540,0.61387,10.666,10.467,0.030,0,0,0
0.019560,0.61450,10.834,10.412,0.005,0,0,0
0.019580,0.61512,10.788,10.450,-0.065,0,0,0
0.019600,0.61575,10.786,10.401,-0.065,0,0,0
0.019620,0.61638,10.699,10.434,0.040,0,0,0
0.019640,0.61701,10.741,10.409,0.066,0,0,0
0.019660,0.61764,10.726,10.330,-0.070,0,0,0
0.019680,0.61827,10.677,10.383,0.119,0,0,0
0.019700,0.61889,10.762,10.383,0.091,0,0,0
0.019720,0.61952,10.740,10.293,0.057,0,0,0
0.019740,0.62015,10.857,10.307,-0.012,0,0,0
0.019760,0.62078,10.721,10.340,0.017,0,0,0
0.019780,0.62141,10.718,10.280,0.010,0,0,0
0.019800,0.62204,10.787,10.266,0.002,0,0,0
0.019820,0.62266,10.779,10.351,-0.020,0,0,0
0.019840,0.62329,10.751,10.232,0.083,0,0,0
0.019860,0.62392,10.725,10.303,-0.035,0,0,0
0.019880,0.62455,10.653,10.206,0.078,0,0,0
0.019900,0.62518,10.783,10.210,-0.019,0,0,0
0.019920,0.62581,10.687,10.193,-0.024,0,0,0
0.019940,0.62643,10.665,10.162,0.007,0,0,0
0.019960,0.62706,10.682,10.236,0.001,0,0,0
0.019980,0.62769,10.587,10.178,-0.046,0,0,0
0.020000,0.62832,10.686,10.133,-0.015,0,0,0
0.020020,0.62895,10.671,10.110,0.029,0,0,0
0.020040,0.62958,10.644,10.141,-0.028,0,0,0
0.020060,0.63020,10.588,10.123,0.049,0,0,0
0.020080,0.63083,10.684,10.131,0.010,0,0,0
0.020100,0.63146,10.625,10.101,0.084,0,0,0
0.020120,0.63209,10.619,10.041,-0.006,0,0,0
0.020140,0.63272,10.602,10.089,-0.113,0,0,0
0.020160,0.63335,10.533,10.003,0.073,0,0,0
0.020180,0.63397,10.605,10.118,-0.006,0,0,0
0.020200,0.63460,10.611,10.106,-0.005,0,0,0
0.020220,0.63523,10.638,9.947,0.072,0,0,0
0.020240,0.63586,10.568,9.996,-0.010,0,0,0
0.020260,0.63649,10.571,10.016,0.028,0,0,0
0.020280,0.63711,10.647,9.958,0.058,0,0,0
0.020300,0.63774,10.590,9.941,-0.006,0,0,0
0.020320,0.63837,10.565,9.950,-0.052,0,0,0
0.020340,0.63900,10.562,9.946,-0.041,0,0,0
0.020360,0.63963,10.640,9.961,-0.073,0,0,0
0.020380,0.64026,10.562,9.982,-0.048,0,0,0
0.020400,0.64088,10.594,9.868,-0.048,0,0,0
0.020420,0.64151,10.558,9.863,-0.007,0,0,0
0.020440,0.64214,10.453,9.864,-0.031,0,0,0
0.020460,0.64277,10.550,9.864,0.060,0,0,0
0.020480,0.64340,10.585,9.891,-0.051,0,0,0
0.020500,0.64403,10.471,9.833,0.052,0,0,0
0.020520,0.64465,10.511,9.892,-0.027,0,0,0
0.020540,0.64528,10.407,9.772,0.100,0,0,0
0.020560,0.64591,10.449,9.805,-0.008,0,0,0
0.020580,0.64654,10.484,9.722,0.069,0,0,0
0.020600,0.64717,10.532,9.773,-0.032,0,0,0
0.020620,0.64780,10.527,9.782,-0.010,0,0,0
0.020640,0.64842,10.449,9.662,0.044,0,0,0
0.020660,0.64905,10.458,9.704,0.029,0,0,0
0.020680,0.64968,10.492,9.623,-0.002,0,0,0
0.020700,0.65031,10.445,9.608,0.027,0,0,0
0.020720,0.65094,10.425,9.645,-0.108,0,0,0
0.020740,0.65157,10.536,9.667,-0.034,0,0,0
0.020760,0.65219,10.477,9.755,0.052,0,0,0
0.020780,0.65282,10.444,9.587,-0.069,0,0,0
0.020800,0.65345,10.397,9.656,0.027,0,0,0
0.020820,0.65408,10.539,9.552,0.044,0,0,0
0.020840,0.65471,10.338,9.507,0.023,-540,0,0
0.020860,0.65534,10.243,9.516,0.043,-540,0,0
0.020880,0.65596,9.909,9.472,0.015,-540,0,0
0.020900,0.65659,9.743,9.628,-0.035,-540,0,0
0.020920,0.65722,9.523,9.487,-0.032,-540,0,0
0.020940,0.65785,9.371,9.540,-0.019,-540,0,0
0.020960,0.65848,9.137,9.409,-0.073,-540,0,0
0.020980,0.65911,8.941,9.428,0.039,-540,0,0
0.021000,0.65973,8.749,9.430,0.077,-540,0,0
0.021020,0.66036,8.521,9.498,-0.060,-540,0,0
0.021040,0.66099,8.336,9.386,0.038,-540,0,0
0.021060,0.66162,8.231,9.378,0.032,-540,0,0
0.021080,0.66225,7.979,9.371,-0.048,-540,0,0
0.021100,0.66288,7.819,9.381,-0.014,-540,0,0
0.021120,0.66350,7.658,9.311,0.087,-540,0,0
0.021140,0.66413,7.503,9.330,-0.051,-540,0,0
0.021160,0.66476,7.310,9.267,-0.048,-540,0,0
0.021180,0.66539,7.144,9.319,0.021,-540,0,0
0.021200,0.66602,6.917,9.307,-0.075,-540,0,0
0.021220,0.66665,6.786,9.290,0.001,-540,0,0
0.021240,0.66727,6.601,10.220,-0.056,-540,540,0
0.021260,0.66790,6.471,11.039,-0.052,-540,540,0
0.021280,0.66853,6.380,11.027,0.008,-540,0,0
0.021300,0.66916,6.111,10.969,0.118,-540,0,0
0.021320,0.66979,6.081,10.918,-0.023,-540,0,0
0.021340,0.67042,5.796,10.945,0.042,-540,0,0
0.021360,0.67104,5.789,10.893,-0.051,-540,0,0
0.021380,0.67167,5.560,10.920,-0.049,-540,0,0
0.021400,0.67230,5.465,10.884,0.038,-540,0,0
0.021420,0.67293,5.371,10.828,0.047,-540,0,0
0.021440,0.67356,5.157,10.711,0.030,-540,0,0
0.021460,0.67419,5.085,10.803,0.010,-540,0,0
0.021480,0.67481,4.792,10.765,-0.014,-540,0,0
0.021500,0.67544,4.778,10.779,-0.053,-540,0,0
0.021520,0.67607,4.607,10.823,0.011,-540,0,0
0.021540,0.67670,4.437,10.728,-0.038,-540,0,0
0.021560,0.67733,4.339,10.733,0.034,-540,0,0
0.021580,0.67796,4.096,10.671,0.005,-540,0,0
0.021600,0.67858,4.104,10.546,-0.042,-540,0,0
0.021620,0.67921,3.944,10.708,-0.001,-540,0,0
0.021640,0.67984,3.839,10.627,0.105,-540,0,0
0.021660,0.68047,3.752,10.537,0.017,-540,0,0
0.021680,0.68110,3.486,10.511,0.019,-540,0,0
0.021700,0.68173,3.354,10.510,-0.013,-540,0,0
0.021720,0.68235,3.302,10.538,-0.008,-540,0,0
0.021740,0.68298,3.130,10.424,-0.000,-540,0,0
0.021760,0.68361,3.151,10.460,0.075,-540,0,0
0.021780,0.68424,2.932,10.487,0.106,-540,0,0
0.021800,0.68487,2.788,10.398,-0.050,-540,0,0
0.021820,0.68550,2.755,10.415,0.032,-540,0,0
0.021840,0.68612,2.606,10.386,0.028,-540,0,0
0.021860,0.68675,2.495,10.380,0.037,-540,0,0
0.021880,0.68738,2.361,10.359,0.087,-540,0,0
0.021900,0.68801,2.256,10.369,0.035,-540,0,0
0.021920,0.68864,2.178,10.372,-0.038,-540,0,0
0.021940,0.68927,2.047,10.279,0.000,-540,0,0
0.021960,0.68989,1.873,10.289,0.080,-540,0,0
0.021980,0.69052,1.896,10.259,0.042,-540,0,0
0.022000,0.69115,1.769,10.159,-0.018,-540,0,0
0.022020,0.69178,1.607,10.138,0.017,-540,0,0
0.022040,0.69241,1.554,10.087,0.041,-540,0,0
0.022060,0.69304,1.369,10.086,-0.040,-540,0,0
0.022080,0.69366,1.396,10.131,-0.020,-540,0,0
0.022100,0.69429,1.152,10.056,-0.022,-540,0,0
0.022120,0.69492,1.123,10.054,-0.065,-540,0,0
0.022140,0.69555,1.001,10.008,-0.012,-540,0,0
0.022160,0.69618,0.910,10.001,-0.012,-540,0,0
0.022180,0.69681,0.829,9.999,-0.008,-540,0,0
0.022200,0.69743,0.759,9.993,0.046,-540,0,0
0.022220,0.69806,0.565,9.899,-0.081,-540,0,0
0.022240,0.69869,0.522,9.954,0.004,-540,0,0
0.022260,0.69932,0.462,9.841,-0.077,-540,0,0
0.022280,0.69995,0.289,9.864,-0.007,-540,0,0
0.022300,0.70058,0.345,9.856,-0.062,0,0,0
0.022320,0.70120,0.343,9.892,0.099,0,0,0
0.022340,0.70183,0.194,9.846,0.063,0,0,0
0.022360,0.70246,0.271,9.802,-0.013,0,0,0
0.022380,0.70309,0.211,9.731,0.025,0,0,0
0.022400,0.70372,0.217,9.829,0.100,0,0,0
0.022420,0.70435,0.228,9.701,0.014,0,0,0
0.022440,0.70497,0.206,9.679,-0.052,0,0,0
0.022460,0.70560,0.217,9.770,-0.027,0,0,0
0.022480,0.70623,0.190,9.680,0.039,0,0,0
0.022500,0.70686,0.188,9.586,0.015,0,0,0
0.022520,0.70749,0.238,9.713,-0.034,0,0,0
0.022540,0.70811,0.179,9.629,-0.039,0,0,0
0.022560,0.70874,0.230,9.605,-0.013,0,0,0
0.022580,0.70937,0.185,9.506,-0.054,0,0,0
0.022600,0.71000,0.156,9.484,0.005,0,0,0
0.022620,0.71063,0.114,9.456,0.013,0,0,0
0.022640,0.71126,0.281,9.485,0.020,0,0,0
0.022660,0.71188,0.125,9.387,0.021,0,0,0
0.022680,0.71251,0.193,9.510,0.013,0,0,0
0.022700,0.71314,0.158,9.381,-0.047,0,0,0
0.022720,0.71377,0.228,9.379,-0.033,0,0,0
0.022740,0.71440,0.126,9.322,0.028,0,0,0
0.022760,0.71503,0.207,9.302,-0.001,0,0,0
0.022780,0.71565,0.251,9.280,0.001,0,0,0
0.022800,0.71628,0.134,9.280,-0.071,0,0,0
0.022820,0.71691,0.133,9.187,-0.007,0,0,0
0.022840,0.71754,0.194,9.585,-0.024,0,540,0
0.022860,0.71817,0.019,10.417,-0.050,0,540,0
0.022880,0.71880,0.110,11.143,0.060,0,540,0
0.022900,0.71942,0.193,11.042,-0.027,0,0,0
0.022920,0.72005,0.155,11.098,0.020,0,0,0
0.022940,0.72068,0.120,11.064,0.005,0,0,0
0.022960,0.72131,0.108,11.065,-0.017,0,0,0
0.022980,0.72194,0.198,11.060,-0.009,0,0,0
0.023000,0.72257,0.169,11.019,-0.003,0,0,0
0.023020,0.72319,0.092,10.926,0.004,0,0,0
0.023040,0.72382,0.223,10.903,-0.074,0,0,0
0.023060,0.72445,0.144,10.942,0.027,0,0,0
0.023080,0.72508,0.077,10.891,-0.004,0,0,0
0.023100,0.72571,0.062,10.762,0.053,0,0,0
0.023120,0.72634,0.175,10.762,0.053,0,0,0
0.023140,0.72696,0.063,10.689,-0.081,0,0,0
0.023160,0.72759,0.098,10.659,-0.051,0,0,0
0.023180,0.72822,0.141,10.699,-0.048,0,0,0
0.023200,0.72885,0.093,10.665,-0.050,0,0,0
0.023220,0.72948,0.094,10.634,-0.055,0,0,0
0.023240,0.73011,0.085,10.669,0.077,0,0,0
0.023260,0.73073,0.095,10.505,0.076,0,0,0
0.023280,0.73136,0.135,10.531,0.013,0,0,0
0.023300,0.73199,0.061,10.514,0.048,0,0,0
0.023320,0.73262,0.104,10.435,-0.034,0,0,0
0.023340,0.73325,0.111,10.392,-0.001,0,0,0
0.023360,0.73388,0.137,10.423,-0.065,0,0,0
0.023380,0.73450,0.090,10.322,-0.091,0,0,0
0.023400,0.73513,0.174,10.295,0.078,0,0,0
0.023420,0.73576,0.212,10.279,-0.062,0,0,0
0.023440,0.73639,0.176,10.167,-0.041,0,0,0
0.023460,0.73702,0.071,10.218,0.016,0,0,0
0.023480,0.73765,0.149,10.091,-0.007,0,0,0
0.023500,0.73827,0.191,10.083,0.015,0,0,0
0.023520,0.73890,0.115,10.053,0.016,0,0,0
0.023540,0.73953,0.170,10.108,-0.031,0,0,0
0.023560,0.74016,0.068,9.994,0.005,0,0,0
0.023580,0.74079,0.118,9.980,-0.038,0,0,0
0.023600,0.74142,0.063,9.843,0.038,0,0,0
0.023620,0.74204,0.048,9.905,0.022,0,0,0
0.023640,0.74267,0.136,9.901,-0.018,0,0,0
0.023660,0.74330,0.045,9.761,-0.037,0,0,0
0.023680,0.74393,0.149,9.854,-0.023,0,0,0
0.023700,0.74456,0.121,9.721,-0.045,0,0,0
0.023720,0.74519,0.099,9.704,-0.106,0,0,0
0.023740,0.74581,0.144,9.707,0.012,0,0,0
0.023760,0.74644,0.113,9.513,-0.024,0,0,0
0.023780,0.74707,0.047,9.578,-0.046,0,0,0
0.023800,0.74770,0.043,9.527,0.007,0,0,0
0.023820,0.74833,0.130,9.488,0.068,0,0,0
0.023840,0.74896,0.103,9.550,-0.155,0,0,0
0.023860,0.74958,0.146,9.432,-0.034,0,0,0
0.023880,0.75021,0.112,9.435,-0.028,0,0,0
0.023900,0.75084,0.105,9.324,-0.075,0,0,0
0.023920,0.75147,0.084,9.442,0.036,0,0,0
0.023940,0.75210,0.116,9.380,0.046,0,0,0
0.023960,0.75273,0.047,9.384,0.053,0,0,0
0.023980,0.75335,0.025,9.274,-0.073,0,0,0
0.024000,0.75398,0.163,9.253,-0.030,0,0,0
0.024020,0.75461,0.067,9.519,0.010,0,540,0
0.024040,0.75524,0.231,10.251,0.001,0,540,0
0.024060,0.75587,0.060,10.972,-0.050,0,540,0
0.024080,0.75650,0.148,10.869,-0.028,0,0,0
0.024100,0.75712,0.085,10.919,0.014,0,0,0
0.024120,0.75775,0.008,10.805,-0.022,0,0,0
0.024140,0.75838,0.031,10.791,0.004,0,0,0
0.024160,0.75901,0.113,10.701,0.088,0,0,0
0.024180,0.75964,0.176,10.645,0.013,0,0,0
0.024200,0.76027,0.128,10.657,0.066,0,0,0
0.024220,0.76089,0.076,10.646,-0.045,0,0,0
0.024240,0.76152,0.135,10.585,0.015,0,0,0
0.024260,0.76215,0.183,10.458,0.088,0,0,0
0.024280,0.76278,0.222,10.378,0.030,0,0,0
0.024300,0.76341,0.108,10.435,-0.025,0,0,0
0.024320,0.76404,0.085,10.324,-0.034,0,0,0
0.024340,0.76466,0.141,10.337,-0.024,0,0,0
0.024360,0.76529,0.036,10.265,0.095,0,0,0
0.024380,0.76592,0.076,10.183,-0.030,0,0,0
0.024400,0.76655,0.149,10.200,-0.030,0,0,0
0.024420,0.76718,0.076,10.087,-0.058,0,0,0
0.024440,0.76781,0.101,10.048,-0.048,0,0,0
0.024460,0.76843,0.096,10.065,-0.079,0,0,0
0.024480,0.76906,0.078,9.981,0.002,0,0,0
0.024500,0.76969,0.088,9.958,-0.008,0,0,0
0.024520,0.77032,0.231,9.818,-0.058,0,0,0
0.024540,0.77095,0.147,9.897,0.044,0,0,0
0.024560,0.77158,0.126,9.727,0.058,0,0,0
0.024580,0.77220,0.104,9.829,0.006,0,0,0
0.024600,0.77283,0.195,9.801,0.026,0,0,0
0.024620,0.77346,0.023,9.656,0.053,0,0,0
0.024640,0.77409,0.041,9.605,-0.092,0,0,0
0.024660,0.77472,0.149,9.576,0.017,0,0,0
0.024680,0.77535,0.052,9.501,-0.039,0,0,0
0.024700,0.77597,0.130,9.534,-0.013,0,0,0
0.024720,0.77660,0.115,9.360,0.012,0,0,0
0.024740,0.77723,0.153,9.383,0.055,0,0,0
0.024760,0.77786,0.015,9.366,0.008,0,0,0
0.024780,0.77849,0.100,9.373,0.019,0,0,0
0.024800,0.77911,0.136,9.307,-0.055,0,0,0
0.024820,0.77974,0.105,9.200,-0.063,0,0,0
0.024840,0.78037,0.221,9.470,-0.024,0,540,0
0.024860,0.78100,0.048,10.140,-0.029,0,540,0
0.024880,0.78163,0.204,10.748,-0.013,0,540,0
0.024900,0.78226,0.050,10.646,0.044,0,0,0
0.024920,0.78288,0.124,10.581,-0.006,0,0,0
0.024940,0.78351,0.139,10.629,-0.046,0,0,0
0.024960,0.78414,0.005,10.634,-0.016,0,0,0
0.024980,0.78477,0.065,10.425,0.040,0,0,0
0.025000,0.78540,0.171,10.448,0.023,0,0,0
0.025020,0.78603,0.146,10.381,0.042,0,0,0
0.025040,0.78665,0.007,10.279,0.047,0,0,0
0.025060,0.78728,0.061,10.278,0.061,0,0,0
0.025080,0.78791,0.130,10.219,-0.083,0,0,0
0.025100,0.78854,0.112,10.173,0.037,0,0,0
0.025120,0.78917,0.203,10.062,-0.029,0,0,0
0.025140,0.78980,0.006,10.076,-0.043,0,0,0
0.025160,0.79042,0.137,9.958,0.013,0,0,0
0.025180,0.79105,0.131,9.998,-0.006,0,0,0
0.025200,0.79168,0.103,9.862,-0.056,0,0,0
0.025220,0.79231,0.047,9.938,-0.074,0,0,0
0.025240,0.79294,0.113,9.829,-0.050,0,0,0
0.025260,0.79357,0.020,9.727,-0.078,0,0,0
0.025280,0.79419,0.070,9.668,0.046,0,0,0
0.025300,0.79482,0.150,9.645,0.003,0,0,0
0.025320,0.79545,0.024,9.554,0.022,0,0,0
0.025340,0.79608,0.075,9.507,-0.026,0,0,0
0.025360,0.79671,0.143,9.433,0.074,0,0,0
0.025380,0.79734,0.114,9.347,-0.040,0,0,0
0.025400,0.79796,0.161,9.412,0.057,0,0,0
0.025420,0.79859,0.159,9.262,-0.015,0,0,0
0.025440,0.79922,0.133,9.352,0.047,0,0,0
0.025460,0.79985,0.094,9.470,-0.079,0,540,0
0.025480,0.80048,0.143,10.039,-0.091,0,540,0
0.025500,0.80111,0.133,10.676,-0.057,0,540,0
0.025520,0.80173,0.052,10.979,0.039,0,0,0
0.025540,0.80236,0.181,10.780,0.070,0,0,0
0.025560,0.80299,0.098,10.707,0.010,0,0,0
0.025580,0.80362,0.147,10.726,0.045,0,0,0
0.025600,0.80425,0.205,10.660,0.143,0,0,0
0.025620,0.80488,0.154,10.568,0.006,0,0,0
0.025640,0.80550,0.080,10.545,0.027,0,0,0
0.025660,0.80613,0.060,10.487,0.029,0,0,0
0.025680,0.80676,0.148,10.405,-0.061,0,0,0
0.025700,0.80739,0.149,10.388,-0.044,0,0,0
0.025720,0.80802,0.092,10.311,0.049,0,0,0
0.025740,0.80865,0.083,10.303,-0.004,0,0,0
0.025760,0.80927,0.106,10.171,0.098,0,0,0
0.025780,0.80990,0.118,10.204,0.034,0,0,0
0.025800,0.81053,0.103,10.068,0.045,0,0,0
0.025820,0.81116,0.101,9.928,0.013,0,0,0
0.025840,0.81179,0.122,9.959,0.073,0,0,0
0.025860,0.81242,0.045,9.848,0.039,0,0,0
0.025880,0.81304,0.076,9.882,0.037,0,0,0
0.025900,0.81367,0.061,9.709,0.051,0,0,0
0.025920,0.81430,0.133,9.684,-0.032,0,0,0
0.025940,0.81493,0.083,9.601,0.038,0,0,0
0.025960,0.81556,0.146,9.616,-0.030,0,0,0
0.025980,0.81619,0.148,9.565,0.028,0,0,0
0.026000,0.81681,0.123,9.425,0.033,0,0,0
0.026020,0.81744,0.053,9.435,0.004,0,0,0
0.026040,0.81807,0.167,9.298,0.016,0,0,0
0.026060,0.81870,0.073,9.622,0.027,0,540,0
0.026080,0.81933,0.022,10.107,0.098,0,540,0
0.026100,0.81996,0.066,10.671,-0.074,0,540,0
0.026120,0.82058,0.146,10.780,-0.045,0,0,0
0.026140,0.82121,0.206,10.697,-0.004,0,0,0
0.026160,0.82184,0.139,10.744,-0.026,0,0,0
0.026180,0.82247,0.116,10.619,0.026,0,0,0
0.026200,0.82310,0.168,10.565,-0.067,0,0,0
0.026220,0.82373,0.062,10.437,-0.013,0,0,0
0.026240,0.82435,0.090,10.452,-0.058,0,0,0
0.026260,0.82498,0.050,10.394,-0.029,0,0,0
0.026280,0.82561,0.199,10.343,0.053,0,0,0
0.026300,0.82624,0.046,10.289,-0.008,0,0,0
0.026320,0.82687,0.186,10.106,0.016,0,0,0
0.026340,0.82750,0.091,10.040,-0.009,0,0,0
0.026360,0.82812,0.094,10.040,0.073,0,0,0
0.026380,0.82875,0.124,10.017,0.003,0,0,0
0.026400,0.82938,0.200,9.979,-0.024,0,0,0
0.026420,0.83001,0.091,9.824,0.089,0,0,0
0.026440,0.83064,0.088,9.736,0.010,0,0,0
0.026460,0.83127,0.097,9.858,-0.035,0,0,0
0.026480,0.83189,0.098,9.717,0.013,0,0,0
0.026500,0.83252,0.098,9.565,-0.001,0,0,0
0.026520,0.83315,0.086,9.448,0.087,0,0,0
0.026540,0.83378,0.118,9.545,0.034,0,0,0
0.026560,0.83441,0.207,9.422,-0.003,0,0,0
0.026580,0.83504,0.113,9.485,0.052,0,0,0
0.026600,0.83566,0.121,9.228,-0.104,0,0,0
0.026620,0.83629,0.130,9.263,-0.016,0,0,0
0.026640,0.83692,0.048,9.717,0.054,0,540,0
0.026660,0.83755,0.180,10.106,-0.076,0,540,0
0.026680,0.83818,0.151,10.647,0.008,0,540,0
0.026700,0.83881,0.053,10.833,-0.051,0,0,0
0.026720,0.83943,0.151,10.721,-0.050,0,0,0
0.026740,0.84006,0.168,10.606,0.003,0,0,0
0.026760,0.84069,0.099,10.625,-0.003,0,0,0
0.026780,0.84132,0.095,10.452,0.013,0,0,0
0.026800,0.84195,0.189,10.500,0.012,0,0,0
0.026820,0.84258,0.061,10.352,-0.034,0,0,0
0.026840,0.84320,0.114,10.290,0.030,0,0,0
0.026860,0.84383,0.118,10.225,0.101,0,0,0
0.026880,0.84446,0.123,10.142,-0.068,0,0,0
0.026900,0.84509,0.102,9.945,-0.005,0,0,0
0.026920,0.84572,0.112,10.109,0.020,0,0,0
0.026940,0.84635,0.078,9.925,0.032,0,0,0
0.026960,0.84697,0.065,9.868,-0.075,0,0,0
0.026980,0.84760,0.192,9.852,0.069,0,0,0
0.027000,0.84823,0.127,9.850,0.054,0,0,0
0.027020,0.84886,0.165,9.661,-0.069,0,0,0
0.027040,0.84949,0.122,9.642,-0.031,0,0,0
0.027060,0.85011,0.114,9.579,-0.034,0,0,0
0.027080,0.85074,0.128,9.461,-0.022,0,0,0
0.027100,0.85137,0.213,9.379,0.080,0,0,0
0.027120,0.85200,0.131,9.378,-0.034,0,0,0
0.027140,0.85263,0.164,9.305,0.001,0,0,0
0.027160,0.85326,0.040,9.247,0.036,0,0,0
0.027180,0.85388,0.121,9.475,-0.086,0,540,0
0.027200,0.85451,0.156,9.799,-0.058,0,540,0
0.027220,0.85514,0.180,10.249,0.014,0,540,0
0.027240,0.85577,0.143,10.617,0.034,0,540,0
0.027260,0.85640,0.106,10.838,-0.001,0,0,0
0.027280,0.85703,0.089,10.785,-0.089,0,0,0
0.027300,0.85765,0.166,10.661,-0.062,0,0,0
0.027320,0.85828,0.041,10.679,0.037,0,0,0
0.027340,0.85891,0.226,10.475,0.024,0,0,0
0.027360,0.85954,0.034,10.438,-0.094,0,0,0
0.027380,0.86017,0.135,10.342,-0.027,0,0,0
0.027400,0.86080,0.039,10.291,-0.051,0,0,0
0.027420,0.86142,0.112,10.195,0.011,0,0,0
0.027440,0.86205,0.082,10.215,-0.033,0,0,0
0.027460,0.86268,0.141,10.048,0.132,0,0,0
0.027480,0.86331,0.145,10.005,0.050,0,0,0
0.027500,0.86394,0.081,10.021,0.044,0,0,0
0.027520,0.86457,0.094,9.911,-0.016,0,0,0
0.027540,0.86519,0.151,9.849,0.097,0,0,0
0.027560,0.86582,0.091,9.795,0.014,0,0,0
0.027580,0.86645,0.181,9.713,-0.080,0,0,0
0.027600,0.86708,0.150,9.670,-0.003,0,0,0
0.027620,0.86771,0.107,9.590,0.013,0,0,0
0.027640,0.86834,0.107,9.480,-0.043,0,0,0
0.027660,0.86896,0.092,9.454,-0.013,0,0,0
0.027680,0.86959,0.089,9.471,-0.066,0,0,0
0.027700,0.87022,0.128,9.389,0.003,0,0,0
0.027720,0.87085,0.081,9.171,-0.024,0,0,0
0.027740,0.87148,0.036,9.230,0.000,0,0,0
0.027760,0.87211,0.087,9.517,-0.002,0,540,0
0.027780,0.87273,0.075,9.939,0.005,0,540,0
0.027800,0.87336,0.102,10.359,0.040,0,540,0
0.027820,0.87399,0.116,10.616,0.031,0,540,0
0.027840,0.87462,0.133,10.843,0.078,0,0,0
0.027860,0.87525,0.143,10.686,0.002,0,0,0
0.027880,0.87588,0.133,10.722,-0.044,0,0,0
0.027900,0.87650,0.114,10.648,0.047,0,0,0
0.027920,0.87713,0.158,10.516,-0.061,0,0,0
0.027940,0.87776,0.016,10.434,-0.012,0,0,0
0.027960,0.87839,0.127,10.372,-0.032,0,0,0
0.027980,0.87902,0.155,10.357,-0.040,0,0,0
0.028000,0.87965,0.089,10.224,0.006,0,0,0
0.028020,0.88027,0.091,10.100,-0.016,0,0,0
0.028040,0.88090,0.058,10.025,-0.090,0,0,0
0.028060,0.88153,0.098,10.028,0.022,0,0,0
0.028080,0.88216,0.195,9.905,-0.056,0,0,0
0.028100,0.88279,0.193,9.942,0.081,0,0,0
0.028120,0.88342,0.156,9.883,0.024,0,0,0
0.028140,0.88404,0.149,9.685,0.037,0,0,0
0.028160,0.88467,0.124,9.685,0.012,0,0,0
0.028180,0.88530,-0.016,9.603,0.029,0,0,0
0.028200,0.88593,0.157,9.647,0.009,0,0,0
0.028220,0.88656,0.056,9.604,-0.010,0,0,0
0.028240,0.88719,0.138,9.476,0.045,0,0,0
0.028260,0.88781,0.079,9.370,-0.016,0,0,0
0.028280,0.88844,0.144,9.389,-0.084,0,0,0
0.028300,0.88907,0.039,9.374,0.002,0,0,0
0.028320,0.88970,0.191,9.289,0.000,0,0,0
0.028340,0.89033,0.133,9.619,0.013,0,540,0
0.028360,0.89096,0.049,9.903,-0.001,0,540,0
0.028380,0.89158,0.110,10.163,0.010,0,540,0
0.028400,0.89221,0.059,10.538,-0.014,0,540,0
0.028420,0.89284,0.108,10.920,0.008,0,540,0
0.028440,0.89347,0.054,10.775,-0.039,0,0,0
0.028460,0.89410,0.048,10.687,0.005,0,0,0
0.028480,0.89473,0.067,10.637,-0.005,0,0,0
0.028500,0.89535,0.070,10.601,0.021,0,0,0
0.028520,0.89598,0.050,10.468,-0.007,0,0,0
0.028540,0.89661,0.072,10.461,-0.058,0,0,0
0.028560,0.89724,0.098,10.409,0.044,0,0,0
0.028580,0.89787,0.044,10.288,0.019,0,0,0
0.028600,0.89850,0.081,10.258,0.036,0,0,0
0.028620,0.89912,0.075,10.178,-0.005,0,0,0
0.028640,0.89975,0.092,10.113,0.006,0,0,0
0.028660,0.90038,0.012,10.156,0.009,0,0,0
0.028680,0.90101,0.121,9.957,-0.097,0,0,0
0.028700,0.90164,0.092,9.954,0.050,0,0,0
0.028720,0.90227,0.081,9.767,0.060,0,0,0
0.028740,0.90289,0.103,9.849,0.028,0,0,0
0.028760,0.90352,0.161,9.763,0.018,0,0,0
0.028780,0.90415,0.047,9.645,0.028,0,0,0
0.028800,0.90478,0.104,9.671,0.062,0,0,0
0.028820,0.90541,0.102,9.502,-0.082,0,0,0
0.028840,0.90604,0.130,9.443,0.049,0,0,0
0.028860,0.90666,0.017,9.408,0.026,0,0,0
0.028880,0.90729,0.068,9.400,0.062,0,0,0
0.028900,0.90792,0.188,9.469,-0.068,0,0,0
0.028920,0.90855,0.182,9.320,0.039,0,0,0
0.028940,0.90918,0.130,9.273,0.079,0,0,0
0.028960,0.90981,0.165,9.101,0.006,0,0,0
0.028980,0.91043,0.189,9.515,0.053,0,540,0
0.029000,0.91106,0.131,9.763,-0.002,0,540,0
0.029020,0.91169,0.099,10.042,-0.013,0,540,0
0.029040,0.91232,0.106,10.404,-0.008,0,540,0
0.029060,0.91295,0.163,10.627,-0.010,0,540,0
0.029080,0.91358,0.105,10.921,-0.004,0,540,0
0.029100,0.91420,0.049,10.872,-0.015,0,0,0
0.029120,0.91483,0.124,10.767,-0.066,0,0,0
0.029140,0.91546,0.057,10.722,0.041,0,0,0
0.029160,0.91609,0.111,10.656,0.048,0,0,0
0.029180,0.91672,0.126,10.606,0.100,0,0,0
0.029200,0.91735,0.128,10.540,-0.079,0,0,0
0.029220,0.91797,0.102,10.462,-0.045,0,0,0
0.029240,0.91860,0.132,10.417,-0.005,0,0,0
0.029260,0.91923,0.122,10.306,0.105,0,0,0
0.029280,0.91986,0.182,10.308,0.011,0,0,0
0.029300,0.92049,0.104,10.278,-0.051,0,0,0
0.029320,0.92111,0.166,10.119,0.017,0,0,0
0.029340,0.92174,0.181,10.078,-0.028,0,0,0
0.029360,0.92237,0.073,10.107,-0.040,0,0,0
0.029380,0.92300,0.101,10.013,-0.023,0,0,0
0.029400,0.92363,0.058,9.919,0.028,0,0,0
0.029420,0.92426,0.168,9.914,0.043,0,0,0
0.029440,0.92488,0.093,9.786,-0.013,0,0,0
0.029460,0.92551,0.058,9.847,-0.068,0,0,0
0.029480,0.92614,0.059,9.753,-0.024,0,0,0
0.029500,0.92677,0.105,9.703,-0.000,0,0,0
0.029520,0.92740,0.132,9.711,-0.048,0,0,0
0.029540,0.92803,0.068,9.579,0.059,0,0,0
0.029560,0.92865,0.170,9.535,0.134,0,0,0
0.029580,0.92928,0.108,9.521,-0.080,0,0,0
0.029600,0.92991,0.115,9.485,-0.019,0,0,0
0.029620,0.93054,0.070,9.396,0.016,0,0,0
0.029640,0.93117,0.150,9.388,-0.012,0,0,0
0.029660,0.93180,0.125,9.284,0.065,0,0,0
0.029680,0.93242,0.077,9.333,-0.031,0,0,0
0.029700,0.93305,0.095,9.477,-0.069,0,540,0
0.029720,0.93368,0.073,9.647,-0.046,0,540,0
0.029740,0.93431,0.180,9.968,-0.034,0,540,0
0.029760,0.93494,0.143,10.206,0.011,0,540,0
0.029780,0.93557,0.053,10.489,0.047,0,540,0
0.029800,0.93619,0.143,10.795,0.027,0,540,0
0.029820,0.93682,0.098,10.827,-0.010,0,0,0
0.029840,0.93745,-0.005,10.804,0.007,0,0,0
0.029860,0.93808,0.256,10.736,0.084,0,0,0
0.029880,0.93871,0.166,10.670,-0.019,0,0,0
0.029900,0.93934,0.129,10.533,-0.049,0,0,0
0.029920,0.93996,0.126,10.597,-0.074,0,0,0
0.029940,0.94059,0.117,10.583,-0.016,0,0,0
0.029960,0.94122,0.106,10.541,0.020,0,0,0
0.029980,0.94185,0.058,10.373,-0.130,0,0,0
0.030000,0.94248,0.159,10.329,0.112,0,0,0
0.030020,0.94311,0.097,10.357,0.021,0,0,0
0.030040,0.94373,0.133,10.284,-0.033,0,0,0
0.030060,0.94436,0.180,10.345,0.042,0,0,0
0.030080,0.94499,0.123,10.311,0.042,0,0,0
0.030100,0.94562,0.221,10.152,0.014,0,0,0
0.030120,0.94625,0.127,10.043,-0.062,0,0,0
0.030140,0.94688,0.154,10.065,0.064,0,0,0
0.030160,0.94750,0.114,10.016,-0.041,0,0,0
0.030180,0.94813,0.124,9.945,-0.062,0,0,0
0.030200,0.94876,0.175,9.870,-0.011,0,0,0
0.030220,0.94939,0.171,9.860,-0.052,0,0,0
0.030240,0.95002,0.105,9.858,0.061,0,0,0
0.030260,0.95065,0.106,9.694,0.038,0,0,0
0.030280,0.95127,0.034,9.762,-0.025,0,0,0
0.030300,0.95190,0.122,9.660,-0.048,0,0,0
0.030320,0.95253,0.087,9.674,-0.040,0,0,0
0.030340,0.95316,0.167,9.584,-0.062,0,0,0
0.030360,0.95379,0.055,9.589,-0.070,0,0,0
0.030380,0.95442,0.024,9.504,-0.074,0,0,0
0.030400,0.95504,0.145,9.391,0.098,0,0,0
0.030420,0.95567,0.058,9.324,-0.050,0,0,0
0.030440,0.95630,0.054,9.390,0.049,0,0,0
0.030460,0.95693,0.074,9.366,-0.028,0,0,0
0.030480,0.95756,0.050,9.352,0.020,0,0,0
0.030500,0.95819,0.066,9.269,-0.082,0,0,0
0.030520,0.95881,0.074,9.265,0.023,0,0,0
0.030540,0.95944,0.073,9.387,-0.013,0,540,0
0.030560,0.96007,0.191,9.649,0.016,0,540,0
0.030580,0.96070,0.141,9.825,0.034,0,540,0
0.030600,0.96133,0.124,10.147,-0.071,0,540,0
0.030620,0.96196,0.138,10.407,0.073,0,540,0
0.030640,0.96258,0.190,10.589,-0.027,0,540,0
0.030660,0.96321,0.120,10.713,0.024,0,0,0
0.030680,0.96384,0.103,10.586,0.106,0,0,0
0.030700,0.96447,0.168,10.633,0.001,0,0,0
0.030720,0.96510,0.102,10.545,0.161,0,0,0
0.030740,0.96573,0.086,10.512,-0.026,0,0,0
0.030760,0.96635,0.124,10.423,0.035,0,0,0
0.030780,0.96698,0.142,10.490,0.057,0,0,0
0.030800,0.96761,0.118,10.360,0.016,0,0,0
0.030820,0.96824,0.131,10.383,-0.005,0,0,0
0.030840,0.96887,0.151,10.304,0.007,0,0,0
0.030860,0.96950,0.098,10.244,0.052,0,0,0
0.030880,0.97012,0.179,10.216,-0.022,0,0,0
0.030900,0.97075,0.217,10.232,0.046,0,0,0
0.030920,0.97138,0.105,10.064,0.061,0,0,0
0.030940,0.97201,0.070,10.151,0.024,0,0,0
0.030960,0.97264,0.178,10.222,0.005,0,0,0
0.030980,0.97327,0.119,10.108,0.038,0,0,0
0.031000,0.97389,0.147,9.906,-0.013,0,0,0
0.031020,0.97452,0.136,9.966,-0.032,0,0,0
0.031040,0.97515,0.014,9.940,0.098,0,0,0
0.031060,0.97578,0.203,9.869,0.012,0,0,0
0.031080,0.97641,0.053,9.864,0.117,0,0,0
0.031100,0.97704,0.151,9.829,0.007,0,0,0
0.031120,0.97766,0.246,9.690,-0.053,0,0,0
0.031140,0.97829,0.069,9.667,0.004,0,0,0
0.031160,0.97892,0.148,9.663,0.001,0,0,0
0.031180,0.97955,0.083,9.646,-0.015,0,0,0
0.031200,0.98018,0.250,9.592,0.025,0,0,0
0.031220,0.98081,0.179,9.492,-0.003,0,0,0
0.031240,0.98143,0.130,9.564,0.003,0,0,0
0.031260,0.98206,0.081,9.512,0.032,0,0,0
0.031280,0.98269,0.223,9.529,0.011,0,0,0
0.031300,0.98332,0.174,9.502,0.027,0,0,0
0.031320,0.98395,0.090,9.483,0.022,0,0,0
0.031340,0.98458,0.129,9.457,-0.009,0,0,0
0.031360,0.98520,0.153,9.335,-0.011,0,0,0
0.031380,0.98583,0.120,9.248,0.040,0,0,0
0.031400,0.98646,-0.028,9.278,0.071,0,0,0
0.031420,0.98709,0.058,9.282,-0.072,0,0,0
0.031440,0.98772,0.177,9.210,0.054,0,0,0
0.031460,0.98835,0.117,9.121,-0.028,0,0,0
0.031480,0.98897,0.211,9.173,0.064,0,0,0
0.031500,0.98960,0.132,9.366,-0.046,0,540,0
0.031520,0.99023,0.235,9.589,0.012,0,540,0
0.031540,0.99086,0.052,9.804,-0.018,0,540,0
0.031560,0.99149,0.124,10.077,0.036,0,540,0
0.031580,0.99211,0.049,10.280,0.113,0,540,0
0.031600,0.99274,0.130,10.476,0.013,0,540,0
0.031620,0.99337,0.115,10.761,-0.005,0,540,0
0.031640,0.99400,0.064,10.931,0.021,0,0,0
0.031660,0.99463,0.142,10.844,-0.030,0,0,0
0.031680,0.99526,0.105,10.758,0.036,0,0,0
0.031700,0.99588,0.037,10.812,-0.031,0,0,0
0.031720,0.99651,0.097,10.637,-0.005,0,0,0
0.031740,0.99714,0.025,10.706,0.010,0,0,0
0.031760,0.99777,0.168,10.593,-0.077,0,0,0
0.031780,0.99840,0.161,10.568,0.064,0,0,0
0.031800,0.99903,0.107,10.480,-0.049,0,0,0
0.031820,0.99965,0.161,10.424,-0.013,0,0,0
0.031840,1.00028,0.209,10.496,0.048,0,0,0
0.031860,1.00091,0.100,10.433,-0.022,0,0,0
0.031880,1.00154,0.171,10.419,0.039,0,0,0
0.031900,1.00217,0.169,10.332,-0.066,0,0,0
0.031920,1.00280,0.174,10.376,-0.035,0,0,0
0.031940,1.00342,0.112,10.285,-0.072,0,0,0
0.031960,1.00405,0.176,10.302,0.084,0,0,0
0.031980,1.00468,0.046,10.423,0.011,0,0,0
0.032000,1.00531,0.095,10.243,-0.008,0,0,0
0.032020,1.00594,0.079,10.308,-0.004,0,0,0
0.032040,1.00657,0.061,10.179,0.042,0,0,0
0.032060,1.00719,0.190,10.196,0.127,0,0,0
0.032080,1.00782,0.034,10.033,0.064,0,0,0
0.032100,1.00845,0.154,10.088,-0.013,0,0,0
0.032120,1.00908,0.099,10.104,-0.032,0,0,0
0.032140,1.00971,0.071,10.024,0.061,0,0,0
0.032160,1.01034,0.131,9.960,-0.027,0,0,0
0.032180,1.01096,0.059,10.038,-0.061,0,0,0
0.032200,1.01159,0.115,10.019,0.082,0,0,0
0.032220,1.01222,0.188,9.963,0.084,0,0,0
0.032240,1.01285,0.048,9.949,-0.073,0,0,0
0.032260,1.01348,0.162,9.949,0.092,0,0,0
0.032280,1.01411,0.141,9.888,0.035,0,0,0
0.032300,1.01473,0.104,9.769,0.044,0,0,0
0.032320,1.01536,0.029,9.833,-0.079,0,0,0
0.032340,1.01599,0.108,9.893,0.038,0,0,0
0.032360,1.01662,0.124,9.823,0.040,0,0,0
0.032380,1.01725,0.161,9.813,-0.032,0,0,0
0.032400,1.01788,0.185,9.779,0.052,0,0,0
0.032420,1.01850,0.107,9.634,-0.075,0,0,0
0.032440,1.01913,0.109,9.639,0.085,0,0,0
0.032460,1.01976,0.025,9.674,-0.039,0,0,0
0.032480,1.02039,0.153,9.608,0.061,0,0,0
0.032500,1.02102,0.126,9.645,-0.051,0,0,0
0.032520,1.02165,0.153,9.559,-0.003,0,0,0
0.032540,1.02227,0.070,9.529,0.069,0,0,0
0.032560,1.02290,0.105,9.496,-0.068,0,0,0
0.032580,1.02353,0.131,9.468,0.021,0,0,0
0.032600,1.02416,0.220,9.498,0.001,0,0,0
0.032620,1.02479,0.108,9.480,-0.049,0,0,0
0.032640,1.02542,0.103,9.401,-0.057,0,0,0
0.032660,1.02604,0.148,9.340,-0.008,0,0,0
0.032680,1.02667,0.213,9.346,-0.012,0,0,0
0.032700,1.02730,0.087,9.480,-0.006,0,0,0
0.032720,1.02793,0.055,9.312,-0.013,0,0,0
0.032740,1.02856,0.010,9.354,0.017,0,0,0
0.032760,1.02919,0.213,9.342,0.054,0,0,0
0.032780,1.02981,0.115,9.439,-0.073,0,540,0
0.032800,1.03044,0.149,9.690,-0.001,0,540,0
0.032820,1.03107,0.116,9.894,0.018,0,540,0
0.032840,1.03170,0.169,9.971,-0.005,0,540,0
0.032860,1.03233,0.067,10.229,0.066,0,540,0
0.032880,1.03296,0.162,10.479,0.016,0,540,0
0.032900,1.03358,0.192,10.555,-0.028,0,540,0
0.032920,1.03421,0.140,10.824,-0.016,0,0,0
0.032940,1.03484,0.069,10.699,-0.043,0,0,0
0.032960,1.03547,0.075,10.672,0.011,0,0,0
0.032980,1.03610,0.055,10.728,0.007,0,0,0
0.033000,1.03673,0.138,10.675,0.061,0,0,0
0.033020,1.03735,0.078,10.632,-0.017,0,0,0
0.033040,1.03798,0.133,10.655,0.051,0,0,0
0.033060,1.03861,0.147,10.582,-0.016,0,0,0
0.033080,1.03924,0.117,10.510,-0.080,0,0,0
0.033100,1.03987,0.078,10.600,0.036,0,0,0
0.033120,1.04050,0.101,10.605,0.126,0,0,0
0.033140,1.04112,0.152,10.586,0.010,0,0,0
0.033160,1.04175,0.156,10.431,-0.104,0,0,0
0.033180,1.04238,0.073,10.525,0.039,0,0,0
0.033200,1.04301,0.009,10.467,-0.020,0,0,0
0.033220,1.04364,0.126,10.459,-0.031,0,0,0
0.033240,1.04427,0.101,10.448,0.019,0,0,0
0.033260,1.04489,0.035,10.428,0.020,0,0,0
0.033280,1.04552,0.124,10.397,-0.005,0,0,0
0.033300,1.04615,0.132,10.378,-0.027,0,0,0
0.033320,1.04678,0.250,10.377,-0.054,0,0,0
0.033340,1.04741,0.058,10.384,0.063,0,0,0
0.033360,1.04804,0.113,10.311,0.023,0,0,0
0.033380,1.04866,0.108,10.430,0.031,0,0,0
0.033400,1.04929,0.101,10.361,0.038,0,0,0
0.033420,1.04992,0.161,10.213,0.031,0,0,0
0.033440,1.05055,0.189,10.323,-0.020,0,0,0
0.033460,1.05118,0.105,10.230,0.025,0,0,0
0.033480,1.05181,0.124,10.227,-0.016,0,0,0
0.033500,1.05243,0.052,10.275,0.081,0,0,0
0.033520,1.05306,0.179,10.140,0.011,0,0,0
0.033540,1.05369,0.137,10.144,-0.142,0,0,0
0.033560,1.05432,0.174,10.069,0.087,0,0,0
0.033580,1.05495,0.144,10.184,0.118,0,0,0
0.033600,1.05558,0.108,10.102,0.003,0,0,0
0.033620,1.05620,0.123,10.081,-0.045,0,0,0
0.033640,1.05683,0.146,10.105,-0.096,0,0,0
0.033660,1.05746,0.166,10.118,0.024,0,0,0
0.033680,1.05809,0.170,10.115,0.015,0,0,0
0.033700,1.05872,0.154,10.061,-0.032,0,0,0
0.033720,1.05935,0.111,10.086,-0.037,0,0,0
0.033740,1.05997,0.067,9.981,-0.064,0,0,0
0.033760,1.06060,0.069,9.981,-0.032,0,0,0
0.033780,1.06123,0.130,10.027,0.042,0,0,0
0.033800,1.06186,0.125,9.926,-0.026,0,0,0
0.033820,1.06249,0.129,9.972,0.091,0,0,0
0.033840,1.06311,0.098,9.944,0.017,0,0,0
0.033860,1.06374,0.203,9.930,-0.044,0,0,0
0.033880,1.06437,0.146,9.868,-0.008,0,0,0
0.033900,1.06500,0.114,9.874,-0.074,0,0,0
0.033920,1.06563,0.170,9.895,-0.080,0,0,0
0.033940,1.06626,0.031,9.894,0.010,0,0,0
0.033960,1.06688,0.175,9.925,0.014,0,0,0
0.033980,1.06751,0.202,9.809,-0.056,0,0,0
0.034000,1.06814,0.117,9.836,0.060,0,0,0
0.034020,1.06877,0.099,9.802,0.017,0,0,0
0.034040,1.06940,0.166,9.815,0.028,0,0,0
0.034060,1.07003,0.077,9.811,-0.072,0,0,0
0.034080,1.07065,0.114,9.724,0.009,0,0,0
0.034100,1.07128,0.113,9.654,-0.055,0,0,0
0.034120,1.07191,0.054,9.785,0.009,0,0,0
0.034140,1.07254,0.137,9.749,-0.028,0,0,0
0.034160,1.07317,0.233,9.722,-0.063,0,0,0
0.034180,1.07380,0.162,9.632,-0.025,0,0,0
0.034200,1.07442,0.071,9.705,0.099,0,0,0
0.034220,1.07505,0.126,9.705,-0.013,0,0,0
0.034240,1.07568,0.123,9.657,-0.086,0,0,0
0.034260,1.07631,0.219,9.654,0.048,0,0,0
0.034280,1.07694,0.231,9.681,0.066,0,0,0
0.034300,1.07757,0.112,9.688,-0.013,0,0,0
0.034320,1.07819,0.077,9.583,-0.028,0,0,0
0.034340,1.07882,0.277,9.665,0.032,0,0,0
0.034360,1.07945,0.079,9.546,0.078,0,0,0
0.034380,1.08008,0.109,9.626,0.038,0,0,0
0.034400,1.08071,0.153,9.624,-0.000,0,0,0
0.034420,1.08134,0.118,9.463,0.013,0,0,0
0.034440,1.08196,0.122,9.643,0.016,0,0,0
0.034460,1.08259,0.065,9.532,-0.027,0,0,0
0.034480,1.08322,0.170,9.535,-0.100,0,0,0
0.034500,1.08385,0.107,9.514,0.040,0,0,0
0.034520,1.08448,0.185,9.626,-0.010,0,0,0
0.034540,1.08511,0.041,9.542,-0.050,0,0,0
0.034560,1.08573,0.081,9.528,-0.048,0,0,0
0.034580,1.08636,0.068,9.498,0.060,0,0,0
0.034600,1.08699,0.121,9.538,0.026,0,0,0
0.034620,1.08762,0.116,9.525,-0.064,0,0,0
0.034640,1.08825,0.158,9.445,-0.020,0,0,0
0.034660,1.08888,0.144,9.491,0.054,0,0,0
0.034680,1.08950,0.137,9.490,-0.011,0,0,0
0.034700,1.09013,0.103,9.424,-0.005,0,0,0
0.034720,1.09076,0.185,9.511,0.017,0,0,0
0.034740,1.09139,0.113,9.473,-0.061,0,0,0
0.034760,1.09202,0.137,9.409,0.021,0,0,0
0.034780,1.09265,0.086,9.350,-0.033,0,0,0
0.034800,1.09327,0.092,9.354,0.010,0,0,0
0.034820,1.09390,0.118,9.458,0.042,0,0,0
0.034840,1.09453,0.196,9.347,-0.037,0,0,0
0.034860,1.09516,0.118,9.415,0.061,0,0,0
0.034880,1.09579,0.145,9.350,0.032,0,0,0
0.034900,1.09642,0.088,9.301,-0.033,0,0,0
0.034920,1.09704,0.173,9.327,0.034,0,0,0
0.034940,1.09767,0.208,9.413,-0.003,0,0,0
0.034960,1.09830,0.134,9.309,0.053,0,0,0
0.034980,1.09893,0.157,9.308,-0.014,0,0,0
0.035000,1.09956,0.157,9.323,-0.084,0,0,0
0.035020,1.10019,0.223,9.315,-0.056,0,0,0
0.035040,1.10081,0.198,9.337,0.016,0,0,0
0.035060,1.10144,0.116,9.191,-0.063,0,0,0
0.035080,1.10207,0.155,9.473,0.067,0,540,0
0.035100,1.10270,0.137,9.685,0.027,0,540,0
0.035120,1.10333,0.115,9.917,0.041,0,540,0
0.035140,1.10396,0.198,10.095,-0.045,0,540,0
0.035160,1.10458,0.138,10.242,-0.046,0,540,0
0.035180,1.10521,0.183,10.512,-0.034,0,540,0
0.035200,1.10584,0.089,10.728,0.006,0,540,0
0.035220,1.10647,0.206,10.823,-0.011,0,0,0
0.035240,1.10710,0.162,10.827,0.013,0,0,0
0.035260,1.10773,0.125,10.779,0.005,0,0,0
0.035280,1.10835,0.140,10.835,-0.029,0,0,0
0.035300,1.10898,0.068,10.666,-0.032,0,0,0
0.035320,1.10961,0.133,10.728,0.063,0,0,0
0.035340,1.11024,0.175,10.653,-0.013,0,0,0
0.035360,1.11087,0.125,10.780,-0.045,0,0,0
0.035380,1.11150,0.181,10.742,-0.039,0,0,0
0.035400,1.11212,0.164,10.755,0.096,0,0,0
0.035420,1.11275,0.135,10.723,-0.024,0,0,0
0.035440,1.11338,0.103,10.678,-0.043,0,0,0
0.035460,1.11401,0.146,10.711,0.053,0,0,0
0.035480,1.11464,0.134,10.686,-0.000,0,0,0
0.035500,1.11527,0.129,10.730,0.016,0,0,0
0.035520,1.11589,0.177,10.645,-0.041,0,0,0
0.035540,1.11652,0.115,10.637,0.078,0,0,0
0.035560,1.11715,0.147,10.685,0.039,0,0,0
0.035580,1.11778,0.136,10.661,0.003,0,0,0
0.035600,1.11841,0.146,10.612,0.063,0,0,0
0.035620,1.11904,0.163,10.605,-0.004,0,0,0
0.035640,1.11966,0.041,10.618,-0.044,0,0,0
0.035660,1.12029,0.134,10.678,0.020,0,0,0
0.035680,1.12092,0.228,10.589,0.113,0,0,0
0.035700,1.12155,0.140,10.640,0.004,0,0,0
0.035720,1.12218,0.085,10.703,0.009,0,0,0
0.035740,1.12281,0.146,10.563,-0.029,0,0,0
0.035760,1.12343,0.168,10.635,0.005,0,0,0
0.035780,1.12406,0.155,10.591,0.017,0,0,0
0.035800,1.12469,0.114,10.546,0.072,0,0,0
0.035820,1.12532,0.132,10.631,0.061,0,0,0
0.035840,1.12595,0.210,10.645,0.001,0,0,0
0.035860,1.12658,0.224,10.523,-0.011,0,0,0
0.035880,1.12720,0.090,10.446,0.052,0,0,0
0.035900,1.12783,0.227,10.458,0.073,0,0,0
0.035920,1.12846,0.269,10.489,-0.030,0,0,0
0.035940,1.12909,0.088,10.468,-0.043,0,0,0
0.035960,1.12972,0.057,10.515,-0.057,0,0,0
0.035980,1.13035,0.082,10.506,-0.012,0,0,0
0.036000,1.13097,0.038,10.385,0.028,0,0,0
0.036020,1.13160,0.123,10.481,-0.042,0,0,0
0.036040,1.13223,0.219,10.479,-0.068,0,0,0
0.036060,1.13286,0.112,10.571,-0.033,0,0,0
0.036080,1.13349,0.156,10.432,-0.012,0,0,0
0.036100,1.13411,0.010,10.511,-0.011,0,0,0
0.036120,1.13474,0.080,10.386,0.041,0,0,0
0.036140,1.13537,0.092,10.484,0.063,0,0,0
0.036160,1.13600,0.092,10.503,-0.064,0,0,0
0.036180,1.13663,0.186,10.419,-0.016,0,0,0
0.036200,1.13726,0.123,10.485,-0.000,0,0,0
0.036220,1.13788,0.160,10.420,0.053,0,0,0
0.036240,1.13851,0.181,10.479,0.081,0,0,0
0.036260,1.13914,0.125,10.434,-0.080,0,0,0
0.036280,1.13977,0.160,10.343,0.019,0,0,0
0.036300,1.14040,-0.016,10.304,-0.082,0,0,0
0.036320,1.14103,0.001,10.420,0.007,0,0,0
0.036340,1.14165,0.155,10.363,0.051,0,0,0
0.036360,1.14228,0.134,10.419,-0.014,0,0,0
0.036380,1.14291,-0.065,10.388,0.017,0,0,0
0.036400,1.14354,-0.029,10.362,0.038,0,0,0
0.036420,1.14417,0.130,10.395,0.018,0,0,0
0.036440,1.14480,0.042,10.411,-0.058,0,0,0
0.036460,1.14542,0.156,10.386,-0.013,0,0,0
0.036480,1.14605,0.128,10.336,0.111,0,0,0
0.036500,1.14668,0.140,10.410,0.012,0,0,0
0.036520,1.14731,0.113,10.352,-0.043,0,0,0
0.036540,1.14794,0.042,10.356,0.023,0,0,0
0.036560,1.14857,-0.005,10.336,-0.013,0,0,0
0.036580,1.14919,0.096,10.306,0.015,0,0,0
0.036600,1.14982,0.094,10.335,-0.018,0,0,0
0.036620,1.15045,0.080,10.283,0.030,0,0,0
0.036640,1.15108,0.084,10.315,0.081,0,0,0
0.036660,1.15171,0.026,10.230,0.048,0,0,0
0.036680,1.15234,0.103,10.311,0.017,0,0,0
0.036700,1.15296,0.096,10.406,0.020,0,0,0
0.036720,1.15359,0.069,10.231,0.007,0,0,0
0.036740,1.15422,0.156,10.285,0.065,0,0,0
0.036760,1.15485,0.059,10.275,-0.101,0,0,0
0.036780,1.15548,0.121,10.252,-0.030,0,0,0
0.036800,1.15611,0.123,10.304,-0.056,0,0,0
0.036820,1.15673,0.166,10.271,0.094,0,0,0
0.036840,1.15736,0.157,10.303,0.104,0,0,0
0.036860,1.15799,0.138,10.259,0.009,0,0,0
0.036880,1.15862,0.186,10.275,-0.059,0,0,0
0.036900,1.15925,0.134,10.253,0.033,0,0,0
0.036920,1.15988,0.046,10.234,0.069,0,0,0
0.036940,1.16050,0.165,10.292,-0.071,0,0,0
0.036960,1.16113,0.106,10.282,0.012,0,0,0
0.036980,1.16176,0.110,10.200,-0.012,0,0,0
0.037000,1.16239,0.087,10.259,-0.035,0,0,0
0.037020,1.16302,0.093,10.212,0.043,0,0,0
0.037040,1.16365,0.075,10.268,0.016,0,0,0
0.037060,1.16427,0.129,10.196,-0.055,0,0,0
0.037080,1.16490,0.100,10.254,0.084,0,0,0
0.037100,1.16553,0.137,10.243,-0.038,0,0,0
0.037120,1.16616,0.115,10.137,0.078,0,0,0
0.037140,1.16679,0.056,10.147,0.018,0,0,0
0.037160,1.16742,0.031,10.245,-0.003,0,0,0
0.037180,1.16804,0.153,10.196,0.006,0,0,0
0.037200,1.16867,0.131,10.160,0.062,0,0,0
0.037220,1.16930,0.058,10.193,0.025,0,0,0
0.037240,1.16993,0.013,10.186,0.010,0,0,0
0.037260,1.17056,0.078,10.260,-0.047,0,0,0
0.037280,1.17119,0.203,10.310,0.002,0,0,0
0.037300,1.17181,0.001,10.170,0.010,0,0,0
0.037320,1.17244,0.139,10.241,-0.010,0,0,0
0.037340,1.17307,0.124,10.209,-0.114,0,0,0
0.037360,1.17370,0.049,10.166,0.043,0,0,0
0.037380,1.17433,0.060,10.105,0.035,0,0,0
0.037400,1.17496,0.163,10.236,-0.002,0,0,0
0.037420,1.17558,0.090,10.163,-0.041,0,0,0
0.037440,1.17621,0.079,10.068,0.028,0,0,0
0.037460,1.17684,0.130,10.235,0.093,0,0,0
0.037480,1.17747,0.012,10.116,-0.069,0,0,0
0.037500,1.17810,0.047,10.080,-0.113,0,-540,0
0.037520,1.17873,0.162,9.841,-0.072,0,-540,0
0.037540,1.17935,0.178,9.473,0.043,0,-540,0
0.037560,1.17998,0.066,9.407,-0.028,0,-540,0
0.037580,1.18061,0.092,9.206,-0.034,0,-540,0
0.037600,1.18124,0.158,9.038,-0.015,0,-540,0
0.037620,1.18187,0.090,8.770,0.036,0,-540,0
0.037640,1.18250,0.096,8.562,0.046,0,-540,0
0.037660,1.18312,0.098,8.443,-0.023,0,-540,0
0.037680,1.18375,0.140,8.252,-0.044,0,-540,0
0.037700,1.18438,0.145,8.022,-0.036,0,-540,0
0.037720,1.18501,0.085,7.951,-0.050,0,-540,0
0.037740,1.18564,0.079,7.704,0.022,0,-540,0
0.037760,1.18627,0.146,7.583,0.056,0,-540,0
0.037780,1.18689,0.094,7.363,-0.151,0,-540,0
0.037800,1.18752,0.169,7.199,0.153,0,-540,0
0.037820,1.18815,0.053,7.015,-0.048,0,-540,0
0.037840,1.18878,0.125,6.919,0.025,0,-540,0
0.037860,1.18941,0.162,6.749,0.021,0,-540,0
0.037880,1.19004,0.243,6.500,0.047,0,-540,0
0.037900,1.19066,0.090,6.392,-0.021,0,-540,0
0.037920,1.19129,0.126,6.195,-0.000,0,-540,0
0.037940,1.19192,0.133,6.108,0.012,0,-540,0
0.037960,1.19255,0.089,5.986,0.030,0,-540,0
0.037980,1.19318,0.100,5.799,0.084,0,-540,0
0.038000,1.19381,0.155,5.621,-0.045,0,-540,0
0.038020,1.19443,0.100,5.497,-0.072,0,-540,0
0.038040,1.19506,0.055,5.331,-0.003,0,-540,0
0.038060,1.19569,0.181,5.256,0.081,0,-540,0
0.038080,1.19632,0.080,5.089,0.034,0,-540,0
0.038100,1.19695,0.142,5.012,-0.011,0,-540,0
0.038120,1.19758,0.167,4.758,0.149,0,-540,0
0.038140,1.19820,0.144,4.725,0.028,0,-540,0
0.038160,1.19883,0.106,4.578,0.001,0,-540,0
0.038180,1.19946,0.125,4.448,0.026,0,-540,0
0.038200,1.20009,0.048,4.243,-0.039,0,-540,0
0.038220,1.20072,0.112,4.110,-0.080,0,-540,0
0.038240,1.20135,0.118,3.943,-0.036,0,-540,0
0.038260,1.20197,0.146,3.809,-0.025,0,-540,0
0.038280,1.20260,0.112,3.728,0.091,0,-540,0
0.038300,1.20323,0.143,3.643,0.026,0,-540,0
0.038320,1.20386,0.111,3.417,0.039,0,-540,0
0.038340,1.20449,0.171,3.379,-0.002,0,-540,0
0.038360,1.20511,0.124,3.185,0.046,0,-540,0
0.038380,1.20574,0.132,3.230,-0.024,0,-540,0
0.038400,1.20637,0.230,2.996,0.070,0,-540,0
0.038420,1.20700,0.206,2.872,-0.026,0,-540,0
0.038440,1.20763,0.161,2.743,0.028,0,-540,0
0.038460,1.20826,0.004,2.627,0.019,0,-540,0
0.038480,1.20888,0.127,2.555,-0.025,0,-540,0
0.038500,1.20951,0.051,2.345,-0.033,0,-540,0
0.038520,1.21014,0.123,2.272,0.020,0,-540,0
0.038540,1.21077,0.009,2.199,-0.127,-540,-540,0
0.038560,1.21140,0.007,2.130,-0.110,0,-540,0
0.038580,1.21203,0.020,1.943,0.043,0,-540,0
0.038600,1.21265,0.039,1.883,-0.055,0,-540,0
0.038620,1.21328,0.124,1.734,-0.011,0,-540,0
0.038640,1.21391,0.126,1.645,-0.078,0,-540,0
0.038660,1.21454,-0.001,1.594,-0.064,0,-540,0
0.038680,1.21517,0.052,1.441,-0.012,0,-540,0
0.038700,1.21580,0.068,1.316,0.052,0,-540,0
0.038720,1.21642,0.070,1.331,0.032,0,-540,0
0.038740,1.21705,0.018,1.150,-0.016,0,-540,0
0.038760,1.21768,-0.000,1.039,-0.058,0,-540,0
0.038780,1.21831,0.120,0.969,0.069,0,-540,0
0.038800,1.21894,-0.043,0.842,-0.075,0,-540,0
0.038820,1.21957,0.005,0.784,-0.035,0,-540,0
0.038840,1.22019,0.055,0.677,-0.005,0,-540,0
0.038860,1.22082,0.098,0.620,-0.060,0,-540,0
0.038880,1.22145,-0.012,0.414,0.046,0,-540,0
0.038900,1.22208,0.024,0.455,0.011,0,-540,0
0.038920,1.22271,0.121,0.322,0.015,0,-540,0
0.038940,1.22334,-0.095,0.286,0.018,0,0,0
0.038960,1.22396,0.014,0.199,0.088,0,0,0
0.038980,1.22459,0.007,0.240,-0.039,0,0,0
0.039000,1.22522,0.039,0.150,0.010,0,-540,0
0.039020,1.22585,0.016,0.238,-0.002,0,0,0
0.039040,1.22648,-0.012,0.234,0.015,0,0,0
0.039060,1.22711,0.104,0.137,-0.014,0,0,0
0.039080,1.22773,0.063,0.253,0.037,0,0,0
0.039100,1.22836,-0.031,0.220,-0.058,0,0,0
0.039120,1.22899,0.007,0.200,-0.021,0,0,0
0.039140,1.22962,0.060,0.159,0.033,0,0,0
0.039160,1.23025,0.060,0.183,0.069,0,0,0
0.039180,1.23088,0.046,0.182,-0.038,0,0,0
0.039200,1.23150,0.006,0.225,0.014,0,0,0
0.039220,1.23213,0.005,0.157,-0.077,0,0,0
0.039240,1.23276,0.122,0.215,0.033,0,0,0
0.039260,1.23339,0.067,0.171,-0.068,0,0,0
0.039280,1.23402,0.053,0.112,0.018,0,0,0
0.039300,1.23465,0.012,0.184,-0.040,0,0,0
0.039320,1.23527,0.031,0.147,0.060,0,0,0
0.039340,1.23590,0.070,0.121,0.027,0,0,0
0.039360,1.23653,0.047,0.125,-0.031,0,0,0
0.039380,1.23716,0.017,0.153,0.035,0,0,0
0.039400,1.23779,0.123,0.273,-0.048,0,0,0
0.039420,1.23842,0.078,0.138,-0.072,0,0,0
0.039440,1.23904,0.050,0.101,0.043,0,0,0
0.039460,1.23967,-0.014,0.052,-0.044,0,0,0
0.039480,1.24030,0.026,0.100,-0.092,0,0,0
0.039500,1.24093,0.051,0.055,0.087,0,0,0
0.039520,1.24156,-0.046,0.169,-0.019,0,0,0
0.039540,1.24219,-0.040,0.171,-0.055,0,0,0
0.039560,1.24281,0.037,0.200,-0.091,0,0,0
0.039580,1.24344,0.024,0.180,-0.028,0,0,0
0.039600,1.24407,0.014,0.067,-0.020,0,0,0
0.039620,1.24470,-0.126,0.232,0.016,0,0,0
0.039640,1.24533,0.077,0.108,0.055,0,0,0
0.039660,1.24596,0.068,0.101,-0.071,0,0,0
0.039680,1.24658,0.002,0.194,-0.009,0,0,0
0.039700,1.24721,0.136,0.171,-0.012,0,0,0
0.039720,1.24784,0.174,0.155,-0.037,0,0,0
0.039740,1.24847,-0.018,0.105,0.045,0,0,0
0.039760,1.24910,-0.019,0.104,-0.108,0,0,0
0.039780,1.24973,0.083,0.132,0.003,0,0,0
0.039800,1.25035,0.028,0.134,-0.007,0,0,0
0.039820,1.25098,0.011,0.142,0.013,0,0,0
0.039840,1.25161,0.097,0.219,-0.019,0,0,0
0.039860,1.25224,-0.026,0.131,0.023,0,0,0
0.039880,1.25287,0.099,0.205,-0.004,0,0,0
0.039900,1.25350,0.013,0.251,0.041,0,0,0
0.039920,1.25412,0.065,0.105,0.041,0,0,0
0.039940,1.25475,0.131,0.204,-0.051,0,0,0
0.039960,1.25538,0.036,0.183,-0.063,0,0,0
0.039980,1.25601,0.085,0.196,-0.067,0,0,0
0.040000,1.25664,0.030,0.124,0.050,0,0,0
0.040020,1.25727,0.008,0.161,-0.018,0,0,0
0.040040,1.25789,0.068,0.178,0.011,0,0,0
0.040060,1.25852,0.115,0.190,-0.065,0,0,0
0.040080,1.25915,0.073,0.133,0.024,0,0,0
0.040100,1.25978,0.085,0.127,-0.050,0,0,0
0.040120,1.26041,0.045,0.167,-0.002,0,0,0
0.040140,1.26104,0.046,0.149,-0.020,0,0,0
0.040160,1.26166,-0.027,0.135,0.037,0,0,0
0.040180,1.26229,0.203,0.188,0.071,0,0,0
0.040200,1.26292,-0.015,0.103,-0.065,0,0,0
0.040220,1.26355,0.063,0.145,-0.014,0,0,0
0.040240,1.26418,0.059,0.240,0.047,0,0,0
0.040260,1.26481,0.106,0.106,0.035,0,0,0
0.040280,1.26543,0.073,0.110,-0.091,0,0,0
0.040300,1.26606,0.008,0.185,-0.038,0,0,0
0.040320,1.26669,0.137,0.106,0.095,0,0,0
0.040340,1.26732,0.031,0.237,0.023,0,0,0
0.040360,1.26795,0.061,0.159,0.004,0,0,0
0.040380,1.26858,0.050,0.147,-0.015,0,0,0
0.040400,1.26920,0.006,0.203,0.003,0,0,0
0.040420,1.26983,0.018,0.170,-0.069,0,0,0
0.040440,1.27046,0.085,0.087,-0.058,0,0,0
0.040460,1.27109,0.103,0.185,0.030,0,0,0
0.040480,1.27172,0.062,0.149,-0.069,0,0,0
0.040500,1.27235,0.084,0.126,-0.025,0,0,0
0.040520,1.27297,0.092,0.143,0.059,0,0,0
0.040540,1.27360,0.043,0.170,0.014,0,0,0
0.040560,1.27423,0.114,0.175,-0.034,0,0,0
0.040580,1.27486,0.112,0.066,-0.057,0,0,0
0.040600,1.27549,0.083,0.171,0.004,0,0,0
0.040620,1.27611,0.077,0.213,-0.008,0,0,0
0.040640,1.27674,0.089,0.169,0.051,0,0,0
0.040660,1.27737,0.040,0.128,-0.040,0,0,0
0.040680,1.27800,0.135,0.111,-0.099,0,0,0
0.040700,1.27863,0.017,0.137,0.007,0,0,0
0.040720,1.27926,0.033,0.139,-0.080,0,0,0
0.040740,1.27988,0.069,0.149,-0.077,0,0,0
0.040760,1.28051,0.092,0.182,-0.004,0,0,0
0.040780,1.28114,0.025,0.199,-0.072,0,0,0
0.040800,1.28177,0.120,0.215,0.042,0,0,0
0.040820,1.28240,0.027,0.130,-0.012,0,0,0
0.040840,1.28303,0.076,0.179,0.011,0,0,0
0.040860,1.28365,0.113,0.080,0.030,0,0,0
0.040880,1.28428,0.002,0.199,0.024,0,0,0
0.040900,1.28491,0.041,0.059,-0.041,0,0,0
0.040920,1.28554,0.041,0.188,0.028,0,0,0
0.040940,1.28617,0.094,0.172,0.008,0,0,0
0.040960,1.28680,0.098,0.150,-0.008,0,0,0
0.040980,1.28742,0.065,0.144,-0.049,0,0,0
0.041000,1.28805,0.136,0.193,0.081,0,0,0
0.041020,1.28868,0.029,0.095,-0.056,0,0,0
0.041040,1.28931,0.081,0.087,-0.050,0,0,0
0.041060,1.28994,0.083,0.142,-0.026,0,0,0
0.041080,1.29057,0.101,0.083,0.028,0,0,0
0.041100,1.29119,0.125,0.136,0.051,0,0,0
0.041120,1.29182,0.112,0.174,-0.112,0,0,0
0.041140,1.29245,-0.008,0.235,0.056,0,0,0
0.041160,1.29308,0.097,0.119,-0.030,0,0,0
0.041180,1.29371,0.073,0.072,-0.046,0,0,0
0.041200,1.29434,0.021,0.088,0.054,0,0,0
0.041220,1.29496,0.109,0.078,-0.029,0,0,0
0.041240,1.29559,-0.019,0.181,-0.058,0,0,0
0.041260,1.29622,0.114,0.079,0.018,0,0,0
0.041280,1.29685,0.061,0.176,-0.075,0,0,0
0.041300,1.29748,0.025,0.167,0.013,0,0,0
0.041320,1.29811,0.056,0.164,-0.022,0,0,0
0.041340,1.29873,0.124,0.201,0.052,0,0,0
0.041360,1.29936,0.085,0.112,-0.005,0,0,0
0.041380,1.29999,0.106,0.279,0.029,0,0,0
0.041400,1.30062,0.082,0.148,0.022,0,0,0
0.041420,1.30125,0.045,0.120,-0.111,0,0,0
0.041440,1.30188,0.075,0.166,0.011,0,-540,0
0.041460,1.30250,0.094,0.169,-0.063,0,0,0
0.041480,1.30313,0.166,0.191,-0.111,0,0,0
0.041500,1.30376,0.147,0.044,0.031,0,0,0
0.041520,1.30439,0.093,0.134,0.081,0,0,0
0.041540,1.30502,0.162,0.161,-0.045,0,0,0
0.041560,1.30565,0.038,0.098,-0.050,0,0,0
0.041580,1.30627,0.022,0.018,-0.012,0,0,0
0.041600,1.30690,0.101,0.041,-0.027,0,0,0
0.041620,1.30753,0.071,0.111,0.049,0,0,0
0.041640,1.30816,0.049,0.016,0.016,0,0,0
0.041660,1.30879,0.089,0.032,-0.033,0,0,0
0.041680,1.30942,0.084,0.112,0.028,0,0,0
0.041700,1.31004,0.050,0.138,0.080,0,0,0
0.041720,1.31067,0.149,0.185,0.041,0,0,0
0.041740,1.31130,0.053,0.113,-0.111,0,0,0
0.041760,1.31193,0.084,0.116,0.027,0,0,0
0.041780,1.31256,0.104,0.095,0.031,0,0,0
0.041800,1.31319,0.056,0.031,0.008,0,0,0
0.041820,1.31381,0.072,0.084,-0.037,0,0,0
0.041840,1.31444,0.075,0.189,0.088,0,0,0
0.041860,1.31507,0.062,0.054,0.030,0,0,0
0.041880,1.31570,0.151,0.057,0.027,0,0,0
0.041900,1.31633,0.047,0.137,-0.100,0,0,0
0.041920,1.31696,0.131,0.087,-0.037,0,0,0
0.041940,1.31758,0.059,0.054,0.009,0,0,0
0.041960,1.31821,0.129,0.169,-0.001,0,0,0
0.041980,1.31884,0.124,0.117,-0.068,0,0,0
0.042000,1.31947,0.022,0.043,0.017,0,0,0
0.042020,1.32010,0.111,0.185,-0.047,0,0,0
0.042040,1.32073,0.139,0.095,-0.003,0,0,0
0.042060,1.32135,0.139,0.125,0.025,0,0,0
0.042080,1.32198,0.055,0.116,-0.007,0,0,0
0.042100,1.32261,0.172,0.020,0.082,0,0,0
0.042120,1.32324,0.049,0.171,0.042,0,0,0
0.042140,1.32387,0.140,0.026,0.055,0,0,0
0.042160,1.32450,0.058,0.107,0.015,0,0,0
0.042180,1.32512,0.086,0.061,-0.077,0,0,0
0.042200,1.32575,0.029,0.153,-0.034,0,0,0
0.042220,1.32638,0.222,0.157,-0.002,0,0,0
0.042240,1.32701,0.213,0.107,-0.007,0,0,0
0.042260,1.32764,0.132,0.093,-0.151,0,0,0
0.042280,1.32827,0.027,0.074,-0.057,0,0,0
0.042300,1.32889,0.101,0.113,0.066,0,0,0
0.042320,1.32952,0.063,0.053,-0.018,0,0,0
0.042340,1.33015,0.117,0.024,0.001,0,0,0
0.042360,1.33078,0.121,0.219,0.002,0,0,0
0.042380,1.33141,0.050,0.105,-0.086,0,0,0
0.042400,1.33204,0.017,0.024,-0.052,0,0,0
0.042420,1.33266,0.129,0.112,0.009,0,0,0
0.042440,1.33329,0.076,0.165,0.124,0,0,0
0.042460,1.33392,0.071,0.173,0.082,0,0,0
0.042480,1.33455,0.038,0.129,-0.008,0,0,0
0.042500,1.33518,0.082,0.118,-0.056,0,0,0
0.042520,1.33581,0.092,0.117,-0.152,0,0,0
0.042540,1.33643,0.138,0.157,-0.008,0,0,0
0.042560,1.33706,0.171,0.067,0.068,0,0,0
0.042580,1.33769,0.130,0.034,-0.068,0,0,0
0.042600,1.33832,-0.058,0.067,-0.048,0,0,0
0.042620,1.33895,0.120,0.092,-0.008,0,0,0
0.042640,1.33958,0.182,0.173,-0.078,0,0,0
0.042660,1.34020,0.050,0.143,-0.038,0,0,0
0.042680,1.34083,0.103,0.079,0.003,0,0,0
0.042700,1.34146,0.129,0.191,0.001,0,0,0
0.042720,1.34209,0.089,0.179,-0.029,0,0,0
0.042740,1.34272,0.161,0.260,0.008,0,0,0
0.042760,1.34335,0.184,0.175,0.041,0,0,0
0.042780,1.34397,0.057,0.073,-0.049,0,0,0
0.042800,1.34460,0.203,0.183,-0.016,0,0,0
0.042820,1.34523,0.099,0.115,-0.033,0,0,0
0.042840,1.34586,0.159,0.103,0.047,0,0,0
0.042860,1.34649,0.041,0.104,-0.014,0,0,0
0.042880,1.34711,0.109,0.112,0.079,0,0,0
0.042900,1.34774,0.068,0.101,0.002,0,0,0
0.042920,1.34837,0.064,0.130,-0.061,0,0,0
0.042940,1.34900,0.119,0.046,0.098,0,0,0
0.042960,1.34963,0.056,0.197,-0.013,0,0,0
0.042980,1.35026,0.112,0.107,0.046,0,0,0
0.043000,1.35088,0.146,0.157,0.056,0,0,0
0.043020,1.35151,0.138,0.095,-0.013,0,0,0
0.043040,1.35214,0.019,0.110,0.002,0,0,0
0.043060,1.35277,0.117,0.107,-0.008,0,0,0
0.043080,1.35340,0.210,0.010,0.036,0,0,0
0.043100,1.35403,0.069,0.135,0.019,0,0,0
0.043120,1.35465,0.036,0.065,0.019,0,0,0
0.043140,1.35528,0.094,0.127,-0.036,0,0,0
0.043160,1.35591,0.066,0.128,-0.007,0,0,0
0.043180,1.35654,0.058,0.092,0.028,0,0,0
0.043200,1.35717,0.099,0.152,0.049,0,0,0
0.043220,1.35780,0.071,0.128,0.059,0,0,0
0.043240,1.35842,0.113,0.167,0.059,0,0,0
0.043260,1.35905,0.097,0.118,0.125,0,0,0
0.043280,1.35968,0.135,0.057,-0.061,0,0,0
0.043300,1.36031,0.069,0.168,0.084,0,0,0
0.043320,1.36094,0.189,0.132,-0.006,0,0,0
0.043340,1.36157,0.173,0.056,-0.025,0,0,0
0.043360,1.36219,0.138,0.095,-0.038,0,0,0
0.043380,1.36282,0.155,0.078,-0.009,0,0,0
0.043400,1.36345,0.158,0.158,-0.012,0,0,0
0.043420,1.36408,0.211,0.093,-0.015,0,0,0
0.043440,1.36471,0.116,0.087,-0.002,0,0,0
0.043460,1.36534,0.147,0.142,0.122,0,0,0
0.043480,1.36596,0.128,0.014,-0.169,0,0,0
0.043500,1.36659,0.053,0.154,-0.009,0,0,0
0.043520,1.36722,0.206,0.186,-0.063,0,0,0
0.043540,1.36785,0.162,0.020,0.112,0,0,0
0.043560,1.36848,0.196,0.058,0.042,0,0,0
0.043580,1.36911,0.087,0.199,0.015,0,0,0
0.043600,1.36973,0.133,0.085,0.030,0,0,0
0.043620,1.37036,0.209,0.117,-0.025,0,0,0
0.043640,1.37099,0.198,0.140,-0.040,0,0,0
0.043660,1.37162,0.109,0.112,0.062,0,0,0
0.043680,1.37225,0.023,0.065,-0.019,0,0,0
0.043700,1.37288,0.133,0.074,0.041,0,0,0
0.043720,1.37350,0.119,0.184,-0.163,0,0,0
0.043740,1.37413,0.080,0.195,-0.008,0,0,0
0.043760,1.37476,0.079,0.025,0.090,0,0,0
0.043780,1.37539,0.132,0.067,0.121,0,0,0
0.043800,1.37602,0.138,0.078,-0.005,0,0,0
0.043820,1.37665,0.215,0.144,0.018,0,0,0
0.043840,1.37727,0.038,0.207,-0.011,0,0,0
0.043860,1.37790,0.108,0.081,-0.050,0,0,0
0.043880,1.37853,0.114,0.075,-0.006,0,0,0
0.043900,1.37916,0.072,0.104,0.024,0,0,0
0.043920,1.37979,0.186,0.166,0.087,0,0,0
0.043940,1.38042,0.052,0.182,-0.023,0,0,0
0.043960,1.38104,0.100,0.131,0.055,0,0,0
0.043980,1.38167,0.157,0.034,0.027,0,0,0
0.044000,1.38230,0.147,0.147,0.001,0,0,0
0.044020,1.38293,0.096,0.111,0.102,0,0,0
0.044040,1.38356,0.041,0.175,-0.076,0,0,0
0.044060,1.38419,0.119,0.152,-0.032,0,0,0
0.044080,1.38481,0.079,0.046,-0.062,0,0,0
0.044100,1.38544,0.137,0.040,-0.039,0,0,0
0.044120,1.38607,0.161,0.064,0.024,0,0,0
0.044140,1.38670,-0.008,0.122,-0.100,0,0,0
0.044160,1.38733,0.077,0.128,-0.035,0,0,0
0.044180,1.38796,0.138,0.162,-0.006,0,0,0
0.044200,1.38858,0.112,0.065,0.027,0,0,0
0.044220,1.38921,0.094,0.021,-0.024,0,0,0
0.044240,1.38984,0.102,-0.062,-0.002,0,0,0
0.044260,1.39047,0.126,0.134,0.110,0,0,0
0.044280,1.39110,0.136,0.247,-0.039,0,0,0
0.044300,1.39173,0.083,0.039,0.012,0,0,0
0.044320,1.39235,0.183,0.189,-0.039,0,0,0
0.044340,1.39298,0.168,0.097,-0.011,0,0,0
0.044360,1.39361,0.107,0.110,0.005,0,0,0
0.044380,1.39424,0.203,0.078,0.090,0,0,0
0.044400,1.39487,0.106,0.190,-0.029,0,0,0
0.044420,1.39550,0.147,0.121,-0.024,0,0,0
0.044440,1.39612,0.222,0.138,-0.111,0,0,0
0.044460,1.39675,0.178,0.198,0.036,0,0,0
0.044480,1.39738,0.078,0.120,0.009,0,0,0
0.044500,1.39801,0.094,0.066,-0.018,0,0,0
0.044520,1.39864,0.075,0.138,-0.039,0,0,0
0.044540,1.39927,0.120,0.079,0.018,0,0,0
0.044560,1.39989,0.040,0.147,0.012,0,0,0
0.044580,1.40052,0.104,0.110,0.053,0,0,0
0.044600,1.40115,0.096,0.110,0.138,0,0,0
0.044620,1.40178,0.098,0.112,-0.068,0,0,0
0.044640,1.40241,0.094,0.113,-0.038,0,0,0
0.044660,1.40304,0.190,0.115,-0.050,0,0,0
0.044680,1.40366,0.221,0.121,0.025,0,0,0
0.044700,1.40429,0.086,0.054,-0.020,0,0,0
0.044720,1.40492,0.052,0.086,-0.061,0,0,0
0.044740,1.40555,0.049,0.198,-0.045,0,0,0
0.044760,1.40618,0.086,0.186,0.024,0,0,0
0.044780,1.40681,0.159,0.037,0.072,0,0,0
0.044800,1.40743,0.131,0.152,-0.009,0,0,0
0.044820,1.40806,0.089,0.005,0.002,0,0,0
0.044840,1.40869,0.109,0.145,0.027,0,0,0
0.044860,1.40932,0.028,0.079,0.016,0,0,0
0.044880,1.40995,0.146,0.029,0.092,0,0,0
0.044900,1.41058,0.088,0.162,0.011,0,0,0
0.044920,1.41120,0.176,0.095,0.030,0,0,0
0.044940,1.41183,0.119,0.090,-0.009,0,0,0
0.044960,1.41246,0.136,0.158,0.047,0,0,0
0.044980,1.41309,0.161,0.219,-0.079,0,0,0
0.045000,1.41372,0.077,0.024,0.003,0,0,0
0.045020,1.41435,0.061,0.046,-0.060,0,0,0
0.045040,1.41497,0.050,0.230,-0.002,0,0,0
0.045060,1.41560,0.140,0.062,0.050,0,0,0
0.045080,1.41623,0.178,0.096,-0.028,0,0,0
0.045100,1.41686,0.231,0.158,-0.012,0,0,0
0.045120,1.41749,0.050,0.089,0.022,0,0,0
0.045140,1.41811,0.074,0.067,-0.082,0,0,0
0.045160,1.41874,0.112,0.045,0.036,0,0,0
0.045180,1.41937,0.123,0.099,0.031,0,0,0
0.045200,1.42000,0.114,0.073,0.026,0,0,0
0.045220,1.42063,0.205,0.192,0.061,0,0,0
0.045240,1.42126,0.120,0.085,0.058,0,0,0
0.045260,1.42188,0.163,0.007,0.008,0,0,0
0.045280,1.42251,0.124,0.023,-0.024,0,0,0
0.045300,1.42314,0.129,0.112,0.054,0,0,0
0.045320,1.42377,0.131,0.086,-0.024,0,0,0
0.045340,1.42440,0.130,0.114,0.040,0,0,0
0.045360,1.42503,0.159,0.158,0.068,0,0,0
0.045380,1.42565,0.096,0.166,0.026,0,0,0
0.045400,1.42628,0.167,0.122,0.027,0,0,0
0.045420,1.42691,0.036,0.110,0.015,0,0,0
0.045440,1.42754,0.126,0.061,0.016,0,0,0
0.045460,1.42817,0.076,-0.001,-0.002,0,0,0
0.045480,1.42880,0.108,0.155,0.072,0,0,0
0.045500,1.42942,0.099,0.204,-0.036,0,0,0
0.045520,1.43005,0.072,0.024,0.073,0,0,0
0.045540,1.43068,0.169,0.101,-0.083,0,0,0
0.045560,1.43131,0.071,0.066,0.001,0,0,0
0.045580,1.43194,0.078,0.062,0.025,0,0,0
0.045600,1.43257,0.103,0.131,-0.007,0,0,0
0.045620,1.43319,0.148,0.044,0.087,0,0,0
0.045640,1.43382,0.094,0.014,0.007,0,0,0
0.045660,1.43445,0.126,0.036,-0.049,0,0,0
0.045680,1.43508,0.112,0.033,-0.093,0,0,0
0.045700,1.43571,0.109,0.112,-0.058,0,0,0
0.045720,1.43634,0.082,0.091,0.025,0,0,0
0.045740,1.43696,0.179,0.059,0.003,0,0,0
0.045760,1.43759,0.139,0.068,-0.055,0,0,0
0.045780,1.43822,0.217,0.127,-0.024,0,0,0
0.045800,1.43885,0.231,0.075,0.043,0,0,0
0.045820,1.43948,0.113,0.073,0.043,0,0,0
0.045840,1.44011,0.091,0.113,-0.012,0,0,0
0.045860,1.44073,0.222,0.164,-0.004,0,0,0
0.045880,1.44136,0.151,0.082,-0.061,0,0,0
0.045900,1.44199,0.212,0.111,-0.053,0,0,0
0.045920,1.44262,0.132,0.180,0.013,0,0,0
0.045940,1.44325,0.172,0.046,-0.047,0,0,0
0.045960,1.44388,0.079,0.049,0.095,0,0,0
0.045980,1.44450,0.198,0.098,-0.024,0,0,0
0.046000,1.44513,0.136,0.107,0.018,0,0,0
0.046020,1.44576,0.137,0.148,0.044,0,0,0
0.046040,1.44639,0.149,0.142,0.087,0,0,0
0.046060,1.44702,0.066,0.088,0.018,0,0,0
0.046080,1.44765,0.178,0.152,0.089,0,0,0
0.046100,1.44827,0.086,0.126,-0.012,0,0,0
0.046120,1.44890,0.120,0.167,0.083,0,0,0
0.046140,1.44953,0.013,0.092,-0.004,0,0,0
0.046160,1.45016,0.109,0.137,-0.006,0,0,0
0.046180,1.45079,0.193,0.049,-0.001,0,0,0
0.046200,1.45142,0.085,0.100,-0.032,0,0,0
0.046220,1.45204,0.185,0.163,-0.081,0,0,0
0.046240,1.45267,0.129,0.072,-0.021,0,0,0
0.046260,1.45330,0.118,0.150,-0.014,0,0,0
0.046280,1.45393,0.008,0.086,-0.017,0,0,0
0.046300,1.45456,0.158,0.102,0.067,0,0,0
0.046320,1.45519,0.175,0.131,-0.099,0,0,0
0.046340,1.45581,0.082,0.130,-0.074,0,0,0
0.046360,1.45644,0.186,0.012,-0.022,0,0,0
0.046380,1.45707,0.204,0.033,-0.005,0,0,0
0.046400,1.45770,0.135,-0.001,-0.020,0,0,0
0.046420,1.45833,0.122,0.054,-0.038,0,0,0
0.046440,1.45896,0.151,0.110,-0.065,0,0,0
0.046460,1.45958,0.179,0.055,0.088,0,0,0
0.046480,1.46021,0.040,0.069,-0.081,0,0,0
0.046500,1.46084,0.074,0.154,0.036,0,0,0
0.046520,1.46147,0.183,0.095,-0.009,0,0,0
0.046540,1.46210,0.050,0.152,-0.061,0,0,0
0.046560,1.46273,0.170,0.082,-0.104,0,0,0
0.046580,1.46335,0.107,0.092,0.012,0,0,0
0.046600,1.46398,0.120,0.081,0.037,0,0,0
0.046620,1.46461,0.118,0.225,0.125,0,0,0
0.046640,1.46524,0.168,0.107,-0.005,0,0,0
0.046660,1.46587,0.140,0.174,0.070,0,0,0
0.046680,1.46650,0.036,0.092,-0.021,0,0,0
0.046700,1.46712,0.192,0.118,0.031,0,0,0
0.046720,1.46775,0.048,0.063,0.022,0,0,0
0.046740,1.46838,0.056,0.155,0.026,0,0,0
0.046760,1.46901,0.149,0.081,-0.005,0,0,0
0.046780,1.46964,0.123,0.105,-0.025,0,0,0
0.046800,1.47027,0.153,0.082,-0.054,0,0,0
0.046820,1.47089,0.126,0.018,0.043,0,0,0
0.046840,1.47152,0.161,0.091,0.035,0,0,0
0.046860,1.47215,0.175,0.122,0.002,0,0,0
0.046880,1.47278,0.041,0.150,-0.080,0,0,0
0.046900,1.47341,0.101,0.155,0.126,0,0,0
0.046920,1.47404,0.163,0.095,-0.068,0,0,0
0.046940,1.47466,0.076,0.135,0.062,0,0,0
0.046960,1.47529,0.092,0.078,0.010,0,0,0
0.046980,1.47592,0.172,0.137,0.044,0,0,0
0.047000,1.47655,0.033,0.082,0.091,0,0,0
0.047020,1.47718,0.167,0.131,0.024,0,0,0
0.047040,1.47781,0.096,0.100,-0.044,0,0,0
0.047060,1.47843,0.117,0.044,0.046,0,0,0
0.047080,1.47906,0.082,0.067,-0.037,0,0,0
0.047100,1.47969,0.027,0.102,0.101,0,0,0
0.047120,1.48032,0.187,0.198,0.073,0,0,0
0.047140,1.48095,0.162,0.015,0.014,0,0,0
0.047160,1.48158,0.170,0.094,-0.010,0,0,0
0.047180,1.48220,0.082,0.172,0.014,0,0,0
0.047200,1.48283,0.128,0.061,0.027,0,0,0
0.047220,1.48346,0.093,0.162,0.094,0,0,0
0.047240,1.48409,0.150,0.098,-0.006,0,0,0
0.047260,1.48472,0.157,0.126,-0.033,0,0,0
0.047280,1.48535,0.159,0.064,-0.034,0,0,0
0.047300,1.48597,0.065,0.153,0.007,0,0,0
0.047320,1.48660,0.131,0.113,0.014,0,0,0
0.047340,1.48723,0.216,0.079,0.030,0,0,0
0.047360,1.48786,0.063,0.121,-0.009,0,0,0
0.047380,1.48849,0.105,0.031,-0.005,0,0,0
0.047400,1.48911,0.163,0.140,-0.026,0,0,0
0.047420,1.48974,0.076,0.069,0.100,0,0,0
0.047440,1.49037,0.114,0.019,-0.016,0,0,0
0.047460,1.49100,0.155,0.176,0.016,0,0,0
0.047480,1.49163,0.089,0.214,-0.117,0,0,0
0.047500,1.49226,0.188,0.109,0.026,0,0,0
0.047520,1.49288,0.172,0.127,-0.048,0,0,0
0.047540,1.49351,0.245,0.105,0.020,0,0,0
0.047560,1.49414,0.087,0.216,-0.003,0,0,0
0.047580,1.49477,0.095,0.121,-0.097,0,0,0
0.047600,1.49540,0.044,0.137,0.026,0,0,0
0.047620,1.49603,0.110,0.162,0.100,0,0,0
0.047640,1.49665,0.013,0.144,0.018,0,0,0
0.047660,1.49728,0.017,0.106,-0.004,0,0,0
0.047680,1.49791,0.116,0.027,0.021,0,0,0
0.047700,1.49854,0.055,0.135,0.026,0,0,0
0.047720,1.49917,0.101,0.098,-0.049,0,0,0
0.047740,1.49980,0.149,0.089,-0.004,0,0,0
0.047760,1.50042,0.064,0.078,-0.009,0,0,0
0.047780,1.50105,0.074,0.050,0.001,0,0,0
0.047800,1.50168,0.145,0.047,0.042,0,0,0
0.047820,1.50231,0.083,0.115,-0.006,0,0,0
0.047840,1.50294,0.111,0.105,-0.006,0,0,0
0.047860,1.50357,0.072,0.102,-0.046,0,0,0
0.047880,1.50419,0.049,0.070,-0.014,0,0,0
0.047900,1.50482,0.206,0.117,-0.008,0,0,0
0.047920,1.50545,0.177,0.161,0.073,0,0,0
0.047940,1.50608,0.234,0.214,0.058,0,0,0
0.047960,1.50671,0.134,0.092,0.031,0,0,0
0.047980,1.50734,0.084,0.104,-0.022,0,0,0
0.048000,1.50796,0.141,0.135,-0.035,0,0,0
0.048020,1.50859,0.126,0.097,-0.064,0,0,0
0.048040,1.50922,0.073,0.176,0.002,0,0,0
0.048060,1.50985,0.094,0.068,-0.013,0,0,0
0.048080,1.51048,0.085,0.112,-0.031,0,0,0
0.048100,1.51111,0.189,0.150,-0.022,0,0,0
0.048120,1.51173,0.134,0.026,-0.013,0,0,0
0.048140,1.51236,0.181,0.045,-0.051,0,0,0
0.048160,1.51299,0.085,0.176,0.095,0,0,0
0.048180,1.51362,0.146,0.063,-0.011,0,0,0
0.048200,1.51425,0.117,0.101,-0.048,0,0,0
0.048220,1.51488,0.173,0.090,-0.030,0,0,0
0.048240,1.51550,0.198,0.120,0.043,0,0,0
0.048260,1.51613,0.154,0.125,0.035,0,0,0
0.048280,1.51676,0.143,0.106,0.088,0,0,0
0.048300,1.51739,0.069,0.106,-0.013,0,0,0
0.048320,1.51802,0.168,0.115,-0.042,0,0,0
0.048340,1.51865,0.065,0.060,-0.028,0,0,0
0.048360,1.51927,0.202,0.106,-0.077,0,0,0
0.048380,1.51990,0.191,0.121,0.018,0,0,0
0.048400,1.52053,0.076,0.060,0.030,0,0,0
0.048420,1.52116,0.080,0.031,0.011,0,0,0
0.048440,1.52179,0.023,0.028,0.121,0,0,0
0.048460,1.52242,0.140,0.163,-0.007,0,0,0
0.048480,1.52304,0.180,0.127,-0.029,0,0,0
0.048500,1.52367,0.162,0.217,-0.032,0,0,0
0.048520,1.52430,0.186,0.067,-0.051,0,0,0
0.048540,1.52493,0.097,0.063,0.063,0,0,0
0.048560,1.52556,0.094,0.131,0.056,0,0,0
0.048580,1.52619,0.157,-0.003,-0.041,0,0,0
0.048600,1.52681,0.180,0.137,0.057,0,0,0
0.048620,1.52744,0.137,0.042,0.040,0,0,0
0.048640,1.52807,0.086,0.085,0.024,0,0,0
0.048660,1.52870,0.123,0.092,-0.024,0,0,0
0.048680,1.52933,0.184,0.126,0.037,0,0,0
0.048700,1.52996,0.034,0.136,0.051,0,0,0
0.048720,1.53058,0.154,0.139,-0.054,0,0,0
0.048740,1.53121,0.038,0.183,0.072,0,0,0
0.048760,1.53184,0.112,0.050,-0.035,0,0,0
0.048780,1.53247,0.105,0.124,0.010,0,0,0
0.048800,1.53310,0.054,0.112,0.085,0,0,0
0.048820,1.53373,0.063,0.084,0.002,0,0,0
0.048840,1.53435,0.126,0.114,-0.002,0,0,0
0.048860,1.53498,0.163,0.138,-0.025,0,0,0
0.048880,1.53561,0.096,0.114,0.028,0,0,0
0.048900,1.53624,0.033,0.009,0.064,0,0,0
0.048920,1.53687,0.090,0.176,-0.072,0,0,0
0.048940,1.53750,0.105,0.081,-0.079,0,0,0
0.048960,1.53812,0.191,0.093,0.031,0,0,0
0.048980,1.53875,0.067,0.085,0.040,0,0,0
0.049000,1.53938,0.184,0.130,-0.023,0,0,0
0.049020,1.54001,0.062,0.067,-0.024,0,0,0
0.049040,1.54064,0.130,0.144,0.043,0,0,0
0.049060,1.54127,0.165,0.243,-0.004,0,0,0
0.049080,1.54189,0.080,0.073,0.046,0,0,0
0.049100,1.54252,0.020,0.125,-0.042,0,0,0
0.049120,1.54315,0.102,0.157,-0.054,0,0,0
0.049140,1.54378,0.117,0.071,0.055,0,0,0
0.049160,1.54441,0.130,0.116,-0.004,0,0,0
0.049180,1.54504,0.147,0.120,-0.005,0,0,0
0.049200,1.54566,0.113,0.138,0.008,0,0,0
0.049220,1.54629,0.095,0.148,0.042,0,0,0
0.049240,1.54692,0.020,0.096,0.015,0,0,0
0.049260,1.54755,0.050,0.105,-0.021,0,0,0
0.049280,1.54818,0.085,0.179,0.103,0,0,0
0.049300,1.54881,0.003,0.087,-0.002,0,0,0
0.049320,1.54943,0.072,0.065,-0.105,0,0,0
0.049340,1.55006,0.160,0.189,0.032,0,0,0
0.049360,1.55069,0.153,0.073,0.006,0,0,0
0.049380,1.55132,0.150,0.154,-0.003,0,0,0
0.049400,1.55195,0.053,0.142,0.036,0,0,0
0.049420,1.55258,0.099,0.121,0.074,0,0,0
0.049440,1.55320,0.106,0.027,-0.015,0,0,0
0.049460,1.55383,0.131,0.148,-0.033,0,0,0
0.049480,1.55446,0.155,0.185,0.022,0,0,0
0.049500,1.55509,0.035,0.160,-0.017,0,0,0
0.049520,1.55572,0.033,0.149,0.014,0,0,0
0.049540,1.55635,0.133,0.088,0.035,0,0,0
0.049560,1.55697,0.163,0.107,-0.032,0,0,0
0.049580,1.55760,0.098,0.189,0.016,0,0,0
0.049600,1.55823,0.101,0.093,-0.068,0,0,0
0.049620,1.55886,0.178,0.049,0.029,0,0,0
0.049640,1.55949,0.048,0.131,-0.032,0,0,0
0.049660,1.56011,0.055,0.122,0.017,0,0,0
0.049680,1.56074,0.218,0.092,0.021,0,0,0
0.049700,1.56137,0.050,0.078,0.009,0,0,0
0.049720,1.56200,0.079,0.120,0.032,0,0,0
0.049740,1.56263,0.069,0.152,0.019,0,0,0
0.049760,1.56326,0.216,0.163,-0.015,0,0,0
0.049780,1.56388,0.107,0.092,-0.006,0,0,0
0.049800,1.56451,0.158,0.005,0.017,0,0,0
0.049820,1.56514,0.051,0.125,0.027,0,0,0
0.049840,1.56577,0.095,0.173,0.038,0,0,0
0.049860,1.56640,0.123,0.125,0.047,0,0,0
0.049880,1.56703,0.121,0.097,-0.018,0,0,0
0.049900,1.56765,0.141,0.056,0.024,0,0,0
0.049920,1.56828,0.248,0.170,-0.038,0,0,0
0.049940,1.56891,0.062,0.137,-0.010,0,0,0
0.049960,1.56954,0.089,0.178,-0.063,0,0,0
0.049980,1.57017,0.121,0.084,-0.036,0,0,0
0.050000,1.57080,0.182,0.124,-0.061,0,0,0
0.050020,1.57142,0.105,0.140,0.003,0,0,0
0.050040,1.57205,0.072,0.073,-0.116,0,0,0
0.050060,1.57268,0.085,0.148,-0.081,0,0,0
0.050080,1.57331,0.101,0.107,-0.019,0,0,0
0.050100,1.57394,0.125,0.119,0.001,0,0,0
0.050120,1.57457,0.137,0.170,-0.014,0,0,0
0.050140,1.57519,0.096,0.065,-0.010,0,0,0
0.050160,1.57582,0.104,0.100,0.101,0,0,0
0.050180,1.57645,0.076,0.108,0.083,0,0,0
0.050200,1.57708,0.114,0.081,0.102,0,0,0
0.050220,1.57771,-0.010,0.153,-0.054,0,0,0
0.050240,1.57834,0.090,0.058,-0.010,0,0,0
0.050260,1.57896,0.135,0.095,-0.031,0,0,0
0.050280,1.57959,0.156,0.054,0.010,0,0,0
0.050300,1.58022,0.078,0.134,-0.004,0,0,0
0.050320,1.58085,0.104,0.090,-0.028,0,0,0
0.050340,1.58148,0.058,0.055,0.033,0,0,0
0.050360,1.58211,0.131,0.100,0.042,0,0,0
0.050380,1.58273,0.099,0.071,0.098,0,0,0
0.050400,1.58336,0.184,0.120,-0.008,0,0,0
0.050420,1.58399,0.078,0.168,-0.091,0,0,0
0.050440,1.58462,0.077,0.098,0.001,0,0,0
0.050460,1.58525,0.072,0.206,0.017,0,0,0
0.050480,1.58588,0.110,0.210,-0.003,0,0,0
0.050500,1.58650,0.080,0.152,0.019,0,0,0
0.050520,1.58713,0.119,0.056,-0.139,0,0,0
0.050540,1.58776,0.045,0.131,0.045,0,0,0
0.050560,1.58839,0.083,0.157,-0.007,0,0,0
0.050580,1.58902,0.166,0.144,0.029,0,0,0
0.050600,1.58965,0.165,0.081,0.001,0,0,0
0.050620,1.59027,0.067,0.130,-0.082,0,0,0
0.050640,1.59090,0.189,0.209,0.064,0,0,0
0.050660,1.59153,0.078,0.032,-0.086,0,0,0
0.050680,1.59216,0.125,0.117,0.040,0,0,0
0.050700,1.59279,0.117,0.116,0.036,0,0,0
0.050720,1.59342,0.103,0.205,-0.033,0,0,0
0.050740,1.59404,0.076,0.197,-0.022,0,0,0
0.050760,1.59467,0.068,0.016,0.084,0,0,0
0.050780,1.59530,0.062,0.068,0.030,0,0,0
0.050800,1.59593,0.072,0.199,0.053,0,0,0
0.050820,1.59656,0.101,0.130,0.010,0,0,0
0.050840,1.59719,0.125,0.114,0.097,0,0,0
0.050860,1.59781,0.088,0.148,0.024,0,0,0
0.050880,1.59844,0.094,0.102,-0.053,0,0,0
0.050900,1.59907,0.130,0.114,-0.031,0,0,0
0.050920,1.59970,0.165,0.189,0.031,0,0,0
0.050940,1.60033,0.200,0.173,0.040,0,0,0
0.050960,1.60096,0.161,0.044,-0.002,0,0,0
0.050980,1.60158,0.134,0.148,-0.073,0,0,0
0.051000,1.60221,0.130,0.147,0.004,0,0,0
0.051020,1.60284,0.006,0.164,-0.018,0,0,0
0.051040,1.60347,0.127,0.038,0.070,0,0,0
0.051060,1.60410,0.123,0.237,0.064,0,0,0
0.051080,1.60473,0.088,0.180,0.004,0,0,0
0.051100,1.60535,0.091,0.100,-0.061,0,0,0
0.051120,1.60598,0.166,0.220,0.100,0,0,0
0.051140,1.60661,0.051,0.095,-0.038,0,0,0
0.051160,1.60724,0.038,0.115,0.046,0,0,0
0.051180,1.60787,0.115,0.119,-0.019,0,0,0
0.051200,1.60850,0.081,0.183,0.058,0,0,0
0.051220,1.60912,0.097,0.065,0.023,0,0,0
0.051240,1.60975,0.165,0.111,0.027,0,0,0
0.051260,1.61038,0.144,0.214,0.038,0,0,0
0.051280,1.61101,0.094,0.108,-0.007,0,0,0
0.051300,1.61164,0.107,0.044,0.019,0,0,0
0.051320,1.61227,0.083,0.165,0.020,0,0,0
0.051340,1.61289,0.038,0.119,-0.053,0,0,0
0.051360,1.61352,0.084,0.118,0.109,0,0,0
0.051380,1.61415,0.175,0.101,-0.000,0,0,0
0.051400,1.61478,1.066,0.169,-0.071,540,0,0
0.051420,1.61541,1.917,0.098,-0.107,540,0,0
0.051440,1.61604,2.778,0.168,-0.047,540,0,0
0.051460,1.61666,3.675,0.079,0.067,540,0,0
0.051480,1.61729,4.579,0.167,0.074,540,0,0
0.051500,1.61792,5.482,0.249,0.022,540,0,0
0.051520,1.61855,6.379,0.139,-0.017,540,0,0
0.051540,1.61918,7.275,0.092,0.001,540,0,0
0.051560,1.61981,8.130,0.157,-0.046,540,0,0
0.051580,1.62043,9.108,0.138,0.109,540,0,0
0.051600,1.62106,9.989,0.145,0.047,540,0,0
0.051620,1.62169,10.902,0.185,-0.008,540,0,0
0.051640,1.62232,11.258,0.219,0.015,0,0,0
0.051660,1.62295,11.327,0.147,0.002,0,0,0
0.051680,1.62358,11.219,0.129,0.032,0,0,0
0.051700,1.62420,11.202,0.083,-0.074,0,0,0
0.051720,1.62483,11.289,0.130,-0.046,0,0,0
0.051740,1.62546,11.273,0.067,0.002,0,0,0
0.051760,1.62609,11.123,0.208,-0.077,0,0,0
0.051780,1.62672,11.132,0.159,0.057,0,0,0
0.051800,1.62734,11.168,0.118,0.016,0,0,0
0.051820,1.62797,11.171,0.156,-0.026,0,0,0
0.051840,1.62860,11.119,0.144,0.026,0,0,0
0.051860,1.62923,11.174,0.119,0.038,0,0,0
0.051880,1.62986,11.115,0.247,0.032,0,0,0
0.051900,1.63049,11.175,0.114,0.029,0,0,0
0.051920,1.63111,11.114,0.136,0.002,0,0,0
0.051940,1.63174,11.066,0.128,-0.001,0,0,0
0.051960,1.63237,11.064,0.054,0.006,0,0,0
0.051980,1.63300,11.094,0.224,-0.001,0,0,0
0.052000,1.63363,11.055,0.165,-0.105,0,0,0
0.052020,1.63426,11.044,0.100,0.015,0,0,0
0.052040,1.63488,11.096,0.071,0.057,0,0,0
0.052060,1.63551,11.022,0.188,-0.058,0,0,0
0.052080,1.63614,10.948,0.170,0.062,0,0,0
0.052100,1.63677,11.016,0.109,0.100,0,0,0
0.052120,1.63740,11.080,0.107,-0.003,0,0,0
0.052140,1.63803,10.978,0.178,0.006,0,0,0
0.052160,1.63865,10.989,0.104,-0.033,0,0,0
0.052180,1.63928,10.971,0.134,-0.041,0,0,0
0.052200,1.63991,10.969,0.089,-0.006,0,0,0
0.052220,1.64054,10.938,0.161,0.022,0,0,0
0.052240,1.64117,11.009,0.236,0.036,0,0,0
0.052260,1.64180,11.013,0.029,0.016,0,0,0
0.052280,1.64242,10.846,0.167,0.059,0,0,0
0.052300,1.64305,10.810,0.185,-0.035,0,0,0
0.052320,1.64368,10.814,0.150,-0.074,0,0,0
0.052340,1.64431,10.788,0.086,0.060,0,0,0
0.052360,1.64494,10.862,0.163,-0.088,0,0,0
0.052380,1.64557,10.864,0.113,0.090,0,0,0
0.052400,1.64619,10.814,0.119,0.103,0,0,0
0.052420,1.64682,10.796,0.305,-0.002,0,0,0
0.052440,1.64745,10.823,0.102,-0.004,0,0,0
0.052460,1.64808,10.761,0.104,0.016,0,0,0
0.052480,1.64871,10.757,0.136,0.012,0,0,0
0.052500,1.64934,10.822,0.119,0.021,0,0,0
0.052520,1.64996,10.783,0.155,-0.063,0,0,0
0.052540,1.65059,10.792,0.180,-0.066,0,0,0
0.052560,1.65122,10.730,0.118,0.061,0,0,0
0.052580,1.65185,10.694,0.148,-0.027,0,0,0
0.052600,1.65248,10.677,0.185,-0.120,0,0,0
0.052620,1.65311,10.661,0.155,-0.008,0,0,0
0.052640,1.65373,10.585,0.076,0.032,0,0,0
0.052660,1.65436,10.670,0.153,0.017,0,0,0
0.052680,1.65499,10.594,0.162,0.056,0,0,0
0.052700,1.65562,10.655,0.080,-0.078,0,0,0
0.052720,1.65625,10.611,0.229,-0.016,0,0,0
0.052740,1.65688,10.585,0.146,-0.038,0,0,0
0.052760,1.65750,10.563,0.141,-0.039,0,0,0
0.052780,1.65813,10.559,0.205,-0.022,0,0,0
0.052800,1.65876,10.633,0.123,-0.009,0,0,0
0.052820,1.65939,10.534,0.154,0.064,0,0,0
0.052840,1.66002,10.431,0.208,0.050,0,0,0
0.052860,1.66065,10.515,0.071,0.029,0,0,0
0.052880,1.66127,10.573,0.203,-0.021,0,0,0
0.052900,1.66190,10.666,0.123,0.013,0,0,0
0.052920,1.66253,10.498,0.140,0.081,0,0,0
0.052940,1.66316,10.516,0.156,-0.072,0,0,0
0.052960,1.66379,10.498,0.190,0.099,0,0,0
0.052980,1.66442,10.410,0.168,-0.029,0,0,0
0.053000,1.66504,10.450,0.237,-0.002,0,0,0
0.053020,1.66567,10.520,0.080,0.108,0,0,0
0.053040,1.66630,10.483,0.223,-0.046,0,0,0
0.053060,1.66693,10.336,0.272,-0.031,0,0,0
0.053080,1.66756,10.440,0.183,0.011,0,0,0
0.053100,1.66819,10.367,0.162,-0.050,0,0,0
0.053120,1.66881,10.271,0.087,-0.017,0,0,0
0.053140,1.66944,10.432,0.160,0.055,0,0,0
0.053160,1.67007,10.362,0.141,-0.062,0,0,0
0.053180,1.67070,10.429,0.167,0.033,0,0,0
0.053200,1.67133,10.367,0.157,-0.056,0,0,0
0.053220,1.67196,10.335,0.185,0.047,0,0,0
0.053240,1.67258,10.315,0.234,0.063,0,0,0
0.053260,1.67321,10.313,0.209,0.067,0,0,0
0.053280,1.67384,10.262,0.148,0.017,0,0,0
0.053300,1.67447,10.319,0.226,0.069,0,0,0
0.053320,1.67510,10.325,0.188,0.055,0,0,0
0.053340,1.67573,10.242,0.068,-0.023,0,0,0
0.053360,1.67635,10.195,0.182,-0.015,0,0,0
0.053380,1.67698,10.235,0.210,0.001,0,0,0
0.053400,1.67761,10.234,0.200,-0.015,0,0,0
0.053420,1.67824,10.236,0.200,0.024,0,0,0
0.053440,1.67887,10.153,0.195,0.063,0,0,0
0.053460,1.67950,10.190,0.168,-0.032,0,0,0
0.053480,1.68012,10.232,0.206,-0.038,0,0,0
0.053500,1.68075,10.119,0.170,-0.024,0,0,0
0.053520,1.68138,10.056,0.123,-0.026,0,0,0
0.053540,1.68201,10.110,0.208,-0.011,0,0,0
0.053560,1.68264,10.038,0.111,-0.001,0,0,0
0.053580,1.68327,10.084,0.142,0.005,0,0,0
0.053600,1.68389,10.128,0.144,0.007,0,0,0
0.053620,1.68452,10.034,0.235,0.052,0,0,0
0.053640,1.68515,10.082,0.153,-0.005,0,0,0
0.053660,1.68578,10.006,0.165,0.025,0,0,0
0.053680,1.68641,10.022,0.168,0.038,0,0,0
0.053700,1.68704,9.910,0.125,0.022,0,0,0
0.053720,1.68766,9.974,0.203,0.014,0,0,0
0.053740,1.68829,10.041,0.250,-0.055,0,0,0
0.053760,1.68892,9.896,0.141,0.006,0,0,0
0.053780,1.68955,9.864,0.102,0.039,0,0,0
0.053800,1.69018,9.910,0.171,0.011,0,0,0
0.053820,1.69081,9.866,0.174,-0.069,0,0,0
0.053840,1.69143,9.919,0.265,0.027,0,0,0
0.053860,1.69206,9.876,0.158,0.052,0,0,0
0.053880,1.69269,9.825,0.177,-0.009,0,0,0
0.053900,1.69332,9.802,0.247,-0.017,0,0,0
0.053920,1.69395,9.858,0.189,0.027,0,0,0
0.053940,1.69458,9.765,0.141,0.017,0,0,0
0.053960,1.69520,9.825,0.197,-0.012,0,0,0
0.053980,1.69583,9.867,0.143,0.010,0,0,0
0.054000,1.69646,9.890,0.204,-0.041,0,0,0
0.054020,1.69709,9.813,0.268,-0.004,0,0,0
0.054040,1.69772,9.748,0.174,-0.026,0,0,0
0.054060,1.69834,9.768,0.178,-0.079,0,0,0
0.054080,1.69897,9.781,0.244,-0.055,0,0,0
0.054100,1.69960,9.646,0.192,0.032,0,0,0
0.054120,1.70023,9.800,0.181,-0.054,0,0,0
0.054140,1.70086,9.668,0.319,-0.028,0,0,0
0.054160,1.70149,9.659,0.231,-0.026,0,0,0
0.054180,1.70211,9.664,0.190,0.030,0,0,0
0.054200,1.70274,9.649,0.187,-0.042,0,0,0
0.054220,1.70337,9.515,0.119,-0.076,0,0,0
0.054240,1.70400,9.641,0.226,-0.058,0,0,0
0.054260,1.70463,9.551,0.225,0.046,0,0,0
0.054280,1.70526,9.569,0.176,0.014,0,0,0
0.054300,1.70588,9.538,0.185,-0.031,0,0,0
0.054320,1.70651,9.523,0.133,0.035,0,0,0
0.054340,1.70714,9.524,0.217,-0.047,0,0,0
0.054360,1.70777,9.550,0.209,0.005,0,0,0
0.054380,1.70840,9.533,0.215,0.077,0,0,0
0.054400,1.70903,9.561,0.140,0.049,0,0,0
0.054420,1.70965,9.400,0.160,-0.056,0,0,0
0.054440,1.71028,9.419,0.217,0.007,0,0,0
0.054460,1.71091,9.406,0.229,-0.039,0,0,0
0.054480,1.71154,9.491,0.218,-0.039,0,0,0
0.054500,1.71217,9.437,0.144,0.051,0,0,0
0.054520,1.71280,9.288,0.267,0.036,0,0,0
0.054540,1.71342,9.369,0.094,-0.060,0,0,0
0.054560,1.71405,9.336,0.157,-0.015,0,0,0
0.054580,1.71468,9.695,0.144,0.152,540,0,0
0.054600,1.71531,10.588,0.155,0.078,540,0,0
0.054620,1.71594,10.986,-0.044,0.032,0,0,0
0.054640,1.71657,11.128,0.081,0.029,0,0,0
0.054660,1.71719,11.055,0.184,0.056,0,0,0
0.054680,1.71782,10.943,0.154,-0.034,0,0,0
0.054700,1.71845,10.925,0.162,0.067,0,0,0
0.054720,1.71908,11.031,0.174,-0.016,0,0,0
0.054740,1.71971,10.960,0.084,-0.037,0,0,0
0.054760,1.72034,10.943,0.193,-0.010,0,0,0
0.054780,1.72096,10.944,0.031,-0.020,0,0,0
0.054800,1.72159,10.843,0.025,0.015,0,0,0
0.054820,1.72222,10.907,0.149,0.011,0,0,0
0.054840,1.72285,10.860,0.090,-0.022,0,0,0
0.054860,1.72348,10.848,0.085,0.027,0,0,0
0.054880,1.72411,10.789,0.174,-0.007,0,0,0
0.054900,1.72473,10.791,-0.019,0.059,0,0,0
0.054920,1.72536,10.739,0.123,0.082,0,0,0
0.054940,1.72599,10.727,0.160,0.040,0,0,0
0.054960,1.72662,10.685,0.210,-0.046,0,0,0
0.054980,1.72725,10.745,0.176,-0.051,0,0,0
0.055000,1.72788,10.766,0.101,0.071,0,0,0
0.055020,1.72850,10.587,0.076,-0.056,0,0,0
0.055040,1.72913,10.576,0.047,0.016,0,0,0
0.055060,1.72976,10.586,0.176,0.059,0,0,0
0.055080,1.73039,10.647,0.172,0.099,0,0,0
0.055100,1.73102,10.625,0.130,0.066,0,0,0
0.055120,1.73165,10.635,0.131,0.001,0,0,0
0.055140,1.73227,10.481,0.150,-0.095,0,0,0
0.055160,1.73290,10.522,0.106,-0.086,0,0,0
0.055180,1.73353,10.435,0.044,-0.022,0,0,0
0.055200,1.73416,10.470,0.088,0.054,0,0,0
0.055220,1.73479,10.365,0.158,0.035,0,0,0
0.055240,1.73542,10.382,0.154,0.000,0,0,0
0.055260,1.73604,10.384,0.113,-0.050,0,0,0
0.055280,1.73667,10.394,0.106,-0.044,0,0,0
0.055300,1.73730,10.317,0.184,-0.037,0,0,0
0.055320,1.73793,10.313,0.202,0.011,0,0,0
0.055340,1.73856,10.330,0.085,0.037,0,0,0
0.055360,1.73919,10.220,0.082,-0.013,0,0,0
0.055380,1.73981,10.233,0.147,0.014,0,0,0
0.055400,1.74044,10.159,0.173,-0.038,0,0,0
0.055420,1.74107,10.152,0.058,0.041,0,0,0
0.055440,1.74170,10.201,0.135,-0.040,0,0,0
0.055460,1.74233,10.117,0.173,0.054,0,0,0
0.055480,1.74296,10.045,0.169,-0.051,0,0,0
0.055500,1.74358,10.118,0.096,-0.065,0,0,0
0.055520,1.74421,10.077,0.181,0.052,0,0,0
0.055540,1.74484,10.025,0.140,0.006,0,0,0
0.055560,1.74547,10.051,0.148,0.034,0,0,0
0.055580,1.74610,9.998,0.133,0.054,0,0,0
0.055600,1.74673,10.069,0.112,0.096,0,0,0
0.055620,1.74735,9.938,0.284,-0.011,0,0,0
0.055640,1.74798,9.980,0.193,0.028,0,0,0
0.055660,1.74861,9.956,0.159,-0.074,0,0,0
0.055680,1.74924,9.875,0.283,-0.057,0,0,0
0.055700,1.74987,9.824,0.182,-0.088,0,0,0
0.055720,1.75050,9.846,0.170,0.004,0,0,0
0.055740,1.75112,9.827,0.035,-0.029,0,0,0
0.055760,1.75175,9.874,0.168,-0.049,0,0,0
0.055780,1.75238,9.704,0.152,-0.031,0,0,0
0.055800,1.75301,9.745,0.153,-0.012,0,0,0
0.055820,1.75364,9.724,0.222,-0.035,0,0,0
0.055840,1.75427,9.676,0.112,0.037,0,0,0
0.055860,1.75489,9.750,0.064,-0.025,0,0,0
0.055880,1.75552,9.674,0.102,0.059,0,0,0
0.055900,1.75615,9.604,0.148,-0.061,0,0,0
0.055920,1.75678,9.582,0.080,-0.016,0,0,0
0.055940,1.75741,9.577,0.181,-0.005,0,0,0
0.055960,1.75804,9.442,0.226,-0.058,0,0,0
0.055980,1.75866,9.541,0.111,-0.015,0,0,0
0.056000,1.75929,9.489,0.207,-0.015,0,0,0
0.056020,1.75992,9.467,0.220,-0.036,0,0,0
0.056040,1.76055,9.396,0.119,0.073,0,0,0
0.056060,1.76118,9.327,0.104,0.059,0,0,0
0.056080,1.76181,9.396,0.078,-0.040,0,0,0
0.056100,1.76243,9.391,0.144,-0.078,0,0,0
0.056120,1.76306,9.261,0.139,0.007,0,0,0
0.056140,1.76369,9.353,0.197,0.046,0,0,0
0.056160,1.76432,9.719,0.174,-0.014,540,0,0
0.056180,1.76495,10.485,0.198,0.048,540,0,0
0.056200,1.76558,10.892,0.235,-0.001,0,0,0
0.056220,1.76620,10.809,0.246,-0.010,0,0,0
0.056240,1.76683,10.839,0.173,-0.050,0,0,0
0.056260,1.76746,10.787,0.153,0.026,0,0,0
0.056280,1.76809,10.594,0.175,-0.026,0,0,0
0.056300,1.76872,10.618,0.175,-0.050,0,0,0
0.056320,1.76934,10.603,0.273,-0.065,0,0,0
0.056340,1.76997,10.710,0.230,0.068,0,0,0
0.056360,1.77060,10.606,0.127,-0.039,0,0,0
0.056380,1.77123,10.554,0.192,-0.049,0,0,0
0.056400,1.77186,10.592,0.131,-0.005,0,0,0
0.056420,1.77249,10.509,0.066,-0.002,0,0,0
0.056440,1.77311,10.451,0.151,-0.009,0,0,0
0.056460,1.77374,10.345,0.163,-0.033,0,0,0
0.056480,1.77437,10.361,0.162,-0.025,0,0,0
0.056500,1.77500,10.436,0.206,-0.119,0,0,0
0.056520,1.77563,10.349,0.165,-0.057,0,0,0
0.056540,1.77626,10.343,0.124,0.031,0,0,0
0.056560,1.77688,10.228,0.187,-0.043,0,0,0
0.056580,1.77751,10.231,0.222,0.069,0,0,0
0.056600,1.77814,10.314,0.294,-0.011,0,0,0
0.056620,1.77877,10.130,0.208,0.006,0,0,0
0.056640,1.77940,10.168,0.207,-0.028,0,0,0
0.056660,1.78003,10.060,0.131,-0.024,0,0,0
0.056680,1.78065,10.062,0.116,0.012,0,0,0
0.056700,1.78128,10.074,0.251,0.006,0,0,0
0.056720,1.78191,10.000,0.209,-0.005,0,0,0
0.056740,1.78254,9.982,0.176,-0.031,0,0,0
0.056760,1.78317,9.951,0.152,-0.006,0,0,0
0.056780,1.78380,9.912,0.164,0.123,0,0,0
0.056800,1.78442,9.899,0.183,0.036,0,0,0
0.056820,1.78505,9.859,0.320,-0.024,0,0,0
0.056840,1.78568,9.749,0.207,-0.023,0,0,0
0.056860,1.78631,9.803,0.259,0.013,0,0,0
0.056880,1.78694,9.832,0.242,-0.028,0,0,0
0.056900,1.78757,9.695,0.201,0.077,0,0,0
0.056920,1.78819,9.609,0.129,0.101,0,0,0
0.056940,1.78882,9.542,0.146,-0.013,0,0,0
0.056960,1.78945,9.641,0.247,-0.081,0,0,0
0.056980,1.79008,9.610,0.103,0.013,0,-540,0
0.057000,1.79071,9.532,0.023,-0.032,0,0,0
0.057020,1.79134,9.515,0.018,-0.004,0,0,0
0.057040,1.79196,9.414,0.026,0.021,0,0,0
0.057060,1.79259,9.342,0.051,0.030,0,0,0
0.057080,1.79322,9.338,-0.017,0.039,0,0,0
0.057100,1.79385,9.329,0.087,-0.026,0,0,0
0.057120,1.79448,9.351,0.040,-0.020,0,0,0
0.057140,1.79511,9.306,0.018,0.060,0,0,0
0.057160,1.79573,9.157,-0.005,-0.012,0,0,0
0.057180,1.79636,9.538,0.120,-0.024,540,0,0
0.057200,1.79699,10.276,0.074,0.008,540,0,0
0.057220,1.79762,10.978,-0.028,0.028,540,0,0
0.057240,1.79825,11.038,-0.091,0.046,0,0,0
0.057260,1.79888,10.874,0.079,0.040,0,0,0
0.057280,1.79950,10.888,0.091,-0.013,0,0,0
0.057300,1.80013,10.790,0.074,0.011,0,0,0
0.057320,1.80076,10.872,0.056,0.008,0,0,0
0.057340,1.80139,10.756,0.037,-0.009,0,0,0
0.057360,1.80202,10.651,0.125,-0.018,0,0,0
0.057380,1.80265,10.635,0.031,-0.018,0,0,0
0.057400,1.80327,10.657,0.002,0.013,0,0,0
0.057420,1.80390,10.598,0.094,0.025,0,0,0
0.057440,1.80453,10.546,0.126,0.051,0,0,0
0.057460,1.80516,10.416,0.035,-0.055,0,0,0
0.057480,1.80579,10.387,0.080,-0.026,0,0,0
0.057500,1.80642,10.499,0.029,0.031,0,0,0
0.057520,1.80704,10.362,0.134,0.002,0,0,0
0.057540,1.80767,10.332,0.020,0.037,0,0,0
0.057560,1.80830,10.206,0.035,-0.025,0,0,0
0.057580,1.80893,10.221,0.042,-0.096,0,0,0
0.057600,1.80956,10.096,0.053,-0.028,0,0,0
0.057620,1.81019,10.181,0.042,0.013,0,0,0
0.057640,1.81081,10.081,0.046,0.039,0,0,0
0.057660,1.81144,10.085,-0.013,0.007,0,0,0
0.057680,1.81207,10.013,0.046,-0.079,0,0,0
0.057700,1.81270,9.990,0.122,-0.032,0,0,0
0.057720,1.81333,9.934,0.028,0.097,0,0,0
0.057740,1.81396,9.805,0.021,0.033,0,0,0
0.057760,1.81458,9.823,0.047,-0.031,0,0,0
0.057780,1.81521,9.808,0.050,0.030,0,0,0
0.057800,1.81584,9.766,0.086,-0.021,0,0,0
0.057820,1.81647,9.696,0.130,0.014,0,0,0
0.057840,1.81710,9.652,-0.003,-0.001,0,0,0
0.057860,1.81773,9.579,0.121,-0.129,0,0,0
0.057880,1.81835,9.552,0.113,0.020,0,0,0
0.057900,1.81898,9.548,0.032,-0.147,0,0,0
0.057920,1.81961,9.507,0.025,-0.033,0,0,0
0.057940,1.82024,9.430,0.019,0.015,0,0,0
0.057960,1.82087,9.417,0.082,-0.010,0,0,0
0.057980,1.82150,9.256,0.023,-0.039,0,0,0
0.058000,1.82212,9.248,0.011,-0.003,0,0,0
0.058020,1.82275,9.232,0.066,0.008,0,0,0
0.058040,1.82338,9.527,-0.008,0.006,540,0,0
0.058060,1.82401,10.230,0.090,-0.038,540,0,0
0.058080,1.82464,10.795,0.046,0.011,540,0,0
0.058100,1.82527,10.767,0.038,-0.069,0,0,0
0.058120,1.82589,10.756,0.053,-0.001,0,0,0
0.058140,1.82652,10.650,0.095,-0.096,0,0,0
0.058160,1.82715,10.609,0.029,-0.022,0,0,0
0.058180,1.82778,10.705,0.049,-0.014,0,0,0
0.058200,1.82841,10.504,0.121,0.016,0,0,0
0.058220,1.82904,10.410,0.095,0.001,0,0,0
0.058240,1.82966,10.452,0.120,0.056,0,0,0
0.058260,1.83029,10.270,0.104,0.035,0,0,0
0.058280,1.83092,10.300,0.074,-0.007,0,0,0
0.058300,1.83155,10.307,0.028,-0.026,0,0,0
0.058320,1.83218,10.223,0.098,0.033,0,0,0
0.058340,1.83281,10.179,0.017,-0.058,0,0,0
0.058360,1.83343,10.080,-0.019,-0.018,0,0,0
0.058380,1.83406,10.010,0.159,-0.049,0,0,0
0.058400,1.83469,10.031,0.010,0.062,0,0,0
0.058420,1.83532,9.970,0.154,0.074,0,0,0
0.058440,1.83595,9.922,0.124,-0.035,0,0,0
0.058460,1.83658,9.783,0.012,-0.035,0,0,0
0.058480,1.83720,9.886,0.117,0.002,0,0,0
0.058500,1.83783,9.690,0.068,0.081,0,0,0
0.058520,1.83846,9.623,0.044,0.111,0,0,0
0.058540,1.83909,9.591,0.045,-0.033,0,0,0
0.058560,1.83972,9.577,0.194,-0.051,0,0,0
0.058580,1.84034,9.476,0.096,0.016,0,0,0
0.058600,1.84097,9.465,0.060,0.031,0,0,0
0.058620,1.84160,9.385,0.036,0.037,0,0,0
0.058640,1.84223,9.364,0.073,0.071,0,0,0
0.058660,1.84286,9.352,0.071,0.040,0,0,0
0.058680,1.84349,9.246,0.051,0.016,0,0,0
0.058700,1.84411,9.498,0.116,-0.006,540,0,0
0.058720,1.84474,10.035,0.068,-0.043,540,0,0
0.058740,1.84537,10.656,0.200,0.039,540,0,0
0.058760,1.84600,10.876,0.074,0.028,0,0,0
0.058780,1.84663,10.816,0.050,0.002,0,0,0
0.058800,1.84726,10.806,0.160,0.097,0,0,0
0.058820,1.84788,10.793,0.075,0.052,0,0,0
0.058840,1.84851,10.636,0.050,-0.006,0,0,0
0.058860,1.84914,10.657,0.104,0.066,0,0,0
0.058880,1.84977,10.540,0.039,0.048,0,0,0
0.058900,1.85040,10.566,0.039,0.003,0,0,0
0.058920,1.85103,10.462,0.035,0.022,0,0,0
0.058940,1.85165,10.400,0.007,-0.024,0,0,0
0.058960,1.85228,10.279,0.039,0.074,0,0,0
0.058980,1.85291,10.310,0.042,0.002,0,0,0
0.059000,1.85354,10.207,0.009,0.007,0,0,0
0.059020,1.85417,10.120,0.111,0.032,0,0,0
0.059040,1.85480,10.084,0.133,0.033,0,0,0
0.059060,1.85542,9.960,0.079,0.002,0,0,0
0.059080,1.85605,10.045,0.099,-0.034,0,0,0
0.059100,1.85668,9.894,0.016,0.075,0,0,0
0.059120,1.85731,9.858,0.006,-0.009,0,0,0
0.059140,1.85794,9.718,0.139,0.053,0,0,0
0.059160,1.85857,9.762,0.059,0.073,0,0,0
0.059180,1.85919,9.536,0.109,0.019,0,0,0
0.059200,1.85982,9.552,0.043,-0.098,0,0,0
0.059220,1.86045,9.582,0.021,-0.152,0,0,0
0.059240,1.86108,9.501,0.016,-0.097,0,0,0
0.059260,1.86171,9.499,0.073,-0.010,0,0,0
0.059280,1.86234,9.435,0.070,-0.083,0,0,0
0.059300,1.86296,9.318,0.027,0.006,0,0,0
0.059320,1.86359,9.253,0.030,0.011,0,0,0
0.059340,1.86422,9.136,-0.049,0.009,0,0,0
0.059360,1.86485,9.503,0.148,-0.036,540,0,0
0.059380,1.86548,9.813,0.051,-0.057,540,0,0
0.059400,1.86611,10.397,0.109,-0.012,540,0,0
0.059420,1.86673,10.895,0.153,0.045,540,0,0
0.059440,1.86736,10.971,0.087,-0.015,0,0,0
0.059460,1.86799,10.856,0.180,0.070,0,0,0
0.059480,1.86862,10.828,0.126,0.064,0,0,0
0.059500,1.86925,10.684,0.083,-0.010,0,0,0
0.059520,1.86988,10.728,0.064,0.059,0,0,0
0.059540,1.87050,10.544,0.040,-0.078,0,0,0
0.059560,1.87113,10.524,0.051,-0.055,0,0,0
0.059580,1.87176,10.391,0.086,0.067,0,0,0
0.059600,1.87239,10.376,0.076,0.066,0,0,0
0.059620,1.87302,10.396,0.215,-0.075,0,0,0
0.059640,1.87365,10.198,0.055,0.016,0,0,0
0.059660,1.87427,10.173,0.078,0.021,0,0,0
0.059680,1.87490,10.178,0.131,-0.029,0,0,0
0.059700,1.87553,10.017,0.010,-0.054,0,0,0
0.059720,1.87616,10.012,0.026,-0.089,0,0,0
0.059740,1.87679,10.016,0.200,-0.015,0,0,0
0.059760,1.87742,9.845,0.065,-0.103,0,0,0
0.059780,1.87804,9.817,0.155,-0.038,0,0,0
0.059800,1.87867,9.741,0.054,-0.042,0,0,0
0.059820,1.87930,9.695,0.177,0.001,0,0,0
0.059840,1.87993,9.575,0.089,-0.038,0,0,0
0.059860,1.88056,9.488,0.061,-0.073,0,0,0
0.059880,1.88119,9.481,0.157,0.023,0,0,0
0.059900,1.88181,9.393,0.110,-0.002,0,0,0
0.059920,1.88244,9.338,0.104,0.001,0,0,0
0.059940,1.88307,9.379,0.155,0.091,0,0,0
0.059960,1.88370,9.169,0.065,0.007,0,0,0
0.059980,1.88433,9.241,0.055,0.059,0,0,0
0.060000,1.88496,9.580,0.085,-0.025,540,0,0
0.060020,1.88558,10.063,0.097,-0.016,540,0,0
0.060040,1.88621,10.510,0.108,0.045,540,0,0
0.060060,1.88684,10.766,0.077,0.040,0,0,0
0.060080,1.88747,10.639,0.092,0.034,0,0,0
0.060100,1.88810,10.582,0.096,-0.080,0,0,0
0.060120,1.88873,10.563,0.049,0.094,0,0,0
0.060140,1.88935,10.414,0.198,-0.005,0,0,0
0.060160,1.88998,10.371,0.118,0.005,0,0,0
0.060180,1.89061,10.255,0.224,0.026,0,0,0
0.060200,1.89124,10.206,0.079,-0.007,0,0,0
0.060220,1.89187,10.199,0.130,0.001,0,0,0
0.060240,1.89250,10.050,0.066,0.034,0,0,0
0.060260,1.89312,10.050,0.137,0.010,0,0,0
0.060280,1.89375,9.985,0.105,-0.030,0,0,0
0.060300,1.89438,9.946,0.107,0.031,0,0,0
0.060320,1.89501,9.836,0.124,0.098,0,0,0
0.060340,1.89564,9.845,0.039,-0.011,0,0,0
0.060360,1.89627,9.622,0.095,-0.018,0,0,0
0.060380,1.89689,9.634,0.139,0.030,0,0,0
0.060400,1.89752,9.521,0.069,0.041,0,0,0
0.060420,1.89815,9.550,0.049,0.003,0,0,0
0.060440,1.89878,9.400,0.200,-0.096,0,0,0
0.060460,1.89941,9.422,0.083,0.021,0,0,0
0.060480,1.90004,9.413,0.113,0.048,0,0,0
0.060500,1.90066,9.375,0.166,-0.062,0,0,0
0.060520,1.90129,9.154,-0.015,0.004,0,0,0
0.060540,1.90192,9.694,0.129,0.075,540,0,0
0.060560,1.90255,10.054,0.119,-0.058,540,0,0
0.060580,1.90318,10.512,0.117,0.061,540,0,0
0.060600,1.90381,10.813,0.047,-0.029,540,0,0
0.060620,1.90443,10.781,0.106,-0.028,0,0,0
0.060640,1.90506,10.641,0.062,-0.015,0,0,0
0.060660,1.90569,10.531,0.007,0.056,0,0,0
0.060680,1.90632,10.463,0.134,0.058,0,0,0
0.060700,1.90695,10.539,0.043,0.025,0,0,0
0.060720,1.90758,10.350,0.073,-0.030,0,0,0
0.060740,1.90820,10.359,0.115,-0.011,0,0,0
0.060760,1.90883,10.250,0.063,-0.020,0,0,0
0.060780,1.90946,10.198,0.123,-0.010,0,0,0
0.060800,1.91009,10.066,0.133,0.027,0,0,0
0.060820,1.91072,10.138,0.154,-0.034,0,0,0
0.060840,1.91134,9.991,0.124,0.003,0,0,0
0.060860,1.91197,9.891,0.064,-0.060,0,0,0
0.060880,1.91260,9.843,0.053,0.009,0,0,0
0.060900,1.91323,9.778,0.118,0.015,0,0,0
0.060920,1.91386,9.819,0.117,-0.036,0,0,0
0.060940,1.91449,9.724,0.114,-0.087,0,0,0
0.060960,1.91511,9.583,0.090,0.041,0,0,0
0.060980,1.91574,9.542,0.166,-0.043,0,0,0
0.061000,1.91637,9.431,0.076,0.019,0,0,0
0.061020,1.91700,9.489,0.124,-0.003,0,0,0
0.061040,1.91763,9.380,0.124,0.046,0,0,0
0.061060,1.91826,9.267,0.081,0.008,0,0,0
0.061080,1.91888,9.219,0.038,0.007,0,0,0
0.061100,1.91951,9.160,0.116,0.095,0,0,0
0.061120,1.92014,9.565,0.072,-0.087,540,0,0
0.061140,1.92077,9.868,0.135,-0.019,540,0,0
0.061160,1.92140,10.262,0.165,-0.037,540,0,0
0.061180,1.92203,10.548,0.050,-0.040,540,0,0
0.061200,1.92265,10.976,0.068,0.082,540,0,0
0.061220,1.92328,10.934,0.120,-0.005,0,0,0
0.061240,1.92391,10.851,0.019,0.088,0,0,0
0.061260,1.92454,10.804,0.182,0.014,0,0,0
0.061280,1.92517,10.650,0.082,-0.007,0,0,0
0.061300,1.92580,10.669,0.026,-0.028,0,0,0
0.061320,1.92642,10.552,0.060,0.035,0,0,0
0.061340,1.92705,10.477,0.091,-0.020,0,0,0
0.061360,1.92768,10.314,0.143,0.043,0,0,0
0.061380,1.92831,10.364,0.091,-0.068,0,0,0
0.061400,1.92894,10.304,0.062,-0.059,0,0,0
0.061420,1.92957,10.191,0.141,0.095,0,0,0
0.061440,1.93019,10.067,0.097,-0.031,0,0,0
0.061460,1.93082,10.088,0.030,0.084,0,0,0
0.061480,1.93145,9.958,0.064,-0.020,0,0,0
0.061500,1.93208,9.922,0.028,-0.035,0,0,0
0.061520,1.93271,9.925,0.085,-0.028,0,0,0
0.061540,1.93334,9.857,0.078,0.008,0,0,0
0.061560,1.93396,9.737,0.128,-0.082,0,0,0
0.061580,1.93459,9.685,0.115,0.033,0,0,0
0.061600,1.93522,9.519,0.044,0.086,0,0,0
0.061620,1.93585,9.553,0.088,0.023,0,0,0
0.061640,1.93648,9.510,0.086,-0.040,0,0,0
0.061660,1.93711,9.395,-0.005,-0.055,0,0,0
0.061680,1.93773,9.321,0.103,-0.009,0,0,0
0.061700,1.93836,9.258,0.106,-0.049,0,0,0
0.061720,1.93899,9.229,0.138,-0.034,0,0,0
0.061740,1.93962,9.574,0.038,0.028,540,0,0
0.061760,1.94025,9.907,0.068,-0.060,540,0,0
0.061780,1.94088,10.194,0.058,0.069,540,0,0
0.061800,1.94150,10.438,0.116,-0.023,540,0,0
0.061820,1.94213,10.841,0.136,0.009,540,0,0
0.061840,1.94276,10.817,0.098,-0.055,0,0,0
0.061860,1.94339,10.614,0.077,0.010,0,0,0
0.061880,1.94402,10.640,0.004,0.027,0,0,0
0.061900,1.94465,10.600,0.062,0.024,0,0,0
0.061920,1.94527,10.506,0.087,0.002,0,0,0
0.061940,1.94590,10.455,0.069,-0.035,0,0,0
0.061960,1.94653,10.399,0.050,0.015,0,0,0
0.061980,1.94716,10.257,0.080,-0.012,0,0,0
0.062000,1.94779,10.321,0.138,0.004,0,0,0
0.062020,1.94842,10.198,0.105,0.026,0,0,0
0.062040,1.94904,10.200,0.054,-0.022,0,0,0
0.062060,1.94967,10.134,0.132,0.013,0,0,0
0.062080,1.95030,9.999,0.153,0.028,0,0,0
0.062100,1.95093,9.918,0.057,-0.055,0,0,0
0.062120,1.95156,9.907,0.096,0.008,0,0,0
0.062140,1.95219,9.894,0.118,-0.008,0,0,0
0.062160,1.95281,9.734,0.108,0.009,0,0,0
0.062180,1.95344,9.638,-0.000,0.144,0,0,0
0.062200,1.95407,9.653,0.035,-0.067,0,0,0
0.062220,1.95470,9.611,0.127,-0.042,0,0,0
0.062240,1.95533,9.522,0.134,0.028,0,0,0
0.062260,1.95596,9.461,0.139,-0.036,0,0,0
0.062280,1.95658,9.532,0.153,0.059,0,0,0
0.062300,1.95721,9.410,0.081,-0.003,0,0,0
0.062320,1.95784,9.369,0.057,-0.034,0,0,0
0.062340,1.95847,9.250,0.096,0.064,0,0,0
0.062360,1.95910,9.249,0.081,-0.013,0,0,0
0.062380,1.95973,9.359,0.076,0.012,540,0,0
0.062400,1.96035,9.576,0.120,0.027,540,0,0
0.062420,1.96098,9.854,0.029,0.012,540,0,0
0.062440,1.96161,10.101,0.055,-0.024,540,0,0
0.062460,1.96224,10.380,0.143,0.036,540,0,0
0.062480,1.96287,10.724,0.169,0.012,540,0,0
0.062500,1.96350,10.791,0.174,-0.002,0,0,0
0.062520,1.96412,10.739,0.156,-0.020,0,0,0
0.062540,1.96475,10.772,0.162,0.005,0,0,0
0.062560,1.96538,10.647,0.076,0.064,0,0,0
0.062580,1.96601,10.650,0.092,-0.006,0,0,0
0.062600,1.96664,10.568,0.121,0.018,0,0,0
0.062620,1.96727,10.444,0.093,-0.017,0,0,0
0.062640,1.96789,10.374,0.041,0.012,0,0,0
0.062660,1.96852,10.366,0.047,-0.012,0,0,0
0.062680,1.96915,10.268,-0.001,-0.013,0,0,0
0.062700,1.96978,10.246,0.123,-0.074,0,0,0
0.062720,1.97041,10.120,0.017,-0.017,0,0,0
0.062740,1.97104,10.116,0.118,0.137,0,0,0
0.062760,1.97166,10.094,0.029,0.091,0,0,0
0.062780,1.97229,9.999,0.128,-0.020,0,0,0
0.062800,1.97292,9.921,0.113,-0.022,0,0,0
0.062820,1.97355,9.961,0.054,-0.070,0,0,0
0.062840,1.97418,9.869,0.157,0.029,0,0,0
0.062860,1.97481,9.777,0.060,0.040,0,0,0
0.062880,1.97543,9.745,0.187,-0.066,0,0,0
0.062900,1.97606,9.654,0.135,-0.042,0,0,0
0.062920,1.97669,9.603,0.076,-0.006,0,0,0
0.062940,1.97732,9.556,0.050,-0.001,0,0,0
0.062960,1.97795,9.565,0.094,-0.038,0,0,0
0.062980,1.97858,9.412,0.066,0.132,0,0,0
0.063000,1.97920,9.441,0.058,-0.032,0,0,0
0.063020,1.97983,9.405,0.117,0.008,0,0,0
0.063040,1.98046,9.374,0.191,-0.024,0,0,0
0.063060,1.98109,9.279,0.080,0.036,0,0,0
0.063080,1.98172,9.413,0.131,0.016,540,0,0
0.063100,1.98234,9.608,0.096,0.068,540,0,0
0.063120,1.98297,9.936,0.162,0.011,540,0,0
0.063140,1.98360,10.088,0.101,0.004,540,0,0
0.063160,1.98423,10.403,0.187,0.078,540,0,0
0.063180,1.98486,10.654,0.120,0.080,540,0,0
0.063200,1.98549,10.798,0.059,-0.046,0,0,0
0.063220,1.98611,10.678,0.044,0.029,0,0,0
0.063240,1.98674,10.667,0.059,-0.030,0,0,0
0.063260,1.98737,10.618,0.156,0.017,0,0,0
0.063280,1.98800,10.539,0.029,0.023,0,0,0
0.063300,1.98863,10.532,0.156,0.002,0,0,0
0.063320,1.98926,10.449,0.113,0.018,0,0,0
0.063340,1.98988,10.414,0.083,-0.023,0,0,0
0.063360,1.99051,10.337,0.102,-0.030,0,0,0
0.063380,1.99114,10.279,0.108,-0.050,0,0,0
0.063400,1.99177,10.246,0.052,0.025,0,0,0
0.063420,1.99240,10.234,0.146,-0.028,0,0,0
0.063440,1.99303,10.087,0.172,-0.072,0,0,0
0.063460,1.99365,10.131,0.006,0.090,0,0,0
0.063480,1.99428,10.010,0.055,0.035,0,0,0
0.063500,1.99491,10.010,0.129,-0.022,0,0,0
0.063520,1.99554,9.886,0.130,-0.068,0,0,0
0.063540,1.99617,9.966,0.090,-0.065,0,0,0
0.063560,1.99680,9.910,0.096,0.007,0,0,0
0.063580,1.99742,9.885,0.028,-0.072,0,0,0
0.063600,1.99805,9.766,0.085,-0.039,0,0,0
0.063620,1.99868,9.705,0.071,0.037,0,0,0
0.063640,1.99931,9.782,0.072,0.009,0,0,0
0.063660,1.99994,9.655,0.033,-0.012,0,0,0
0.063680,2.00057,9.655,0.113,-0.025,0,0,0
0.063700,2.00119,9.500,0.112,-0.031,0,0,0
0.063720,2.00182,9.547,0.078,0.037,0,0,0
0.063740,2.00245,9.492,0.084,0.020,0,0,0
0.063760,2.00308,9.435,0.140,0.098,0,0,0
0.063780,2.00371,9.330,0.143,-0.111,0,0,0
0.063800,2.00434,9.339,0.145,-0.006,0,0,0
0.063820,2.00496,9.268,0.073,0.003,0,0,0
0.063840,2.00559,9.186,0.120,0.003,0,0,0
0.063860,2.00622,9.225,0.095,-0.031,0,0,0
0.063880,2.00685,9.208,0.119,-0.078,0,0,0
0.063900,2.00748,9.506,0.095,0.020,540,0,0
0.063920,2.00811,9.583,0.036,-0.043,540,0,0
0.063940,2.00873,9.837,0.098,0.057,540,0,0
0.063960,2.00936,10.122,0.059,0.033,540,0,0
0.063980,2.00999,10.411,0.067,0.017,540,0,0
0.064000,2.01062,10.621,0.072,0.006,540,0,0
0.064020,2.01125,10.689,0.098,0.002,0,0,0
0.064040,2.01188,10.631,0.103,0.077,0,0,0
0.064060,2.01250,10.571,0.007,0.106,0,0,0
0.064080,2.01313,10.519,0.077,-0.032,0,0,0
0.064100,2.01376,10.478,0.064,0.033,0,0,0
0.064120,2.01439,10.465,0.140,0.009,0,0,0
0.064140,2.01502,10.465,0.194,0.015,0,0,0
0.064160,2.01565,10.337,0.134,-0.017,0,0,0
0.064180,2.01627,10.310,0.134,0.047,0,0,0
0.064200,2.01690,10.266,0.209,-0.031,0,0,0
0.064220,2.01753,10.276,0.112,0.023,0,0,0
0.064240,2.01816,10.212,0.124,-0.032,0,0,0
0.064260,2.01879,10.150,0.091,-0.004,0,0,0
0.064280,2.01942,10.093,0.206,0.008,0,0,0
0.064300,2.02004,10.091,0.122,-0.007,0,0,0
0.064320,2.02067,10.083,0.049,0.135,0,0,0
0.064340,2.02130,10.052,0.044,0.053,0,0,0
0.064360,2.02193,10.027,0.052,-0.012,0,0,0
0.064380,2.02256,9.915,0.163,-0.010,0,0,0
0.064400,2.02319,9.889,0.091,-0.076,0,0,0
0.064420,2.02381,9.813,0.072,-0.069,0,0,0
0.064440,2.02444,9.796,0.151,-0.035,0,0,0
0.064460,2.02507,9.784,0.039,0.014,0,0,0
0.064480,2.02570,9.840,0.072,0.017,0,0,0
0.064500,2.02633,9.836,0.021,0.016,0,0,0
0.064520,2.02696,9.647,0.116,-0.014,0,0,0
0.064540,2.02758,9.630,0.039,0.034,0,0,0
0.064560,2.02821,9.643,0.162,0.081,0,0,0
0.064580,2.02884,9.507,0.067,-0.015,0,0,0
0.064600,2.02947,9.568,0.048,0.070,0,0,0
0.064620,2.03010,9.524,-0.015,-0.022,0,0,0
0.064640,2.03073,9.459,-0.022,0.018,0,0,0
0.064660,2.03135,9.482,0.072,-0.011,0,0,0
0.064680,2.03198,9.423,0.103,0.087,0,0,0
0.064700,2.03261,9.387,0.038,-0.006,0,0,0
0.064720,2.03324,9.392,0.124,-0.045,0,0,0
0.064740,2.03387,9.197,0.031,-0.079,0,0,0
0.064760,2.03450,9.289,0.096,-0.000,0,0,0
0.064780,2.03512,9.322,0.133,0.141,0,0,0
0.064800,2.03575,9.490,0.168,-0.088,540,0,0
0.064820,2.03638,9.674,0.066,0.083,540,0,0
0.064840,2.03701,10.034,0.076,0.021,540,0,0
0.064860,2.03764,10.054,0.079,-0.135,540,0,0
0.064880,2.03827,10.436,0.078,0.040,540,0,0
0.064900,2.03889,10.577,0.098,-0.008,540,0,0
0.064920,2.03952,10.747,0.043,-0.114,540,0,0
0.064940,2.04015,10.842,0.063,-0.065,0,0,0
0.064960,2.04078,10.774,0.022,0.002,0,0,0
0.064980,2.04141,10.735,0.179,0.070,0,0,0
0.065000,2.04204,10.629,0.086,0.028,0,0,0
0.065020,2.04266,10.531,0.044,0.068,0,0,0
0.065040,2.04329,10.514,0.029,-0.019,0,0,0
0.065060,2.04392,10.640,0.169,-0.017,0,0,0
0.065080,2.04455,10.485,0.107,-0.015,0,0,0
0.065100,2.04518,10.569,0.050,0.031,0,0,0
0.065120,2.04581,10.430,0.106,-0.023,0,0,0
0.065140,2.04643,10.475,0.172,0.001,0,0,0
0.065160,2.04706,10.415,0.151,0.056,0,0,0
0.065180,2.04769,10.259,0.060,0.072,0,0,0
0.065200,2.04832,10.359,0.117,-0.089,0,0,0
0.065220,2.04895,10.244,0.156,-0.105,0,0,0
0.065240,2.04958,10.322,0.160,0.026,0,0,0
0.065260,2.05020,10.160,0.099,0.084,0,0,0
0.065280,2.05083,10.258,0.115,0.104,0,0,0
0.065300,2.05146,10.133,0.149,-0.008,0,0,0
0.065320,2.05209,10.177,0.032,0.015,0,0,0
0.065340,2.05272,10.043,0.113,-0.050,0,0,0
0.065360,2.05334,10.013,0.124,-0.054,0,0,0
0.065380,2.05397,10.054,0.205,-0.053,0,0,0
0.065400,2.05460,10.031,0.099,0.076,0,0,0
0.065420,2.05523,10.011,0.076,-0.003,0,0,0
0.065440,2.05586,10.068,0.083,-0.064,0,0,0
0.065460,2.05649,9.910,0.026,0.003,0,0,0
0.065480,2.05711,9.930,0.082,-0.043,0,0,0
0.065500,2.05774,9.887,0.120,-0.016,0,0,0
0.065520,2.05837,9.859,0.017,-0.046,0,0,0
0.065540,2.05900,9.870,0.047,-0.029,0,0,0
0.065560,2.05963,9.811,0.036,-0.061,0,0,0
0.065580,2.06026,9.863,0.075,-0.082,0,0,0
0.065600,2.06088,9.850,0.037,-0.048,0,0,0
0.065620,2.06151,9.711,0.038,-0.023,0,0,0
0.065640,2.06214,9.746,0.125,0.069,0,0,0
0.065660,2.06277,9.628,0.075,0.001,0,0,0
0.065680,2.06340,9.634,0.119,0.004,0,0,0
0.065700,2.06403,9.651,0.119,-0.057,0,0,0
0.065720,2.06465,9.669,0.088,0.031,0,0,0
0.065740,2.06528,9.611,0.108,0.074,0,0,0
0.065760,2.06591,9.663,0.053,-0.021,0,0,0
0.065780,2.06654,9.602,0.133,-0.001,0,0,0
0.065800,2.06717,9.507,0.051,0.016,0,0,0
0.065820,2.06780,9.465,0.093,-0.029,0,0,0
0.065840,2.06842,9.476,0.065,0.082,0,0,0
0.065860,2.06905,9.396,0.121,-0.004,0,0,0
0.065880,2.06968,9.440,0.098,-0.031,0,0,0
0.065900,2.07031,9.429,0.073,-0.041,0,0,0
0.065920,2.07094,9.373,0.088,-0.006,0,0,0
0.065940,2.07157,9.424,0.056,-0.068,0,0,0
0.065960,2.07219,9.315,0.024,-0.088,0,0,0
0.065980,2.07282,9.440,0.107,-0.040,0,0,0
0.066000,2.07345,9.311,0.207,0.042,0,0,0
0.066020,2.07408,9.361,0.112,0.032,0,0,0
0.066040,2.07471,9.228,0.050,-0.058,0,0,0
0.066060,2.07534,9.284,0.065,-0.002,0,0,0
0.066080,2.07596,9.187,0.116,-0.034,0,0,0
0.066100,2.07659,9.454,0.133,0.049,540,0,0
0.066120,2.07722,9.512,0.049,0.041,540,0,0
0.066140,2.07785,9.764,0.074,-0.048,540,0,0
0.066160,2.07848,9.955,0.076,0.001,540,0,0
0.066180,2.07911,10.174,0.070,-0.015,540,0,0
0.066200,2.07973,10.402,0.177,-0.004,540,0,0
0.066220,2.08036,10.557,0.124,0.024,540,0,0
0.066240,2.08099,10.874,0.098,-0.024,540,0,0
0.066260,2.08162,10.746,0.174,0.081,0,0,0
0.066280,2.08225,10.692,0.008,0.016,0,0,0
0.066300,2.08288,10.777,0.098,0.000,0,0,0
0.066320,2.08350,10.633,0.098,-0.011,0,0,0
0.066340,2.08413,10.747,0.062,0.049,0,0,0
0.066360,2.08476,10.737,0.129,0.026,0,0,0
0.066380,2.08539,10.606,0.132,0.043,0,0,0
0.066400,2.08602,10.676,0.040,-0.022,0,0,0
0.066420,2.08665,10.582,0.110,-0.011,0,0,0
0.066440,2.08727,10.570,0.051,0.056,0,0,0
0.066460,2.08790,10.589,0.035,-0.017,0,0,0
0.066480,2.08853,10.573,0.142,-0.032,0,0,0
0.066500,2.08916,10.565,0.159,0.022,0,0,0
0.066520,2.08979,10.476,0.060,-0.069,0,0,0
0.066540,2.09042,10.426,-0.006,-0.066,0,0,0
0.066560,2.09104,10.483,0.095,0.002,0,0,0
0.066580,2.09167,10.492,0.122,-0.020,0,0,0
0.066600,2.09230,10.452,-0.035,-0.019,0,0,0
0.066620,2.09293,10.411,0.107,-0.103,0,0,0
0.066640,2.09356,10.496,0.056,0.079,0,0,0
0.066660,2.09419,10.421,0.093,0.016,0,0,0
0.066680,2.09481,10.443,0.028,0.044,0,0,0
0.066700,2.09544,10.255,0.139,-0.046,0,0,0
0.066720,2.09607,10.301,-0.016,-0.047,0,0,0
0.066740,2.09670,10.281,0.139,0.072,0,0,0
0.066760,2.09733,10.308,0.100,-0.059,0,0,0
0.066780,2.09796,10.220,0.047,-0.006,0,0,0
0.066800,2.09858,10.333,0.051,0.080,0,0,0
0.066820,2.09921,10.337,0.105,0.064,0,0,0
0.066840,2.09984,10.214,0.127,0.039,0,0,0
0.066860,2.10047,10.212,0.030,0.067,0,0,0
0.066880,2.10110,10.242,0.145,0.014,0,0,0
0.066900,2.10173,10.189,0.143,0.001,0,0,0
0.066920,2.10235,10.213,0.173,-0.032,0,0,0
0.066940,2.10298,10.197,0.071,-0.013,0,0,0
0.066960,2.10361,10.186,0.137,-0.055,0,0,0
0.066980,2.10424,10.061,0.054,0.033,0,0,0
0.067000,2.10487,10.141,0.155,-0.082,0,0,0
0.067020,2.10550,10.068,0.066,-0.049,0,0,0
0.067040,2.10612,10.108,0.002,0.128,0,0,0
0.067060,2.10675,10.015,0.075,-0.019,0,0,0
0.067080,2.10738,10.004,-0.005,-0.003,0,0,0
0.067100,2.10801,10.031,0.141,0.040,0,0,0
0.067120,2.10864,10.025,0.040,0.042,0,0,0
0.067140,2.10927,9.963,0.077,-0.019,0,0,0
0.067160,2.10989,10.000,0.087,0.028,0,0,0
0.067180,2.11052,9.931,0.109,-0.031,0,0,0
0.067200,2.11115,9.955,0.098,0.134,0,0,0
0.067220,2.11178,10.006,0.054,0.124,0,0,0
0.067240,2.11241,9.854,0.138,-0.045,0,0,0
0.067260,2.11304,9.911,0.117,0.098,0,0,0
0.067280,2.11366,9.810,0.147,0.039,0,0,0
0.067300,2.11429,9.874,0.068,0.031,0,0,0
0.067320,2.11492,9.942,0.074,-0.063,0,0,0
0.067340,2.11555,9.834,0.139,-0.007,0,0,0
0.067360,2.11618,9.843,0.012,0.096,0,0,0
0.067380,2.11681,9.917,0.032,0.010,0,0,0
0.067400,2.11743,9.754,0.157,0.004,0,0,0
0.067420,2.11806,9.775,0.076,-0.045,0,0,0
0.067440,2.11869,9.713,0.075,-0.001,0,0,0
0.067460,2.11932,9.760,0.070,0.013,0,0,0
0.067480,2.11995,9.827,0.044,-0.051,0,0,0
0.067500,2.12058,9.697,0.074,-0.094,0,0,0
0.067520,2.12120,9.805,0.020,-0.037,0,0,0
0.067540,2.12183,9.771,0.125,-0.098,0,0,0
0.067560,2.12246,9.672,0.031,-0.059,0,0,0
0.067580,2.12309,9.719,0.077,-0.008,0,0,0
0.067600,2.12372,9.667,0.056,-0.074,0,0,0
0.067620,2.12434,9.609,0.024,-0.039,0,0,0
0.067640,2.12497,9.678,0.097,-0.065,0,0,0
0.067660,2.12560,9.697,0.059,0.024,0,0,0
0.067680,2.12623,9.664,0.082,-0.037,0,0,0
0.067700,2.12686,9.598,0.076,0.002,0,0,0
0.067720,2.12749,9.632,-0.027,-0.009,0,0,0
0.067740,2.12811,9.666,0.032,-0.036,0,0,0
0.067760,2.12874,9.585,0.039,-0.032,0,0,0
0.067780,2.12937,9.594,0.081,-0.017,0,0,0
0.067800,2.13000,9.536,0.107,0.004,0,0,0
0.067820,2.13063,9.567,0.083,0.028,0,0,0
0.067840,2.13126,9.525,0.038,-0.005,0,0,0
0.067860,2.13188,9.530,0.086,-0.020,0,0,0
0.067880,2.13251,9.459,0.053,0.036,0,0,0
0.067900,2.13314,9.554,0.111,-0.007,0,0,0
0.067920,2.13377,9.543,0.128,-0.052,0,0,0
0.067940,2.13440,9.556,0.052,-0.011,0,0,0
0.067960,2.13503,9.485,0.032,0.031,0,0,0
0.067980,2.13565,9.467,0.068,0.092,0,0,0
0.068000,2.13628,9.385,0.107,0.009,0,0,0
0.068020,2.13691,9.488,0.106,0.021,0,0,0
0.068040,2.13754,9.414,0.070,-0.004,0,0,0
0.068060,2.13817,9.457,0.507,0.073,0,540,0
0.068080,2.13880,9.445,1.421,0.034,0,540,0
0.068100,2.13942,9.438,2.391,-0.031,0,540,0
0.068120,2.14005,9.393,3.173,0.102,0,540,0
0.068140,2.14068,9.452,4.060,0.041,0,540,0
0.068160,2.14131,9.331,5.063,-0.025,0,540,0
0.068180,2.14194,9.488,5.795,0.039,0,540,0
0.068200,2.14257,9.304,6.771,0.018,0,540,0
0.068220,2.14319,9.357,7.736,0.010,0,540,0
0.068240,2.14382,9.344,8.649,-0.046,0,540,0
0.068260,2.14445,9.363,9.422,-0.006,0,540,0
0.068280,2.14508,9.426,10.349,0.070,0,540,0
0.068300,2.14571,9.367,10.831,0.031,0,0,0
0.068320,2.14634,9.370,10.720,-0.036,0,0,0
0.068340,2.14696,9.371,10.756,0.039,0,0,0
0.068360,2.14759,9.343,10.741,0.046,0,0,0
0.068380,2.14822,9.312,10.707,0.013,0,0,0
0.068400,2.14885,9.330,10.763,0.056,0,0,0
0.068420,2.14948,9.297,10.810,-0.034,0,0,0
0.068440,2.15011,9.226,10.781,-0.015,0,0,0
0.068460,2.15073,9.253,10.744,0.014,0,0,0
0.068480,2.15136,9.308,10.664,-0.042,0,0,0
0.068500,2.15199,9.274,10.644,-0.052,0,0,0
0.068520,2.15262,9.265,10.708,0.048,0,0,0
0.068540,2.15325,9.351,10.696,-0.001,540,0,0
0.068560,2.15388,9.564,10.545,0.003,540,0,0
0.068580,2.15450,9.760,10.603,0.125,540,0,0
0.068600,2.15513,9.911,10.729,0.043,540,0,0
0.068620,2.15576,10.154,10.639,0.014,540,0,0
0.068640,2.15639,10.313,10.686,0.017,540,0,0
0.068660,2.15702,10.552,10.600,0.058,540,0,0
0.068680,2.15765,10.776,10.590,0.134,540,0,0
0.068700,2.15827,10.885,10.600,0.069,0,0,0
0.068720,2.15890,10.844,10.539,0.105,0,0,0
0.068740,2.15953,10.848,10.555,0.034,0,0,0
0.068760,2.16016,10.749,10.604,-0.041,0,0,0
0.068780,2.16079,10.860,10.569,0.048,0,0,0
0.068800,2.16142,10.780,10.528,-0.023,0,0,0
0.068820,2.16204,10.735,10.470,0.063,0,0,0
0.068840,2.16267,10.846,10.648,0.066,0,0,0
0.068860,2.16330,10.712,10.520,-0.003,0,0,0
0.068880,2.16393,10.794,10.431,-0.009,0,0,0
0.068900,2.16456,10.826,10.378,-0.022,0,0,0
0.068920,2.16519,10.724,10.315,0.009,0,0,0
0.068940,2.16581,10.775,10.578,0.016,0,0,0
0.068960,2.16644,10.812,10.380,0.029,0,0,0
0.068980,2.16707,10.761,10.448,-0.047,0,0,0
0.069000,2.16770,10.767,10.410,-0.081,0,0,0
0.069020,2.16833,10.709,10.469,-0.000,0,0,0
0.069040,2.16896,10.822,10.337,0.015,0,0,0
0.069060,2.16958,10.687,10.335,0.014,0,0,0
0.069080,2.17021,10.757,10.323,0.025,0,0,0
0.069100,2.17084,10.727,10.321,0.065,0,0,0
0.069120,2.17147,10.678,10.303,0.015,0,0,0
0.069140,2.17210,10.623,10.366,0.011,0,0,0
0.069160,2.17273,10.621,10.248,-0.088,0,0,0
0.069180,2.17335,10.687,10.349,-0.015,0,0,0
0.069200,2.17398,10.672,10.239,-0.035,0,0,0
0.069220,2.17461,10.651,10.312,0.047,0,0,0
0.069240,2.17524,10.668,10.294,-0.128,0,0,0
0.069260,2.17587,10.705,10.253,-0.075,0,0,0
0.069280,2.17650,10.600,10.236,0.129,0,0,0
0.069300,2.17712,10.564,10.235,0.050,0,0,0
0.069320,2.17775,10.633,10.187,0.029,0,0,0
0.069340,2.17838,10.624,10.269,0.055,0,0,0
0.069360,2.17901,10.648,10.223,0.120,0,0,0
0.069380,2.17964,10.618,10.166,0.046,0,0,0
0.069400,2.18027,10.668,10.285,-0.000,0,0,0
0.069420,2.18089,10.631,10.067,-0.009,0,0,0
0.069440,2.18152,10.573,10.151,0.047,0,0,0
0.069460,2.18215,10.659,10.139,0.055,0,0,0
0.069480,2.18278,10.563,10.098,0.008,0,0,0
0.069500,2.18341,10.651,10.103,-0.047,0,0,0
0.069520,2.18404,10.580,10.153,-0.021,0,0,0
0.069540,2.18466,10.557,10.089,0.099,0,0,0
0.069560,2.18529,10.587,10.123,-0.009,0,0,0
0.069580,2.18592,10.544,10.056,-0.013,0,0,0
0.069600,2.18655,10.602,10.106,-0.025,0,0,0
0.069620,2.18718,10.509,10.059,0.002,0,0,0
0.069640,2.18781,10.476,10.050,0.046,0,0,0
0.069660,2.18843,10.439,10.034,0.037,0,0,0
0.069680,2.18906,10.557,9.984,0.030,0,0,0
0.069700,2.18969,10.525,10.048,-0.092,0,0,0
0.069720,2.19032,10.575,9.999,0.026,0,0,0
0.069740,2.19095,10.507,10.091,-0.026,0,0,0
0.069760,2.19158,10.445,9.995,0.001,0,0,0
0.069780,2.19220,10.466,9.968,-0.035,0,0,0
0.069800,2.19283,10.410,9.905,-0.122,0,0,0
0.069820,2.19346,10.478,9.974,0.014,0,0,0
0.069840,2.19409,10.473,9.945,-0.008,0,0,0
0.069860,2.19472,10.488,9.926,-0.074,0,0,0
0.069880,2.19534,10.485,9.895,0.056,0,0,0
0.069900,2.19597,10.468,9.932,0.078,0,0,0
0.069920,2.19660,10.422,9.832,-0.012,0,0,0
0.069940,2.19723,10.458,9.800,0.063,0,0,0
0.069960,2.19786,10.487,9.750,-0.064,0,0,0
0.069980,2.19849,10.482,9.767,0.044,0,0,0
0.070000,2.19911,10.497,9.882,0.005,0,0,0
0.070020,2.19974,10.390,9.777,-0.006,0,0,0
0.070040,2.20037,10.481,9.747,-0.006,0,0,0
0.070060,2.20100,10.364,9.761,0.018,0,0,0
0.070080,2.20163,10.505,9.818,0.001,0,0,0
0.070100,2.20226,10.425,9.766,0.025,0,0,0
0.070120,2.20288,10.426,9.735,-0.015,0,0,0
0.070140,2.20351,10.502,9.728,0.055,0,0,0
0.070160,2.20414,10.401,9.716,-0.050,0,0,0
0.070180,2.20477,10.318,9.702,-0.003,0,0,0
0.070200,2.20540,10.433,9.701,-0.033,0,0,0
0.070220,2.20603,10.375,9.622,-0.015,0,0,0
0.070240,2.20665,10.338,9.714,-0.021,0,0,0
0.070260,2.20728,10.328,9.723,0.022,0,0,0
0.070280,2.20791,10.351,9.580,-0.022,0,0,0
0.070300,2.20854,10.303,9.647,0.001,0,0,0
0.070320,2.20917,10.254,9.664,0.020,0,0,0
0.070340,2.20980,10.419,9.646,0.127,0,0,0
0.070360,2.21042,10.395,9.602,-0.005,0,0,0
0.070380,2.21105,10.311,9.548,0.054,0,0,0
0.070400,2.21168,10.407,9.577,0.036,0,0,0
0.070420,2.21231,10.358,9.581,-0.008,0,0,0
0.070440,2.21294,10.320,9.500,-0.005,0,0,0
0.070460,2.21357,10.285,9.551,0.000,0,0,0
0.070480,2.21419,10.307,9.464,-0.029,0,0,0
0.070500,2.21482,10.240,9.510,-0.055,0,0,0
0.070520,2.21545,10.328,9.494,-0.014,0,0,0
0.070540,2.21608,10.252,9.445,-0.056,0,0,0
0.070560,2.21671,10.413,9.309,-0.052,0,0,0
0.070580,2.21734,10.379,9.491,0.035,0,0,0
0.070600,2.21796,10.304,9.496,-0.045,0,0,0
0.070620,2.21859,10.368,9.333,-0.043,0,0,0
0.070640,2.21922,10.264,9.390,0.012,0,0,0
0.070660,2.21985,10.283,9.500,-0.010,0,0,0
0.070680,2.22048,10.219,9.381,-0.037,0,0,0
0.070700,2.22111,10.341,9.310,0.033,0,0,0
0.070720,2.22173,10.266,9.410,-0.153,0,0,0
0.070740,2.22236,10.389,9.254,0.025,0,0,0
0.070760,2.22299,10.336,9.350,-0.053,0,0,0
0.070780,2.22362,10.213,9.348,-0.024,0,0,0
0.070800,2.22425,10.298,9.236,0.007,0,0,0
0.070820,2.22488,10.263,9.253,-0.082,0,0,0
0.070840,2.22550,10.153,9.758,0.085,-540,540,0
0.070860,2.22613,9.875,10.627,0.002,-540,540,0
0.070880,2.22676,9.681,11.040,-0.025,-540,0,0
0.070900,2.22739,9.451,11.017,-0.144,-540,0,0
0.070920,2.22802,9.408,10.996,-0.014,-540,0,0
0.070940,2.22865,9.154,10.916,-0.009,-540,0,0
0.070960,2.22927,8.855,10.856,0.001,-540,0,0
0.070980,2.22990,8.755,10.845,0.051,-540,0,0
0.071000,2.23053,8.624,10.895,-0.048,-540,0,0
0.071020,2.23116,8.372,10.962,-0.008,-540,0,0
0.071040,2.23179,8.236,10.901,0.013,-540,0,0
0.071060,2.23242,8.057,10.852,-0.031,-540,0,0
0.071080,2.23304,7.842,10.864,-0.020,-540,0,0
0.071100,2.23367,7.689,10.748,-0.022,-540,0,0
0.071120,2.23430,7.434,10.715,0.049,-540,0,0
0.071140,2.23493,7.271,10.869,-0.013,-540,0,0
0.071160,2.23556,7.188,10.790,-0.039,-540,0,0
0.071180,2.23619,6.981,10.758,0.029,-540,0,0
0.071200,2.23681,6.786,10.700,0.058,-540,0,0
0.071220,2.23744,6.609,10.677,0.015,-540,0,0
0.071240,2.23807,6.487,10.667,0.009,-540,0,0
0.071260,2.23870,6.397,10.638,0.022,-540,0,0
0.071280,2.23933,6.150,10.627,-0.004,-540,0,0
0.071300,2.23996,6.075,10.686,0.017,-540,0,0
0.071320,2.24058,5.826,10.497,0.016,-540,0,0
0.071340,2.24121,5.791,10.561,0.060,-540,0,0
0.071360,2.24184,5.523,10.502,0.104,-540,0,0
0.071380,2.24247,5.471,10.496,0.011,-540,0,0
0.071400,2.24310,5.356,10.496,0.038,-540,0,0
0.071420,2.24373,5.161,10.445,-0.083,-540,0,0
0.071440,2.24435,5.012,10.498,0.048,-540,0,0
0.071460,2.24498,4.909,10.437,0.005,-540,0,0
0.071480,2.24561,4.750,10.466,0.003,-540,0,0
0.071500,2.24624,4.541,10.408,-0.074,-540,0,0
0.071520,2.24687,4.469,10.442,-0.018,-540,0,0
0.071540,2.24750,4.248,10.441,-0.021,-540,0,0
0.071560,2.24812,4.254,10.352,-0.061,-540,0,0
0.071580,2.24875,4.148,10.404,-0.017,-540,0,0
0.071600,2.24938,3.905,10.382,-0.081,-540,0,0
0.071620,2.25001,3.819,10.223,-0.037,-540,0,0
0.071640,2.25064,3.678,10.173,0.050,-540,0,0
0.071660,2.25127,3.557,10.255,-0.003,-540,0,0
0.071680,2.25189,3.429,10.140,0.010,-540,0,0
0.071700,2.25252,3.228,10.296,-0.017,-540,0,0
0.071720,2.25315,3.288,10.163,-0.093,-540,0,0
0.071740,2.25378,3.063,10.193,-0.023,-540,0,0
0.071760,2.25441,2.968,10.243,-0.073,-540,0,0
0.071780,2.25504,2.878,10.109,0.022,-540,0,0
0.071800,2.25566,2.825,10.109,-0.006,-540,0,0
0.071820,2.25629,2.652,10.089,0.075,-540,0,0
0.071840,2.25692,2.578,10.061,0.092,-540,0,0
0.071860,2.25755,2.342,10.026,-0.038,-540,0,0
0.071880,2.25818,2.307,9.933,0.027,-540,0,0
0.071900,2.25881,2.195,10.003,-0.040,-540,0,0
0.071920,2.25943,1.964,10.090,0.143,-540,0,0
0.071940,2.26006,2.012,10.013,-0.015,-540,0,0
0.071960,2.26069,1.882,9.948,-0.047,-540,0,0
0.071980,2.26132,1.651,9.876,-0.008,-540,0,0
0.072000,2.26195,1.608,9.948,0.031,-540,0,0
0.072020,2.26258,1.520,9.923,-0.047,-540,0,0
0.072040,2.26320,1.402,9.898,0.073,-540,0,0
0.072060,2.26383,1.262,9.905,0.032,-540,0,0
0.072080,2.26446,1.269,9.880,0.020,-540,0,0
0.072100,2.26509,1.201,9.778,-0.134,-540,0,0
0.072120,2.26572,1.061,9.756,0.085,-540,0,0
0.072140,2.26634,0.804,9.754,-0.005,-540,0,0
0.072160,2.26697,0.865,9.805,0.042,-540,0,0
0.072180,2.26760,0.682,9.675,0.064,-540,0,0
0.072200,2.26823,0.668,9.709,-0.010,-540,0,0
0.072220,2.26886,0.521,9.686,-0.084,-540,0,0
0.072240,2.26949,0.329,9.627,-0.004,-540,0,0
0.072260,2.27011,0.424,9.626,-0.004,-540,0,0
0.072280,2.27074,0.310,9.559,0.003,-540,0,0
0.072300,2.27137,0.376,9.533,0.075,0,0,0
0.072320,2.27200,0.219,9.478,-0.081,0,0,0
0.072340,2.27263,0.113,9.524,0.102,-540,0,0
0.072360,2.27326,0.151,9.450,0.021,0,0,0
0.072380,2.27388,0.267,9.498,-0.010,0,0,0
0.072400,2.27451,0.228,9.375,0.037,0,0,0
0.072420,2.27514,0.254,9.363,0.010,0,0,0
0.072440,2.27577,0.195,9.450,-0.096,0,0,0
0.072460,2.27640,0.170,9.292,-0.044,0,0,0
0.072480,2.27703,0.281,9.390,-0.009,0,0,0
0.072500,2.27765,0.193,9.327,-0.049,0,0,0
0.072520,2.27828,0.235,9.348,-0.028,0,0,0
0.072540,2.27891,0.213,9.252,-0.056,0,0,0
0.072560,2.27954,0.203,9.331,0.062,0,0,0
0.072580,2.28017,0.117,9.214,-0.014,0,0,0
0.072600,2.28080,0.179,9.531,0.031,0,540,0
0.072620,2.28142,0.226,10.391,-0.033,0,540,0
0.072640,2.28205,0.129,11.216,-0.054,0,540,0
0.072660,2.28268,0.179,11.275,-0.013,0,0,0
0.072680,2.28331,0.139,11.250,0.083,0,0,0
0.072700,2.28394,0.162,11.135,0.033,0,0,0
0.072720,2.28457,0.212,11.101,-0.035,0,0,0
0.072740,2.28519,0.175,11.148,-0.058,-540,0,0
0.072760,2.28582,0.174,11.017,-0.014,0,0,0
0.072780,2.28645,0.148,10.922,0.034,0,0,0
0.072800,2.28708,0.170,11.035,-0.063,0,0,0
0.072820,2.28771,0.161,10.924,0.003,0,0,0
0.072840,2.28834,0.194,10.912,-0.019,0,0,0
0.072860,2.28896,0.079,10.758,-0.011,0,0,0
0.072880,2.28959,0.160,10.819,-0.039,0,0,0
0.072900,2.29022,0.216,10.712,0.019,0,0,0
0.072920,2.29085,0.197,10.786,0.045,0,0,0
0.072940,2.29148,0.172,10.791,-0.030,0,0,0
0.072960,2.29211,0.174,10.791,0.109,0,0,0
0.072980,2.29273,0.226,10.634,0.057,0,0,0
0.073000,2.29336,0.116,10.645,-0.049,0,0,0
0.073020,2.29399,0.178,10.628,-0.058,0,0,0
0.073040,2.29462,0.081,10.579,0.021,0,0,0
0.073060,2.29525,0.199,10.509,0.084,0,0,0
0.073080,2.29588,0.141,10.506,0.001,0,0,0
0.073100,2.29650,0.119,10.517,0.135,0,0,0
0.073120,2.29713,0.192,10.524,0.054,0,0,0
0.073140,2.29776,0.107,10.321,0.032,0,0,0
0.073160,2.29839,0.175,10.375,-0.066,0,0,0
0.073180,2.29902,0.226,10.355,0.077,0,0,0
0.073200,2.29965,0.172,10.329,-0.016,0,0,0
0.073220,2.30027,0.228,10.398,-0.038,0,0,0
0.073240,2.30090,0.138,10.205,-0.063,0,0,0
0.073260,2.30153,0.153,10.202,0.139,0,0,0
0.073280,2.30216,0.153,10.110,-0.018,0,0,0
0.073300,2.30279,0.195,10.229,-0.005,0,0,0
0.073320,2.30342,0.208,10.258,-0.088,0,0,0
0.073340,2.30404,0.072,10.102,0.028,0,0,0
0.073360,2.30467,0.106,10.107,-0.005,0,0,0
0.073380,2.30530,0.167,9.980,0.080,0,0,0
0.073400,2.30593,0.157,9.984,0.023,0,0,0
0.073420,2.30656,0.233,9.934,0.121,0,0,0
0.073440,2.30719,0.237,9.916,0.026,0,0,0
0.073460,2.30781,0.210,9.830,-0.041,0,0,0
0.073480,2.30844,0.165,9.821,0.061,0,0,0
0.073500,2.30907,0.118,9.867,0.013,0,0,0
0.073520,2.30970,0.116,9.829,-0.024,0,0,0
0.073540,2.31033,0.097,9.735,0.011,0,0,0
0.073560,2.31096,0.205,9.757,0.081,0,0,0
0.073580,2.31158,0.271,9.629,0.068,0,0,0
0.073600,2.31221,0.234,9.625,0.023,0,0,0
0.073620,2.31284,0.107,9.599,-0.037,0,0,0
0.073640,2.31347,0.192,9.681,0.011,0,0,0
0.073660,2.31410,0.159,9.583,-0.068,0,0,0
0.073680,2.31473,0.232,9.545,0.028,0,0,0
0.073700,2.31535,0.113,9.448,0.016,0,0,0
0.073720,2.31598,0.151,9.526,-0.012,0,0,0
0.073740,2.31661,0.197,9.410,-0.041,0,0,0
0.073760,2.31724,0.197,9.279,-0.022,0,0,0
0.073780,2.31787,0.172,9.328,-0.030,0,0,0
0.073800,2.31850,0.168,9.278,-0.101,0,0,0
0.073820,2.31912,0.104,9.187,-0.083,0,0,0
0.073840,2.31975,0.116,9.270,-0.002,0,0,0
0.073860,2.32038,0.142,9.593,0.065,0,540,0
0.073880,2.32101,0.132,10.264,-0.028,0,540,0
0.073900,2.32164,0.124,11.039,0.015,0,540,0
0.073920,2.32227,0.028,10.974,0.001,0,0,0
0.073940,2.32289,0.206,10.939,0.041,0,0,0
0.073960,2.32352,0.161,10.930,-0.049,0,0,0
0.073980,2.32415,0.134,10.804,-0.045,0,0,0
0.074000,2.32478,0.186,10.812,-0.014,0,0,0
0.074020,2.32541,0.190,10.693,-0.027,0,0,0
0.074040,2.32604,0.134,10.696,0.038,0,0,0
0.074060,2.32666,0.117,10.687,0.012,0,0,0
0.074080,2.32729,0.167,10.692,0.001,0,0,0
0.074100,2.32792,0.225,10.485,0.006,0,0,0
0.074120,2.32855,0.120,10.519,0.024,0,0,0
0.074140,2.32918,0.170,10.479,-0.047,0,0,0
0.074160,2.32981,0.174,10.380,0.015,0,0,0
0.074180,2.33043,0.094,10.334,0.047,0,0,0
0.074200,2.33106,0.216,10.350,-0.049,0,0,0
0.074220,2.33169,0.180,10.172,0.038,0,0,0
0.074240,2.33232,0.036,10.307,-0.111,0,0,0
0.074260,2.33295,0.130,10.175,-0.049,0,0,0
0.074280,2.33358,0.163,10.165,0.093,0,0,0
0.074300,2.33420,0.154,10.144,-0.018,0,0,0
0.074320,2.33483,0.136,10.027,0.016,0,0,0
0.074340,2.33546,0.076,10.026,0.050,0,0,0
0.074360,2.33609,0.160,9.989,-0.043,0,0,0
0.074380,2.33672,0.126,9.972,-0.084,0,0,0
0.074400,2.33734,0.165,9.920,-0.041,0,0,0
0.074420,2.33797,0.115,9.797,-0.074,0,0,0
0.074440,2.33860,0.030,9.718,0.062,0,0,0
0.074460,2.33923,0.171,9.730,0.030,0,0,0
0.074480,2.33986,0.097,9.686,-0.071,0,0,0
0.074500,2.34049,0.178,9.685,0.013,0,0,0
0.074520,2.34111,0.082,9.614,-0.003,0,0,0
0.074540,2.34174,0.138,9.580,0.010,0,0,0
0.074560,2.34237,0.133,9.461,-0.060,0,0,0
0.074580,2.34300,0.137,9.420,-0.012,0,0,0
0.074600,2.34363,0.038,9.482,0.066,0,0,0
0.074620,2.34426,0.036,9.348,0.029,0,0,0
0.074640,2.34488,0.203,9.389,0.089,0,0,0
0.074660,2.34551,0.122,9.331,-0.071,0,0,0
0.074680,2.34614,0.127,9.256,-0.037,0,0,0
0.074700,2.34677,0.149,9.214,0.022,0,0,0
0.074720,2.34740,0.047,9.238,-0.095,0,0,0
0.074740,2.34803,0.128,9.515,0.001,0,540,0
0.074760,2.34865,0.065,10.056,-0.023,0,540,0
0.074780,2.34928,0.068,10.724,0.016,0,540,0
0.074800,2.34991,-0.024,11.114,0.035,0,0,0
0.074820,2.35054,0.006,10.941,0.045,0,0,0
0.074840,2.35117,0.101,10.981,-0.124,0,0,0
0.074860,2.35180,0.062,10.937,0.038,0,0,0
0.074880,2.35242,0.083,10.932,-0.077,0,0,0
0.074900,2.35305,0.042,10.833,0.029,0,0,0
0.074920,2.35368,0.085,10.741,0.002,0,0,0
0.074940,2.35431,0.046,10.622,-0.004,0,0,0
0.074960,2.35494,0.058,10.538,0.058,0,0,0
0.074980,2.35557,0.139,10.593,0.040,0,0,0
0.075000,2.35619,0.085,10.481,0.025,0,0,0
0.075020,2.35682,0.144,10.415,0.070,0,0,0
0.075040,2.35745,0.040,10.427,-0.039,0,0,0
0.075060,2.35808,0.065,10.302,-0.060,0,0,0
0.075080,2.35871,0.098,10.298,0.021,0,0,0
0.075100,2.35934,0.049,10.319,-0.013,0,0,0
0.075120,2.35996,0.064,10.242,-0.034,0,0,0
0.075140,2.36059,0.013,10.127,-0.103,0,0,0
0.075160,2.36122,-0.003,10.074,-0.003,0,0,0
0.075180,2.36185,0.133,9.979,-0.120,0,0,0
0.075200,2.36248,0.101,10.046,-0.014,0,0,0
0.075220,2.36311,0.137,9.948,0.013,0,0,0
0.075240,2.36373,0.030,9.988,0.023,0,0,0
0.075260,2.36436,0.053,9.821,-0.019,0,0,0
0.075280,2.36499,0.095,9.766,0.011,0,0,0
0.075300,2.36562,0.004,9.688,0.050,0,0,0
0.075320,2.36625,0.037,9.657,-0.052,0,0,0
0.075340,2.36688,-0.014,9.665,0.012,0,0,0
0.075360,2.36750,0.063,9.498,-0.009,0,0,0
0.075380,2.36813,0.046,9.542,0.058,0,0,0
0.075400,2.36876,0.052,9.428,0.048,0,0,0
0.075420,2.36939,0.097,9.295,0.026,0,0,0
0.075440,2.37002,0.065,9.341,-0.094,0,0,0
0.075460,2.37065,0.004,9.264,0.053,0,0,0
0.075480,2.37127,0.141,9.490,0.072,0,540,0
0.075500,2.37190,0.071,10.089,0.027,0,540,0
0.075520,2.37253,0.013,10.659,-0.021,0,540,0
0.075540,2.37316,0.137,10.904,-0.074,0,0,0
0.075560,2.37379,0.065,10.835,-0.001,0,0,0
0.075580,2.37442,0.177,10.908,0.055,0,0,0
0.075600,2.37504,0.038,10.715,0.007,0,0,0
0.075620,2.37567,0.035,10.728,-0.111,0,0,0
0.075640,2.37630,0.014,10.636,-0.015,0,0,0
0.075660,2.37693,0.067,10.555,0.071,0,0,0
0.075680,2.37756,0.130,10.490,-0.062,0,0,0
0.075700,2.37819,0.068,10.473,0.077,0,0,0
0.075720,2.37881,0.154,10.424,0.003,0,0,0
0.075740,2.37944,0.082,10.243,0.025,0,0,0
0.075760,2.38007,0.047,10.247,0.018,0,0,0
0.075780,2.38070,0.091,10.218,-0.005,0,0,0
0.075800,2.38133,-0.005,10.109,-0.011,0,0,0
0.075820,2.38196,0.030,10.050,-0.048,0,0,0
0.075840,2.38258,0.124,9.921,0.005,0,0,0
0.075860,2.38321,0.031,9.897,0.050,0,0,0
0.075880,2.38384,0.066,9.837,-0.047,0,0,0
0.075900,2.38447,-0.017,9.835,0.009,0,0,0
0.075920,2.38510,0.070,9.780,-0.044,0,0,0
0.075940,2.38573,0.024,9.635,0.077,0,0,0
0.075960,2.38635,0.024,9.668,0.096,0,0,0
0.075980,2.38698,0.134,9.664,-0.038,0,0,0
0.076000,2.38761,0.188,9.468,0.070,0,0,0
0.076020,2.38824,0.145,9.469,0.007,0,0,0
0.076040,2.38887,0.034,9.400,0.069,0,0,0
0.076060,2.38950,0.057,9.308,0.068,0,0,0
0.076080,2.39012,0.064,9.306,0.049,0,0,0
0.076100,2.39075,0.085,9.274,0.040,0,0,0
0.076120,2.39138,0.075,9.748,-0.018,0,540,0
0.076140,2.39201,0.121,10.239,0.100,0,540,0
0.076160,2.39264,0.109,10.749,0.005,0,540,0
0.076180,2.39327,0.191,10.998,0.001,0,0,0
0.076200,2.39389,0.117,10.862,0.002,0,0,0
0.076220,2.39452,0.158,10.936,-0.014,0,0,0
0.076240,2.39515,0.083,10.798,-0.013,0,0,0
0.076260,2.39578,0.069,10.742,0.014,0,0,0
0.076280,2.39641,0.013,10.650,-0.013,0,0,0
0.076300,2.39704,0.090,10.627,-0.082,0,0,0
0.076320,2.39766,0.072,10.591,-0.020,0,0,0
0.076340,2.39829,0.149,10.311,-0.019,0,0,0
0.076360,2.39892,0.147,10.375,0.054,0,0,0
0.076380,2.39955,0.051,10.254,-0.025,0,0,0
0.076400,2.40018,0.103,10.227,0.055,0,0,0
0.076420,2.40081,0.078,10.084,-0.034,0,0,0
0.076440,2.40143,0.147,10.163,-0.076,0,0,0
0.076460,2.40206,0.107,9.975,-0.043,0,0,0
0.076480,2.40269,0.089,9.947,-0.022,0,0,0
0.076500,2.40332,0.093,9.868,-0.017,0,0,0
0.076520,2.40395,0.060,9.803,0.050,0,0,0
0.076540,2.40458,0.074,9.831,-0.070,0,0,0
0.076560,2.40520,-0.003,9.654,0.005,0,0,0
0.076580,2.40583,-0.014,9.709,-0.054,0,0,0
0.076600,2.40646,0.120,9.641,-0.043,0,0,0
0.076620,2.40709,0.036,9.504,-0.007,0,0,0
0.076640,2.40772,-0.056,9.490,-0.063,0,0,0
0.076660,2.40834,0.136,9.392,0.004,0,0,0
0.076680,2.40897,0.069,9.292,0.045,0,0,0
0.076700,2.40960,0.087,9.255,-0.089,0,0,0
0.076720,2.41023,0.050,9.283,-0.057,0,0,0
0.076740,2.41086,0.054,9.226,0.012,0,0,0
0.076760,2.41149,0.035,9.638,0.075,0,540,0
0.076780,2.41211,0.104,10.059,-0.030,0,540,0
0.076800,2.41274,0.015,10.431,0.004,0,540,0
0.076820,2.41337,0.130,10.914,-0.032,0,540,0
0.076840,2.41400,-0.007,10.882,-0.059,0,0,0
0.076860,2.41463,0.096,10.887,0.109,0,0,0
0.076880,2.41526,0.112,10.625,0.040,0,0,0
0.076900,2.41588,0.079,10.664,0.052,0,0,0
0.076920,2.41651,0.070,10.565,-0.047,0,0,0
0.076940,2.41714,-0.000,10.432,0.063,0,0,0
0.076960,2.41777,0.009,10.463,-0.078,0,0,0
0.076980,2.41840,0.002,10.423,0.033,0,0,0
0.077000,2.41903,0.011,10.274,-0.038,0,0,0
0.077020,2.41965,0.052,10.164,0.055,0,0,0
0.077040,2.42028,0.165,10.214,-0.020,0,0,0
0.077060,2.42091,0.151,10.061,0.026,0,0,0
0.077080,2.42154,0.102,10.084,0.011,0,0,0
0.077100,2.42217,0.150,10.037,-0.071,0,0,0
0.077120,2.42280,0.036,9.884,0.044,0,0,0
0.077140,2.42342,0.093,9.879,0.004,0,0,0
0.077160,2.42405,0.180,9.699,0.023,0,0,0
0.077180,2.42468,0.110,9.675,0.012,0,0,0
0.077200,2.42531,0.066,9.699,0.009,0,0,0
0.077220,2.42594,0.107,9.567,-0.027,0,0,0
0.077240,2.42657,0.131,9.536,-0.023,0,0,0
0.077260,2.42719,0.134,9.459,-0.041,0,0,0
0.077280,2.42782,-0.001,9.449,-0.018,0,0,0
0.077300,2.42845,0.197,9.362,0.012,0,0,0
0.077320,2.42908,0.053,9.279,-0.040,0,0,0
0.077340,2.42971,0.060,9.153,0.022,0,0,0
0.077360,2.43034,0.022,9.349,-0.024,0,540,0
0.077380,2.43096,0.102,9.772,-0.079,0,540,0
0.077400,2.43159,0.131,10.110,-0.021,0,540,0
0.077420,2.43222,-0.058,10.605,0.033,0,540,0
0.077440,2.43285,0.190,10.867,-0.045,0,540,0
0.077460,2.43348,0.115,10.811,-0.052,0,0,0
0.077480,2.43411,0.181,10.661,0.007,0,0,0
0.077500,2.43473,0.036,10.640,-0.082,0,0,0
0.077520,2.43536,0.116,10.641,-0.046,0,0,0
0.077540,2.43599,0.055,10.693,-0.072,0,0,0
0.077560,2.43662,0.091,10.632,0.001,0,0,0
0.077580,2.43725,-0.023,10.413,0.039,0,0,0
0.077600,2.43788,0.028,10.333,-0.062,0,0,0
0.077620,2.43850,0.077,10.269,-0.108,0,0,0
0.077640,2.43913,0.106,10.293,-0.010,0,0,0
0.077660,2.43976,0.083,10.180,0.060,0,0,0
0.077680,2.44039,0.075,10.023,-0.045,0,0,0
0.077700,2.44102,0.116,9.959,0.088,0,0,0
0.077720,2.44165,0.017,10.066,0.019,0,0,0
0.077740,2.44227,0.056,9.986,0.026,0,0,0
0.077760,2.44290,0.034,9.866,0.012,0,0,0
0.077780,2.44353,0.124,9.767,0.033,0,0,0
0.077800,2.44416,0.120,9.672,-0.063,0,0,0
0.077820,2.44479,0.113,9.601,-0.014,0,0,0
0.077840,2.44542,0.051,9.630,0.019,0,0,0
0.077860,2.44604,0.047,9.504,-0.007,0,0,0
0.077880,2.44667,-0.028,9.490,0.075,0,0,0
0.077900,2.44730,-0.003,9.355,0.008,0,0,0
0.077920,2.44793,0.152,9.377,0.039,0,0,0
0.077940,2.44856,0.060,9.285,-0.095,0,0,0
0.077960,2.44919,0.077,9.294,-0.014,0,540,0
0.077980,2.44981,0.109,9.680,0.073,0,540,0
0.078000,2.45044,0.168,10.075,0.006,0,540,0
0.078020,2.45107,0.072,10.512,-0.039,0,540,0
0.078040,2.45170,0.083,10.805,-0.038,0,540,0
0.078060,2.45233,0.047,10.741,0.047,0,0,0
0.078080,2.45296,0.155,10.616,-0.158,0,0,0
0.078100,2.45358,0.065,10.518,0.025,0,0,0
0.078120,2.45421,0.069,10.576,0.049,0,0,0
0.078140,2.45484,0.165,10.522,0.040,0,0,0
0.078160,2.45547,0.149,10.369,-0.004,0,0,0
0.078180,2.45610,0.068,10.346,0.035,0,0,0
0.078200,2.45673,0.094,10.258,0.027,0,0,0
0.078220,2.45735,0.068,10.093,0.066,0,0,0
0.078240,2.45798,0.031,10.124,0.042,0,0,0
0.078260,2.45861,0.120,10.056,0.009,0,0,0
0.078280,2.45924,0.017,10.004,-0.008,0,0,0
0.078300,2.45987,0.050,9.878,0.077,0,0,0
0.078320,2.46050,0.112,9.786,-0.028,0,0,0
0.078340,2.46112,-0.044,9.775,-0.036,0,0,0
0.078360,2.46175,0.049,9.805,-0.027,0,0,0
0.078380,2.46238,0.017,9.747,-0.037,0,0,0
0.078400,2.46301,0.117,9.554,0.037,0,0,0
0.078420,2.46364,0.077,9.509,-0.087,0,0,0
0.078440,2.46427,0.051,9.486,-0.021,0,0,0
0.078460,2.46489,0.149,9.395,-0.085,0,0,0
0.078480,2.46552,-0.002,9.368,-0.028,0,0,0
0.078500,2.46615,0.062,9.213,0.046,0,0,0
0.078520,2.46678,0.101,9.236,-0.104,0,0,0
0.078540,2.46741,0.055,9.386,0.017,0,540,0
0.078560,2.46804,0.040,9.582,0.016,0,540,0
0.078580,2.46866,0.105,9.960,-0.024,0,540,0
0.078600,2.46929,0.061,10.330,-0.022,0,540,0
0.078620,2.46992,0.127,10.567,0.020,0,540,0
0.078640,2.47055,0.076,10.918,-0.085,0,540,0
0.078660,2.47118,0.118,10.808,0.042,0,0,0
0.078680,2.47181,0.108,10.772,0.040,0,0,0
0.078700,2.47243,0.026,10.678,0.006,0,0,0
0.078720,2.47306,0.069,10.630,-0.035,0,0,0
0.078740,2.47369,0.118,10.606,-0.039,0,0,0
0.078760,2.47432,-0.020,10.484,0.083,0,0,0
0.078780,2.47495,0.077,10.553,-0.036,0,0,0
0.078800,2.47558,0.071,10.376,-0.039,0,0,0
0.078820,2.47620,0.099,10.384,-0.067,0,0,0
0.078840,2.47683,0.035,10.283,0.050,0,0,0
0.078860,2.47746,0.039,10.173,-0.027,0,0,0
0.078880,2.47809,0.036,10.146,-0.031,0,0,0
0.078900,2.47872,0.081,10.057,-0.025,0,0,0
0.078920,2.47934,0.090,9.999,0.067,0,0,0
0.078940,2.47997,0.075,9.947,-0.016,0,0,0
0.078960,2.48060,0.129,9.964,-0.010,0,0,0
0.078980,2.48123,0.113,9.877,0.039,0,0,0
0.079000,2.48186,0.069,9.773,-0.028,0,0,0
0.079020,2.48249,0.042,9.763,-0.039,0,0,0
0.079040,2.48311,0.017,9.721,0.022,0,0,0
0.079060,2.48374,0.116,9.599,0.075,0,0,0
0.079080,2.48437,0.121,9.478,-0.078,0,0,0
0.079100,2.48500,0.055,9.563,0.043,0,0,0
0.079120,2.48563,0.114,9.477,0.027,0,0,0
0.079140,2.48626,0.071,9.321,0.064,0,0,0
0.079160,2.48688,0.175,9.299,-0.040,0,0,0
0.079180,2.48751,0.082,9.281,-0.015,0,0,0
0.079200,2.48814,0.113,9.206,0.045,0,0,0
0.079220,2.48877,0.033,9.185,-0.039,0,0,0
0.079240,2.48940,0.048,9.273,0.116,0,540,0
0.079260,2.49003,0.125,9.508,-0.070,0,540,0
0.079280,2.49065,0.122,9.836,0.108,0,540,0
0.079300,2.49128,0.130,10.145,-0.063,0,540,0
0.079320,2.49191,0.116,10.300,0.060,0,540,0
0.079340,2.49254,0.054,10.634,0.062,0,540,0
0.079360,2.49317,0.041,10.868,-0.033,0,540,0
0.079380,2.49380,0.074,10.817,-0.071,0,0,0
0.079400,2.49442,0.014,10.845,0.005,0,0,0
0.079420,2.49505,0.120,10.793,-0.081,0,0,0
0.079440,2.49568,-0.018,10.656,0.046,0,0,0
0.079460,2.49631,0.141,10.730,0.008,0,0,0
0.079480,2.49694,0.074,10.590,0.061,0,0,0
0.079500,2.49757,0.111,10.499,-0.017,0,0,0
0.079520,2.49819,0.103,10.351,0.096,0,0,0
0.079540,2.49882,0.149,10.454,0.010,0,0,0
0.079560,2.49945,0.046,10.236,0.043,0,0,0
0.079580,2.50008,0.144,10.267,0.023,0,0,0
0.079600,2.50071,0.003,10.241,-0.056,0,0,0
0.079620,2.50134,-0.007,10.121,0.047,0,0,0
0.079640,2.50196,0.099,10.145,0.024,0,0,0
0.079660,2.50259,0.012,10.166,-0.026,0,0,0
0.079680,2.50322,0.141,9.973,0.027,0,0,0
0.079700,2.50385,0.086,9.999,-0.095,0,0,0
0.079720,2.50448,0.057,9.981,-0.022,0,0,0
0.079740,2.50511,0.103,9.821,-0.018,0,0,0
0.079760,2.50573,0.113,9.771,-0.012,0,0,0
0.079780,2.50636,0.037,9.770,0.096,0,0,0
0.079800,2.50699,0.094,9.629,0.051,0,0,0
0.079820,2.50762,0.104,9.772,-0.017,0,0,0
0.079840,2.50825,0.010,9.636,-0.014,0,0,0
0.079860,2.50888,0.038,9.519,-0.038,0,0,0
0.079880,2.50950,0.055,9.552,-0.032,0,0,0
0.079900,2.51013,0.123,9.440,0.044,0,0,0
0.079920,2.51076,0.029,9.396,-0.028,0,0,0
0.079940,2.51139,0.013,9.334,0.039,0,0,0
0.079960,2.51202,0.046,9.313,0.019,0,0,0
0.079980,2.51265,0.099,9.335,-0.050,0,0,0
0.080000,2.51327,0.039,9.321,-0.038,0,0,0
0.080020,2.51390,0.104,9.544,0.049,0,540,0
0.080040,2.51453,0.087,9.775,0.024,0,540,0
0.080060,2.51516,0.095,9.994,-0.040,0,540,0
0.080080,2.51579,0.028,10.140,-0.016,0,540,0
0.080100,2.51642,0.098,10.534,0.026,0,540,0
0.080120,2.51704,0.049,10.678,0.115,0,540,0
0.080140,2.51767,-0.012,10.672,-0.079,0,0,0
0.080160,2.51830,0.077,10.657,-0.038,0,0,0
0.080180,2.51893,0.154,10.560,-0.004,0,0,0
0.080200,2.51956,0.099,10.497,-0.008,0,0,0
0.080220,2.52019,0.093,10.448,-0.043,0,0,0
0.080240,2.52081,0.045,10.392,0.038,0,0,0
0.080260,2.52144,0.098,10.305,0.080,0,0,0
0.080280,2.52207,0.017,10.317,-0.008,0,0,0
0.080300,2.52270,0.053,10.292,-0.067,0,0,0
0.080320,2.52333,0.107,10.294,-0.040,0,0,0
0.080340,2.52396,0.065,10.114,-0.019,0,0,0
0.080360,2.52458,0.076,10.224,0.179,0,0,0
0.080380,2.52521,0.054,10.033,0.117,0,0,0
0.080400,2.52584,0.037,10.153,-0.044,0,0,0
0.080420,2.52647,0.152,10.056,-0.025,0,0,0
0.080440,2.52710,0.067,9.958,0.121,0,0,0
0.080460,2.52773,-0.001,9.943,-0.038,0,0,0
0.080480,2.52835,0.081,9.926,0.013,0,0,0
0.080500,2.52898,0.116,9.855,-0.049,0,0,0
0.080520,2.52961,0.035,9.715,-0.040,0,0,0
0.080540,2.53024,0.071,9.660,-0.004,0,0,0
0.080560,2.53087,0.037,9.675,0.020,0,0,0
0.080580,2.53150,0.069,9.741,-0.123,0,0,0
0.080600,2.53212,0.117,9.714,-0.034,0,0,0
0.080620,2.53275,0.039,9.574,0.016,0,0,0
0.080640,2.53338,0.145,9.504,0.022,0,0,0
0.080660,2.53401,0.137,9.534,-0.070,0,0,0
0.080680,2.53464,0.068,9.489,-0.101,0,0,0
0.080700,2.53527,0.085,9.404,-0.016,0,0,0
0.080720,2.53589,0.033,9.424,0.074,0,0,0
0.080740,2.53652,-0.015,9.337,0.004,0,0,0
0.080760,2.53715,0.002,9.354,-0.056,0,0,0
0.080780,2.53778,0.105,9.218,-0.014,0,0,0
0.080800,2.53841,0.065,9.215,0.027,0,0,0
0.080820,2.53904,0.002,9.302,0.050,0,540,0
0.080840,2.53966,0.057,9.437,-0.018,0,540,0
0.080860,2.54029,0.116,9.806,-0.022,0,540,0
0.080880,2.54092,0.112,10.043,-0.081,0,540,0
0.080900,2.54155,0.154,10.109,0.083,0,540,0
0.080920,2.54218,0.007,10.368,0.009,0,540,0
0.080940,2.54281,0.055,10.687,-0.053,0,540,0
0.080960,2.54343,0.051,11.011,0.066,0,540,0
0.080980,2.54406,0.079,10.930,-0.004,0,0,0
0.081000,2.54469,0.136,10.839,-0.000,0,0,0
0.081020,2.54532,-0.002,10.862,-0.004,0,0,0
0.081040,2.54595,0.123,10.755,-0.028,0,0,0
0.081060,2.54658,0.065,10.692,0.040,0,0,0
0.081080,2.54720,0.053,10.691,0.065,0,0,0
0.081100,2.54783,0.121,10.620,-0.039,0,0,0
0.081120,2.54846,0.080,10.601,0.024,0,0,0
0.081140,2.54909,0.114,10.531,-0.000,0,0,0
0.081160,2.54972,0.030,10.482,-0.060,0,0,0
0.081180,2.55034,0.102,10.436,-0.090,0,0,0
0.081200,2.55097,0.062,10.450,0.030,0,0,0
0.081220,2.55160,0.077,10.492,0.019,0,0,0
0.081240,2.55223,0.094,10.466,0.030,0,0,0
0.081260,2.55286,0.073,10.363,-0.051,0,0,0
0.081280,2.55349,0.021,10.399,0.063,0,0,0
0.081300,2.55411,0.075,10.198,-0.051,0,0,0
0.081320,2.55474,0.024,10.170,-0.049,0,0,0
0.081340,2.55537,0.064,10.142,0.046,0,0,0
0.081360,2.55600,0.113,10.206,-0.072,0,0,0
0.081380,2.55663,0.091,10.179,0.039,0,0,0
0.081400,2.55726,-0.011,10.086,-0.024,0,0,0
0.081420,2.55788,0.026,9.964,0.047,0,0,0
0.081440,2.55851,0.091,10.027,-0.060,0,0,0
0.081460,2.55914,0.032,10.016,-0.027,0,0,0
0.081480,2.55977,0.109,9.953,-0.031,0,0,0
0.081500,2.56040,0.020,9.865,-0.015,0,0,0
0.081520,2.56103,0.005,9.816,0.025,0,0,0
0.081540,2.56165,0.057,9.879,-0.047,0,0,0
0.081560,2.56228,0.114,9.870,0.016,0,0,0
0.081580,2.56291,0.097,9.756,-0.074,0,0,0
0.081600,2.56354,0.052,9.845,-0.046,0,0,0
0.081620,2.56417,0.003,9.692,-0.066,0,0,0
0.081640,2.56480,0.112,9.691,-0.011,0,0,0
0.081660,2.56542,0.117,9.674,0.009,0,0,0
0.081680,2.56605,0.063,9.671,-0.043,0,0,0
0.081700,2.56668,0.061,9.643,0.029,0,0,0
0.081720,2.56731,0.087,9.544,0.025,0,0,0
0.081740,2.56794,0.056,9.534,0.012,0,0,0
0.081760,2.56857,0.093,9.419,0.043,0,0,0
0.081780,2.56919,0.138,9.450,-0.007,0,0,0
0.081800,2.56982,0.049,9.423,0.006,0,0,0
0.081820,2.57045,0.016,9.467,-0.153,0,0,0
0.081840,2.57108,0.126,9.365,0.014,0,0,0
0.081860,2.57171,0.087,9.430,-0.037,0,0,0
0.081880,2.57234,0.188,9.372,0.036,0,0,0
0.081900,2.57296,0.118,9.344,-0.045,0,0,0
0.081920,2.57359,0.089,9.300,0.069,0,0,0
0.081940,2.57422,0.119,9.342,-0.020,0,0,0
0.081960,2.57485,0.071,9.344,-0.015,0,540,0
0.081980,2.57548,0.136,9.589,-0.080,0,540,0
0.082000,2.57611,0.082,9.835,0.052,0,540,0
0.082020,2.57673,0.024,10.018,-0.054,0,540,0
0.082040,2.57736,0.088,10.310,-0.016,0,540,0
0.082060,2.57799,0.081,10.506,-0.024,0,540,0
0.082080,2.57862,0.134,10.825,0.063,0,540,0
0.082100,2.57925,0.131,10.833,-0.041,0,0,0
0.082120,2.57988,0.099,10.843,0.035,0,0,0
0.082140,2.58050,0.095,10.821,0.013,0,0,0
0.082160,2.58113,0.097,10.801,-0.017,0,0,0
0.082180,2.58176,0.065,10.724,-0.098,0,0,0
0.082200,2.58239,0.033,10.697,-0.066,0,0,0
0.082220,2.58302,0.047,10.701,0.009,0,0,0
0.082240,2.58365,0.052,10.770,0.083,0,0,0
0.082260,2.58427,0.045,10.659,0.035,0,0,0
0.082280,2.58490,0.106,10.625,0.009,0,0,0
0.082300,2.58553,0.083,10.553,0.013,0,0,0
0.082320,2.58616,0.043,10.522,-0.072,0,0,0
0.082340,2.58679,0.068,10.489,0.058,0,0,0
0.082360,2.58742,0.085,10.506,-0.035,0,0,0
0.082380,2.58804,0.112,10.459,0.097,0,0,0
0.082400,2.58867,0.060,10.452,0.054,0,0,0
0.082420,2.58930,0.085,10.331,0.053,0,0,0
0.082440,2.58993,0.057,10.372,0.033,0,0,0
0.082460,2.59056,0.012,10.406,0.037,0,0,0
0.082480,2.59119,0.098,10.327,-0.060,0,0,0
0.082500,2.59181,0.114,10.372,-0.040,0,0,0
0.082520,2.59244,0.123,10.282,-0.045,0,0,0
0.082540,2.59307,0.067,10.223,-0.065,0,0,0
0.082560,2.59370,0.104,10.273,0.003,0,0,0
0.082580,2.59433,0.057,10.219,0.062,0,0,0
0.082600,2.59496,0.181,10.180,-0.015,0,0,0
0.082620,2.59558,0.018,10.136,0.040,0,0,0
0.082640,2.59621,0.027,10.162,-0.002,0,0,0
0.082660,2.59684,0.086,10.215,-0.021,0,0,0
0.082680,2.59747,0.142,10.073,0.037,0,0,0
0.082700,2.59810,0.028,10.049,0.005,0,0,0
0.082720,2.59873,0.143,10.053,-0.022,0,0,0
0.082740,2.59935,0.050,9.993,0.007,0,0,0
0.082760,2.59998,-0.018,9.995,0.086,0,0,0
0.082780,2.60061,0.108,9.977,-0.050,0,0,0
0.082800,2.60124,-0.071,10.016,0.083,0,0,0
0.082820,2.60187,0.078,9.983,0.014,0,0,0
0.082840,2.60250,0.022,9.825,0.020,0,0,0
0.082860,2.60312,0.129,9.899,-0.023,0,0,0
0.082880,2.60375,0.050,9.929,0.042,0,0,0
0.082900,2.60438,0.082,9.880,0.006,0,0,0
0.082920,2.60501,0.126,9.810,-0.029,0,0,0
0.082940,2.60564,0.168,9.878,0.084,0,0,0
0.082960,2.60627,0.068,9.825,0.024,0,0,0
0.082980,2.60689,0.129,9.733,0.047,0,0,0
0.083000,2.60752,0.038,9.795,0.118,0,0,0
0.083020,2.60815,0.037,9.733,-0.042,0,0,0
0.083040,2.60878,0.109,9.837,0.037,0,0,0
0.083060,2.60941,0.094,9.778,-0.051,0,0,0
0.083080,2.61004,0.224,9.691,0.045,0,0,0
0.083100,2.61066,0.118,9.690,-0.036,0,0,0
0.083120,2.61129,0.099,9.607,-0.034,0,0,0
0.083140,2.61192,0.083,9.684,-0.064,0,0,0
0.083160,2.61255,0.130,9.645,-0.069,0,0,0
0.083180,2.61318,-0.031,9.634,-0.029,0,0,0
0.083200,2.61381,-0.015,9.594,0.037,0,0,0
0.083220,2.61443,0.055,9.521,-0.020,0,0,0
0.083240,2.61506,0.034,9.508,-0.002,0,0,0
0.083260,2.61569,0.043,9.594,-0.048,0,0,0
0.083280,2.61632,0.020,9.564,0.009,0,0,0
0.083300,2.61695,0.133,9.479,-0.029,0,0,0
0.083320,2.61757,0.034,9.550,-0.060,0,0,0
0.083340,2.61820,0.085,9.532,0.009,0,0,0
0.083360,2.61883,0.126,9.529,-0.049,0,0,0
0.083380,2.61946,0.065,9.435,0.010,0,0,0
0.083400,2.62009,-0.035,9.497,0.058,0,0,0
0.083420,2.62072,0.073,9.469,-0.001,0,0,0
0.083440,2.62134,0.073,9.334,0.047,0,0,0
0.083460,2.62197,0.087,9.315,0.012,0,0,0
0.083480,2.62260,0.043,9.325,0.010,0,0,0
0.083500,2.62323,0.052,9.309,0.010,0,0,0
0.083520,2.62386,0.101,9.445,0.028,0,0,0
0.083540,2.62449,0.065,9.264,-0.005,0,0,0
0.083560,2.62511,0.116,9.332,-0.051,0,0,0
0.083580,2.62574,0.080,9.351,-0.020,0,0,0
0.083600,2.62637,0.101,9.352,-0.029,0,0,0
0.083620,2.62700,0.191,9.236,-0.105,0,0,0
0.083640,2.62763,-0.001,9.195,0.007,0,0,0
0.083660,2.62826,0.054,9.126,0.079,0,0,0
0.083680,2.62888,0.093,9.281,-0.011,0,0,0
0.083700,2.62951,0.055,9.087,0.013,0,0,0
0.083720,2.63014,0.123,9.389,0.004,0,540,0
0.083740,2.63077,0.088,9.633,-0.136,0,540,0
0.083760,2.63140,0.038,9.868,-0.074,0,540,0
0.083780,2.63203,0.108,10.056,-0.005,0,540,0
0.083800,2.63265,0.088,10.233,-0.071,0,540,0
0.083820,2.63328,0.065,10.484,0.013,0,540,0
0.083840,2.63391,0.166,10.659,-0.012,0,540,0
0.083860,2.63454,0.116,10.909,0.009,0,540,0
0.083880,2.63517,0.140,10.899,0.033,0,0,0
0.083900,2.63580,0.083,10.838,-0.013,0,0,0
0.083920,2.63642,-0.036,10.773,-0.075,0,0,0
0.083940,2.63705,0.058,10.764,0.054,0,0,0
0.083960,2.63768,0.027,10.864,0.097,0,0,0
0.083980,2.63831,0.150,10.845,-0.016,0,0,0
0.084000,2.63894,0.160,10.761,0.071,0,0,0
0.084020,2.63957,0.026,10.707,-0.007,0,0,0
0.084040,2.64019,0.069,10.715,-0.040,0,0,0
0.084060,2.64082,0.064,10.721,0.016,0,0,0
0.084080,2.64145,0.055,10.616,0.073,0,0,0
0.084100,2.64208,0.030,10.714,-0.033,0,0,0
0.084120,2.64271,0.074,10.644,-0.101,0,0,0
0.084140,2.64334,-0.025,10.689,0.035,0,0,0
0.084160,2.64396,0.023,10.692,0.052,0,0,0
0.084180,2.64459,0.127,10.606,0.003,0,0,0
0.084200,2.64522,0.086,10.527,-0.027,0,0,0
0.084220,2.64585,0.171,10.557,-0.025,0,0,0
0.084240,2.64648,0.024,10.579,-0.082,0,0,0
0.084260,2.64711,0.124,10.580,0.071,0,0,0
0.084280,2.64773,0.137,10.578,-0.027,0,0,0
0.084300,2.64836,0.054,10.619,0.049,0,0,0
0.084320,2.64899,0.105,10.591,-0.025,0,0,0
0.084340,2.64962,0.098,10.504,-0.053,0,0,0
0.084360,2.65025,0.044,10.492,0.041,0,0,0
0.084380,2.65088,0.047,10.426,0.068,0,0,0
0.084400,2.65150,0.085,10.519,0.045,0,0,0
0.084420,2.65213,0.156,10.411,0.015,0,0,0
0.084440,2.65276,0.135,10.421,-0.054,0,0,0
0.084460,2.65339,0.043,10.427,0.053,0,0,0
0.084480,2.65402,0.114,10.529,0.009,0,0,0
0.084500,2.65465,0.067,10.441,0.066,0,0,0
0.084520,2.65527,0.080,10.366,0.021,0,0,0
0.084540,2.65590,0.097,10.424,-0.011,0,0,0
0.084560,2.65653,0.154,10.396,0.006,0,0,0
0.084580,2.65716,0.071,10.401,-0.098,0,0,0
0.084600,2.65779,0.071,10.323,-0.023,0,0,0
0.084620,2.65842,0.137,10.354,0.084,0,0,0
0.084640,2.65904,0.074,10.319,0.011,0,0,0
0.084660,2.65967,0.002,10.299,-0.002,0,0,0
0.084680,2.66030,0.080,10.314,0.029,0,0,0
0.084700,2.66093,0.055,10.300,0.018,0,0,0
0.084720,2.66156,0.083,10.229,-0.013,0,0,0
0.084740,2.66219,0.127,10.275,-0.121,0,0,0
0.084760,2.66281,0.005,10.334,0.034,0,0,0
0.084780,2.66344,0.100,10.209,-0.012,0,0,0
0.084800,2.66407,0.028,10.305,0.115,0,0,0
0.084820,2.66470,0.079,10.164,-0.009,0,0,0
0.084840,2.66533,-0.039,10.311,-0.049,0,0,0
0.084860,2.66596,0.088,10.265,-0.037,0,0,0
0.084880,2.66658,0.149,10.215,-0.068,0,0,0
0.084900,2.66721,0.095,10.155,-0.018,0,0,0
0.084920,2.66784,0.065,10.269,0.042,0,0,0
0.084940,2.66847,0.067,10.204,0.005,0,0,0
0.084960,2.66910,-0.025,10.099,0.004,0,0,0
0.084980,2.66973,0.041,10.227,-0.092,0,0,0
0.085000,2.67035,0.087,10.295,0.014,0,0,0
0.085020,2.67098,0.063,10.153,0.022,0,0,0
0.085040,2.67161,0.129,10.143,0.015,0,0,0
0.085060,2.67224,0.067,10.158,0.014,0,0,0
0.085080,2.67287,0.015,10.198,-0.057,0,0,0
0.085100,2.67350,0.102,10.115,0.029,0,0,0
0.085120,2.67412,0.020,10.071,-0.025,0,0,0
0.085140,2.67475,0.137,10.126,0.019,0,0,0
0.085160,2.67538,0.120,10.067,-0.074,0,0,0
0.085180,2.67601,0.151,10.130,0.047,0,0,0
0.085200,2.67664,0.066,10.112,0.008,0,0,0
0.085220,2.67727,0.152,10.062,0.019,0,0,0
0.085240,2.67789,0.157,10.098,0.026,0,0,0
0.085260,2.67852,0.130,9.978,-0.002,0,0,0
0.085280,2.67915,0.059,10.061,-0.061,0,0,0
0.085300,2.67978,0.113,9.930,-0.022,0,0,0
0.085320,2.68041,0.038,10.076,0.080,0,0,0
0.085340,2.68104,0.142,10.030,-0.058,0,0,0
0.085360,2.68166,0.132,10.015,-0.011,0,0,0
0.085380,2.68229,0.047,9.942,0.030,0,0,0
0.085400,2.68292,0.050,10.000,0.035,0,0,0
0.085420,2.68355,0.048,10.066,0.021,0,0,0
0.085440,2.68418,0.110,9.915,-0.011,0,0,0
0.085460,2.68481,0.136,9.975,-0.005,0,0,0
0.085480,2.68543,0.112,9.864,0.002,0,0,0
0.085500,2.68606,0.032,9.961,0.007,0,0,0
0.085520,2.68669,0.123,9.900,-0.024,0,0,0
0.085540,2.68732,0.072,9.946,-0.019,0,0,0
0.085560,2.68795,0.051,9.917,-0.022,0,0,0
0.085580,2.68857,0.089,9.917,0.013,0,0,0
0.085600,2.68920,-0.003,9.789,-0.070,0,0,0
0.085620,2.68983,0.081,9.829,-0.044,0,0,0
0.085640,2.69046,0.140,9.843,0.029,0,0,0
0.085660,2.69109,0.088,9.847,0.005,0,0,0
0.085680,2.69172,0.170,9.908,0.055,0,0,0
0.085700,2.69234,0.155,9.978,0.020,0,0,0
0.085720,2.69297,0.061,9.937,-0.064,0,0,0
0.085740,2.69360,0.177,9.988,-0.064,0,0,0
0.085760,2.69423,0.060,9.867,-0.070,0,0,0
0.085780,2.69486,0.100,9.798,-0.038,0,0,0
0.085800,2.69549,0.149,9.872,0.040,0,0,0
0.085820,2.69611,0.042,9.920,-0.056,0,0,0
0.085840,2.69674,0.020,9.835,-0.031,0,0,0
0.085860,2.69737,0.075,9.767,-0.093,0,0,0
0.085880,2.69800,0.077,9.903,-0.060,0,0,0
0.085900,2.69863,0.119,9.768,-0.092,0,0,0
0.085920,2.69926,0.077,9.903,0.127,0,0,0
0.085940,2.69988,0.156,9.812,0.029,0,0,0
0.085960,2.70051,0.089,9.762,0.032,0,0,0
0.085980,2.70114,0.134,9.801,0.054,0,0,0
0.086000,2.70177,0.162,9.765,0.014,0,0,0
0.086020,2.70240,0.188,9.880,0.031,0,0,0
0.086040,2.70303,0.150,9.825,-0.057,0,0,0
0.086060,2.70365,0.024,9.813,0.122,0,0,0
0.086080,2.70428,0.151,9.733,-0.107,0,0,0
0.086100,2.70491,0.077,9.791,0.012,0,0,0
0.086120,2.70554,0.103,9.691,-0.022,0,0,0
0.086140,2.70617,0.118,9.776,0.096,0,0,0
0.086160,2.70680,0.094,9.873,0.081,0,0,0
0.086180,2.70742,0.148,9.810,-0.010,0,0,0
0.086200,2.70805,0.155,9.821,-0.002,0,0,0
0.086220,2.70868,0.104,9.697,-0.046,0,0,0
0.086240,2.70931,0.093,9.715,-0.102,0,0,0
0.086260,2.70994,0.015,9.763,0.021,0,0,0
0.086280,2.71057,0.060,9.671,0.025,0,0,0
0.086300,2.71119,0.062,9.728,-0.037,0,0,0
0.086320,2.71182,0.043,9.651,-0.013,0,0,0
0.086340,2.71245,0.126,9.669,-0.013,0,0,0
0.086360,2.71308,0.136,9.664,-0.002,0,0,0
0.086380,2.71371,0.120,9.704,0.042,0,0,0
0.086400,2.71434,0.082,9.696,-0.036,0,0,0
0.086420,2.71496,0.037,9.614,-0.123,0,0,0
0.086440,2.71559,0.173,9.631,0.029,0,0,0
0.086460,2.71622,0.124,9.651,0.045,0,0,0
0.086480,2.71685,0.005,9.718,-0.022,0,0,0
0.086500,2.71748,0.095,9.655,0.002,0,0,0
0.086520,2.71811,0.105,9.642,0.025,0,0,0
0.086540,2.71873,0.169,9.614,-0.058,0,0,0
0.086560,2.71936,0.087,9.559,0.004,0,0,0
0.086580,2.71999,0.109,9.608,0.076,0,0,0
0.086600,2.72062,0.120,9.631,-0.018,0,0,0
0.086620,2.72125,0.147,9.726,0.029,0,0,0
0.086640,2.72188,0.129,9.664,0.029,0,0,0
0.086660,2.72250,0.070,9.684,0.014,0,0,0
0.086680,2.72313,0.168,9.545,-0.017,0,0,0
0.086700,2.72376,0.159,9.559,0.064,0,0,0
0.086720,2.72439,0.136,9.739,-0.087,0,0,0
0.086740,2.72502,0.159,9.644,-0.015,0,0,0
0.086760,2.72565,0.163,9.720,0.034,0,0,0
0.086780,2.72627,0.119,9.640,-0.118,0,0,0
0.086800,2.72690,0.138,9.609,0.011,0,0,0
0.086820,2.72753,0.144,9.626,-0.006,0,0,0
0.086840,2.72816,0.161,9.579,0.080,0,0,0
0.086860,2.72879,0.179,9.528,0.006,0,0,0
0.086880,2.72942,0.172,9.536,0.054,0,0,0
0.086900,2.73004,0.080,9.571,0.048,0,0,0
0.086920,2.73067,0.065,9.552,-0.017,0,0,0
0.086940,2.73130,0.111,9.538,0.018,0,0,0
0.086960,2.73193,0.093,9.527,-0.025,0,0,0
0.086980,2.73256,0.087,9.566,-0.004,0,0,0
0.087000,2.73319,0.085,9.599,0.004,0,0,0
0.087020,2.73381,0.180,9.574,0.067,0,0,0
0.087040,2.73444,0.170,9.570,0.033,0,0,0
0.087060,2.73507,0.075,9.633,0.007,0,0,0
0.087080,2.73570,0.118,9.473,-0.091,0,0,0
0.087100,2.73633,0.106,9.595,-0.018,0,0,0
0.087120,2.73696,0.167,9.500,-0.031,0,0,0
0.087140,2.73758,0.184,9.662,-0.059,0,0,0
0.087160,2.73821,0.110,9.567,0.020,0,0,0
0.087180,2.73884,0.165,9.526,-0.012,0,0,0
0.087200,2.73947,0.035,9.516,0.026,0,0,0
0.087220,2.74010,0.197,9.515,0.027,0,0,0
0.087240,2.74073,0.114,9.555,0.016,0,0,0
0.087260,2.74135,0.052,9.561,0.031,0,0,0
0.087280,2.74198,0.177,9.543,-0.046,0,0,0
0.087300,2.74261,0.222,9.411,0.031,0,0,0
0.087320,2.74324,0.139,9.424,0.033,0,0,0
0.087340,2.74387,0.174,9.526,0.031,0,0,0
0.087360,2.74450,0.101,9.460,0.071,0,0,0
0.087380,2.74512,0.112,9.461,-0.014,0,0,0
0.087400,2.74575,-0.027,9.439,0.015,0,0,0
0.087420,2.74638,0.105,9.427,0.002,0,0,0
0.087440,2.74701,0.101,9.452,0.075,0,0,0
0.087460,2.74764,0.127,9.529,-0.054,0,0,0
0.087480,2.74827,0.151,9.551,-0.067,0,0,0
0.087500,2.74889,0.056,9.376,-0.022,0,-540,0
0.087520,2.74952,0.131,9.120,0.015,0,-540,0
0.087540,2.75015,0.165,8.949,-0.007,0,-540,0
0.087560,2.75078,0.195,8.772,-0.032,0,-540,0
0.087580,2.75141,0.108,8.676,0.025,0,-540,0
0.087600,2.75204,0.101,8.430,-0.013,0,-540,0
0.087620,2.75266,-0.049,8.224,-0.001,0,-540,0
0.087640,2.75329,0.186,8.022,0.027,0,-540,0
0.087660,2.75392,0.172,7.932,-0.014,0,-540,0
0.087680,2.75455,0.128,7.686,0.086,0,-540,0
0.087700,2.75518,0.096,7.411,-0.045,0,-540,0
0.087720,2.75581,0.103,7.463,0.019,0,-540,0
0.087740,2.75643,0.133,7.073,-0.002,0,-540,0
0.087760,2.75706,0.105,7.036,-0.030,0,-540,0
0.087780,2.75769,0.061,6.886,0.031,0,-540,0
0.087800,2.75832,0.068,6.659,-0.032,0,-540,0
0.087820,2.75895,0.132,6.492,0.020,0,-540,0
0.087840,2.75957,0.158,6.379,-0.061,0,-540,0
0.087860,2.76020,0.103,6.278,0.089,0,-540,0
0.087880,2.76083,0.097,6.027,0.021,0,-540,0
0.087900,2.76146,0.193,5.795,0.026,0,-540,0
0.087920,2.76209,0.143,5.770,0.071,0,-540,0
0.087940,2.76272,0.224,5.668,-0.049,0,-540,0
0.087960,2.76334,0.146,5.428,0.125,0,-540,0
0.087980,2.76397,0.117,5.359,-0.109,0,-540,0
0.088000,2.76460,0.181,5.130,-0.017,0,-540,0
0.088020,2.76523,0.137,4.992,-0.024,0,-540,0
0.088040,2.76586,0.167,4.876,-0.080,0,-540,0
0.088060,2.76649,0.121,4.753,-0.000,0,-540,0
0.088080,2.76711,0.095,4.590,-0.060,0,-540,0
0.088100,2.76774,0.202,4.452,0.038,0,-540,0
0.088120,2.76837,0.227,4.318,-0.013,0,-540,0
0.088140,2.76900,0.222,4.154,0.001,0,-540,0
0.088160,2.76963,0.090,4.142,0.010,0,-540,0
0.088180,2.77026,0.038,3.944,-0.036,0,-540,0
0.088200,2.77088,0.034,3.889,-0.008,0,-540,0
0.088220,2.77151,0.114,3.689,-0.064,0,-540,0
0.088240,2.77214,-0.056,3.578,0.075,0,-540,0
0.088260,2.77277,0.065,3.518,0.004,0,-540,0
0.088280,2.77340,0.084,3.348,0.031,0,-540,0
0.088300,2.77403,0.098,3.177,0.021,0,-540,0
0.088320,2.77465,0.120,2.988,0.064,0,-540,0
0.088340,2.77528,0.096,2.986,0.024,0,-540,0
0.088360,2.77591,0.021,2.815,0.024,0,-540,0
0.088380,2.77654,0.029,2.714,-0.026,0,-540,0
0.088400,2.77717,-0.003,2.607,-0.037,0,-540,0
0.088420,2.77780,-0.008,2.482,-0.048,0,-540,0
0.088440,2.77842,-0.027,2.451,-0.052,0,-540,0
0.088460,2.77905,0.112,2.288,-0.021,0,-540,0
0.088480,2.77968,0.029,2.184,-0.058,0,-540,0
0.088500,2.78031,0.072,2.171,0.013,0,-540,0
0.088520,2.78094,0.101,1.937,-0.028,0,-540,0
0.088540,2.78157,0.054,1.824,-0.037,0,-540,0
0.088560,2.78219,0.000,1.756,-0.056,0,-540,0
0.088580,2.78282,0.099,1.707,0.000,0,-540,0
0.088600,2.78345,0.095,1.562,-0.001,0,-540,0
0.088620,2.78408,0.060,1.420,-0.026,0,-540,0
0.088640,2.78471,0.121,1.359,-0.031,0,-540,0
0.088660,2.78534,0.076,1.290,0.033,0,-540,0
0.088680,2.78596,0.074,1.172,-0.032,0,-540,0
0.088700,2.78659,0.028,1.023,0.086,0,-540,0
0.088720,2.78722,0.093,0.965,0.009,0,-540,0
0.088740,2.78785,-0.047,0.805,0.084,0,-540,0
0.088760,2.78848,0.033,0.778,-0.059,0,-540,0
0.088780,2.78911,0.147,0.691,0.015,0,-540,0
0.088800,2.78973,0.074,0.583,0.019,0,-540,0
0.088820,2.79036,0.075,0.442,-0.007,0,-540,0
0.088840,2.79099,-0.020,0.365,0.064,0,-540,0
0.088860,2.79162,0.076,0.293,-0.071,0,-540,0
0.088880,2.79225,0.107,0.209,0.004,0,-540,0
0.088900,2.79288,0.103,0.272,-0.037,0,0,0
0.088920,2.79350,0.018,0.269,0.090,0,0,0
0.088940,2.79413,-0.032,0.254,-0.020,0,0,0
0.088960,2.79476,0.024,0.223,-0.045,0,0,0
0.088980,2.79539,0.088,0.133,0.006,0,0,0
0.089000,2.79602,0.106,0.190,-0.028,0,0,0
0.089020,2.79665,0.163,0.192,-0.076,0,0,0
0.089040,2.79727,0.081,0.190,0.047,0,0,0
0.089060,2.79790,0.118,0.186,0.019,0,0,0
0.089080,2.79853,0.113,0.182,-0.075,0,0,0
0.089100,2.79916,0.063,0.270,-0.041,0,0,0
0.089120,2.79979,0.127,0.164,0.007,0,0,0
0.089140,2.80042,0.053,0.164,0.079,0,0,0
0.089160,2.80104,0.027,0.246,-0.060,0,0,0
0.089180,2.80167,0.099,0.207,0.034,0,0,0
0.089200,2.80230,0.109,0.124,0.056,0,0,0
0.089220,2.80293,0.104,0.227,0.002,0,0,0
0.089240,2.80356,0.110,0.201,-0.000,0,0,0
0.089260,2.80419,0.022,0.108,-0.046,0,0,0
0.089280,2.80481,-0.026,0.197,-0.068,0,0,0
0.089300,2.80544,0.034,0.139,-0.019,0,0,0
0.089320,2.80607,0.008,0.145,0.039,0,0,0
0.089340,2.80670,0.007,0.234,0.081,0,0,0
0.089360,2.80733,0.101,0.163,0.006,0,0,0
0.089380,2.80796,0.088,0.179,0.071,0,0,0
0.089400,2.80858,0.027,0.144,-0.024,0,0,0
0.089420,2.80921,0.002,0.234,-0.021,0,0,0
0.089440,2.80984,0.023,0.171,0.016,0,0,0
0.089460,2.81047,-0.016,0.152,0.043,0,0,0
0.089480,2.81110,0.131,0.148,0.063,0,0,0
0.089500,2.81173,0.093,0.157,-0.074,0,0,0
0.089520,2.81235,0.211,0.136,0.042,0,0,0
0.089540,2.81298,0.019,0.169,-0.053,0,0,0
0.089560,2.81361,0.031,0.175,-0.067,0,0,0
0.089580,2.81424,0.073,0.156,0.014,0,0,0
0.089600,2.81487,0.056,0.129,0.068,0,0,0
0.089620,2.81550,0.065,0.154,-0.032,0,0,0
0.089640,2.81612,0.021,0.147,0.035,0,0,0
0.089660,2.81675,0.081,0.071,0.053,0,0,0
0.089680,2.81738,0.109,0.162,-0.015,0,0,0
0.089700,2.81801,0.153,0.200,-0.044,0,0,0
0.089720,2.81864,0.067,0.069,0.021,0,0,0
0.089740,2.81927,0.035,0.161,0.029,0,0,0
0.089760,2.81989,0.030,0.168,-0.025,0,0,0
0.089780,2.82052,0.109,0.233,0.045,0,0,0
0.089800,2.82115,0.129,0.251,-0.071,0,0,0
0.089820,2.82178,0.102,0.132,0.054,0,0,0
0.089840,2.82241,0.047,0.159,0.021,0,0,0
0.089860,2.82304,0.096,0.189,0.086,0,0,0
0.089880,2.82366,0.140,0.258,-0.023,0,0,0
0.089900,2.82429,0.130,0.274,-0.067,0,0,0
0.089920,2.82492,0.019,0.156,0.030,0,0,0
0.089940,2.82555,0.107,0.194,-0.051,0,0,0
0.089960,2.82618,0.091,0.226,0.089,0,0,0
0.089980,2.82681,0.006,0.155,-0.096,0,0,0
0.090000,2.82743,0.048,0.224,-0.014,0,0,0
0.090020,2.82806,0.046,0.228,0.035,0,0,0
0.090040,2.82869,0.128,0.130,0.066,0,0,0
0.090060,2.82932,0.094,0.196,0.018,0,0,0
0.090080,2.82995,0.098,0.176,-0.024,0,0,0
0.090100,2.83057,0.127,0.116,0.038,0,0,0
0.090120,2.83120,0.124,0.224,-0.087,0,0,0
0.090140,2.83183,0.074,0.223,-0.092,0,0,0
0.090160,2.83246,0.034,0.165,-0.119,0,0,0
0.090180,2.83309,0.115,0.237,-0.026,0,0,0
0.090200,2.83372,0.060,0.185,0.003,0,0,0
0.090220,2.83434,0.025,0.222,-0.089,0,0,0
0.090240,2.83497,0.107,0.227,-0.027,0,0,0
0.090260,2.83560,0.046,0.199,0.013,0,0,0
0.090280,2.83623,0.092,0.218,0.027,0,0,0
0.090300,2.83686,0.097,0.157,-0.043,0,0,0
0.090320,2.83749,0.190,0.158,-0.067,0,0,0
0.090340,2.83811,0.036,0.145,-0.150,0,0,0
0.090360,2.83874,0.025,0.093,-0.016,0,0,0
0.090380,2.83937,0.097,0.180,-0.082,0,0,0
0.090400,2.84000,0.090,0.118,-0.069,0,0,0
0.090420,2.84063,0.118,0.086,0.000,0,0,0
0.090440,2.84126,0.027,0.133,-0.006,0,0,0
0.090460,2.84188,0.136,0.159,-0.039,0,0,0
0.090480,2.84251,0.086,0.214,0.032,0,0,0
0.090500,2.84314,0.124,0.074,-0.012,0,0,0
0.090520,2.84377,0.072,0.213,-0.014,0,0,0
0.090540,2.84440,0.138,0.120,-0.111,0,0,0
0.090560,2.84503,0.052,0.216,-0.055,0,0,0
0.090580,2.84565,0.087,0.191,0.096,0,0,0
0.090600,2.84628,0.114,0.083,0.003,0,0,0
0.090620,2.84691,0.082,0.115,-0.013,0,0,0
0.090640,2.84754,0.064,0.137,-0.076,0,0,0
0.090660,2.84817,0.137,0.215,0.005,0,0,0
0.090680,2.84880,0.127,0.152,0.009,0,0,0
0.090700,2.84942,0.070,0.194,-0.018,0,0,0
0.090720,2.85005,0.054,0.115,-0.047,0,0,0
0.090740,2.85068,0.107,0.108,0.090,0,0,0
0.090760,2.85131,0.094,0.032,0.087,0,0,0
0.090780,2.85194,0.082,0.142,0.031,0,0,0
0.090800,2.85257,0.164,0.148,-0.072,0,0,0
0.090820,2.85319,0.064,0.167,-0.046,0,0,0
0.090840,2.85382,0.152,0.102,0.074,0,0,0
0.090860,2.85445,0.112,0.177,0.005,0,0,0
0.090880,2.85508,0.173,0.108,0.007,0,0,0
0.090900,2.85571,0.125,0.080,-0.057,0,0,0
0.090920,2.85634,0.128,0.089,-0.029,0,0,0
0.090940,2.85696,0.171,0.125,-0.002,0,0,0
0.090960,2.85759,0.109,0.141,-0.017,0,0,0
0.090980,2.85822,0.173,0.147,0.015,0,0,0
0.091000,2.85885,0.077,0.206,0.019,0,0,0
0.091020,2.85948,0.196,0.094,0.014,0,0,0
0.091040,2.86011,0.132,0.161,0.066,0,0,0
0.091060,2.86073,0.037,0.089,0.036,0,0,0
0.091080,2.86136,0.141,0.173,0.031,0,0,0
0.091100,2.86199,0.080,0.204,0.061,0,0,0
0.091120,2.86262,0.102,0.099,0.012,0,0,0
0.091140,2.86325,0.119,0.213,-0.032,0,0,0
0.091160,2.86388,0.090,0.153,-0.017,0,0,0
0.091180,2.86450,0.160,0.171,-0.050,0,0,0
0.091200,2.86513,0.137,0.178,0.110,0,0,0
0.091220,2.86576,0.061,0.139,0.047,0,0,0
0.091240,2.86639,0.106,0.124,-0.018,0,0,0
0.091260,2.86702,0.224,0.071,0.029,0,0,0
0.091280,2.86765,0.148,0.147,-0.068,0,0,0
0.091300,2.86827,0.080,0.104,0.029,0,0,0
0.091320,2.86890,0.162,0.142,-0.094,0,0,0
0.091340,2.86953,0.153,0.187,-0.054,0,0,0
0.091360,2.87016,0.104,0.099,0.048,0,0,0
0.091380,2.87079,0.131,0.079,-0.004,0,0,0
0.091400,2.87142,0.138,0.092,0.028,0,0,0
0.091420,2.87204,0.122,0.110,-0.007,0,0,0
0.091440,2.87267,0.124,0.099,-0.053,0,0,0
0.091460,2.87330,0.154,0.176,0.004,0,0,0
0.091480,2.87393,0.150,0.176,-0.077,0,0,0
0.091500,2.87456,0.212,0.164,0.052,0,0,0
0.091520,2.87519,0.153,0.197,0.094,0,0,0
0.091540,2.87581,0.156,0.134,-0.019,0,0,0
0.091560,2.87644,0.101,0.133,0.025,0,0,0
0.091580,2.87707,0.056,0.114,-0.000,0,0,0
0.091600,2.87770,0.188,0.119,-0.050,0,0,0
0.091620,2.87833,0.167,0.140,0.030,0,0,0
0.091640,2.87896,0.118,0.206,-0.107,0,0,0
0.091660,2.87958,0.104,0.102,-0.038,0,0,0
0.091680,2.88021,0.071,0.134,-0.033,0,0,0
0.091700,2.88084,0.100,0.078,0.003,0,0,0
0.091720,2.88147,0.120,0.157,-0.010,0,0,0
0.091740,2.88210,0.115,0.090,0.062,0,0,0
0.091760,2.88273,0.043,0.125,0.023,0,0,0
0.091780,2.88335,0.120,0.107,0.064,0,0,0
0.091800,2.88398,0.091,0.102,-0.119,0,0,0
0.091820,2.88461,0.209,0.161,-0.002,0,0,0
0.091840,2.88524,0.200,0.191,0.009,0,0,0
0.091860,2.88587,0.123,0.097,0.035,0,0,0
0.091880,2.88650,0.080,0.084,-0.003,0,0,0
0.091900,2.88712,0.151,0.071,0.022,0,0,0
0.091920,2.88775,0.056,0.120,0.055,0,0,0
0.091940,2.88838,0.178,0.048,-0.017,0,0,0
0.091960,2.88901,0.092,0.091,0.027,0,0,0
0.091980,2.88964,0.230,0.123,0.016,0,0,0
0.092000,2.89027,0.084,0.200,-0.044,0,0,0
0.092020,2.89089,0.113,0.098,0.033,0,0,0
0.092040,2.89152,0.081,0.113,0.033,0,0,0
0.092060,2.89215,0.002,0.141,-0.005,0,0,0
0.092080,2.89278,0.164,0.081,-0.071,0,0,0
0.092100,2.89341,0.169,0.081,-0.055,0,0,0
0.092120,2.89404,0.075,0.177,0.019,0,0,0
0.092140,2.89466,0.114,0.222,0.008,0,0,0
0.092160,2.89529,0.107,0.159,-0.031,0,0,0
0.092180,2.89592,0.178,0.159,0.008,0,0,0
0.092200,2.89655,0.082,0.086,-0.094,0,0,0
0.092220,2.89718,0.189,0.146,0.071,0,0,0
0.092240,2.89781,0.118,0.166,-0.025,0,0,0
0.092260,2.89843,0.145,0.096,-0.028,0,0,0
0.092280,2.89906,0.097,0.182,0.077,0,0,0
0.092300,2.89969,0.142,0.109,0.035,0,0,0
0.092320,2.90032,0.065,0.101,-0.000,0,0,0
0.092340,2.90095,0.216,0.148,0.009,0,0,0
0.092360,2.90157,0.091,0.170,-0.034,0,0,0
0.092380,2.90220,0.185,0.154,-0.004,0,0,0
0.092400,2.90283,0.097,0.133,-0.013,0,0,0
0.092420,2.90346,0.183,0.159,0.004,0,0,0
0.092440,2.90409,0.195,0.197,0.022,0,0,0
0.092460,2.90472,0.062,0.187,-0.079,0,0,0
0.092480,2.90534,0.168,0.104,-0.006,0,0,0
0.092500,2.90597,0.244,0.131,0.001,0,0,0
0.092520,2.90660,0.147,0.153,0.025,0,0,0
0.092540,2.90723,0.212,0.107,-0.033,0,0,0
0.092560,2.90786,0.229,0.102,0.011,0,0,0
0.092580,2.90849,0.207,0.176,-0.038,0,0,0
0.092600,2.90911,0.179,0.159,-0.026,0,0,0
0.092620,2.90974,0.063,0.051,-0.071,0,0,0
0.092640,2.91037,0.219,0.180,-0.026,0,0,0
0.092660,2.91100,0.149,0.141,-0.108,0,0,0
0.092680,2.91163,0.118,0.129,0.052,0,0,0
0.092700,2.91226,0.121,0.194,-0.042,0,0,0
0.092720,2.91288,0.080,0.118,0.021,0,0,0
0.092740,2.91351,0.190,0.098,-0.032,0,0,0
0.092760,2.91414,0.121,0.101,0.029,0,0,0
0.092780,2.91477,0.152,0.138,0.073,0,0,0
0.092800,2.91540,0.227,0.094,0.032,0,0,0
0.092820,2.91603,0.071,0.125,-0.039,0,0,0
0.092840,2.91665,0.191,0.158,-0.015,0,0,0
0.092860,2.91728,0.134,0.201,0.029,0,0,0
0.092880,2.91791,0.118,0.113,0.009,0,0,0
0.092900,2.91854,0.166,0.089,-0.002,0,0,0
0.092920,2.91917,0.205,0.096,-0.013,0,0,0
0.092940,2.91980,0.106,0.075,0.020,0,0,0
0.092960,2.92042,0.154,0.178,0.021,0,0,0
0.092980,2.92105,0.114,0.085,-0.031,0,0,0
0.093000,2.92168,0.171,0.094,0.048,0,0,0
0.093020,2.92231,0.144,0.190,0.013,0,0,0
0.093040,2.92294,0.276,0.188,0.019,0,0,0
0.093060,2.92357,0.146,0.155,-0.060,0,0,0
0.093080,2.92419,0.252,0.201,0.105,0,0,0
0.093100,2.92482,0.212,0.143,-0.008,0,0,0
0.093120,2.92545,0.186,0.107,-0.020,0,0,0
0.093140,2.92608,0.161,0.119,-0.012,0,0,0
0.093160,2.92671,0.116,0.075,0.056,0,0,0
0.093180,2.92734,0.197,0.191,0.089,0,0,0
0.093200,2.92796,0.220,0.048,-0.016,0,0,0
0.093220,2.92859,0.161,0.213,0.010,0,0,0
0.093240,2.92922,0.134,0.114,-0.033,0,0,0
0.093260,2.92985,0.209,0.141,-0.018,0,0,0
0.093280,2.93048,0.149,0.168,-0.044,0,0,0
0.093300,2.93111,0.185,0.118,0.079,0,0,0
0.093320,2.93173,0.195,0.154,0.044,0,0,0
0.093340,2.93236,0.203,0.132,-0.033,0,0,0
0.093360,2.93299,0.140,0.227,-0.076,0,0,0
0.093380,2.93362,0.135,0.077,-0.035,0,0,0
0.093400,2.93425,0.249,0.087,0.005,0,0,0
0.093420,2.93488,0.146,0.062,0.000,0,0,0
0.093440,2.93550,0.243,0.122,0.026,0,0,0
0.093460,2.93613,0.220,0.115,0.036,0,0,0
0.093480,2.93676,0.248,0.190,-0.025,0,0,0
0.093500,2.93739,0.118,0.107,0.066,0,0,0
0.093520,2.93802,0.162,0.162,0.039,0,0,0
0.093540,2.93865,0.108,0.161,0.008,0,0,0
0.093560,2.93927,0.110,0.133,0.012,0,0,0
0.093580,2.93990,0.190,0.143,-0.056,0,0,0
0.093600,2.94053,0.159,0.145,0.020,0,0,0
0.093620,2.94116,0.143,0.112,0.012,0,0,0
0.093640,2.94179,0.175,0.139,-0.025,0,0,0
0.093660,2.94242,0.165,0.083,0.034,0,0,0
0.093680,2.94304,0.238,0.209,0.097,0,0,0
0.093700,2.94367,0.236,0.083,0.023,0,0,0
0.093720,2.94430,0.224,0.100,-0.076,0,0,0
0.093740,2.94493,-0.019,0.160,0.089,-540,0,0
0.093760,2.94556,-0.011,0.177,0.047,0,0,0
0.093780,2.94619,0.018,0.211,0.016,0,0,0
0.093800,2.94681,0.019,0.035,0.005,0,0,0
0.093820,2.94744,0.012,0.152,-0.005,0,0,0
0.093840,2.94807,0.102,0.074,0.009,0,0,0
0.093860,2.94870,0.065,0.163,-0.063,0,0,0
0.093880,2.94933,-0.131,0.165,-0.026,0,0,0
0.093900,2.94996,-0.029,0.138,-0.097,0,0,0
0.093920,2.95058,-0.087,0.079,-0.138,0,0,0
0.093940,2.95121,0.061,0.187,-0.064,0,0,0
0.093960,2.95184,0.017,0.112,0.132,0,0,0
0.093980,2.95247,-0.010,0.071,-0.098,0,0,0
0.094000,2.95310,-0.034,0.181,-0.038,0,0,0
0.094020,2.95373,-0.071,0.224,-0.010,0,0,0
0.094040,2.95435,0.050,0.092,-0.077,0,0,0
0.094060,2.95498,0.000,0.192,0.022,0,0,0
0.094080,2.95561,0.031,0.161,0.079,0,0,0
0.094100,2.95624,0.045,0.148,0.013,0,0,0
0.094120,2.95687,-0.080,0.124,-0.010,0,0,0
0.094140,2.95750,0.002,0.125,-0.022,0,0,0
0.094160,2.95812,-0.067,0.105,0.013,0,0,0
0.094180,2.95875,0.035,0.134,-0.010,0,0,0
0.094200,2.95938,-0.019,0.202,0.022,0,0,0
0.094220,2.96001,-0.019,0.140,-0.002,0,0,0
0.094240,2.96064,-0.040,0.142,-0.000,0,0,0
0.094260,2.96127,0.118,0.095,-0.011,0,0,0
0.094280,2.96189,-0.061,0.146,0.024,0,0,0
0.094300,2.96252,0.092,0.184,0.041,0,0,0
0.094320,2.96315,-0.049,0.078,-0.032,0,0,0
0.094340,2.96378,0.070,0.080,-0.093,0,0,0
0.094360,2.96441,0.031,0.102,0.035,0,0,0
0.094380,2.96504,-0.040,0.162,0.030,0,0,0
0.094400,2.96566,0.048,0.123,0.014,0,0,0
0.094420,2.96629,0.038,0.160,-0.066,0,0,0
0.094440,2.96692,-0.054,0.096,-0.049,0,0,0
0.094460,2.96755,-0.002,0.098,-0.027,0,0,0
0.094480,2.96818,0.066,0.111,0.028,0,0,0
0.094500,2.96881,-0.055,0.106,-0.003,0,0,0
0.094520,2.96943,-0.051,0.155,-0.003,0,0,0
0.094540,2.97006,-0.073,0.129,0.092,0,0,0
0.094560,2.97069,-0.025,0.119,-0.032,0,0,0
0.094580,2.97132,0.002,0.078,-0.021,0,0,0
0.094600,2.97195,-0.039,0.118,0.028,0,0,0
0.094620,2.97257,-0.093,0.097,-0.039,0,0,0
0.094640,2.97320,0.043,0.143,-0.059,0,0,0
0.094660,2.97383,0.060,0.124,0.025,0,0,0
0.094680,2.97446,-0.062,0.135,0.092,0,0,0
0.094700,2.97509,-0.058,0.150,-0.040,0,0,0
0.094720,2.97572,-0.029,0.108,-0.073,0,0,0
0.094740,2.97634,0.001,0.177,0.014,0,0,0
0.094760,2.97697,0.085,0.166,-0.085,0,0,0
0.094780,2.97760,0.048,0.116,-0.045,0,0,0
0.094800,2.97823,0.019,0.130,-0.000,0,0,0
0.094820,2.97886,0.031,0.126,-0.002,0,0,0
0.094840,2.97949,-0.076,0.122,0.133,0,0,0
0.094860,2.98011,-0.017,0.149,-0.073,0,0,0
0.094880,2.98074,0.025,0.150,0.033,0,0,0
0.094900,2.98137,-0.028,0.089,-0.085,0,0,0
0.094920,2.98200,0.034,0.239,-0.057,0,0,0
0.094940,2.98263,-0.020,0.045,0.033,0,0,0
0.094960,2.98326,-0.011,0.139,0.049,0,0,0
0.094980,2.98388,0.033,0.091,0.016,0,0,0
0.095000,2.98451,-0.003,0.153,-0.021,0,0,0
0.095020,2.98514,0.037,0.171,-0.002,0,0,0
0.095040,2.98577,-0.023,0.085,-0.029,0,0,0
0.095060,2.98640,-0.059,0.123,0.037,0,0,0
0.095080,2.98703,-0.055,0.125,-0.010,0,0,0
0.095100,2.98765,-0.001,0.099,-0.008,0,0,0
0.095120,2.98828,0.064,0.159,-0.055,0,0,0
0.095140,2.98891,0.005,0.151,-0.015,0,0,0
0.095160,2.98954,-0.020,0.121,-0.024,0,0,0
0.095180,2.99017,-0.086,0.118,-0.008,0,0,0
0.095200,2.99080,-0.056,0.165,-0.014,0,0,0
0.095220,2.99142,0.015,0.161,-0.037,0,0,0
0.095240,2.99205,-0.051,0.179,0.046,0,0,0
0.095260,2.99268,-0.061,0.151,-0.001,0,0,0
0.095280,2.99331,-0.019,0.212,-0.047,0,0,0
0.095300,2.99394,0.014,0.115,-0.026,0,0,0
0.095320,2.99457,0.006,0.115,0.024,0,0,0
0.095340,2.99519,-0.040,0.128,0.004,0,0,0
0.095360,2.99582,-0.028,0.101,0.005,0,0,0
0.095380,2.99645,-0.072,0.093,-0.068,0,0,0
0.095400,2.99708,-0.073,0.186,0.055,0,0,0
0.095420,2.99771,0.012,0.062,0.028,0,0,0
0.095440,2.99834,-0.046,0.119,-0.040,0,0,0
0.095460,2.99896,-0.027,0.186,0.048,0,0,0
0.095480,2.99959,0.062,0.133,-0.000,0,0,0
0.095500,3.00022,0.045,0.212,0.006,0,0,0
0.095520,3.00085,0.000,0.192,0.097,0,0,0
0.095540,3.00148,-0.064,0.151,0.002,0,0,0
0.095560,3.00211,0.087,0.047,0.014,0,0,0
0.095580,3.00273,-0.046,0.195,-0.084,0,0,0
0.095600,3.00336,0.019,0.099,0.025,0,0,0
0.095620,3.00399,0.066,0.040,0.007,0,0,0
0.095640,3.00462,-0.041,0.103,-0.030,0,0,0
0.095660,3.00525,0.004,0.083,0.077,0,0,0
0.095680,3.00588,0.024,0.118,-0.018,0,0,0
0.095700,3.00650,0.011,0.083,0.055,0,0,0
0.095720,3.00713,-0.006,0.077,-0.074,0,0,0
0.095740,3.00776,-0.068,0.211,-0.050,0,0,0
0.095760,3.00839,-0.044,0.150,-0.061,0,0,0
0.095780,3.00902,-0.036,0.138,-0.122,0,0,0
0.095800,3.00965,-0.027,0.071,-0.038,0,0,0
0.095820,3.01027,0.037,0.173,-0.067,0,0,0
0.095840,3.01090,-0.090,0.161,-0.001,0,0,0
0.095860,3.01153,-0.035,0.095,0.068,0,0,0
0.095880,3.01216,-0.001,0.154,-0.052,0,0,0
0.095900,3.01279,-0.033,0.193,-0.020,0,0,0
0.095920,3.01342,0.010,0.238,0.026,0,0,0
0.095940,3.01404,0.002,0.073,-0.062,0,0,0
0.095960,3.01467,0.103,0.097,-0.023,0,0,0
0.095980,3.01530,-0.006,0.141,-0.035,0,0,0
0.096000,3.01593,-0.064,0.204,-0.011,0,0,0
0.096020,3.01656,-0.133,0.077,-0.031,0,0,0
0.096040,3.01719,0.042,0.075,-0.018,0,0,0
0.096060,3.01781,-0.003,0.136,0.054,0,0,0
0.096080,3.01844,-0.039,0.194,-0.075,0,0,0
0.096100,3.01907,-0.030,0.083,-0.035,0,0,0
0.096120,3.01970,-0.018,0.098,-0.028,0,0,0
0.096140,3.02033,-0.106,0.090,0.019,0,0,0
0.096160,3.02096,0.053,0.227,0.034,0,0,0
0.096180,3.02158,0.004,0.145,0.027,0,0,0
0.096200,3.02221,0.077,0.099,0.020,0,0,0
0.096220,3.02284,0.075,0.084,0.042,0,0,0
0.096240,3.02347,0.017,0.082,0.011,0,0,0
0.096260,3.02410,0.036,0.224,-0.005,0,0,0
0.096280,3.02473,0.065,0.163,-0.064,0,0,0
0.096300,3.02535,-0.041,0.201,-0.020,0,0,0
0.096320,3.02598,-0.092,0.091,-0.009,0,0,0
0.096340,3.02661,-0.054,0.132,-0.022,0,0,0
0.096360,3.02724,0.010,0.137,-0.005,0,0,0
0.096380,3.02787,0.067,0.152,-0.122,0,0,0
0.096400,3.02850,-0.014,0.151,-0.007,0,0,0
0.096420,3.02912,0.102,0.123,-0.017,0,0,0
0.096440,3.02975,0.064,0.008,-0.123,0,0,0
0.096460,3.03038,-0.120,0.122,-0.022,0,0,0
0.096480,3.03101,-0.036,0.155,-0.054,0,0,0
0.096500,3.03164,0.021,0.150,0.058,0,0,0
0.096520,3.03227,0.031,0.150,-0.029,0,0,0
0.096540,3.03289,0.011,0.125,-0.021,0,0,0
0.096560,3.03352,0.031,0.167,0.095,0,0,0
0.096580,3.03415,0.045,0.054,0.014,0,0,0
0.096600,3.03478,-0.048,0.171,0.049,0,0,0
0.096620,3.03541,-0.017,0.164,0.056,0,0,0
0.096640,3.03604,-0.053,0.125,-0.013,0,0,0
0.096660,3.03666,0.007,0.148,0.020,0,0,0
0.096680,3.03729,-0.008,0.089,0.050,0,0,0
0.096700,3.03792,0.005,0.088,-0.011,0,0,0
0.096720,3.03855,0.013,0.051,0.046,0,0,0
0.096740,3.03918,-0.089,0.083,-0.040,0,0,0
0.096760,3.03981,0.041,0.110,0.020,0,0,0
0.096780,3.04043,0.101,0.127,-0.078,0,0,0
0.096800,3.04106,-0.041,0.143,0.007,0,0,0
0.096820,3.04169,-0.017,0.165,-0.010,0,0,0
0.096840,3.04232,-0.019,0.156,-0.048,0,0,0
0.096860,3.04295,0.034,0.121,-0.002,0,0,0
0.096880,3.04357,0.040,0.060,0.023,0,0,0
0.096900,3.04420,-0.006,0.118,0.043,0,0,0
0.096920,3.04483,-0.112,0.180,0.001,0,0,0
0.096940,3.04546,0.087,0.061,0.002,0,0,0
0.096960,3.04609,-0.053,0.143,-0.002,0,0,0
0.096980,3.04672,0.056,0.199,0.120,0,0,0
0.097000,3.04734,-0.019,0.075,0.039,0,0,0
0.097020,3.04797,-0.008,0.121,0.069,0,0,0
0.097040,3.04860,0.009,0.099,-0.047,0,0,0
0.097060,3.04923,0.021,0.131,0.004,0,0,0
0.097080,3.04986,-0.028,0.248,0.014,0,0,0
0.097100,3.05049,0.033,0.100,-0.087,0,0,0
0.097120,3.05111,0.022,0.163,0.048,0,0,0
0.097140,3.05174,-0.013,0.122,-0.044,0,0,0
0.097160,3.05237,-0.006,0.143,0.015,0,0,0
0.097180,3.05300,0.075,0.206,-0.018,0,0,0
0.097200,3.05363,-0.008,0.089,0.031,0,0,0
0.097220,3.05426,-0.021,0.170,-0.058,0,0,0
0.097240,3.05488,-0.039,0.162,-0.005,0,0,0
0.097260,3.05551,0.012,0.063,-0.031,0,0,0
0.097280,3.05614,-0.092,0.123,0.030,0,0,0
0.097300,3.05677,0.001,0.200,-0.017,0,0,0
0.097320,3.05740,0.016,0.127,0.051,0,0,0
0.097340,3.05803,0.019,0.156,-0.050,0,0,0
0.097360,3.05865,0.002,0.100,-0.010,0,0,0
0.097380,3.05928,0.016,0.114,-0.003,0,0,0
0.097400,3.05991,0.009,0.094,0.041,0,0,0
0.097420,3.06054,0.045,0.233,-0.013,0,0,0
0.097440,3.06117,0.007,0.007,0.006,0,0,0
0.097460,3.06180,0.014,0.174,0.081,0,0,0
0.097480,3.06242,0.007,0.147,-0.093,0,0,0
0.097500,3.06305,-0.045,0.062,0.060,0,0,0
0.097520,3.06368,0.104,0.141,0.018,0,0,0
0.097540,3.06431,-0.041,0.157,0.071,0,0,0
0.097560,3.06494,-0.059,0.153,-0.023,0,0,0
0.097580,3.06557,0.060,0.204,0.079,0,0,0
0.097600,3.06619,0.024,0.132,-0.048,0,0,0
0.097620,3.06682,-0.056,0.105,-0.073,0,0,0
0.097640,3.06745,0.128,0.090,0.033,0,0,0
0.097660,3.06808,0.071,0.158,-0.108,0,0,0
0.097680,3.06871,0.010,0.131,0.008,0,0,0
0.097700,3.06934,-0.023,0.112,-0.018,0,0,0
0.097720,3.06996,0.024,0.232,-0.029,0,0,0
0.097740,3.07059,0.038,0.099,-0.056,0,0,0
0.097760,3.07122,0.049,0.169,-0.042,0,0,0
0.097780,3.07185,-0.013,0.103,0.023,0,0,0
0.097800,3.07248,0.000,0.132,-0.007,0,0,0
0.097820,3.07311,-0.043,0.203,0.023,0,0,0
0.097840,3.07373,0.025,0.068,-0.005,0,0,0
0.097860,3.07436,-0.110,0.052,0.063,0,0,0
0.097880,3.07499,-0.004,0.085,-0.016,0,0,0
0.097900,3.07562,-0.006,0.118,0.054,0,0,0
0.097920,3.07625,-0.027,0.153,0.034,0,0,0
0.097940,3.07688,0.032,0.068,0.011,0,0,0
0.097960,3.07750,0.029,0.146,-0.035,0,0,0
0.097980,3.07813,-0.018,0.168,0.049,0,0,0
0.098000,3.07876,-0.063,0.199,0.003,0,0,0
0.098020,3.07939,-0.039,0.089,0.051,0,0,0
0.098040,3.08002,-0.124,0.168,-0.011,0,0,0
0.098060,3.08065,-0.012,0.168,0.028,0,0,0
0.098080,3.08127,0.036,0.090,-0.028,0,0,0
0.098100,3.08190,0.022,0.154,0.066,0,0,0
0.098120,3.08253,0.012,0.137,-0.028,0,0,0
0.098140,3.08316,-0.104,0.112,-0.002,0,0,0
0.098160,3.08379,0.008,0.063,-0.016,0,0,0
0.098180,3.08442,-0.018,0.072,-0.095,0,0,0
0.098200,3.08504,0.013,0.146,-0.014,0,0,0
0.098220,3.08567,-0.013,0.146,0.041,0,0,0
0.098240,3.08630,0.067,0.042,-0.096,0,0,0
0.098260,3.08693,-0.045,0.078,-0.038,0,0,0
0.098280,3.08756,-0.009,0.102,-0.042,0,0,0
0.098300,3.08819,-0.140,0.176,0.006,0,0,0
0.098320,3.08881,0.065,0.126,0.035,0,0,0
0.098340,3.08944,0.011,0.104,0.058,0,0,0
0.098360,3.09007,0.016,0.128,0.019,0,0,0
0.098380,3.09070,-0.071,0.177,-0.040,0,0,0
0.098400,3.09133,0.015,0.137,0.040,0,0,0
0.098420,3.09196,0.082,0.130,-0.026,0,0,0
0.098440,3.09258,0.050,0.134,0.071,0,0,0
0.098460,3.09321,0.012,0.121,0.001,0,0,0
0.098480,3.09384,0.041,0.213,0.018,0,0,0
0.098500,3.09447,0.009,0.097,-0.059,0,0,0
0.098520,3.09510,-0.044,0.197,0.014,0,0,0
0.098540,3.09573,0.043,0.176,0.046,0,0,0
0.098560,3.09635,0.083,0.192,0.046,0,0,0
0.098580,3.09698,-0.016,0.145,-0.019,0,0,0
0.098600,3.09761,-0.018,0.165,0.053,0,0,0
0.098620,3.09824,0.081,0.197,0.029,0,0,0
0.098640,3.09887,-0.016,0.061,0.085,0,0,0
0.098660,3.09950,0.061,0.252,-0.074,0,0,0
0.098680,3.10012,0.004,0.146,0.017,0,0,0
0.098700,3.10075,0.101,0.128,0.040,0,0,0
0.098720,3.10138,-0.007,0.114,-0.009,0,0,0
0.098740,3.10201,0.005,0.091,-0.001,0,0,0
0.098760,3.10264,-0.108,0.166,0.013,0,0,0
0.098780,3.10327,-0.021,0.227,-0.018,0,0,0
0.098800,3.10389,0.047,0.166,0.046,0,0,0
0.098820,3.10452,0.044,0.082,0.086,0,0,0
0.098840,3.10515,-0.007,0.065,0.012,0,0,0
0.098860,3.10578,-0.030,0.118,-0.069,0,0,0
0.098880,3.10641,-0.018,0.204,0.024,0,0,0
0.098900,3.10704,-0.005,0.143,-0.011,0,0,0
0.098920,3.10766,-0.009,0.178,-0.041,0,0,0
0.098940,3.10829,-0.028,0.126,0.033,0,0,0
0.098960,3.10892,0.017,0.129,0.006,0,0,0
0.098980,3.10955,-0.000,0.183,0.060,0,0,0
0.099000,3.11018,-0.068,0.073,0.007,0,0,0
0.099020,3.11081,-0.081,0.176,-0.002,0,0,0
0.099040,3.11143,-0.059,0.038,0.017,0,0,0
0.099060,3.11206,-0.016,0.121,0.028,0,0,0
0.099080,3.11269,-0.058,0.171,-0.038,0,0,0
0.099100,3.11332,0.051,0.191,-0.029,0,0,0
0.099120,3.11395,-0.056,0.132,-0.031,0,0,0
0.099140,3.11457,-0.003,0.111,-0.015,0,0,0
0.099160,3.11520,-0.032,0.153,0.036,0,0,0
0.099180,3.11583,0.022,0.128,0.068,0,0,0
0.099200,3.11646,-0.006,0.140,0.054,0,0,0
0.099220,3.11709,-0.110,0.204,-0.025,0,0,0
0.099240,3.11772,-0.012,0.154,0.014,0,0,0
0.099260,3.11834,0.106,0.111,-0.081,0,0,0
0.099280,3.11897,0.019,0.113,0.038,0,0,0
0.099300,3.11960,0.000,0.157,-0.029,0,0,0
0.099320,3.12023,-0.009,0.221,0.026,0,0,0
0.099340,3.12086,0.100,0.065,-0.047,0,0,0
0.099360,3.12149,-0.004,0.094,-0.070,0,0,0
0.099380,3.12211,0.088,0.209,0.021,0,0,0
0.099400,3.12274,0.037,0.190,-0.029,0,0,0
0.099420,3.12337,-0.047,0.111,0.011,0,0,0
0.099440,3.12400,0.036,0.150,0.032,0,0,0
0.099460,3.12463,0.014,0.118,0.029,0,0,0
0.099480,3.12526,0.021,0.087,-0.023,0,0,0
0.099500,3.12588,-0.075,0.140,-0.127,0,0,0
0.099520,3.12651,-0.023,0.096,-0.004,0,0,0
0.099540,3.12714,0.033,0.181,-0.050,0,0,0
0.099560,3.12777,0.009,0.137,0.025,0,0,0
0.099580,3.12840,-0.066,0.112,-0.032,0,0,0
0.099600,3.12903,-0.023,0.201,0.043,0,0,0
0.099620,3.12965,-0.070,0.054,0.012,0,0,0
0.099640,3.13028,0.064,0.134,-0.014,0,0,0
0.099660,3.13091,0.043,0.207,-0.020,0,0,0
0.099680,3.13154,-0.040,0.181,-0.012,0,0,0
0.099700,3.13217,-0.050,0.115,0.088,0,0,0
0.099720,3.13280,-0.021,0.034,-0.010,0,0,0
0.099740,3.13342,-0.005,0.153,-0.011,0,0,0
0.099760,3.13405,0.016,0.116,-0.095,0,0,0
0.099780,3.13468,0.067,0.138,-0.031,0,0,0
0.099800,3.13531,0.023,0.091,0.005,0,0,0
0.099820,3.13594,0.056,0.152,0.055,0,0,0
0.099840,3.13657,-0.051,0.049,-0.024,0,0,0
0.099860,3.13719,0.045,0.191,0.077,0,0,0
0.099880,3.13782,0.005,0.064,-0.030,0,0,0
0.099900,3.13845,0.070,0.140,-0.037,0,0,0
0.099920,3.13908,-0.045,0.171,0.028,0,0,0
0.099940,3.13971,0.020,0.115,0.079,0,0,0
0.099960,3.14034,-0.075,0.098,-0.008,0,0,0
0.099980,3.14096,-0.079,0.174,-0.026,0,0,0
0.100000,3.14159,-0.068,0.186,0.041,0,0,0
0.100020,3.14222,0.028,0.124,-0.009,0,0,0
0.100040,3.14285,-0.080,0.151,-0.035,0,0,0
0.100060,3.14348,0.030,0.044,0.008,0,0,0
0.100080,3.14411,-0.040,0.149,-0.001,0,0,0
0.100100,3.14473,0.056,0.139,-0.108,0,0,0
0.100120,3.14536,0.012,0.117,0.015,0,0,0
0.100140,3.14599,-0.004,0.133,0.052,0,0,0
0.100160,3.14662,-0.007,0.126,0.008,0,0,0
0.100180,3.14725,-0.026,0.165,-0.093,0,0,0
0.100200,3.14788,0.033,0.239,0.001,0,0,0
0.100220,3.14850,0.135,0.145,0.076,0,0,0
0.100240,3.14913,-0.044,0.086,0.032,0,0,0
0.100260,3.14976,0.054,0.244,0.039,0,0,0
0.100280,3.15039,0.011,0.135,-0.036,0,0,0
0.100300,3.15102,-0.030,0.163,-0.013,0,0,0
0.100320,3.15165,-0.022,0.238,0.043,0,0,0
0.100340,3.15227,0.012,0.025,0.004,0,0,0
0.100360,3.15290,-0.025,0.294,0.012,0,0,0
0.100380,3.15353,0.147,0.013,0.008,0,0,0
0.100400,3.15416,0.007,0.190,-0.062,0,0,0
0.100420,3.15479,-0.037,0.151,0.051,0,0,0
0.100440,3.15542,0.056,0.177,0.007,0,0,0
0.100460,3.15604,0.008,0.091,0.005,0,0,0
0.100480,3.15667,0.013,0.117,0.105,0,0,0
0.100500,3.15730,-0.048,0.163,0.032,0,0,0
0.100520,3.15793,0.086,0.099,-0.014,0,0,0
0.100540,3.15856,-0.032,0.136,0.043,0,0,0
0.100560,3.15919,0.115,0.165,-0.083,0,0,0
0.100580,3.15981,-0.007,0.152,-0.081,0,0,0
0.100600,3.16044,0.006,0.212,0.084,0,0,0
0.100620,3.16107,0.098,0.160,0.057,0,0,0
0.100640,3.16170,-0.007,0.236,0.002,0,0,0
0.100660,3.16233,0.144,0.170,-0.040,0,0,0
0.100680,3.16296,-0.013,0.108,-0.061,0,0,0
0.100700,3.16358,-0.003,0.161,-0.002,0,0,0
0.100720,3.16421,-0.057,0.173,0.024,0,0,0
0.100740,3.16484,0.080,0.230,0.051,0,0,0
0.100760,3.16547,-0.034,0.144,-0.033,0,0,0
0.100780,3.16610,0.024,0.159,0.007,0,0,0
0.100800,3.16673,-0.003,0.205,0.026,0,0,0
0.100820,3.16735,0.083,0.103,0.082,0,0,0
0.100840,3.16798,-0.055,0.188,-0.063,0,0,0
0.100860,3.16861,0.030,0.147,0.001,0,0,0
0.100880,3.16924,0.011,0.161,0.044,0,0,0
0.100900,3.16987,0.001,0.177,0.048,0,0,0
0.100920,3.17050,-0.004,0.161,-0.005,0,0,0
0.100940,3.17112,-0.003,0.149,-0.069,0,0,0
0.100960,3.17175,-0.056,0.178,0.015,0,0,0
0.100980,3.17238,0.061,0.149,0.019,0,0,0
0.101000,3.17301,0.017,0.111,-0.024,0,0,0
0.101020,3.17364,0.011,0.196,-0.002,0,0,0
0.101040,3.17427,0.020,0.103,-0.001,0,0,0
0.101060,3.17489,0.034,0.177,-0.037,0,0,0
0.101080,3.17552,-0.018,0.147,0.033,0,0,0
0.101100,3.17615,0.025,0.133,-0.051,0,0,0
0.101120,3.17678,-0.056,0.124,0.085,0,0,0
0.101140,3.17741,-0.061,0.128,0.031,0,0,0
0.101160,3.17804,-0.028,0.137,0.093,0,0,0
0.101180,3.17866,-0.086,0.083,0.079,0,0,0
0.101200,3.17929,-0.059,0.215,0.019,0,0,0
0.101220,3.17992,-0.018,0.079,-0.016,0,0,0
0.101240,3.18055,0.049,0.162,-0.031,0,0,0
0.101260,3.18118,-0.039,0.144,-0.030,0,0,0
0.101280,3.18181,-0.041,0.118,-0.026,0,0,0
0.101300,3.18243,-0.074,0.138,-0.062,0,0,0
0.101320,3.18306,-0.063,0.258,-0.050,0,0,0
0.101340,3.18369,0.019,0.083,-0.021,0,0,0
0.101360,3.18432,0.045,0.182,0.020,0,0,0
0.101380,3.18495,0.016,0.211,-0.122,0,0,0
0.101400,3.18557,0.882,0.133,-0.001,540,0,0
0.101420,3.18620,1.834,0.116,0.005,540,0,0
0.101440,3.18683,2.759,0.112,-0.005,540,0,0
0.101460,3.18746,3.627,0.188,-0.058,540,0,0
0.101480,3.18809,4.593,0.117,0.078,540,0,0
0.101500,3.18872,5.265,0.235,-0.005,540,0,0
0.101520,3.18934,6.256,0.164,0.117,540,0,0
0.101540,3.18997,7.242,0.200,0.038,540,0,0
0.101560,3.19060,8.075,0.154,0.072,540,0,0
0.101580,3.19123,8.970,0.175,0.013,540,0,0
0.101600,3.19186,9.853,0.075,-0.062,540,0,0
0.101620,3.19249,10.797,0.152,0.018,540,0,0
0.101640,3.19311,11.213,0.210,0.068,0,0,0
0.101660,3.19374,11.189,0.068,0.068,0,0,0
0.101680,3.19437,11.192,0.146,-0.023,0,0,0
0.101700,3.19500,11.160,0.102,-0.056,0,0,0
0.101720,3.19563,11.082,0.167,0.046,0,0,0
0.101740,3.19626,11.112,0.194,-0.003,0,0,0
0.101760,3.19688,11.153,0.108,0.039,0,0,0
0.101780,3.19751,11.177,0.142,-0.018,0,0,0
0.101800,3.19814,11.004,0.171,-0.009,0,0,0
0.101820,3.19877,11.063,0.150,-0.100,0,0,0
0.101840,3.19940,11.023,0.173,-0.010,0,0,0
0.101860,3.20003,11.062,0.275,0.053,0,0,0
0.101880,3.20065,11.032,0.239,-0.043,0,0,0
0.101900,3.20128,10.893,0.259,0.043,0,0,0
0.101920,3.20191,11.039,0.160,0.009,0,0,0
0.101940,3.20254,10.973,0.111,-0.042,0,0,0
0.101960,3.20317,11.019,0.201,-0.026,0,0,0
0.101980,3.20380,11.007,0.172,-0.005,0,0,0
0.102000,3.20442,11.027,0.086,0.029,0,0,0
0.102020,3.20505,10.961,0.179,0.055,0,0,0
0.102040,3.20568,10.909,0.153,0.028,0,0,0
0.102060,3.20631,10.956,0.121,-0.012,0,0,0
0.102080,3.20694,10.914,0.202,0.057,0,0,0
0.102100,3.20757,10.968,0.113,-0.025,0,0,0
0.102120,3.20819,10.916,0.187,-0.008,0,0,0
0.102140,3.20882,10.904,0.089,-0.026,0,0,0
0.102160,3.20945,10.976,0.183,0.021,0,0,0
0.102180,3.21008,10.846,0.232,-0.008,0,0,0
0.102200,3.21071,10.990,0.106,-0.146,0,0,0
0.102220,3.21134,10.889,0.166,0.067,0,0,0
0.102240,3.21196,10.816,0.150,0.001,0,0,0
0.102260,3.21259,10.805,0.176,0.076,0,0,0
0.102280,3.21322,10.803,0.158,-0.023,0,0,0
0.102300,3.21385,10.880,0.130,0.041,0,0,0
0.102320,3.21448,10.738,0.140,-0.007,0,0,0
0.102340,3.21511,10.762,0.111,0.100,0,0,0
0.102360,3.21573,10.742,0.241,-0.000,0,0,0
0.102380,3.21636,10.751,0.203,-0.058,0,0,0
0.102400,3.21699,10.675,0.130,-0.058,0,0,0
0.102420,3.21762,10.633,0.027,-0.026,0,0,0
0.102440,3.21825,10.779,0.122,-0.001,0,0,0
0.102460,3.21888,10.764,0.295,0.001,0,0,0
0.102480,3.21950,10.646,0.130,-0.055,0,0,0
0.102500,3.22013,10.715,0.255,0.013,0,0,0
0.102520,3.22076,10.642,0.088,0.001,0,0,0
0.102540,3.22139,10.642,0.217,0.034,0,0,0
0.102560,3.22202,10.632,0.197,0.070,0,0,0
0.102580,3.22265,10.648,0.125,0.058,0,0,0
0.102600,3.22327,10.635,0.101,0.006,0,0,0
0.102620,3.22390,10.535,0.190,-0.034,0,0,0
0.102640,3.22453,10.497,0.222,0.013,0,0,0
0.102660,3.22516,10.600,0.212,-0.012,0,0,0
0.102680,3.22579,10.628,0.169,-0.064,0,0,0
0.102700,3.22642,10.637,0.215,-0.001,0,0,0
0.102720,3.22704,10.566,0.167,0.073,0,0,0
0.102740,3.22767,10.504,0.164,-0.029,0,0,0
0.102760,3.22830,10.591,0.100,0.005,0,0,0
0.102780,3.22893,10.469,0.261,-0.001,0,0,0
0.102800,3.22956,10.550,0.171,0.082,0,0,0
0.102820,3.23019,10.473,0.174,-0.001,0,0,0
0.102840,3.23081,10.365,0.196,-0.072,0,0,0
0.102860,3.23144,10.411,0.135,-0.015,0,0,0
0.102880,3.23207,10.443,0.195,0.009,0,0,0
0.102900,3.23270,10.343,0.221,0.063,0,0,0
0.102920,3.23333,10.463,0.190,-0.039,0,0,0
0.102940,3.23396,10.455,0.147,0.004,0,0,0
0.102960,3.23458,10.448,0.217,0.055,0,0,0
0.102980,3.23521,10.404,0.303,-0.047,0,0,0
0.103000,3.23584,10.334,0.239,0.043,0,0,0
0.103020,3.23647,10.413,0.169,0.024,0,0,0
0.103040,3.23710,10.383,0.139,0.042,0,-540,0
0.103060,3.23773,10.335,0.002,0.059,0,0,0
0.103080,3.23835,10.331,0.240,0.030,0,0,0
0.103100,3.23898,10.336,0.134,-0.018,0,0,0
0.103120,3.23961,10.311,0.125,-0.012,0,0,0
0.103140,3.24024,10.197,0.073,0.023,0,0,0
0.103160,3.24087,10.332,0.121,-0.035,0,0,0
0.103180,3.24150,10.321,0.057,0.025,0,0,0
0.103200,3.24212,10.259,0.053,-0.058,0,0,0
0.103220,3.24275,10.253,0.103,0.013,0,0,0
0.103240,3.24338,10.252,0.167,-0.101,0,0,0
0.103260,3.24401,10.236,0.179,-0.090,0,0,0
0.103280,3.24464,10.255,0.127,0.042,0,0,0
0.103300,3.24527,10.140,0.112,0.022,0,0,0
0.103320,3.24589,10.059,0.098,0.003,0,0,0
0.103340,3.24652,10.118,0.140,0.032,0,0,0
0.103360,3.24715,10.079,0.094,-0.037,0,0,0
0.103380,3.24778,10.128,0.147,-0.056,0,0,0
0.103400,3.24841,10.111,0.059,0.039,0,0,0
0.103420,3.24904,10.081,0.095,-0.053,0,0,0
0.103440,3.24966,10.028,0.125,-0.047,0,0,0
0.103460,3.25029,10.129,0.089,0.039,0,0,0
0.103480,3.25092,10.027,0.151,0.065,0,0,0
0.103500,3.25155,10.035,0.123,-0.005,0,0,0
0.103520,3.25218,10.024,0.069,-0.010,0,0,0
0.103540,3.25281,10.045,0.125,-0.047,0,0,0
0.103560,3.25343,10.063,0.140,0.025,0,0,0
0.103580,3.25406,10.026,0.118,0.039,0,0,0
0.103600,3.25469,9.918,0.137,0.022,0,0,0
0.103620,3.25532,9.943,0.085,-0.030,0,0,0
0.103640,3.25595,9.925,0.100,-0.010,0,0,0
0.103660,3.25657,9.970,0.186,0.053,0,0,0
0.103680,3.25720,9.847,0.242,0.040,0,0,0
0.103700,3.25783,9.887,0.153,-0.036,0,0,0
0.103720,3.25846,9.894,0.155,-0.036,0,0,0
0.103740,3.25909,9.907,0.157,-0.022,0,0,0
0.103760,3.25972,9.922,0.240,-0.126,0,0,0
0.103780,3.26034,9.833,0.103,-0.032,0,0,0
0.103800,3.26097,9.856,0.043,-0.004,0,0,0
0.103820,3.26160,9.891,0.128,0.030,0,0,0
0.103840,3.26223,9.722,0.188,-0.008,0,0,0
0.103860,3.26286,9.751,0.105,0.038,0,0,0
0.103880,3.26349,9.704,0.209,-0.021,0,0,0
0.103900,3.26411,9.825,0.231,0.015,0,0,0
0.103920,3.26474,9.689,0.177,-0.060,0,0,0
0.103940,3.26537,9.727,0.075,0.024,0,0,0
0.103960,3.26600,9.783,0.148,-0.029,0,0,0
0.103980,3.26663,9.786,0.178,0.019,0,0,0
0.104000,3.26726,9.666,0.050,0.085,0,0,0
0.104020,3.26788,9.713,0.157,-0.042,0,0,0
0.104040,3.26851,9.643,0.116,0.002,0,0,0
0.104060,3.26914,9.671,0.134,0.049,0,0,0
0.104080,3.26977,9.575,0.160,0.076,0,0,0
0.104100,3.27040,9.708,0.121,0.008,0,0,0
0.104120,3.27103,9.583,0.185,-0.043,0,0,0
0.104140,3.27165,9.533,0.175,-0.072,0,0,0
0.104160,3.27228,9.602,0.267,0.027,0,0,0
0.104180,3.27291,9.484,0.120,-0.110,0,0,0
0.104200,3.27354,9.571,0.147,0.050,0,0,0
0.104220,3.27417,9.504,0.115,0.015,0,0,0
0.104240,3.27480,9.540,0.123,0.037,0,0,0
0.104260,3.27542,9.544,0.165,0.004,0,0,0
0.104280,3.27605,9.505,0.183,0.115,0,0,0
0.104300,3.27668,9.572,0.252,-0.077,0,0,0
0.104320,3.27731,9.404,0.216,-0.019,0,0,0
0.104340,3.27794,9.503,0.134,0.062,0,0,0
0.104360,3.27857,9.418,0.128,-0.054,0,0,0
0.104380,3.27919,9.410,0.102,-0.039,0,0,0
0.104400,3.27982,9.492,0.129,0.067,0,0,0
0.104420,3.28045,9.365,0.153,-0.001,0,0,0
0.104440,3.28108,9.379,0.135,-0.056,0,0,0
0.104460,3.28171,9.374,0.125,0.016,0,0,0
0.104480,3.28234,9.168,0.087,0.008,0,0,0
0.104500,3.28296,9.311,0.200,0.063,0,0,0
0.104520,3.28359,9.223,0.158,0.043,0,0,0
0.104540,3.28422,9.309,0.112,0.085,0,0,0
0.104560,3.28485,9.192,0.143,-0.027,0,0,0
0.104580,3.28548,10.142,0.182,-0.047,540,0,0
0.104600,3.28611,11.043,0.149,0.023,540,0,0
0.104620,3.28673,10.960,0.157,0.038,0,0,0
0.104640,3.28736,10.823,0.125,0.022,0,0,0
0.104660,3.28799,10.878,0.081,0.010,0,0,0
0.104680,3.28862,10.874,0.248,0.022,0,0,0
0.104700,3.28925,10.905,0.193,0.044,0,0,0
0.104720,3.28988,10.835,0.260,-0.010,0,0,0
0.104740,3.29050,10.809,0.176,-0.051,0,0,0
0.104760,3.29113,10.835,0.231,0.018,0,0,0
0.104780,3.29176,10.917,0.188,0.032,0,0,0
0.104800,3.29239,10.878,0.210,-0.121,0,0,0
0.104820,3.29302,10.799,0.157,-0.001,0,0,0
0.104840,3.29365,10.809,0.131,0.055,0,0,0
0.104860,3.29427,10.774,0.148,-0.094,0,0,0
0.104880,3.29490,10.691,0.109,0.052,0,0,0
0.104900,3.29553,10.701,0.191,0.015,0,0,0
0.104920,3.29616,10.653,0.194,0.043,0,0,0
0.104940,3.29679,10.688,0.193,0.083,0,0,0
0.104960,3.29742,10.550,0.199,0.028,0,0,0
0.104980,3.29804,10.644,0.068,0.118,0,0,0
0.105000,3.29867,10.672,0.153,-0.099,0,0,0
0.105020,3.29930,10.564,0.152,0.011,0,0,0
0.105040,3.29993,10.496,0.218,-0.030,0,0,0
0.105060,3.30056,10.515,0.202,-0.014,0,0,0
0.105080,3.30119,10.487,0.175,0.010,0,0,0
0.105100,3.30181,10.482,0.132,0.016,0,0,0
0.105120,3.30244,10.574,0.145,-0.092,0,0,0
0.105140,3.30307,10.393,0.138,0.004,0,0,0
0.105160,3.30370,10.391,0.241,-0.025,0,0,0
0.105180,3.30433,10.368,0.158,0.028,0,0,0
0.105200,3.30496,10.380,0.125,-0.039,0,0,0
0.105220,3.30558,10.368,0.186,-0.003,0,0,0
0.105240,3.30621,10.299,0.121,0.029,0,0,0
0.105260,3.30684,10.361,0.233,0.058,0,0,0
0.105280,3.30747,10.285,0.170,-0.001,0,0,0
0.105300,3.30810,10.359,0.175,-0.101,0,0,0
0.105320,3.30873,10.233,0.220,-0.052,0,0,0
0.105340,3.30935,10.081,0.163,-0.062,0,0,0
0.105360,3.30998,10.114,0.193,0.024,0,0,0
0.105380,3.31061,10.182,0.176,-0.000,0,0,0
0.105400,3.31124,10.197,0.197,-0.037,0,0,0
0.105420,3.31187,10.108,0.179,-0.004,0,0,0
0.105440,3.31250,10.121,0.205,0.049,0,0,0
0.105460,3.31312,10.127,0.194,-0.004,0,0,0
0.105480,3.31375,9.985,0.153,-0.062,0,0,0
0.105500,3.31438,10.060,0.190,0.008,0,0,0
0.105520,3.31501,10.009,0.195,0.026,0,0,0
0.105540,3.31564,9.939,0.081,0.080,0,0,0
0.105560,3.31627,9.912,-0.010,0.039,0,0,0
0.105580,3.31689,9.885,0.034,0.001,0,0,0
0.105600,3.31752,9.877,0.100,-0.013,0,0,0
0.105620,3.31815,9.856,0.021,-0.099,0,0,0
0.105640,3.31878,9.799,0.049,-0.033,0,0,0
0.105660,3.31941,9.851,-0.010,-0.095,0,0,0
0.105680,3.32004,9.778,0.075,0.067,0,0,0
0.105700,3.32066,9.790,0.153,-0.019,0,0,0
0.105720,3.32129,9.843,0.082,-0.052,0,0,0
0.105740,3.32192,9.751,0.084,0.014,0,0,0
0.105760,3.32255,9.700,0.083,-0.060,0,0,0
0.105780,3.32318,9.682,0.099,0.002,0,0,0
0.105800,3.32381,9.741,0.129,0.022,0,0,0
0.105820,3.32443,9.650,0.091,-0.077,0,0,0
0.105840,3.32506,9.636,0.060,-0.010,0,0,0
0.105860,3.32569,9.549,0.054,0.027,0,0,0
0.105880,3.32632,9.509,0.024,-0.080,0,0,0
0.105900,3.32695,9.468,0.025,0.041,0,0,0
0.105920,3.32757,9.552,-0.011,0.045,0,0,0
0.105940,3.32820,9.505,0.031,-0.024,0,0,0
0.105960,3.32883,9.515,0.139,0.098,0,0,0
0.105980,3.32946,9.446,0.088,0.053,0,0,0
0.106000,3.33009,9.349,0.034,0.076,0,0,0
0.106020,3.33072,9.438,0.096,0.039,0,0,0
0.106040,3.33134,9.368,0.085,0.059,0,0,0
0.106060,3.33197,9.440,0.067,-0.088,0,0,0
0.106080,3.33260,9.280,0.107,0.032,0,0,0
0.106100,3.33323,9.199,0.172,-0.017,0,0,0
0.106120,3.33386,9.261,0.020,0.065,0,0,0
0.106140,3.33449,10.091,0.023,0.049,540,0,0
0.106160,3.33511,10.750,0.085,0.071,540,0,0
0.106180,3.33574,11.172,0.126,-0.017,0,0,0
0.106200,3.33637,11.208,0.105,-0.047,0,0,0
0.106220,3.33700,11.214,0.033,-0.025,0,0,0
0.106240,3.33763,11.160,0.061,0.026,0,0,0
0.106260,3.33826,11.078,0.115,-0.055,0,0,0
0.106280,3.33888,11.060,0.065,-0.063,0,0,0
0.106300,3.33951,11.022,0.051,-0.059,0,0,0
0.106320,3.34014,10.915,0.116,0.021,0,0,0
0.106340,3.34077,11.016,0.099,-0.029,0,0,0
0.106360,3.34140,10.991,0.080,0.040,0,0,0
0.106380,3.34203,10.918,0.125,-0.038,0,0,0
0.106400,3.34265,10.918,0.134,0.011,0,0,0
0.106420,3.34328,10.884,0.137,-0.025,0,0,0
0.106440,3.34391,10.837,0.070,-0.068,0,0,0
0.106460,3.34454,10.859,0.130,0.055,0,0,0
0.106480,3.34517,10.792,0.049,-0.013,0,0,0
0.106500,3.34580,10.795,0.124,-0.007,0,0,0
0.106520,3.34642,10.688,0.116,0.032,0,0,0
0.106540,3.34705,10.636,0.067,0.045,0,0,0
0.106560,3.34768,10.636,0.083,0.012,0,0,0
0.106580,3.34831,10.543,0.078,0.069,0,0,0
0.106600,3.34894,10.544,0.145,0.056,0,0,0
0.106620,3.34957,10.512,0.011,-0.091,0,0,0
0.106640,3.35019,10.467,0.058,0.054,0,0,0
0.106660,3.35082,10.497,0.091,0.026,0,0,0
0.106680,3.35145,10.441,0.076,-0.028,0,0,0
0.106700,3.35208,10.337,0.118,0.010,0,0,0
0.106720,3.35271,10.383,0.101,-0.001,0,0,0
0.106740,3.35334,10.339,0.122,0.035,0,0,0
0.106760,3.35396,10.284,0.136,-0.002,0,0,0
0.106780,3.35459,10.317,0.046,-0.039,0,0,0
0.106800,3.35522,10.199,0.063,-0.006,0,0,0
0.106820,3.35585,10.117,0.091,0.100,0,0,0
0.106840,3.35648,10.105,0.139,-0.010,0,0,0
0.106860,3.35711,10.174,0.060,0.078,0,0,0
0.106880,3.35773,10.062,0.029,0.030,0,0,0
0.106900,3.35836,9.928,0.112,-0.011,0,0,0
0.106920,3.35899,9.963,0.100,0.016,0,0,0
0.106940,3.35962,9.995,0.087,-0.068,0,0,0
0.106960,3.36025,9.831,0.082,0.044,0,0,0
0.106980,3.36088,9.772,0.055,0.028,0,0,0
0.107000,3.36150,9.829,0.168,-0.045,0,0,0
0.107020,3.36213,9.743,0.106,-0.026,0,0,0
0.107040,3.36276,9.666,0.104,-0.008,0,0,0
0.107060,3.36339,9.762,0.123,-0.007,0,0,0
0.107080,3.36402,9.707,0.092,0.020,0,0,0
0.107100,3.36465,9.648,0.110,0.002,0,0,0
0.107120,3.36527,9.617,0.082,0.098,0,0,0
0.107140,3.36590,9.355,0.173,-0.117,0,0,0
0.107160,3.36653,9.541,0.113,-0.069,0,0,0
0.107180,3.36716,9.536,0.115,0.020,0,0,0
0.107200,3.36779,9.507,0.136,-0.029,0,0,0
0.107220,3.36842,9.431,0.085,-0.018,0,0,0
0.107240,3.36904,9.339,0.075,-0.031,0,0,0
0.107260,3.36967,9.333,0.159,0.007,0,0,0
0.107280,3.37030,9.295,0.155,0.052,0,0,0
0.107300,3.37093,9.286,0.092,-0.019,0,0,0
0.107320,3.37156,9.328,0.130,-0.059,0,0,0
0.107340,3.37219,9.522,0.127,-0.009,540,0,0
0.107360,3.37281,10.291,0.120,0.002,540,0,0
0.107380,3.37344,10.927,0.181,0.018,540,0,0
0.107400,3.37407,10.995,0.099,0.083,0,0,0
0.107420,3.37470,10.861,0.197,0.001,0,0,0
0.107440,3.37533,10.787,0.161,-0.058,0,0,0
0.107460,3.37596,10.800,0.098,-0.042,0,0,0
0.107480,3.37658,10.694,0.121,0.011,0,0,0
0.107500,3.37721,10.643,0.187,-0.085,0,0,0
0.107520,3.37784,10.668,0.212,0.037,0,0,0
0.107540,3.37847,10.561,0.045,-0.052,0,0,0
0.107560,3.37910,10.487,0.056,-0.006,0,0,0
0.107580,3.37973,10.486,0.106,0.074,0,0,0
0.107600,3.38035,10.467,0.106,-0.029,0,0,0
0.107620,3.38098,10.504,0.020,-0.012,0,0,0
0.107640,3.38161,10.451,0.065,-0.019,0,0,0
0.107660,3.38224,10.349,0.060,-0.018,0,0,0
0.107680,3.38287,10.320,0.146,0.010,0,0,0
0.107700,3.38350,10.245,0.075,-0.012,0,0,0
0.107720,3.38412,10.170,0.220,-0.065,0,0,0
0.107740,3.38475,10.133,0.080,0.088,0,0,0
0.107760,3.38538,10.115,0.239,0.024,0,0,0
0.107780,3.38601,10.018,0.175,0.122,0,0,0
0.107800,3.38664,9.992,0.123,-0.002,0,0,0
0.107820,3.38727,9.898,0.088,-0.032,0,0,0
0.107840,3.38789,9.944,0.273,-0.084,0,0,0
0.107860,3.38852,9.863,0.176,-0.078,0,0,0
0.107880,3.38915,9.820,0.148,0.033,0,0,0
0.107900,3.38978,9.725,0.184,0.022,0,0,0
0.107920,3.39041,9.752,0.012,-0.021,0,0,0
0.107940,3.39104,9.655,0.132,-0.002,0,0,0
0.107960,3.39166,9.683,0.168,-0.056,0,0,0
0.107980,3.39229,9.573,0.206,0.007,0,0,0
0.108000,3.39292,9.509,0.063,0.047,0,0,0
0.108020,3.39355,9.596,0.193,0.024,0,0,0
0.108040,3.39418,9.456,0.131,-0.038,0,0,0
0.108060,3.39481,9.379,0.175,-0.009,0,0,0
0.108080,3.39543,9.323,0.135,-0.020,0,0,0
0.108100,3.39606,9.262,0.222,-0.106,0,0,0
0.108120,3.39669,9.304,0.015,0.063,0,0,0
0.108140,3.39732,9.190,0.261,0.067,0,0,0
0.108160,3.39795,9.890,0.160,0.053,540,0,0
0.108180,3.39857,10.530,0.173,-0.006,540,0,0
0.108200,3.39920,11.189,0.122,0.064,540,0,0
0.108220,3.39983,11.050,0.227,0.089,0,0,0
0.108240,3.40046,11.095,0.131,-0.060,0,0,0
0.108260,3.40109,10.970,0.165,0.000,0,0,0
0.108280,3.40172,10.838,0.019,0.056,0,0,0
0.108300,3.40234,10.837,0.126,-0.025,0,0,0
0.108320,3.40297,10.796,0.102,0.001,0,0,0
0.108340,3.40360,10.780,0.187,-0.031,0,0,0
0.108360,3.40423,10.683,0.137,-0.105,0,0,0
0.108380,3.40486,10.599,0.162,-0.062,0,0,0
0.108400,3.40549,10.592,0.148,-0.010,0,0,0
0.108420,3.40611,10.666,0.195,0.058,0,0,0
0.108440,3.40674,10.567,0.272,0.101,0,0,0
0.108460,3.40737,10.394,0.199,-0.011,0,0,0
0.108480,3.40800,10.392,0.144,-0.007,0,0,0
0.108500,3.40863,10.400,0.247,0.030,0,0,0
0.108520,3.40926,10.270,0.160,-0.019,0,0,0
0.108540,3.40988,10.260,0.105,0.048,0,0,0
0.108560,3.41051,10.151,0.156,-0.057,0,0,0
0.108580,3.41114,10.053,0.270,-0.074,0,0,0
0.108600,3.41177,9.957,0.207,-0.017,0,0,0
0.108620,3.41240,10.006,0.223,0.003,0,0,0
0.108640,3.41303,9.952,0.151,-0.049,0,0,0
0.108660,3.41365,9.823,0.212,0.013,0,0,0
0.108680,3.41428,9.876,0.157,-0.117,0,0,0
0.108700,3.41491,9.855,0.152,0.037,0,0,0
0.108720,3.41554,9.562,0.166,-0.008,0,0,0
0.108740,3.41617,9.560,0.122,0.007,0,0,0
0.108760,3.41680,9.605,0.076,0.080,0,0,0
0.108780,3.41742,9.463,0.171,0.040,0,0,0
0.108800,3.41805,9.476,0.183,-0.000,0,0,0
0.108820,3.41868,9.465,0.210,-0.000,0,0,0
0.108840,3.41931,9.406,0.149,0.031,0,0,0
0.108860,3.41994,9.301,0.211,-0.061,0,0,0
0.108880,3.42057,9.234,0.206,-0.084,0,0,0
0.108900,3.42119,9.841,0.305,-0.066,540,0,0
0.108920,3.42182,10.385,0.152,0.069,540,0,0
0.108940,3.42245,10.935,0.087,-0.065,540,0,0
0.108960,3.42308,10.796,0.169,-0.035,0,0,0
0.108980,3.42371,10.814,0.191,-0.001,0,0,0
0.109000,3.42434,10.732,0.220,0.027,0,0,0
0.109020,3.42496,10.603,0.266,-0.047,0,0,0
0.109040,3.42559,10.570,0.150,-0.008,0,0,0
0.109060,3.42622,10.604,0.251,-0.003,0,0,0
0.109080,3.42685,10.491,0.139,-0.002,0,0,0
0.109100,3.42748,10.478,0.237,-0.021,0,0,0
0.109120,3.42811,10.359,0.115,-0.036,0,0,0
0.109140,3.42873,10.375,0.209,-0.031,0,0,0
0.109160,3.42936,10.232,0.176,-0.001,0,0,0
0.109180,3.42999,10.221,0.224,-0.020,0,0,0
0.109200,3.43062,10.110,0.133,-0.021,0,0,0
0.109220,3.43125,10.141,0.175,-0.011,0,0,0
0.109240,3.43188,10.071,0.229,0.184,0,0,0
0.109260,3.43250,9.914,0.184,-0.006,0,0,0
0.109280,3.43313,9.866,0.174,0.039,0,0,0
0.109300,3.43376,9.841,0.335,-0.030,0,0,0
0.109320,3.43439,9.811,0.222,0.030,0,0,0
0.109340,3.43502,9.711,0.151,-0.025,0,0,0
0.109360,3.43565,9.731,0.124,0.065,0,0,0
0.109380,3.43627,9.591,0.145,0.006,0,0,0
0.109400,3.43690,9.569,0.145,0.019,0,0,0
0.109420,3.43753,9.599,0.162,0.058,0,0,0
0.109440,3.43816,9.471,0.232,-0.052,0,0,0
0.109460,3.43879,9.383,0.143,-0.013,0,0,0
0.109480,3.43942,9.258,0.247,0.026,0,0,0
0.109500,3.44004,9.188,0.200,0.021,0,0,0
0.109520,3.44067,9.257,0.108,-0.012,0,0,0
0.109540,3.44130,9.652,0.176,-0.033,540,0,0
0.109560,3.44193,10.171,0.053,-0.089,540,0,0
0.109580,3.44256,10.723,0.078,0.003,540,0,0
0.109600,3.44319,10.950,0.172,-0.042,0,0,0
0.109620,3.44381,10.893,0.165,0.010,0,0,0
0.109640,3.44444,10.750,0.213,-0.047,0,0,0
0.109660,3.44507,10.647,0.133,-0.018,0,0,0
0.109680,3.44570,10.600,0.248,0.003,0,0,0
0.109700,3.44633,10.559,0.199,-0.013,0,0,0
0.109720,3.44696,10.415,0.261,-0.009,0,0,0
0.109740,3.44758,10.403,0.165,0.008,0,0,0
0.109760,3.44821,10.273,0.164,0.080,0,0,0
0.109780,3.44884,10.278,0.105,0.047,0,0,0
0.109800,3.44947,10.176,0.295,0.025,0,0,0
0.109820,3.45010,10.201,0.137,-0.029,0,0,0
0.109840,3.45073,10.011,0.185,0.038,0,0,0
0.109860,3.45135,9.997,0.142,0.000,0,0,0
0.109880,3.45198,10.000,0.231,0.051,0,0,0
0.109900,3.45261,10.002,0.265,-0.008,0,0,0
0.109920,3.45324,9.841,0.152,0.001,0,0,0
0.109940,3.45387,9.692,0.185,-0.012,0,0,0
0.109960,3.45450,9.666,0.167,-0.020,0,0,0
0.109980,3.45512,9.603,0.234,0.040,0,0,0
0.110000,3.45575,9.544,0.276,-0.017,0,0,0
0.110020,3.45638,9.501,0.166,-0.061,0,0,0
0.110040,3.45701,9.437,0.123,-0.054,0,0,0
0.110060,3.45764,9.376,0.255,-0.022,0,0,0
0.110080,3.45827,9.313,0.212,-0.034,0,0,0
0.110100,3.45889,9.336,0.242,-0.005,0,0,0
0.110120,3.45952,9.192,0.227,0.107,0,0,0
0.110140,3.46015,9.416,0.177,0.005,540,0,0
0.110160,3.46078,9.797,0.194,0.035,540,0,0
0.110180,3.46141,10.238,0.189,0.003,540,0,0
0.110200,3.46204,10.680,0.194,-0.014,540,0,0
0.110220,3.46266,10.914,0.250,-0.037,0,0,0
0.110240,3.46329,10.785,0.114,0.012,0,0,0
0.110260,3.46392,10.729,0.212,0.026,0,0,0
0.110280,3.46455,10.720,0.286,-0.036,0,0,0
0.110300,3.46518,10.609,0.141,-0.101,0,0,0
0.110320,3.46581,10.574,0.239,-0.057,0,0,0
0.110340,3.46643,10.404,0.289,0.038,0,0,0
0.110360,3.46706,10.430,0.076,0.004,0,0,0
0.110380,3.46769,10.385,0.199,-0.117,0,0,0
0.110400,3.46832,10.198,0.174,0.010,0,0,0
0.110420,3.46895,10.244,0.298,-0.038,0,0,0
0.110440,3.46957,10.048,0.200,0.027,0,0,0
0.110460,3.47020,10.070,0.254,0.012,0,0,0
0.110480,3.47083,10.020,0.047,-0.013,0,-540,0
0.110500,3.47146,10.003,-0.032,0.045,0,0,0
0.110520,3.47209,9.856,0.052,-0.020,0,0,0
0.110540,3.47272,9.799,-0.056,-0.014,0,0,0
0.110560,3.47334,9.714,0.077,-0.076,0,0,0
0.110580,3.47397,9.722,0.028,-0.055,0,0,0
0.110600,3.47460,9.564,-0.004,-0.036,0,0,0
0.110620,3.47523,9.561,-0.057,-0.004,0,0,0
0.110640,3.47586,9.517,-0.007,0.153,0,0,0
0.110660,3.47649,9.427,-0.068,0.018,0,0,0
0.110680,3.47711,9.356,-0.037,-0.001,0,0,0
0.110700,3.47774,9.335,-0.005,-0.012,0,0,0
0.110720,3.47837,9.273,-0.012,0.022,0,0,0
0.110740,3.47900,9.218,0.052,-0.007,0,0,0
0.110760,3.47963,9.527,-0.039,0.057,540,0,0
0.110780,3.48026,9.961,0.047,-0.021,540,0,0
0.110800,3.48088,10.303,-0.015,0.084,540,0,0
0.110820,3.48151,10.678,-0.134,0.043,540,0,0
0.110840,3.48214,10.840,-0.024,-0.033,0,0,0
0.110860,3.48277,10.770,-0.046,-0.033,0,0,0
0.110880,3.48340,10.634,0.043,0.025,0,0,0
0.110900,3.48403,10.576,0.049,0.041,0,0,0
0.110920,3.48465,10.598,-0.067,0.044,0,0,0
0.110940,3.48528,10.441,-0.029,-0.088,0,0,0
0.110960,3.48591,10.421,0.014,-0.014,0,0,0
0.110980,3.48654,10.355,-0.024,0.038,0,0,0
0.111000,3.48717,10.358,-0.040,-0.015,0,0,0
0.111020,3.48780,10.290,-0.062,-0.101,0,0,0
0.111040,3.48842,10.187,0.058,-0.060,0,0,0
0.111060,3.48905,10.025,-0.067,-0.007,0,0,0
0.111080,3.48968,10.068,0.036,-0.006,0,0,0
0.111100,3.49031,9.902,-0.052,0.052,0,0,0
0.111120,3.49094,9.899,-0.013,-0.062,0,0,0
0.111140,3.49157,9.815,-0.062,-0.021,0,0,0
0.111160,3.49219,9.778,0.047,-0.033,0,0,0
0.111180,3.49282,9.645,-0.048,0.038,0,0,0
0.111200,3.49345,9.585,0.058,0.005,0,0,0
0.111220,3.49408,9.522,-0.001,0.055,0,0,0
0.111240,3.49471,9.570,-0.006,-0.093,0,0,0
0.111260,3.49534,9.515,0.041,0.044,0,0,0
0.111280,3.49596,9.389,-0.016,-0.047,0,0,0
0.111300,3.49659,9.295,-0.177,0.064,0,0,0
0.111320,3.49722,9.238,0.044,-0.051,0,0,0
0.111340,3.49785,9.249,0.042,0.047,0,0,0
0.111360,3.49848,9.397,-0.047,-0.030,540,0,0
0.111380,3.49911,9.748,0.022,0.007,540,0,0
0.111400,3.49973,10.103,0.067,-0.072,540,0,0
0.111420,3.50036,10.424,0.046,-0.006,540,0,0
0.111440,3.50099,10.737,0.082,-0.064,540,0,0
0.111460,3.50162,10.849,-0.090,0.012,0,0,0
0.111480,3.50225,10.824,-0.020,0.085,0,0,0
0.111500,3.50288,10.738,-0.030,0.022,0,0,0
0.111520,3.50350,10.633,0.150,-0.033,0,0,0
0.111540,3.50413,10.578,0.017,-0.077,0,0,0
0.111560,3.50476,10.541,0.000,-0.005,0,0,0
0.111580,3.50539,10.447,0.010,-0.039,0,0,0
0.111600,3.50602,10.313,0.019,-0.020,0,0,0
0.111620,3.50665,10.275,-0.098,-0.045,0,0,0
0.111640,3.50727,10.171,0.042,0.005,0,0,0
0.111660,3.50790,10.144,0.059,-0.003,0,0,0
0.111680,3.50853,10.118,0.029,-0.005,0,0,0
0.111700,3.50916,10.053,0.054,-0.043,0,0,0
0.111720,3.50979,9.982,0.019,0.025,0,0,0
0.111740,3.51042,9.918,0.021,0.023,0,0,0
0.111760,3.51104,9.772,-0.079,0.095,0,0,0
0.111780,3.51167,9.712,0.033,-0.014,0,0,0
0.111800,3.51230,9.688,-0.004,-0.129,0,0,0
0.111820,3.51293,9.705,0.033,-0.144,0,0,0
0.111840,3.51356,9.571,-0.014,0.054,0,0,0
0.111860,3.51419,9.638,0.010,0.081,0,0,0
0.111880,3.51481,9.505,0.118,0.006,0,0,0
0.111900,3.51544,9.401,0.006,-0.040,0,0,0
0.111920,3.51607,9.396,0.056,-0.016,0,0,0
0.111940,3.51670,9.385,-0.141,-0.027,0,0,0
0.111960,3.51733,9.299,0.016,-0.020,0,0,0
0.111980,3.51796,9.385,-0.014,-0.068,540,0,0
0.112000,3.51858,9.667,0.070,-0.016,540,0,0
0.112020,3.51921,9.829,0.016,-0.033,540,0,0
0.112040,3.51984,10.225,0.002,-0.032,540,0,0
0.112060,3.52047,10.680,0.002,0.022,540,0,0
0.112080,3.52110,10.877,0.014,-0.012,540,0,0
0.112100,3.52173,10.786,0.046,0.123,0,0,0
0.112120,3.52235,10.788,-0.014,-0.048,0,0,0
0.112140,3.52298,10.630,0.057,0.019,0,0,0
0.112160,3.52361,10.487,0.058,-0.003,0,0,0
0.112180,3.52424,10.548,0.012,-0.037,0,0,0
0.112200,3.52487,10.543,-0.044,-0.005,0,0,0
0.112220,3.52550,10.503,0.014,-0.007,0,0,0
0.112240,3.52612,10.352,-0.089,-0.002,0,0,0
0.112260,3.52675,10.301,-0.014,-0.062,0,0,0
0.112280,3.52738,10.236,0.025,-0.010,0,0,0
0.112300,3.52801,10.255,-0.024,0.032,0,0,0
0.112320,3.52864,10.061,0.041,0.034,0,0,0
0.112340,3.52927,9.991,-0.082,0.024,0,0,0
0.112360,3.52989,9.960,0.065,0.025,0,0,0
0.112380,3.53052,9.944,-0.078,0.004,0,0,0
0.112400,3.53115,9.837,0.006,-0.061,0,0,0
0.112420,3.53178,9.864,0.015,0.041,0,0,0
0.112440,3.53241,9.787,-0.046,-0.062,0,0,0
0.112460,3.53304,9.746,0.005,-0.027,0,0,0
0.112480,3.53366,9.623,-0.022,-0.038,0,0,0
0.112500,3.53429,9.573,-0.036,-0.001,0,0,0
0.112520,3.53492,9.560,0.046,0.012,0,0,0
0.112540,3.53555,9.453,-0.003,-0.016,0,0,0
0.112560,3.53618,9.523,0.092,0.028,0,0,0
0.112580,3.53681,9.415,-0.052,-0.081,0,0,0
0.112600,3.53743,9.395,-0.070,-0.063,0,0,0
0.112620,3.53806,9.275,0.084,0.024,0,0,0
0.112640,3.53869,9.225,0.010,0.070,0,0,0
0.112660,3.53932,9.384,-0.028,0.033,540,0,0
0.112680,3.53995,9.634,0.040,0.031,540,0,0
0.112700,3.54057,9.828,-0.050,0.125,540,0,0
0.112720,3.54120,10.122,-0.075,-0.050,540,0,0
0.112740,3.54183,10.457,0.043,0.005,540,0,0
0.112760,3.54246,10.793,-0.053,0.098,540,0,0
0.112780,3.54309,10.810,-0.020,0.003,0,0,0
0.112800,3.54372,10.712,0.019,-0.032,0,0,0
0.112820,3.54434,10.758,-0.097,0.017,0,0,0
0.112840,3.54497,10.608,0.005,0.015,0,0,0
0.112860,3.54560,10.440,-0.037,0.025,0,0,0
0.112880,3.54623,10.599,-0.097,0.037,0,0,0
0.112900,3.54686,10.439,-0.033,-0.009,0,0,0
0.112920,3.54749,10.381,0.004,0.038,0,0,0
0.112940,3.54811,10.265,-0.032,0.017,0,0,0
0.112960,3.54874,10.369,0.126,0.060,0,0,0
0.112980,3.54937,10.217,-0.052,-0.005,0,0,0
0.113000,3.55000,10.249,-0.021,0.038,0,0,0
0.113020,3.55063,10.154,-0.018,0.060,0,0,0
0.113040,3.55126,10.078,0.027,0.013,0,0,0
0.113060,3.55188,10.024,0.027,0.073,0,0,0
0.113080,3.55251,10.021,0.037,0.028,0,0,0
0.113100,3.55314,9.953,0.062,-0.053,0,0,0
0.113120,3.55377,9.899,-0.003,-0.040,0,0,0
0.113140,3.55440,9.834,-0.081,-0.039,0,0,0
0.113160,3.55503,9.743,-0.008,0.013,0,0,0
0.113180,3.55565,9.720,0.034,0.032,0,0,0
0.113200,3.55628,9.664,0.045,0.008,0,0,0
0.113220,3.55691,9.620,-0.089,0.023,0,0,0
0.113240,3.55754,9.580,0.019,0.066,0,0,0
0.113260,3.55817,9.548,0.074,-0.011,0,0,0
0.113280,3.55880,9.446,-0.023,0.025,0,0,0
0.113300,3.55942,9.390,-0.084,0.089,0,0,0
0.113320,3.56005,9.496,-0.036,-0.010,0,0,0
0.113340,3.56068,9.339,0.036,0.021,0,0,0
0.113360,3.56131,9.292,-0.035,-0.009,0,0,0
0.113380,3.56194,9.293,-0.016,-0.024,0,0,0
0.113400,3.56257,9.571,-0.132,-0.044,540,0,0
0.113420,3.56319,9.763,0.011,-0.022,540,0,0
0.113440,3.56382,9.939,0.024,0.065,540,0,0
0.113460,3.56445,10.194,-0.007,-0.031,540,0,0
0.113480,3.56508,10.465,0.010,0.052,540,0,0
0.113500,3.56571,10.807,0.016,0.045,540,0,0
0.113520,3.56634,10.849,0.014,0.027,0,0,0
0.113540,3.56696,10.645,-0.039,-0.057,0,0,0
0.113560,3.56759,10.719,-0.010,0.071,0,0,0
0.113580,3.56822,10.813,-0.023,0.059,0,0,0
0.113600,3.56885,10.587,-0.028,0.004,0,0,0
0.113620,3.56948,10.627,-0.008,-0.114,0,0,0
0.113640,3.57011,10.586,-0.040,0.046,0,0,0
0.113660,3.57073,10.515,0.003,0.010,0,0,0
0.113680,3.57136,10.434,-0.045,0.005,0,0,0
0.113700,3.57199,10.367,-0.028,-0.005,0,0,0
0.113720,3.57262,10.255,0.025,0.049,0,0,0
0.113740,3.57325,10.180,-0.009,0.018,0,0,0
0.113760,3.57388,10.233,-0.041,0.068,0,0,0
0.113780,3.57450,10.128,-0.137,0.005,0,0,0
0.113800,3.57513,10.090,-0.036,-0.007,0,0,0
0.113820,3.57576,10.124,-0.017,-0.028,0,0,0
0.113840,3.57639,10.133,-0.006,-0.003,0,0,0
0.113860,3.57702,10.079,-0.072,0.029,0,0,0
0.113880,3.57765,9.924,-0.076,-0.043,0,0,0
0.113900,3.57827,9.958,0.048,0.027,0,0,0
0.113920,3.57890,9.912,-0.082,0.025,0,0,0
0.113940,3.57953,9.859,0.021,-0.014,0,0,0
0.113960,3.58016,9.782,-0.025,0.072,0,0,0
0.113980,3.58079,9.837,0.031,-0.043,0,0,0
0.114000,3.58142,9.609,0.034,-0.060,0,0,0
0.114020,3.58204,9.698,0.037,-0.004,0,0,0
0.114040,3.58267,9.634,0.064,0.036,0,0,0
0.114060,3.58330,9.617,0.023,0.046,0,0,0
0.114080,3.58393,9.586,0.053,-0.068,0,0,0
0.114100,3.58456,9.510,-0.098,0.142,0,0,0
0.114120,3.58519,9.552,-0.053,0.004,0,0,0
0.114140,3.58581,9.497,0.014,-0.107,0,0,0
0.114160,3.58644,9.480,0.023,0.006,0,0,0
0.114180,3.58707,9.338,0.051,0.007,0,0,0
0.114200,3.58770,9.460,-0.029,0.037,0,0,0
0.114220,3.58833,9.333,0.042,0.040,0,0,0
0.114240,3.58896,9.148,-0.033,0.120,0,0,0
0.114260,3.58958,9.226,-0.018,-0.057,0,0,0
0.114280,3.59021,9.466,-0.004,0.023,540,0,0
0.114300,3.59084,9.656,0.030,0.043,540,0,0
0.114320,3.59147,9.877,0.001,0.114,540,0,0
0.114340,3.59210,10.096,0.010,0.060,540,0,0
0.114360,3.59273,10.294,-0.004,0.021,540,0,0
0.114380,3.59335,10.597,0.039,-0.021,540,0,0
0.114400,3.59398,10.805,0.062,-0.051,540,0,0
0.114420,3.59461,11.008,0.016,-0.111,0,0,0
0.114440,3.59524,10.818,0.003,-0.061,0,0,0
0.114460,3.59587,10.829,0.009,-0.068,0,0,0
0.114480,3.59650,10.768,0.054,-0.014,0,0,0
0.114500,3.59712,10.807,-0.047,-0.005,0,0,0
0.114520,3.59775,10.754,0.010,-0.027,0,0,0
0.114540,3.59838,10.666,-0.002,0.012,0,0,0
0.114560,3.59901,10.638,0.045,0.032,0,0,0
0.114580,3.59964,10.577,-0.031,-0.048,0,0,0
0.114600,3.60027,10.564,0.009,-0.092,0,0,0
0.114620,3.60089,10.597,0.075,0.038,0,0,0
0.114640,3.60152,10.363,0.173,0.052,0,0,0
0.114660,3.60215,10.374,-0.060,-0.011,0,0,0
0.114680,3.60278,10.449,-0.070,0.057,0,0,0
0.114700,3.60341,10.323,0.069,0.021,0,0,0
0.114720,3.60404,10.326,-0.045,-0.037,0,0,0
0.114740,3.60466,10.261,-0.040,0.024,0,0,0
0.114760,3.60529,10.259,-0.061,0.028,0,0,0
0.114780,3.60592,10.146,-0.081,0.033,0,0,0
0.114800,3.60655,10.215,-0.044,-0.021,0,0,0
0.114820,3.60718,10.109,-0.068,-0.041,0,0,0
0.114840,3.60781,10.145,0.110,-0.017,0,0,0
0.114860,3.60843,10.132,0.044,-0.043,0,0,0
0.114880,3.60906,10.089,-0.033,0.019,0,0,0
0.114900,3.60969,10.079,0.008,0.002,0,0,0
0.114920,3.61032,10.001,0.018,-0.018,0,0,0
0.114940,3.61095,9.920,-0.042,-0.076,0,0,0
0.114960,3.61157,9.898,-0.008,-0.037,0,0,0
0.114980,3.61220,9.915,0.018,0.059,0,0,0
0.115000,3.61283,9.917,-0.005,0.080,0,0,0
0.115020,3.61346,9.907,-0.001,-0.004,0,0,0
0.115040,3.61409,9.811,0.053,-0.047,0,0,0
0.115060,3.61472,9.709,-0.011,0.075,0,0,0
0.115080,3.61534,9.639,0.078,-0.033,0,0,0
0.115100,3.61597,9.695,0.029,0.069,0,0,0
0.115120,3.61660,9.776,0.042,0.023,0,0,0
0.115140,3.61723,9.660,-0.026,0.062,0,0,0
0.115160,3.61786,9.615,0.049,0.034,0,0,0
0.115180,3.61849,9.607,-0.017,-0.047,0,0,0
0.115200,3.61911,9.640,-0.089,0.005,0,0,0
0.115220,3.61974,9.498,-0.024,-0.119,0,0,0
0.115240,3.62037,9.525,0.021,0.078,0,0,0
0.115260,3.62100,9.534,0.023,-0.036,0,0,0
0.115280,3.62163,9.499,0.063,0.003,0,0,0
0.115300,3.62226,9.385,0.058,0.020,0,0,0
0.115320,3.62288,9.418,-0.042,0.001,0,0,0
0.115340,3.62351,9.325,0.045,-0.018,0,0,0
0.115360,3.62414,9.383,0.051,0.032,0,0,0
0.115380,3.62477,9.291,0.072,-0.082,0,0,0
0.115400,3.62540,9.243,0.071,-0.009,0,0,0
0.115420,3.62603,9.233,-0.018,-0.002,0,0,0
0.115440,3.62665,9.226,-0.028,0.011,0,0,0
0.115460,3.62728,9.225,-0.036,0.013,0,0,0
0.115480,3.62791,9.356,-0.050,-0.024,540,0,0
0.115500,3.62854,9.600,-0.032,-0.081,540,0,0
0.115520,3.62917,9.761,-0.062,-0.084,540,0,0
0.115540,3.62980,9.984,0.002,0.004,540,0,0
0.115560,3.63042,10.197,-0.002,0.008,540,0,0
0.115580,3.63105,10.353,-0.009,0.076,540,0,0
0.115600,3.63168,10.631,0.008,0.103,540,0,0
0.115620,3.63231,10.764,-0.069,-0.067,540,0,0
0.115640,3.63294,10.838,0.105,0.008,0,0,0
0.115660,3.63357,10.763,-0.027,-0.006,0,0,0
0.115680,3.63419,10.776,0.034,0.009,0,0,0
0.115700,3.63482,10.699,0.003,0.038,0,0,0
0.115720,3.63545,10.708,-0.020,0.070,0,0,0
0.115740,3.63608,10.660,0.083,0.011,0,0,0
0.115760,3.63671,10.590,0.028,0.006,0,0,0
0.115780,3.63734,10.642,-0.013,-0.070,0,0,0
0.115800,3.63796,10.560,-0.013,0.115,0,0,0
0.115820,3.63859,10.540,0.002,0.005,0,0,0
0.115840,3.63922,10.491,0.100,-0.071,0,0,0
0.115860,3.63985,10.477,-0.022,0.005,0,0,0
0.115880,3.64048,10.534,0.026,0.032,0,0,0
0.115900,3.64111,10.363,0.051,-0.018,0,0,0
0.115920,3.64173,10.491,0.070,0.053,0,0,0
0.115940,3.64236,10.386,-0.034,0.020,0,0,0
0.115960,3.64299,10.385,-0.041,0.031,0,0,0
0.115980,3.64362,10.310,-0.014,-0.029,0,0,0
0.116000,3.64425,10.325,0.020,-0.014,0,0,0
0.116020,3.64488,10.295,-0.061,-0.015,0,0,0
0.116040,3.64550,10.284,-0.017,0.012,0,0,0
0.116060,3.64613,10.285,-0.026,-0.051,0,0,0
0.116080,3.64676,10.260,0.040,0.020,0,0,0
0.116100,3.64739,10.149,0.045,-0.028,0,0,0
0.116120,3.64802,10.258,0.004,0.020,0,0,0
0.116140,3.64865,10.161,0.047,0.050,0,0,0
0.116160,3.64927,10.082,-0.009,0.019,0,0,0
0.116180,3.64990,10.063,-0.053,-0.034,0,0,0
0.116200,3.65053,10.142,-0.025,-0.081,0,0,0
0.116220,3.65116,10.120,-0.064,0.012,0,0,0
0.116240,3.65179,10.101,0.012,-0.039,0,0,0
0.116260,3.65242,10.086,-0.013,0.095,0,0,0
0.116280,3.65304,9.974,0.051,0.028,0,0,0
0.116300,3.65367,10.035,0.011,-0.092,0,0,0
0.116320,3.65430,10.011,0.031,-0.042,0,0,0
0.116340,3.65493,9.956,0.042,-0.049,0,0,0
0.116360,3.65556,10.076,0.072,0.034,0,0,0
0.116380,3.65619,9.866,0.025,0.015,0,0,0
0.116400,3.65681,9.889,0.002,-0.028,0,0,0
0.116420,3.65744,9.958,0.013,0.020,0,0,0
0.116440,3.65807,9.876,0.023,0.004,0,0,0
0.116460,3.65870,9.917,-0.091,0.047,0,0,0
0.116480,3.65933,9.753,-0.020,0.058,0,0,0
0.116500,3.65996,9.839,0.035,0.000,0,0,0
0.116520,3.66058,9.773,0.028,0.028,0,0,0
0.116540,3.66121,9.812,-0.107,0.070,0,0,0
0.116560,3.66184,9.783,0.049,-0.008,0,0,0
0.116580,3.66247,9.709,0.007,0.029,0,0,0
0.116600,3.66310,9.799,-0.057,-0.019,0,0,0
0.116620,3.66373,9.703,-0.012,-0.033,0,0,0
0.116640,3.66435,9.695,-0.047,-0.032,0,0,0
0.116660,3.66498,9.743,0.003,-0.014,0,0,0
0.116680,3.66561,9.640,-0.007,-0.066,0,0,0
0.116700,3.66624,9.615,-0.007,-0.070,0,0,0
0.116720,3.66687,9.537,-0.053,-0.014,0,0,0
0.116740,3.66750,9.626,0.014,0.030,0,0,0
0.116760,3.66812,9.615,0.041,0.028,0,0,0
0.116780,3.66875,9.632,-0.040,0.011,0,0,0
0.116800,3.66938,9.584,-0.130,0.106,0,0,0
0.116820,3.67001,9.610,-0.068,0.064,0,0,0
0.116840,3.67064,9.564,-0.063,0.040,0,0,0
0.116860,3.67127,9.536,0.004,0.055,0,0,0
0.116880,3.67189,9.561,-0.048,-0.081,0,0,0
0.116900,3.67252,9.583,0.039,-0.077,0,0,0
0.116920,3.67315,9.507,0.006,-0.047,0,0,0
0.116940,3.67378,9.478,-0.023,-0.037,0,0,0
0.116960,3.67441,9.363,0.042,0.003,0,0,0
0.116980,3.67504,9.505,-0.005,-0.136,0,0,0
0.117000,3.67566,9.449,-0.033,0.044,0,0,0
0.117020,3.67629,9.385,-0.102,-0.097,0,0,0
0.117040,3.67692,9.374,0.027,-0.001,0,0,0
0.117060,3.67755,9.387,0.080,-0.030,0,0,0
0.117080,3.67818,9.374,-0.008,-0.030,0,0,0
0.117100,3.67880,9.315,0.050,-0.039,0,0,0
0.117120,3.67943,9.444,-0.101,0.051,0,0,0
0.117140,3.68006,9.446,0.064,0.027,0,0,0
0.117160,3.68069,9.207,-0.020,-0.048,0,0,0
0.117180,3.68132,9.248,0.010,0.067,0,0,0
0.117200,3.68195,9.228,0.057,-0.043,0,0,0
0.117220,3.68257,9.256,0.029,-0.012,0,0,0
0.117240,3.68320,9.356,-0.034,0.032,0,0,0
0.117260,3.68383,9.257,0.002,0.042,0,0,0
0.117280,3.68446,9.449,0.001,0.073,540,0,0
0.117300,3.68509,9.666,-0.024,-0.074,540,0,0
0.117320,3.68572,9.803,0.033,0.081,540,0,0
0.117340,3.68634,10.033,0.012,0.043,540,0,0
0.117360,3.68697,10.227,-0.085,-0.037,540,0,0
0.117380,3.68760,10.443,-0.021,-0.029,540,0,0
0.117400,3.68823,10.692,0.042,-0.051,540,0,0
0.117420,3.68886,10.942,-0.027,-0.040,540,0,0
0.117440,3.68949,10.867,-0.008,-0.017,0,0,0
0.117460,3.69011,10.847,0.001,-0.016,0,0,0
0.117480,3.69074,10.893,-0.031,-0.036,0,0,0
0.117500,3.69137,10.884,-0.088,-0.036,0,0,0
0.117520,3.69200,10.867,0.120,-0.007,0,0,0
0.117540,3.69263,10.828,-0.024,-0.075,0,0,0
0.117560,3.69326,10.774,0.012,0.016,0,0,0
0.117580,3.69388,10.765,0.006,0.033,0,0,0
0.117600,3.69451,10.848,0.006,0.009,0,0,0
0.117620,3.69514,10.741,-0.011,-0.001,0,0,0
0.117640,3.69577,10.729,-0.031,0.066,0,0,0
0.117660,3.69640,10.744,-0.033,-0.043,0,0,0
0.117680,3.69703,10.736,0.015,-0.023,0,0,0
0.117700,3.69765,10.657,-0.026,0.025,0,0,0
0.117720,3.69828,10.614,0.017,0.042,0,0,0
0.117740,3.69891,10.710,-0.011,-0.096,0,0,0
0.117760,3.69954,10.688,0.067,-0.116,0,0,0
0.117780,3.70017,10.714,0.120,-0.059,0,0,0
0.117800,3.70080,10.519,-0.024,0.031,0,0,0
0.117820,3.70142,10.768,-0.059,0.059,0,0,0
0.117840,3.70205,10.546,-0.037,0.053,0,0,0
0.117860,3.70268,10.611,-0.059,-0.066,0,0,0
0.117880,3.70331,10.595,0.007,-0.003,0,0,0
0.117900,3.70394,10.609,-0.053,0.068,0,0,0
0.117920,3.70457,10.543,0.023,0.038,0,0,0
0.117940,3.70519,10.625,-0.080,0.018,0,0,0
0.117960,3.70582,10.519,0.012,-0.008,0,0,0
0.117980,3.70645,10.493,0.054,0.061,0,0,0
0.118000,3.70708,10.556,-0.006,0.031,0,0,0
0.118020,3.70771,10.561,0.054,0.062,0,0,0
0.118040,3.70834,10.515,0.030,-0.004,0,0,0
0.118060,3.70896,10.438,0.445,-0.050,0,540,0
0.118080,3.70959,10.430,1.314,-0.066,0,540,0
0.118100,3.71022,10.437,2.253,-0.012,0,540,0
0.118120,3.71085,10.420,3.147,-0.062,0,540,0
0.118140,3.71148,10.455,4.013,0.016,0,540,0
0.118160,3.71211,10.372,4.887,0.017,0,540,0
0.118180,3.71273,10.377,5.831,-0.034,0,540,0
0.118200,3.71336,10.500,6.718,-0.055,0,540,0
0.118220,3.71399,10.384,7.575,-0.043,0,540,0
0.118240,3.71462,10.365,8.467,0.003,0,540,0
0.118260,3.71525,10.375,9.347,0.030,0,540,0
0.118280,3.71588,10.420,10.304,-0.110,0,540,0
0.118300,3.71650,10.408,10.799,0.081,0,0,0
0.118320,3.71713,10.314,10.736,-0.005,0,0,0
0.118340,3.71776,10.367,10.695,-0.010,0,0,0
0.118360,3.71839,10.346,10.639,-0.116,0,0,0
0.118380,3.71902,10.285,10.605,-0.010,0,0,0
0.118400,3.71965,10.393,10.671,0.024,0,0,0
0.118420,3.72027,10.375,10.673,0.038,0,0,0
0.118440,3.72090,10.313,10.708,0.007,0,0,0
0.118460,3.72153,10.328,10.608,-0.042,0,0,0
0.118480,3.72216,10.225,10.647,0.023,0,0,0
0.118500,3.72279,10.271,10.552,0.046,0,0,0
0.118520,3.72342,10.264,10.609,-0.019,0,0,0
0.118540,3.72404,10.276,10.550,-0.037,0,0,0
0.118560,3.72467,10.250,10.566,0.070,0,0,0
0.118580,3.72530,10.238,10.569,-0.054,0,0,0
0.118600,3.72593,10.320,10.488,0.053,0,0,0
0.118620,3.72656,10.270,10.489,-0.046,0,0,0
0.118640,3.72719,10.273,10.520,0.034,0,0,0
0.118660,3.72781,10.147,10.496,-0.003,0,0,0
0.118680,3.72844,10.174,10.436,0.080,0,0,0
0.118700,3.72907,10.211,10.449,-0.043,0,0,0
0.118720,3.72970,10.201,10.458,-0.094,0,0,0
0.118740,3.73033,10.151,10.484,-0.051,0,0,0
0.118760,3.73096,10.079,10.435,0.056,0,0,0
0.118780,3.73158,10.101,10.458,-0.007,0,0,0
0.118800,3.73221,10.163,10.394,0.044,0,0,0
0.118820,3.73284,10.113,10.459,-0.068,0,0,0
0.118840,3.73347,10.221,10.533,0.075,0,0,0
0.118860,3.73410,10.108,10.494,0.003,0,0,0
0.118880,3.73473,10.171,10.399,0.024,0,0,0
0.118900,3.73535,10.121,10.291,0.006,0,0,0
0.118920,3.73598,10.121,10.438,0.035,0,0,0
0.118940,3.73661,10.095,10.331,0.048,0,0,0
0.118960,3.73724,10.080,10.368,-0.042,0,0,0
0.118980,3.73787,10.128,10.339,-0.008,0,0,0
0.119000,3.73850,10.078,10.395,0.015,0,0,0
0.119020,3.73912,10.051,10.330,0.064,0,0,0
0.119040,3.73975,10.082,10.303,-0.125,0,0,0
0.119060,3.74038,10.060,10.258,-0.006,0,0,0
0.119080,3.74101,9.988,10.228,0.008,0,0,0
0.119100,3.74164,10.125,10.254,0.099,0,0,0
0.119120,3.74227,10.010,10.334,0.023,0,0,0
0.119140,3.74289,10.002,10.243,0.039,0,0,0
0.119160,3.74352,10.002,10.275,0.073,0,0,0
0.119180,3.74415,9.988,10.120,-0.140,0,0,0
0.119200,3.74478,9.944,10.252,-0.022,0,0,0
0.119220,3.74541,10.029,10.204,-0.070,0,0,0
0.119240,3.74604,9.907,10.235,-0.031,0,0,0
0.119260,3.74666,10.023,10.128,-0.048,0,0,0
0.119280,3.74729,9.946,10.255,0.014,0,0,0
0.119300,3.74792,9.952,10.195,0.005,0,0,0
0.119320,3.74855,9.964,10.123,-0.014,0,0,0
0.119340,3.74918,9.947,10.212,0.033,0,0,0
0.119360,3.74980,10.000,10.126,-0.024,0,0,0
0.119380,3.75043,10.047,10.091,-0.005,0,0,0
0.119400,3.75106,9.980,10.061,0.081,0,0,0
0.119420,3.75169,10.021,10.069,-0.010,0,0,0
0.119440,3.75232,9.854,10.001,-0.032,0,0,0
0.119460,3.75295,9.928,10.098,-0.015,0,0,0
0.119480,3.75357,9.941,10.031,0.011,0,0,0
0.119500,3.75420,9.975,10.045,0.047,0,0,0
0.119520,3.75483,9.982,9.979,-0.027,0,0,0
0.119540,3.75546,9.844,9.954,0.073,0,0,0
0.119560,3.75609,9.899,10.075,-0.063,0,0,0
0.119580,3.75672,9.888,10.014,-0.067,0,0,0
0.119600,3.75734,9.853,9.885,0.049,0,0,0
0.119620,3.75797,9.912,9.979,-0.008,0,0,0
0.119640,3.75860,9.852,9.956,0.035,0,0,0
0.119660,3.75923,9.877,9.978,-0.079,0,0,0
0.119680,3.75986,9.884,9.907,-0.049,0,0,0
0.119700,3.76049,9.908,9.946,-0.030,0,0,0
0.119720,3.76111,9.877,9.976,-0.077,0,0,0
0.119740,3.76174,9.892,9.935,0.003,0,0,0
0.119760,3.76237,9.861,9.787,-0.002,0,0,0
0.119780,3.76300,9.818,9.893,-0.001,0,0,0
0.119800,3.76363,9.873,9.780,0.004,0,0,0
0.119820,3.76426,9.843,9.883,0.011,0,0,0
0.119840,3.76488,9.879,9.804,-0.021,0,0,0
0.119860,3.76551,9.760,9.774,-0.008,0,0,0
0.119880,3.76614,9.808,9.822,0.013,0,0,0
0.119900,3.76677,9.793,9.814,-0.017,0,0,0
0.119920,3.76740,9.849,9.759,0.004,0,0,0
0.119940,3.76803,9.869,9.862,-0.007,0,0,0
0.119960,3.76865,9.776,9.725,-0.002,0,0,0
0.119980,3.76928,9.833,9.670,0.051,0,0,0
0.120000,3.76991,9.825,9.692,0.022,0,0,0
0.120020,3.77054,9.810,9.730,-0.013,0,0,0
0.120040,3.77117,9.720,9.740,-0.007,0,0,0
0.120060,3.77180,9.754,9.674,-0.033,0,0,0
0.120080,3.77242,9.798,9.639,-0.051,0,0,0
0.120100,3.77305,9.772,9.774,0.008,0,0,0
0.120120,3.77368,9.770,9.693,-0.016,0,0,0
0.120140,3.77431,9.868,9.677,0.003,0,0,0
0.120160,3.77494,9.702,9.661,-0.026,0,0,0
0.120180,3.77557,9.760,9.655,0.023,0,0,0
0.120200,3.77619,9.772,9.678,-0.016,0,0,0
0.120220,3.77682,9.701,9.557,-0.086,0,0,0
0.120240,3.77745,9.708,9.565,0.003,0,0,0
0.120260,3.77808,9.616,9.536,0.087,0,0,0
0.120280,3.77871,9.757,9.526,-0.022,0,0,0
0.120300,3.77934,9.815,9.556,0.055,0,0,0
0.120320,3.77996,9.774,9.553,-0.037,0,0,0
0.120340,3.78059,9.726,9.554,0.060,0,0,0
0.120360,3.78122,9.789,9.469,-0.028,0,0,0
0.120380,3.78185,9.825,9.438,-0.059,0,0,0
0.120400,3.78248,9.631,9.431,0.092,0,0,0
0.120420,3.78311,9.603,9.501,0.089,0,0,0
0.120440,3.78373,9.670,9.434,0.013,0,0,0
0.120460,3.78436,9.715,9.416,-0.034,0,0,0
0.120480,3.78499,9.729,9.416,-0.036,0,0,0
0.120500,3.78562,9.700,9.383,-0.026,0,0,0
0.120520,3.78625,9.668,9.385,-0.031,0,0,0
0.120540,3.78688,9.634,9.407,0.008,0,0,0
0.120560,3.78750,9.700,9.433,-0.023,0,0,0
0.120580,3.78813,9.740,9.374,-0.077,0,0,0
0.120600,3.78876,9.714,9.294,-0.019,0,0,0
0.120620,3.78939,9.709,9.402,0.014,0,0,0
0.120640,3.79002,9.694,9.385,0.077,0,0,0
0.120660,3.79065,9.668,9.342,-0.040,0,0,0
0.120680,3.79127,9.558,9.266,-0.022,0,0,0
0.120700,3.79190,9.676,9.303,-0.063,0,0,0
0.120720,3.79253,9.620,9.269,-0.053,0,0,0
0.120740,3.79316,9.565,9.213,0.064,0,0,0
0.120760,3.79379,9.651,9.214,-0.003,0,0,0
0.120780,3.79442,9.631,9.714,-0.004,0,540,0
0.120800,3.79504,9.667,10.513,0.056,0,540,0
0.120820,3.79567,9.647,10.934,0.000,0,0,0
0.120840,3.79630,9.501,10.972,0.039,-540,0,0
0.120860,3.79693,9.372,10.954,-0.086,-540,0,0
0.120880,3.79756,9.106,10.896,-0.071,-540,0,0
0.120900,3.79819,8.909,10.901,-0.026,-540,0,0
0.120920,3.79881,8.704,10.783,0.098,-540,0,0
0.120940,3.79944,8.570,10.820,0.018,-540,0,0
0.120960,3.80007,8.352,10.796,-0.044,-540,0,0
0.120980,3.80070,8.052,10.832,0.036,-540,0,0
0.121000,3.80133,7.985,10.725,0.028,-540,0,0
0.121020,3.80196,7.848,10.758,-0.037,-540,0,0
0.121040,3.80258,7.736,10.829,0.124,-540,0,0
0.121060,3.80321,7.434,10.696,-0.100,-540,0,0
0.121080,3.80384,7.377,10.782,0.047,-540,0,0
0.121100,3.80447,7.044,10.749,0.102,-540,0,0
0.121120,3.80510,6.971,10.666,0.051,-540,0,0
0.121140,3.80573,6.797,10.622,-0.072,-540,0,0
0.121160,3.80635,6.696,10.567,0.029,-540,0,0
0.121180,3.80698,6.529,10.593,0.002,-540,0,0
0.121200,3.80761,6.328,10.495,-0.065,-540,0,0
0.121220,3.80824,6.124,10.648,-0.002,-540,0,0
0.121240,3.80887,6.016,10.585,0.044,-540,0,0
0.121260,3.80950,5.875,10.560,0.098,-540,0,0
0.121280,3.81012,5.742,10.517,0.056,-540,0,0
0.121300,3.81075,5.486,10.531,0.001,-540,0,0
0.121320,3.81138,5.453,10.530,-0.067,-540,0,0
0.121340,3.81201,5.313,10.491,0.073,-540,0,0
0.121360,3.81264,4.994,10.477,-0.017,-540,0,0
0.121380,3.81327,5.083,10.369,-0.056,-540,0,0
0.121400,3.81389,4.832,10.469,-0.026,-540,0,0
0.121420,3.81452,4.720,10.383,-0.074,-540,0,0
0.121440,3.81515,4.603,10.433,0.101,-540,0,0
0.121460,3.81578,4.423,10.366,-0.001,-540,0,0
0.121480,3.81641,4.337,10.334,0.069,-540,0,0
0.121500,3.81704,4.186,10.235,-0.088,-540,0,0
0.121520,3.81766,4.022,10.331,-0.026,-540,0,0
0.121540,3.81829,3.924,10.311,0.024,-540,0,0
0.121560,3.81892,3.757,10.331,0.006,-540,0,0
0.121580,3.81955,3.679,10.303,-0.081,-540,0,0
0.121600,3.82018,3.594,10.264,0.056,-540,0,0
0.121620,3.82080,3.426,10.281,0.022,-540,0,0
0.121640,3.82143,3.230,10.244,0.003,-540,0,0
0.121660,3.82206,3.142,10.181,0.034,-540,0,0
0.121680,3.82269,3.078,10.157,0.101,-540,0,0
0.121700,3.82332,2.935,10.157,-0.023,-540,0,0
0.121720,3.82395,2.840,10.083,-0.010,-540,0,0
0.121740,3.82457,2.754,10.195,-0.009,-540,0,0
0.121760,3.82520,2.580,10.093,-0.015,-540,0,0
0.121780,3.82583,2.531,10.103,0.069,-540,0,0
0.121800,3.82646,2.385,10.047,-0.022,-540,0,0
0.121820,3.82709,2.321,10.070,0.009,-540,0,0
0.121840,3.82772,2.185,9.954,-0.013,-540,0,0
0.121860,3.82834,2.027,10.035,-0.045,-540,0,0
0.121880,3.82897,2.033,9.894,0.007,-540,0,0
0.121900,3.82960,1.794,9.951,-0.049,-540,0,0
0.121920,3.83023,1.740,9.896,-0.002,-540,0,0
0.121940,3.83086,1.719,9.890,0.007,-540,0,0
0.121960,3.83149,1.517,9.771,0.025,-540,0,0
0.121980,3.83211,1.439,9.962,0.012,-540,0,0
0.122000,3.83274,1.281,9.831,0.052,-540,0,0
0.122020,3.83337,1.202,9.823,0.034,-540,0,0
0.122040,3.83400,1.124,9.736,0.049,-540,0,0
0.122060,3.83463,1.102,9.711,-0.012,-540,0,0
0.122080,3.83526,0.856,9.727,0.056,-540,0,0
0.122100,3.83588,0.920,9.779,-0.004,-540,0,0
0.122120,3.83651,0.715,9.717,-0.091,-540,0,0
0.122140,3.83714,0.597,9.680,-0.044,-540,0,0
0.122160,3.83777,0.543,9.644,0.002,-540,0,0
0.122180,3.83840,0.400,9.540,0.081,-540,0,0
0.122200,3.83903,0.299,9.609,-0.058,-540,0,0
0.122220,3.83965,0.247,9.584,0.067,-540,0,0
0.122240,3.84028,0.208,9.598,-0.019,0,0,0
0.122260,3.84091,0.179,9.508,0.030,0,0,0
0.122280,3.84154,0.282,9.515,-0.006,0,0,0
0.122300,3.84217,0.092,9.546,0.028,-540,0,0
0.122320,3.84280,0.163,9.403,-0.022,0,0,0
0.122340,3.84342,0.171,9.408,0.038,0,0,0
0.122360,3.84405,0.193,9.425,0.045,0,0,0
0.122380,3.84468,0.229,9.402,0.041,0,0,0
0.122400,3.84531,0.151,9.297,-0.100,0,0,0
0.122420,3.84594,0.207,9.401,-0.051,0,0,0
0.122440,3.84657,0.184,9.399,0.113,0,0,0
0.122460,3.84719,0.229,9.294,-0.036,0,0,0
0.122480,3.84782,0.260,10.084,-0.001,0,540,0
0.122500,3.84845,0.276,10.971,0.013,0,540,0
0.122520,3.84908,0.219,10.922,-0.039,0,0,0
0.122540,3.84971,0.239,10.866,0.016,0,0,0
0.122560,3.85034,0.147,10.861,-0.045,0,0,0
0.122580,3.85096,0.243,10.879,0.050,0,0,0
0.122600,3.85159,0.236,10.767,0.012,0,0,0
0.122620,3.85222,0.189,10.687,0.033,0,0,0
0.122640,3.85285,0.156,10.768,-0.020,0,0,0
0.122660,3.85348,0.114,10.646,0.033,0,0,0
0.122680,3.85411,0.075,10.687,-0.005,0,0,0
0.122700,3.85473,0.127,10.638,-0.027,0,0,0
0.122720,3.85536,0.196,10.597,0.061,0,0,0
0.122740,3.85599,0.219,10.561,-0.030,0,0,0
0.122760,3.85662,0.167,10.580,-0.015,0,0,0
0.122780,3.85725,0.157,10.562,0.120,0,0,0
0.122800,3.85788,0.179,10.398,0.003,0,0,0
0.122820,3.85850,0.161,10.515,-0.015,0,0,0
0.122840,3.85913,0.196,10.425,-0.048,0,0,0
0.122860,3.85976,0.162,10.510,0.036,0,0,0
0.122880,3.86039,0.229,10.374,-0.010,0,0,0
0.122900,3.86102,0.153,10.312,-0.024,0,0,0
0.122920,3.86165,0.103,10.353,-0.048,0,0,0
0.122940,3.86227,0.158,10.288,-0.074,0,0,0
0.122960,3.86290,0.078,10.254,-0.030,0,0,0
0.122980,3.86353,0.093,10.282,0.112,0,0,0
0.123000,3.86416,0.220,10.217,0.011,0,0,0
0.123020,3.86479,0.205,10.193,-0.056,0,0,0
0.123040,3.86542,0.137,10.137,-0.076,0,0,0
0.123060,3.86604,0.281,10.121,0.016,0,0,0
0.123080,3.86667,0.249,10.081,-0.025,0,0,0
0.123100,3.86730,0.144,10.030,-0.044,0,0,0
0.123120,3.86793,0.120,9.913,0.073,0,0,0
0.123140,3.86856,0.078,9.974,0.140,0,0,0
0.123160,3.86919,0.201,9.890,-0.063,0,0,0
0.123180,3.86981,0.133,9.842,-0.039,0,0,0
0.123200,3.87044,0.227,9.826,-0.023,0,0,0
0.123220,3.87107,0.178,9.814,0.023,0,0,0
0.123240,3.87170,0.195,9.776,-0.070,0,0,0
0.123260,3.87233,0.246,9.748,-0.029,0,0,0
0.123280,3.87296,0.119,9.765,-0.075,0,0,0
0.123300,3.87358,0.197,9.774,-0.022,0,0,0
0.123320,3.87421,0.145,9.638,0.021,0,0,0
0.123340,3.87484,0.097,9.677,-0.001,0,0,0
0.123360,3.87547,0.117,9.679,0.013,0,0,0
0.123380,3.87610,0.099,9.514,0.013,0,0,0
0.123400,3.87673,0.195,9.483,0.037,0,0,0
0.123420,3.87735,0.166,9.496,-0.028,0,0,0
0.123440,3.87798,0.049,9.439,0.085,0,0,0
0.123460,3.87861,0.089,9.343,-0.053,0,0,0
0.123480,3.87924,0.048,9.518,0.034,0,0,0
0.123500,3.87987,0.109,9.339,0.098,0,0,0
0.123520,3.88050,0.198,9.359,0.069,0,0,0
0.123540,3.88112,0.071,9.378,-0.032,0,0,0
0.123560,3.88175,0.101,9.286,-0.056,0,0,0
0.123580,3.88238,0.140,9.251,0.069,0,0,0
0.123600,3.88301,0.212,9.060,0.034,0,0,0
0.123620,3.88364,0.156,9.165,0.016,0,0,0
0.123640,3.88427,0.180,9.982,0.053,0,540,0
0.123660,3.88489,0.154,10.739,0.044,0,540,0
0.123680,3.88552,0.080,10.980,0.031,0,0,0
0.123700,3.88615,0.077,10.887,0.049,0,0,0
0.123720,3.88678,0.103,10.914,-0.096,0,0,0
0.123740,3.88741,0.123,10.823,-0.033,0,0,0
0.123760,3.88804,0.074,10.857,-0.044,0,0,0
0.123780,3.88866,0.196,10.761,0.080,0,0,0
0.123800,3.88929,0.114,10.844,0.030,0,0,0
0.123820,3.88992,0.050,10.662,-0.050,0,0,0
0.123840,3.89055,0.099,10.718,0.013,0,0,0
0.123860,3.89118,0.119,10.748,0.042,0,0,0
0.123880,3.89180,0.125,10.718,-0.011,0,0,0
0.123900,3.89243,0.099,10.511,0.068,0,0,0
0.123920,3.89306,0.146,10.568,0.057,0,0,0
0.123940,3.89369,0.152,10.538,-0.023,0,0,0
0.123960,3.89432,0.069,10.493,-0.065,0,0,0
0.123980,3.89495,0.082,10.432,-0.104,0,0,0
0.124000,3.89557,0.059,10.370,0.031,0,0,0
0.124020,3.89620,0.106,10.315,0.000,0,0,0
0.124040,3.89683,0.152,10.269,0.059,0,0,0
0.124060,3.89746,0.063,10.224,-0.037,0,0,0
0.124080,3.89809,0.104,10.248,-0.031,0,0,0
0.124100,3.89872,0.134,10.223,-0.033,0,0,0
0.124120,3.89934,0.130,10.160,0.076,0,0,0
0.124140,3.89997,0.085,10.018,0.004,0,0,0
0.124160,3.90060,0.116,10.018,-0.039,0,0,0
0.124180,3.90123,0.122,9.965,0.033,0,0,0
0.124200,3.90186,0.106,9.904,-0.012,0,0,0
0.124220,3.90249,0.143,9.880,0.099,0,0,0
0.124240,3.90311,0.083,9.835,0.027,0,0,0
0.124260,3.90374,0.103,9.806,0.031,0,0,0
0.124280,3.90437,0.075,9.692,0.034,0,0,0
0.124300,3.90500,0.085,9.832,0.087,0,0,0
0.124320,3.90563,0.089,9.641,0.098,0,0,0
0.124340,3.90626,0.110,9.638,0.041,0,0,0
0.124360,3.90688,0.117,9.624,-0.020,0,0,0
0.124380,3.90751,0.213,9.529,0.031,0,0,0
0.124400,3.90814,0.182,9.491,-0.007,0,0,0
0.124420,3.90877,0.116,9.483,0.047,0,0,0
0.124440,3.90940,0.068,9.479,-0.035,0,0,0
0.124460,3.91003,0.146,9.307,0.038,0,0,0
0.124480,3.91065,0.160,9.304,-0.059,0,0,0
0.124500,3.91128,0.121,9.260,-0.044,0,0,0
0.124520,3.91191,0.094,9.162,-0.016,0,0,0
0.124540,3.91254,0.154,9.897,-0.035,0,540,0
0.124560,3.91317,0.089,10.492,0.033,0,540,0
0.124580,3.91380,0.139,10.890,-0.076,0,0,0
0.124600,3.91442,0.136,10.815,-0.027,0,0,0
0.124620,3.91505,0.094,10.654,-0.016,0,0,0
0.124640,3.91568,0.167,10.622,-0.005,0,0,0
0.124660,3.91631,0.101,10.687,-0.002,0,0,0
0.124680,3.91694,0.157,10.565,-0.003,0,0,0
0.124700,3.91757,0.078,10.568,0.004,0,0,0
0.124720,3.91819,0.104,10.560,0.020,0,0,0
0.124740,3.91882,0.252,10.506,-0.017,0,0,0
0.124760,3.91945,0.141,10.407,-0.015,0,0,0
0.124780,3.92008,0.047,10.461,-0.057,0,0,0
0.124800,3.92071,0.114,10.249,0.008,0,0,0
0.124820,3.92134,0.081,10.185,0.019,0,0,0
0.124840,3.92196,0.100,10.186,0.038,0,0,0
0.124860,3.92259,0.168,10.099,-0.056,0,0,0
0.124880,3.92322,0.071,10.019,0.004,0,0,0
0.124900,3.92385,0.027,10.048,-0.043,0,0,0
0.124920,3.92448,0.100,9.925,-0.011,0,0,0
0.124940,3.92511,0.204,9.910,-0.004,0,0,0
0.124960,3.92573,0.093,9.836,0.077,0,0,0
0.124980,3.92636,0.111,9.831,-0.006,0,0,0
0.125000,3.92699,0.156,9.781,0.089,0,0,0
0.125020,3.92762,0.135,9.722,0.004,0,0,0
0.125040,3.92825,0.100,9.607,0.072,0,0,0
0.125060,3.92888,0.218,9.639,-0.036,0,0,0
0.125080,3.92950,0.090,9.637,0.037,0,0,0
0.125100,3.93013,0.119,9.483,-0.023,0,0,0
0.125120,3.93076,0.135,9.539,0.115,0,0,0
0.125140,3.93139,0.050,9.434,0.063,0,0,0
0.125160,3.93202,0.159,9.421,0.089,0,0,0
0.125180,3.93265,0.076,9.368,-0.029,0,0,0
0.125200,3.93327,0.170,9.241,0.005,0,0,0
0.125220,3.93390,0.138,9.259,-0.001,0,0,0
0.125240,3.93453,0.059,9.838,-0.009,0,540,0
0.125260,3.93516,0.185,10.391,-0.061,0,540,0
0.125280,3.93579,0.100,10.693,-0.022,0,0,0
0.125300,3.93642,0.054,10.641,0.005,0,0,0
0.125320,3.93704,0.069,10.604,0.016,0,0,0
0.125340,3.93767,0.112,10.581,0.010,0,0,0
0.125360,3.93830,0.162,10.453,0.040,0,0,0
0.125380,3.93893,0.115,10.340,-0.046,0,0,0
0.125400,3.93956,0.112,10.289,-0.085,0,0,0
0.125420,3.94019,0.184,10.312,0.075,0,0,0
0.125440,3.94081,0.179,10.152,0.061,0,0,0
0.125460,3.94144,0.051,10.140,0.057,0,0,0
0.125480,3.94207,0.157,10.134,0.050,0,0,0
0.125500,3.94270,0.071,10.080,0.056,0,0,0
0.125520,3.94333,0.157,10.022,-0.071,0,0,0
0.125540,3.94396,0.085,9.957,0.002,0,0,0
0.125560,3.94458,0.089,9.926,-0.014,0,0,0
0.125580,3.94521,0.181,9.761,0.035,0,0,0
0.125600,3.94584,0.059,9.763,0.019,0,0,0
0.125620,3.94647,0.075,9.718,-0.047,0,0,0
0.125640,3.94710,0.122,9.586,-0.031,0,0,0
0.125660,3.94773,0.110,9.534,0.109,0,0,0
0.125680,3.94835,0.091,9.447,-0.012,0,0,0
0.125700,3.94898,0.153,9.411,-0.007,0,0,0
0.125720,3.94961,0.070,9.398,-0.001,0,0,0
0.125740,3.95024,0.146,9.253,0.007,0,0,0
0.125760,3.95087,-0.016,9.226,-0.020,0,0,0
0.125780,3.95150,0.120,9.171,-0.028,0,0,0
0.125800,3.95212,0.180,9.242,0.058,0,0,0
0.125820,3.95275,0.114,9.155,0.029,0,0,0
0.125840,3.95338,0.031,9.729,-0.041,0,540,0
0.125860,3.95401,0.102,10.275,-0.053,0,540,0
0.125880,3.95464,0.081,10.700,-0.026,0,540,0
0.125900,3.95527,0.159,11.051,-0.078,0,0,0
0.125920,3.95589,0.089,10.962,-0.025,0,0,0
0.125940,3.95652,0.193,10.823,0.032,0,0,0
0.125960,3.95715,0.033,10.866,-0.082,0,0,0
0.125980,3.95778,0.092,10.742,0.013,0,0,0
0.126000,3.95841,0.103,10.622,-0.063,0,0,0
0.126020,3.95904,0.055,10.645,-0.085,0,0,0
0.126040,3.95966,0.142,10.447,-0.029,0,0,0
0.126060,3.96029,0.107,10.403,-0.040,0,0,0
0.126080,3.96092,0.149,10.394,-0.020,0,0,0
0.126100,3.96155,0.263,10.308,-0.048,0,0,0
0.126120,3.96218,0.195,10.309,0.006,0,0,0
0.126140,3.96280,0.132,10.198,-0.085,0,0,0
0.126160,3.96343,0.102,10.115,0.002,0,0,0
0.126180,3.96406,-0.015,10.139,0.069,0,0,0
0.126200,3.96469,0.241,10.019,-0.045,0,0,0
0.126220,3.96532,0.178,9.968,-0.049,0,0,0
0.126240,3.96595,0.087,9.840,0.059,0,0,0
0.126260,3.96657,0.160,9.796,-0.002,0,0,0
0.126280,3.96720,0.117,9.838,0.101,0,0,0
0.126300,3.96783,0.076,9.855,-0.023,0,0,0
0.126320,3.96846,0.126,9.658,-0.015,0,0,0
0.126340,3.96909,0.133,9.531,-0.039,0,0,0
0.126360,3.96972,0.114,9.603,-0.021,0,0,0
0.126380,3.97034,0.182,9.422,-0.014,0,0,0
0.126400,3.97097,0.153,9.436,-0.091,0,0,0
0.126420,3.97160,0.150,9.396,-0.019,0,0,0
0.126440,3.97223,0.074,9.208,-0.004,0,0,0
0.126460,3.97286,0.152,9.253,0.076,0,0,0
0.126480,3.97349,0.151,9.676,-0.014,0,540,0
0.126500,3.97411,0.164,10.169,-0.017,0,540,0
0.126520,3.97474,0.142,10.535,0.020,0,540,0
0.126540,3.97537,0.076,10.812,0.011,0,0,0
0.126560,3.97600,0.028,10.721,0.000,0,0,0
0.126580,3.97663,0.130,10.649,-0.008,0,0,0
0.126600,3.97726,0.064,10.605,0.068,0,0,0
0.126620,3.97788,0.124,10.554,0.061,0,0,0
0.126640,3.97851,0.115,10.433,0.012,0,0,0
0.126660,3.97914,0.041,10.514,-0.076,0,0,0
0.126680,3.97977,0.082,10.273,0.086,0,0,0
0.126700,3.98040,0.158,10.319,-0.049,0,0,0
0.126720,3.98103,0.128,10.165,-0.102,0,0,0
0.126740,3.98165,0.136,10.122,0.058,0,0,0
0.126760,3.98228,0.202,10.085,0.038,0,0,0
0.126780,3.98291,0.187,9.971,0.045,0,0,0
0.126800,3.98354,0.091,10.000,0.101,0,0,0
0.126820,3.98417,0.199,9.877,-0.080,0,0,0
0.126840,3.98480,0.146,9.791,-0.001,0,0,0
0.126860,3.98542,0.059,9.699,0.033,0,0,0
0.126880,3.98605,0.134,9.685,0.001,0,0,0
0.126900,3.98668,0.057,9.597,0.046,0,0,0
0.126920,3.98731,0.141,9.573,0.057,0,0,0
0.126940,3.98794,0.163,9.448,-0.016,0,0,0
0.126960,3.98857,0.153,9.517,-0.032,0,0,0
0.126980,3.98919,0.089,9.425,0.007,0,0,0
0.127000,3.98982,0.238,9.265,-0.022,0,0,0
0.127020,3.99045,0.119,9.251,-0.092,0,0,0
0.127040,3.99108,0.114,9.474,0.004,0,540,0
0.127060,3.99171,0.128,9.854,0.018,0,540,0
0.127080,3.99234,0.001,10.277,-0.030,0,540,0
0.127100,3.99296,0.255,10.674,0.009,0,540,0
0.127120,3.99359,0.069,10.878,-0.019,0,0,0
0.127140,3.99422,0.103,10.878,-0.061,0,0,0
0.127160,3.99485,0.165,10.705,0.049,0,0,0
0.127180,3.99548,0.097,10.695,-0.037,0,0,0
0.127200,3.99611,0.125,10.527,-0.058,0,0,0
0.127220,3.99673,0.151,10.544,-0.016,0,0,0
0.127240,3.99736,0.024,10.413,-0.028,0,0,0
0.127260,3.99799,0.099,10.282,0.001,0,0,0
0.127280,3.99862,0.167,10.298,-0.102,0,0,0
0.127300,3.99925,0.110,10.181,-0.034,0,0,0
0.127320,3.99988,0.157,10.242,-0.030,0,0,0
0.127340,4.00050,0.156,10.131,0.077,0,0,0
0.127360,4.00113,0.143,9.925,0.067,0,0,0
0.127380,4.00176,0.093,9.906,0.010,0,0,0
0.127400,4.00239,0.011,9.859,0.069,0,0,0
0.127420,4.00302,0.125,9.836,-0.040,0,0,0
0.127440,4.00365,0.225,9.806,-0.082,0,0,0
0.127460,4.00427,0.106,9.730,0.030,0,0,0
0.127480,4.00490,0.171,9.700,0.019,0,0,0
0.127500,4.00553,0.057,9.610,-0.067,0,0,0
0.127520,4.00616,0.121,9.505,-0.077,0,0,0
0.127540,4.00679,0.069,9.445,-0.014,0,0,0
0.127560,4.00742,0.172,9.355,0.039,0,0,0
0.127580,4.00804,0.122,9.405,-0.060,0,0,0
0.127600,4.00867,0.165,9.269,-0.000,0,0,0
0.127620,4.00930,0.142,9.154,0.013,0,0,0
0.127640,4.00993,0.143,9.307,0.160,0,540,0
0.127660,4.01056,0.081,9.671,0.078,0,540,0
0.127680,4.01119,0.125,10.040,-0.016,0,540,0
0.127700,4.01181,0.128,10.487,-0.074,0,540,0
0.127720,4.01244,0.181,10.905,-0.074,0,540,0
0.127740,4.01307,0.030,10.741,0.049,0,0,0
0.127760,4.01370,0.095,10.655,-0.068,0,0,0
0.127780,4.01433,0.173,10.597,0.033,0,0,0
0.127800,4.01496,0.161,10.485,-0.027,0,0,0
0.127820,4.01558,0.125,10.496,-0.030,0,0,0
0.127840,4.01621,0.188,10.409,-0.001,0,0,0
0.127860,4.01684,0.164,10.355,0.084,0,0,0
0.127880,4.01747,0.138,10.226,-0.019,0,0,0
0.127900,4.01810,0.014,10.254,0.028,0,0,0
0.127920,4.01873,0.094,10.146,0.048,0,0,0
0.127940,4.01935,0.120,10.083,0.016,0,0,0
0.127960,4.01998,0.193,9.964,0.043,0,0,0
0.127980,4.02061,0.082,9.940,-0.028,0,0,0
0.128000,4.02124,0.136,9.860,0.107,0,0,0
0.128020,4.02187,0.162,9.832,-0.007,0,0,0
0.128040,4.02250,0.194,9.767,-0.020,0,0,0
0.128060,4.02312,0.075,9.622,-0.001,0,0,0
0.128080,4.02375,0.074,9.660,0.096,0,0,0
0.128100,4.02438,0.129,9.512,-0.068,0,0,0
0.128120,4.02501,0.043,9.551,-0.034,0,0,0
0.128140,4.02564,0.163,9.442,0.022,0,0,0
0.128160,4.02627,0.032,9.355,-0.073,0,0,0
0.128180,4.02689,0.128,9.321,0.020,0,0,0
0.128200,4.02752,0.130,9.360,-0.066,0,0,0
0.128220,4.02815,0.132,9.200,-0.122,0,0,0
0.128240,4.02878,0.132,9.515,0.007,0,540,0
0.128260,4.02941,0.067,9.784,-0.011,0,540,0
0.128280,4.03004,0.131,10.074,0.067,0,540,0
0.128300,4.03066,0.106,10.479,0.056,0,540,0
0.128320,4.03129,0.163,10.809,-0.018,0,540,0
0.128340,4.03192,0.068,10.721,-0.031,0,0,0
0.128360,4.03255,0.031,10.676,-0.061,0,0,0
0.128380,4.03318,0.162,10.572,-0.025,0,0,0
0.128400,4.03380,0.046,10.613,0.000,0,0,0
0.128420,4.03443,0.034,10.485,-0.050,0,0,0
0.128440,4.03506,0.163,10.334,0.044,0,0,0
0.128460,4.03569,0.047,10.352,0.033,0,0,0
0.128480,4.03632,0.125,10.296,-0.005,0,0,0
0.128500,4.03695,0.180,10.260,0.009,0,0,0
0.128520,4.03757,0.075,10.182,-0.068,0,0,0
0.128540,4.03820,0.051,10.137,0.023,0,0,0
0.128560,4.03883,0.158,9.965,0.024,0,0,0
0.128580,4.03946,0.136,9.937,-0.047,0,0,0
0.128600,4.04009,0.097,9.864,0.010,0,0,0
0.128620,4.04072,0.025,9.913,-0.016,0,0,0
0.128640,4.04134,0.138,9.826,-0.131,0,0,0
0.128660,4.04197,0.125,9.669,-0.031,0,0,0
0.128680,4.04260,0.173,9.652,0.077,0,0,0
0.128700,4.04323,0.136,9.616,-0.034,0,0,0
0.128720,4.04386,0.163,9.357,-0.048,0,0,0
0.128740,4.04449,0.161,9.455,0.024,0,0,0
0.128760,4.04511,0.091,9.391,0.010,0,0,0
0.128780,4.04574,0.124,9.347,0.036,0,0,0
0.128800,4.04637,0.053,9.355,0.030,0,0,0
0.128820,4.04700,0.183,9.266,0.010,0,0,0
0.128840,4.04763,0.035,9.441,0.088,0,540,0
0.128860,4.04826,0.076,9.571,-0.079,0,540,0
0.128880,4.04888,0.101,9.987,0.039,0,540,0
0.128900,4.04951,0.101,10.197,-0.004,0,540,0
0.128920,4.05014,0.145,10.497,0.068,0,540,0
0.128940,4.05077,0.157,10.860,0.034,0,540,0
0.128960,4.05140,0.167,10.903,0.015,0,0,0
0.128980,4.05203,0.212,10.893,0.089,0,0,0
0.129000,4.05265,0.063,10.816,-0.031,0,0,0
0.129020,4.05328,0.170,10.751,0.006,0,0,0
0.129040,4.05391,0.045,10.644,0.042,0,0,0
0.129060,4.05454,0.120,10.578,0.006,0,0,0
0.129080,4.05517,-0.037,10.595,-0.053,0,0,0
0.129100,4.05580,0.103,10.471,-0.018,0,0,0
0.129120,4.05642,0.096,10.414,-0.003,0,0,0
0.129140,4.05705,0.111,10.415,0.054,0,0,0
0.129160,4.05768,0.139,10.322,0.024,0,0,0
0.129180,4.05831,0.152,10.231,0.081,0,0,0
0.129200,4.05894,0.014,10.178,0.069,0,0,0
0.129220,4.05957,0.076,10.164,-0.063,0,0,0
0.129240,4.06019,0.092,10.035,0.001,0,0,0
0.129260,4.06082,0.170,9.992,0.054,0,0,0
0.129280,4.06145,0.139,10.111,0.007,0,0,0
0.129300,4.06208,0.134,9.927,0.020,0,0,0
0.129320,4.06271,0.228,9.937,0.002,0,0,0
0.129340,4.06334,0.105,9.880,-0.003,0,0,0
0.129360,4.06396,0.132,9.587,-0.079,0,0,0
0.129380,4.06459,0.203,9.668,0.028,0,0,0
0.129400,4.06522,0.199,9.705,-0.068,0,0,0
0.129420,4.06585,0.043,9.588,-0.005,0,0,0
0.129440,4.06648,0.149,9.626,0.046,0,0,0
0.129460,4.06711,0.148,9.549,0.036,0,0,0
0.129480,4.06773,0.128,9.394,0.095,0,0,0
0.129500,4.06836,0.024,9.449,0.085,0,0,0
0.129520,4.06899,0.166,9.277,-0.004,0,0,0
0.129540,4.06962,0.165,9.335,0.013,0,0,0
0.129560,4.07025,0.155,9.272,0.066,0,0,0
0.129580,4.07088,0.086,9.263,-0.044,0,0,0
0.129600,4.07150,0.126,9.236,-0.150,0,540,0
0.129620,4.07213,0.091,9.549,-0.070,0,540,0
0.129640,4.07276,0.099,9.839,0.018,0,540,0
0.129660,4.07339,0.149,10.022,-0.003,0,540,0
0.129680,4.07402,0.154,10.292,0.015,0,540,0
0.129700,4.07465,0.156,10.632,0.058,0,540,0
0.129720,4.07527,0.012,10.817,-0.025,0,540,0
0.129740,4.07590,0.118,10.746,0.053,0,0,0
0.129760,4.07653,0.043,10.735,0.032,0,0,0
0.129780,4.07716,0.075,10.720,-0.031,0,0,0
0.129800,4.07779,0.092,10.628,0.041,0,0,0
0.129820,4.07842,0.045,10.525,-0.009,0,0,0
0.129840,4.07904,0.116,10.618,-0.038,0,0,0
0.129860,4.07967,0.123,10.458,0.006,0,0,0
0.129880,4.08030,0.194,10.364,-0.020,0,0,0
0.129900,4.08093,0.127,10.355,-0.052,0,0,0
0.129920,4.08156,0.123,10.273,0.036,0,0,0
0.129940,4.08219,0.133,10.289,0.072,0,0,0
0.129960,4.08281,0.150,10.219,0.021,0,0,0
0.129980,4.08344,0.089,10.208,0.002,0,0,0
0.130000,4.08407,0.178,10.115,-0.040,0,0,0
0.130020,4.08470,0.047,10.098,-0.039,0,0,0
0.130040,4.08533,0.079,10.026,-0.028,0,0,0
0.130060,4.08596,0.116,9.966,-0.023,0,0,0
0.130080,4.08658,0.139,9.909,-0.035,0,0,0
0.130100,4.08721,0.168,9.855,-0.041,0,0,0
0.130120,4.08784,0.057,9.882,0.056,0,0,0
0.130140,4.08847,0.158,9.820,0.011,0,0,0
0.130160,4.08910,0.143,9.653,0.152,0,0,0
0.130180,4.08973,0.103,9.703,0.022,0,0,0
0.130200,4.09035,0.158,9.631,0.027,0,0,0
0.130220,4.09098,0.078,9.524,0.023,0,0,0
0.130240,4.09161,0.146,9.581,-0.040,0,0,0
0.130260,4.09224,0.153,9.564,0.034,0,0,0
0.130280,4.09287,0.134,9.409,-0.011,0,0,0
0.130300,4.09350,0.051,9.446,0.091,0,0,0
0.130320,4.09412,0.033,9.368,0.006,0,0,0
0.130340,4.09475,0.073,9.370,-0.075,0,0,0
0.130360,4.09538,0.160,9.218,0.010,0,0,0
0.130380,4.09601,0.071,9.315,-0.035,0,0,0
0.130400,4.09664,0.066,9.197,0.009,0,0,0
0.130420,4.09727,0.081,9.266,-0.013,0,540,0
0.130440,4.09789,0.098,9.479,0.082,0,540,0
0.130460,4.09852,0.141,9.705,0.032,0,540,0
0.130480,4.09915,0.131,9.997,-0.049,0,540,0
0.130500,4.09978,0.069,10.244,0.025,0,540,0
0.130520,4.10041,0.164,10.423,-0.003,0,540,0
0.130540,4.10104,0.202,10.660,-0.071,0,540,0
0.130560,4.10166,0.070,10.839,-0.029,0,0,0
0.130580,4.10229,0.131,10.784,0.024,0,0,0
0.130600,4.10292,0.188,10.662,-0.021,0,0,0
0.130620,4.10355,0.167,10.633,-0.054,0,0,0
0.130640,4.10418,0.088,10.587,-0.012,0,0,0
0.130660,4.10480,0.164,10.537,0.019,0,0,0
0.130680,4.10543,0.148,10.535,-0.053,0,0,0
0.130700,4.10606,0.208,10.372,0.039,0,0,0
0.130720,4.10669,0.185,10.515,0.095,0,0,0
0.130740,4.10732,0.106,10.399,0.050,0,0,0
0.130760,4.10795,0.109,10.249,0.015,0,0,0
0.130780,4.10857,0.112,10.332,0.038,0,0,0
0.130800,4.10920,0.153,10.282,-0.033,0,0,0
0.130820,4.10983,0.125,10.231,-0.008,0,0,0
0.130840,4.11046,0.088,10.140,-0.016,0,0,0
0.130860,4.11109,0.106,10.176,0.057,0,0,0
0.130880,4.11172,0.138,10.128,-0.001,0,0,0
0.130900,4.11234,0.151,10.025,-0.069,0,0,0
0.130920,4.11297,0.152,10.050,0.046,0,0,0
0.130940,4.11360,0.150,9.964,-0.061,0,0,0
0.130960,4.11423,0.076,9.962,-0.051,0,0,0
0.130980,4.11486,0.175,10.008,0.123,0,0,0
0.131000,4.11549,0.147,9.935,0.007,0,0,0
0.131020,4.11611,0.022,9.718,-0.005,0,0,0
0.131040,4.11674,0.084,9.748,-0.038,0,0,0
0.131060,4.11737,0.127,9.849,0.046,0,0,0
0.131080,4.11800,0.067,9.737,0.053,0,0,0
0.131100,4.11863,0.022,9.758,0.053,0,0,0
0.131120,4.11926,0.079,9.557,0.008,0,0,0
0.131140,4.11988,0.025,9.610,0.043,0,0,0
0.131160,4.12051,0.085,9.632,-0.025,0,0,0
0.131180,4.12114,0.145,9.657,-0.008,0,0,0
0.131200,4.12177,0.072,9.524,0.027,0,0,0
0.131220,4.12240,0.141,9.409,0.024,0,0,0
0.131240,4.12303,0.092,9.466,-0.014,0,0,0
0.131260,4.12365,0.070,9.401,0.045,0,0,0
0.131280,4.12428,0.105,9.418,-0.086,0,0,0
0.131300,4.12491,0.196,9.255,0.007,0,0,0
0.131320,4.12554,0.151,9.380,0.040,0,0,0
0.131340,4.12617,0.117,9.253,-0.045,0,0,0
0.131360,4.12680,0.152,9.188,0.013,0,0,0
0.131380,4.12742,0.135,9.216,-0.060,0,0,0
0.131400,4.12805,0.168,9.191,0.025,0,0,0
0.131420,4.12868,0.063,9.335,-0.017,0,540,0
0.131440,4.12931,0.122,9.585,0.018,0,540,0
0.131460,4.12994,0.092,9.698,-0.035,0,540,0
0.131480,4.13057,0.110,9.928,0.005,0,540,0
0.131500,4.13119,0.158,10.079,-0.002,0,540,0
0.131520,4.13182,0.079,10.401,0.048,0,540,0
0.131540,4.13245,0.113,10.604,-0.052,0,540,0
0.131560,4.13308,0.094,10.844,0.079,0,540,0
0.131580,4.13371,0.114,10.793,0.000,0,0,0
0.131600,4.13434,0.065,10.687,0.044,0,0,0
0.131620,4.13496,0.101,10.810,-0.045,0,0,0
0.131640,4.13559,0.157,10.770,-0.006,0,0,0
0.131660,4.13622,0.063,10.649,-0.075,0,0,0
0.131680,4.13685,0.126,10.548,0.053,0,0,0
0.131700,4.13748,0.155,10.576,-0.005,0,0,0
0.131720,4.13811,0.083,10.487,-0.026,0,0,0
0.131740,4.13873,0.126,10.481,-0.022,0,0,0
0.131760,4.13936,0.064,10.546,0.016,0,0,0
0.131780,4.13999,0.078,10.474,-0.117,0,0,0
0.131800,4.14062,0.167,10.400,-0.078,0,0,0
0.131820,4.14125,0.044,10.348,-0.104,0,0,0
0.131840,4.14188,0.117,10.471,0.047,0,0,0
0.131860,4.14250,0.113,10.356,-0.033,0,0,0
0.131880,4.14313,0.135,10.259,0.102,0,0,0
0.131900,4.14376,0.058,10.304,0.056,0,0,0
0.131920,4.14439,0.094,10.243,-0.043,0,0,0
0.131940,4.14502,0.089,10.204,-0.044,0,0,0
0.131960,4.14565,0.074,10.298,0.074,0,0,0
0.131980,4.14627,0.070,10.235,0.017,0,0,0
0.132000,4.14690,0.127,10.151,-0.039,0,0,0
0.132020,4.14753,0.041,10.090,0.059,0,0,0
0.132040,4.14816,0.164,10.110,0.043,0,0,0
0.132060,4.14879,0.014,9.973,0.093,0,0,0
0.132080,4.14942,0.182,9.932,0.007,0,0,0
0.132100,4.15004,0.084,10.028,0.024,0,0,0
0.132120,4.15067,0.137,9.990,0.040,0,0,0
0.132140,4.15130,0.140,9.982,-0.036,0,0,0
0.132160,4.15193,0.197,9.939,-0.155,0,0,0
0.132180,4.15256,0.064,9.931,0.039,0,0,0
0.132200,4.15319,0.120,9.878,0.028,0,0,0
0.132220,4.15381,0.062,9.800,0.014,0,0,0
0.132240,4.15444,0.052,9.872,0.002,0,0,0
0.132260,4.15507,0.112,9.828,0.029,0,0,0
0.132280,4.15570,0.081,9.721,-0.094,0,0,0
0.132300,4.15633,0.120,9.677,-0.020,0,0,0
0.132320,4.15696,0.174,9.669,-0.098,0,0,0
0.132340,4.15758,0.223,9.698,-0.050,0,0,0
0.132360,4.15821,0.138,9.571,-0.058,0,0,0
0.132380,4.15884,0.155,9.582,0.074,0,0,0
0.132400,4.15947,0.159,9.598,-0.006,0,0,0
0.132420,4.16010,0.046,9.598,-0.018,0,0,0
0.132440,4.16073,0.129,9.513,0.018,0,0,0
0.132460,4.16135,0.130,9.444,0.024,0,0,0
0.132480,4.16198,0.066,9.565,0.015,0,0,0
0.132500,4.16261,0.138,9.397,0.007,0,0,0
0.132520,4.16324,0.116,9.482,0.026,0,0,0
0.132540,4.16387,0.074,9.510,-0.035,0,0,0
0.132560,4.16450,0.138,9.460,-0.045,0,0,0
0.132580,4.16512,0.051,9.419,0.005,0,0,0
0.132600,4.16575,0.098,9.370,-0.069,0,0,0
0.132620,4.16638,0.113,9.432,-0.033,0,0,0
0.132640,4.16701,0.070,9.342,-0.013,0,0,0
0.132660,4.16764,0.182,9.340,-0.050,0,0,0
0.132680,4.16827,0.167,9.249,0.068,0,0,0
0.132700,4.16889,0.139,9.240,0.012,0,0,0
0.132720,4.16952,0.158,9.343,-0.031,0,0,0
0.132740,4.17015,0.133,9.171,-0.002,0,0,0
0.132760,4.17078,0.095,9.284,-0.020,0,540,0
0.132780,4.17141,0.147,9.563,0.035,0,540,0
0.132800,4.17204,0.232,9.806,0.005,0,540,0
0.132820,4.17266,0.146,9.912,-0.023,0,540,0
0.132840,4.17329,0.094,10.247,0.006,0,540,0
0.132860,4.17392,0.115,10.398,0.017,0,540,0
0.132880,4.17455,0.187,10.615,0.021,0,540,0
0.132900,4.17518,0.223,10.822,0.031,0,540,0
0.132920,4.17580,0.028,11.021,0.025,0,0,0
0.132940,4.17643,0.127,10.778,-0.027,0,0,0
0.132960,4.17706,0.129,10.814,0.047,0,0,0
0.132980,4.17769,0.091,10.836,-0.066,0,0,0
0.133000,4.17832,0.069,10.819,-0.042,0,0,0
0.133020,4.17895,0.143,10.826,-0.021,0,0,0
0.133040,4.17957,0.119,10.830,0.002,0,0,0
0.133060,4.18020,0.019,10.794,0.016,0,0,0
0.133080,4.18083,0.097,10.659,-0.031,0,0,0
0.133100,4.18146,0.096,10.727,0.036,0,0,0
0.133120,4.18209,0.059,10.630,0.008,0,0,0
0.133140,4.18272,0.143,10.668,-0.008,0,0,0
0.133160,4.18334,0.113,10.644,0.010,0,0,0
0.133180,4.18397,0.159,10.666,0.031,0,0,0
0.133200,4.18460,0.111,10.551,0.073,0,0,0
0.133220,4.18523,0.098,10.588,0.059,0,0,0
0.133240,4.18586,0.228,10.544,-0.020,0,0,0
0.133260,4.18649,0.147,10.589,-0.038,0,0,0
0.133280,4.18711,0.048,10.526,0.013,0,0,0
0.133300,4.18774,0.081,10.578,-0.028,0,0,0
0.133320,4.18837,0.189,10.509,0.053,0,0,0
0.133340,4.18900,0.054,10.471,0.000,0,0,0
0.133360,4.18963,0.083,10.310,0.019,0,0,0
0.133380,4.19026,0.194,10.427,0.002,0,0,0
0.133400,4.19088,0.115,10.458,-0.080,0,0,0
0.133420,4.19151,0.076,10.430,-0.002,0,0,0
0.133440,4.19214,0.144,10.380,0.055,0,0,0
0.133460,4.19277,0.151,10.389,0.078,0,0,0
0.133480,4.19340,0.097,10.281,-0.066,0,0,0
0.133500,4.19403,0.094,10.336,-0.048,0,0,0
0.133520,4.19465,0.054,10.333,-0.089,0,0,0
0.133540,4.19528,0.189,10.355,0.083,0,0,0
0.133560,4.19591,0.177,10.240,0.016,0,0,0
0.133580,4.19654,0.108,10.320,0.064,0,0,0
0.133600,4.19717,0.185,10.235,-0.026,0,0,0
0.133620,4.19780,0.108,10.204,-0.001,0,0,0
0.133640,4.19842,0.131,10.245,-0.011,0,0,0
0.133660,4.19905,0.043,10.169,0.040,0,0,0
0.133680,4.19968,0.105,10.148,0.010,0,0,0
0.133700,4.20031,0.086,10.115,-0.001,0,0,0
0.133720,4.20094,0.128,10.246,0.050,0,0,0
0.133740,4.20157,0.091,10.116,-0.093,0,0,0
0.133760,4.20219,0.173,10.118,-0.028,0,0,0
0.133780,4.20282,0.093,10.074,-0.100,0,0,0
0.133800,4.20345,0.172,9.985,-0.041,0,0,0
0.133820,4.20408,0.155,10.120,-0.061,0,0,0
0.133840,4.20471,0.121,10.006,0.058,0,0,0
0.133860,4.20534,0.078,10.054,-0.034,0,0,0
0.133880,4.20596,0.122,10.034,-0.024,0,0,0
0.133900,4.20659,0.196,9.932,0.034,0,0,0
0.133920,4.20722,0.162,9.941,0.029,0,0,0
0.133940,4.20785,0.163,10.034,-0.083,0,0,0
0.133960,4.20848,0.062,10.005,-0.001,0,0,0
0.133980,4.20911,0.050,9.951,-0.007,0,0,0
0.134000,4.20973,0.154,9.890,-0.015,0,0,0
0.134020,4.21036,0.109,9.964,-0.042,0,0,0
0.134040,4.21099,0.152,10.024,0.090,0,0,0
0.134060,4.21162,0.103,9.903,0.005,0,0,0
0.134080,4.21225,0.021,9.891,0.069,0,0,0
0.134100,4.21288,0.159,9.888,-0.046,0,0,0
0.134120,4.21350,0.077,9.795,-0.035,0,0,0
0.134140,4.21413,0.116,9.899,0.003,0,0,0
0.134160,4.21476,0.142,9.873,0.057,0,0,0
0.134180,4.21539,0.123,9.906,0.084,0,0,0
0.134200,4.21602,0.118,9.834,-0.012,0,0,0
0.134220,4.21665,0.142,9.831,-0.062,0,0,0
0.134240,4.21727,0.072,9.750,-0.024,0,0,0
0.134260,4.21790,0.064,9.876,0.031,0,0,0
0.134280,4.21853,0.119,9.790,0.040,0,0,0
0.134300,4.21916,0.049,9.715,-0.075,0,0,0
0.134320,4.21979,0.017,9.710,0.014,0,0,0
0.134340,4.22042,0.118,9.770,-0.068,0,0,0
0.134360,4.22104,0.129,9.675,0.052,0,0,0
0.134380,4.22167,0.116,9.708,-0.035,0,0,0
0.134400,4.22230,0.166,9.806,-0.073,0,0,0
0.134420,4.22293,0.168,9.669,0.035,0,0,0
0.134440,4.22356,0.173,9.662,-0.055,0,0,0
0.134460,4.22419,0.137,9.656,-0.009,0,0,0
0.134480,4.22481,0.196,9.757,0.089,0,0,0
0.134500,4.22544,0.216,9.608,0.032,0,0,0
0.134520,4.22607,0.010,9.612,-0.023,0,0,0
0.134540,4.22670,0.062,9.627,0.019,0,0,0
0.134560,4.22733,0.133,9.717,-0.157,0,0,0
0.134580,4.22796,0.140,9.618,-0.000,0,0,0
0.134600,4.22858,0.152,9.623,-0.039,0,0,0
0.134620,4.22921,0.069,9.605,-0.036,0,0,0
0.134640,4.22984,0.053,9.548,0.027,0,0,0
0.134660,4.23047,0.134,9.600,0.037,0,0,0
0.134680,4.23110,0.183,9.491,0.021,0,0,0
0.134700,4.23173,0.155,9.559,-0.012,0,0,0
0.134720,4.23235,0.182,9.593,0.002,0,0,0
0.134740,4.23298,0.233,9.476,0.089,0,0,0
0.134760,4.23361,0.141,9.623,-0.033,0,0,0
0.134780,4.23424,0.220,9.527,-0.012,0,0,0
0.134800,4.23487,0.129,9.532,0.100,0,0,0
0.134820,4.23550,0.092,9.436,-0.013,0,0,0
0.134840,4.23612,0.229,9.514,0.010,0,0,0
0.134860,4.23675,0.097,9.441,0.032,0,0,0
0.134880,4.23738,0.138,9.425,0.095,0,0,0
0.134900,4.23801,0.155,9.500,-0.030,0,0,0
0.134920,4.23864,0.195,9.401,-0.012,0,0,0
0.134940,4.23927,0.031,9.496,0.090,0,0,0
0.134960,4.23989,0.070,9.343,-0.118,0,0,0
0.134980,4.24052,0.157,9.438,0.020,0,0,0
0.135000,4.24115,0.145,9.401,-0.014,0,0,0
0.135020,4.24178,0.101,9.434,0.011,0,0,0
0.135040,4.24241,0.209,9.320,0.075,0,0,0
0.135060,4.24304,0.222,9.317,0.006,0,0,0
0.135080,4.24366,0.138,9.444,-0.090,0,0,0
0.135100,4.24429,0.175,9.377,0.017,0,0,0
0.135120,4.24492,0.226,9.374,0.092,0,0,0
0.135140,4.24555,0.120,9.342,0.069,0,0,0
0.135160,4.24618,0.211,9.358,0.004,0,0,0
0.135180,4.24680,0.148,9.389,-0.043,0,0,0
0.135200,4.24743,0.119,9.360,-0.026,0,0,0
0.135220,4.24806,0.087,9.368,-0.109,0,0,0
0.135240,4.24869,0.106,9.410,-0.109,0,0,0
0.135260,4.24932,0.195,9.296,0.008,0,0,0
0.135280,4.24995,0.022,9.316,0.056,0,0,0
0.135300,4.25057,0.147,9.394,0.062,0,540,0
0.135320,4.25120,0.181,9.554,0.084,0,540,0
0.135340,4.25183,0.108,9.863,-0.019,0,540,0
0.135360,4.25246,0.190,10.022,-0.096,0,540,0
0.135380,4.25309,0.131,10.207,0.014,0,540,0
0.135400,4.25372,0.173,10.450,-0.015,0,540,0
0.135420,4.25434,0.075,10.617,-0.155,0,540,0
0.135440,4.25497,0.274,10.818,0.036,0,540,0
0.135460,4.25560,0.081,10.945,-0.059,0,0,0
0.135480,4.25623,0.192,11.000,-0.034,0,0,0
0.135500,4.25686,0.090,10.909,0.020,0,0,0
0.135520,4.25749,0.203,10.880,0.114,0,0,0
0.135540,4.25811,0.106,10.870,0.035,0,0,0
0.135560,4.25874,0.167,10.812,-0.074,0,0,0
0.135580,4.25937,0.189,10.933,0.050,0,0,0
0.135600,4.26000,0.152,10.909,-0.099,0,0,0
0.135620,4.26063,0.071,10.878,0.102,0,0,0
0.135640,4.26126,0.191,10.899,-0.017,0,0,0
0.135660,4.26188,0.218,10.925,-0.013,0,0,0
0.135680,4.26251,0.234,10.797,-0.075,0,0,0
0.135700,4.26314,0.102,10.789,-0.090,0,0,0
0.135720,4.26377,0.186,10.837,-0.034,0,0,0
0.135740,4.26440,0.186,10.783,0.037,0,0,0
0.135760,4.26503,0.090,10.842,0.028,0,0,0
0.135780,4.26565,0.121,10.798,0.025,0,0,0
0.135800,4.26628,0.115,10.859,-0.006,0,0,0
0.135820,4.26691,0.168,10.900,0.026,0,0,0
0.135840,4.26754,0.042,10.848,0.044,0,0,0
0.135860,4.26817,0.070,10.758,-0.002,0,0,0
0.135880,4.26880,0.099,10.857,0.071,0,0,0
0.135900,4.26942,0.172,10.725,-0.037,0,0,0
0.135920,4.27005,0.199,10.739,0.033,0,0,0
0.135940,4.27068,0.176,10.774,-0.021,0,0,0
0.135960,4.27131,0.157,10.753,-0.031,0,0,0
0.135980,4.27194,0.086,10.719,0.003,0,0,0
0.136000,4.27257,0.187,10.669,0.054,0,0,0
0.136020,4.27319,0.156,10.790,0.029,0,0,0
0.136040,4.27382,0.072,10.770,0.057,0,0,0
0.136060,4.27445,-0.060,10.739,0.026,0,0,0
0.136080,4.27508,0.112,10.652,0.053,0,0,0
0.136100,4.27571,0.141,10.692,-0.083,0,0,0
0.136120,4.27634,0.086,10.607,-0.023,0,0,0
0.136140,4.27696,0.150,10.630,0.021,0,0,0
0.136160,4.27759,0.091,10.684,-0.054,0,0,0
0.136180,4.27822,-0.049,10.660,0.032,0,0,0
0.136200,4.27885,0.132,10.680,-0.055,0,0,0
0.136220,4.27948,0.117,10.687,-0.108,0,0,0
0.136240,4.28011,0.120,10.675,-0.042,0,0,0
0.136260,4.28073,0.130,10.699,-0.090,0,0,0
0.136280,4.28136,0.129,10.675,-0.100,0,0,0
0.136300,4.28199,0.115,10.619,-0.079,0,0,0
0.136320,4.28262,0.102,10.603,-0.013,0,0,0
0.136340,4.28325,-0.039,10.556,-0.035,0,0,0
0.136360,4.28388,0.086,10.658,-0.074,0,0,0
0.136380,4.28450,0.123,10.553,0.048,0,0,0
0.136400,4.28513,0.017,10.634,0.001,0,0,0
0.136420,4.28576,0.178,10.637,0.052,0,0,0
0.136440,4.28639,-0.008,10.516,0.063,0,0,0
0.136460,4.28702,0.104,10.577,0.013,0,0,0
0.136480,4.28765,0.019,10.604,0.001,0,0,0
0.136500,4.28827,0.091,10.571,-0.070,0,0,0
0.136520,4.28890,0.086,10.580,0.115,0,0,0
0.136540,4.28953,0.151,10.573,0.028,0,0,0
0.136560,4.29016,0.097,10.605,0.000,0,0,0
0.136580,4.29079,0.063,10.637,0.001,0,0,0
0.136600,4.29142,0.111,10.564,-0.073,0,0,0
0.136620,4.29204,0.070,10.521,-0.079,0,0,0
0.136640,4.29267,0.143,10.582,0.030,0,0,0
0.136660,4.29330,0.133,10.514,0.084,0,0,0
0.136680,4.29393,0.240,10.529,0.033,0,0,0
0.136700,4.29456,-0.015,10.605,0.001,0,0,0
0.136720,4.29519,0.112,10.485,-0.012,0,0,0
0.136740,4.29581,0.048,10.582,0.027,0,0,0
0.136760,4.29644,0.211,10.554,-0.020,0,0,0
0.136780,4.29707,0.011,10.554,0.089,0,0,0
0.136800,4.29770,0.085,10.460,-0.018,0,0,0
0.136820,4.29833,0.114,10.519,0.022,0,0,0
0.136840,4.29896,0.134,10.529,-0.057,0,0,0
0.136860,4.29958,0.038,10.524,0.077,0,0,0
0.136880,4.30021,0.152,10.518,-0.047,0,0,0
0.136900,4.30084,0.122,10.503,-0.026,0,0,0
0.136920,4.30147,0.167,10.451,0.023,0,0,0
0.136940,4.30210,0.031,10.414,0.057,0,0,0
0.136960,4.30273,0.176,10.458,-0.076,0,0,0
0.136980,4.30335,0.124,10.414,-0.092,0,0,0
0.137000,4.30398,0.125,10.493,0.012,0,0,0
0.137020,4.30461,0.192,10.531,-0.008,0,0,0
0.137040,4.30524,0.074,10.508,0.032,0,0,0
0.137060,4.30587,0.050,10.452,-0.012,0,0,0
0.137080,4.30650,0.059,10.526,-0.037,0,0,0
0.137100,4.30712,0.087,10.498,0.050,0,0,0
0.137120,4.30775,0.114,10.398,-0.028,0,0,0
0.137140,4.30838,0.136,10.442,0.002,0,0,0
0.137160,4.30901,0.106,10.363,0.069,0,0,0
0.137180,4.30964,0.111,10.357,0.045,0,0,0
0.137200,4.31027,0.140,10.308,0.006,0,0,0
0.137220,4.31089,0.094,10.363,-0.082,0,0,0
0.137240,4.31152,0.012,10.403,-0.034,0,0,0
0.137260,4.31215,0.156,10.395,-0.052,0,0,0
0.137280,4.31278,0.040,10.341,0.002,0,0,0
0.137300,4.31341,0.156,10.446,0.014,0,0,0
0.137320,4.31404,0.068,10.416,-0.043,0,0,0
0.137340,4.31466,0.046,10.419,0.044,0,0,0
0.137360,4.31529,0.159,10.459,0.026,0,0,0
0.137380,4.31592,0.132,10.293,-0.089,0,0,0
0.137400,4.31655,0.116,10.328,0.082,0,0,0
0.137420,4.31718,0.130,10.367,-0.069,0,0,0
0.137440,4.31780,0.128,10.361,0.032,0,0,0
0.137460,4.31843,0.123,10.392,-0.036,0,0,0
0.137480,4.31906,0.067,10.432,-0.008,0,0,0
0.137500,4.31969,0.115,10.341,0.061,0,-540,0
0.137520,4.32032,0.133,10.087,0.047,0,-540,0
0.137540,4.32095,0.003,9.865,-0.008,0,-540,0
0.137560,4.32157,0.058,9.636,0.026,0,-540,0
0.137580,4.32220,0.071,9.451,0.047,0,-540,0
0.137600,4.32283,0.174,9.229,0.055,0,-540,0
0.137620,4.32346,0.090,8.968,0.038,0,-540,0
0.137640,4.32409,0.183,8.812,0.011,0,-540,0
0.137660,4.32472,0.095,8.678,-0.132,0,-540,0
0.137680,4.32534,0.103,8.397,-0.037,0,-540,0
0.137700,4.32597,0.186,8.245,0.062,0,-540,0
0.137720,4.32660,0.123,8.029,-0.053,0,-540,0
0.137740,4.32723,0.089,7.939,0.032,0,-540,0
0.137760,4.32786,0.172,7.752,-0.010,0,-540,0
0.137780,4.32849,0.124,7.508,0.061,0,-540,0
0.137800,4.32911,0.159,7.403,-0.007,0,-540,0
0.137820,4.32974,0.185,7.183,-0.066,0,-540,0
0.137840,4.33037,0.130,7.044,-0.012,0,-540,0
0.137860,4.33100,0.114,6.904,-0.100,0,-540,0
0.137880,4.33163,0.168,6.725,-0.025,0,-540,0
0.137900,4.33226,0.115,6.573,-0.050,0,-540,0
0.137920,4.33288,0.052,6.387,-0.146,0,-540,0
0.137940,4.33351,0.081,6.216,-0.129,0,-540,0
0.137960,4.33414,0.162,6.046,0.104,0,-540,0
0.137980,4.33477,0.177,5.907,-0.130,0,-540,0
0.138000,4.33540,0.039,5.781,0.038,0,-540,0
0.138020,4.33603,0.094,5.663,-0.029,0,-540,0
0.138040,4.33665,0.074,5.530,-0.045,0,-540,0
0.138060,4.33728,0.156,5.372,-0.043,0,-540,0
0.138080,4.33791,0.172,5.175,0.054,0,-540,0
0.138100,4.33854,0.115,5.055,-0.073,0,-540,0
0.138120,4.33917,0.115,4.994,-0.043,0,-540,0
0.138140,4.33980,0.108,4.803,0.044,0,-540,0
0.138160,4.34042,0.129,4.632,0.021,0,-540,0
0.138180,4.34105,0.081,4.549,0.041,0,-540,0
0.138200,4.34168,0.063,4.333,-0.001,0,-540,0
0.138220,4.34231,0.179,4.188,-0.089,0,-540,0
0.138240,4.34294,0.136,4.038,0.009,0,-540,0
0.138260,4.34357,0.150,3.945,-0.039,0,-540,0
0.138280,4.34419,0.093,3.913,-0.039,0,-540,0
0.138300,4.34482,0.159,3.792,-0.055,0,-540,0
0.138320,4.34545,0.183,3.645,0.038,0,-540,0
0.138340,4.34608,0.205,3.483,0.099,0,-540,0
0.138360,4.34671,0.174,3.368,0.005,0,-540,0
0.138380,4.34734,0.145,3.261,-0.037,0,-540,0
0.138400,4.34796,0.059,3.168,0.081,0,-540,0
0.138420,4.34859,0.184,3.027,-0.050,0,-540,0
0.138440,4.34922,0.130,2.898,0.010,0,-540,0
0.138460,4.34985,0.161,2.759,-0.035,0,-540,0
0.138480,4.35048,0.153,2.694,-0.022,0,-540,0
0.138500,4.35111,0.142,2.534,-0.021,0,-540,0
0.138520,4.35173,0.157,2.533,-0.020,0,-540,0
0.138540,4.35236,0.078,2.329,-0.027,0,-540,0
0.138560,4.35299,0.189,2.187,-0.102,0,-540,0
0.138580,4.35362,0.116,2.055,-0.087,0,-540,0
0.138600,4.35425,0.153,2.093,-0.057,0,-540,0
0.138620,4.35488,0.193,1.846,-0.022,0,-540,0
0.138640,4.35550,0.036,1.833,0.085,0,-540,0
0.138660,4.35613,0.242,1.679,-0.033,0,-540,0
0.138680,4.35676,0.163,1.580,0.039,0,-540,0
0.138700,4.35739,0.161,1.438,-0.042,0,-540,0
0.138720,4.35802,0.084,1.398,-0.063,0,-540,0
0.138740,4.35865,0.109,1.240,-0.015,0,-540,0
0.138760,4.35927,0.144,1.198,0.100,0,-540,0
0.138780,4.35990,0.114,1.134,0.084,0,-540,0
0.138800,4.36053,0.237,0.992,-0.072,0,-540,0
0.138820,4.36116,0.112,0.792,0.025,0,-540,0
0.138840,4.36179,0.219,0.716,0.000,0,-540,0
0.138860,4.36242,0.159,0.701,0.032,0,-540,0
0.138880,4.36304,0.088,0.567,-0.046,0,-540,0
0.138900,4.36367,0.148,0.546,-0.020,0,-540,0
0.138920,4.36430,0.214,0.453,0.007,0,-540,0
0.138940,4.36493,0.209,0.354,0.066,0,-540,0
0.138960,4.36556,0.190,0.323,0.082,0,0,0
0.138980,4.36619,0.113,0.183,-0.014,0,-540,0
0.139000,4.36681,0.200,0.190,0.032,0,0,0
0.139020,4.36744,0.200,0.044,-0.098,0,0,0
0.139040,4.36807,0.299,0.180,0.019,0,0,0
0.139060,4.36870,0.223,0.160,0.013,0,0,0
0.139080,4.36933,0.185,0.240,-0.010,0,0,0
0.139100,4.36996,0.210,0.203,0.016,0,0,0
0.139120,4.37058,0.212,0.184,-0.016,0,0,0
0.139140,4.37121,0.199,0.145,-0.008,0,0,0
0.139160,4.37184,0.153,0.158,0.034,0,0,0
0.139180,4.37247,0.125,0.161,0.077,0,0,0
0.139200,4.37310,0.151,0.188,0.021,0,0,0
0.139220,4.37373,0.270,0.221,0.069,0,0,0
0.139240,4.37435,0.175,0.081,-0.022,0,0,0
0.139260,4.37498,0.183,0.123,0.055,0,0,0
0.139280,4.37561,0.144,0.161,-0.031,0,0,0
0.139300,4.37624,0.168,0.187,-0.046,0,0,0
0.139320,4.37687,0.183,0.127,-0.002,0,0,0
0.139340,4.37750,0.201,0.174,-0.006,0,0,0
0.139360,4.37812,0.359,0.219,0.117,0,0,0
0.139380,4.37875,0.185,0.111,-0.094,0,0,0
0.139400,4.37938,0.267,0.185,-0.042,0,0,0
0.139420,4.38001,0.224,0.124,0.129,0,0,0
0.139440,4.38064,0.183,0.189,0.072,0,0,0
0.139460,4.38127,0.153,0.272,0.024,0,0,0
0.139480,4.38189,0.170,0.196,0.029,0,0,0
0.139500,4.38252,0.238,0.132,0.014,0,0,0
0.139520,4.38315,0.234,0.099,-0.047,0,0,0
0.139540,4.38378,0.210,0.264,-0.029,0,0,0
0.139560,4.38441,0.184,0.235,-0.004,0,0,0
0.139580,4.38504,0.183,0.138,0.129,0,0,0
0.139600,4.38566,0.233,0.197,-0.041,0,0,0
0.139620,4.38629,0.273,0.147,0.042,0,0,0
0.139640,4.38692,0.162,0.234,-0.033,0,0,0
0.139660,4.38755,0.066,0.248,-0.019,0,0,0
0.139680,4.38818,0.178,0.084,-0.035,0,0,0
0.139700,4.38880,0.259,0.110,-0.026,0,0,0
0.139720,4.38943,0.179,0.102,0.086,0,0,0
0.139740,4.39006,0.230,0.135,0.022,0,0,0
0.139760,4.39069,0.239,0.151,-0.022,0,0,0
0.139780,4.39132,0.158,0.271,0.088,0,0,0
0.139800,4.39195,0.194,0.188,-0.036,0,0,0
0.139820,4.39257,0.220,0.248,0.002,0,0,0
0.139840,4.39320,0.145,0.180,-0.023,0,0,0
0.139860,4.39383,0.009,0.125,0.072,0,-540,0
0.139880,4.39446,0.040,0.110,0.077,0,0,0
0.139900,4.39509,0.059,-0.038,0.051,0,0,0
0.139920,4.39572,0.059,0.084,0.005,0,0,0
0.139940,4.39634,0.010,0.142,0.073,0,0,0
0.139960,4.39697,0.051,0.095,-0.049,0,0,0
0.139980,4.39760,0.098,0.137,0.069,0,0,0
0.140000,4.39823,0.137,0.100,-0.043,0,0,0
0.140020,4.39886,0.096,0.134,0.016,0,0,0
0.140040,4.39949,0.033,0.148,-0.041,0,0,0
0.140060,4.40011,-0.010,0.063,-0.099,0,0,0
0.140080,4.40074,0.015,0.090,0.030,0,0,0
0.140100,4.40137,0.061,0.041,-0.018,0,0,0
0.140120,4.40200,0.128,0.093,0.020,0,0,0
0.140140,4.40263,0.137,0.111,-0.029,0,0,0
0.140160,4.40326,0.018,0.143,0.031,0,0,0
0.140180,4.40388,0.087,0.094,-0.036,0,0,0
0.140200,4.40451,0.113,0.108,-0.002,0,0,0
0.140220,4.40514,0.047,0.164,0.008,0,0,0
0.140240,4.40577,0.006,0.133,-0.090,0,0,0
0.140260,4.40640,0.063,0.032,-0.012,0,0,0
0.140280,4.40703,0.106,0.095,0.031,0,0,0
0.140300,4.40765,-0.006,0.026,0.078,0,0,0
0.140320,4.40828,0.056,0.196,-0.012,0,0,0
0.140340,4.40891,0.163,0.157,0.070,0,0,0
0.140360,4.40954,0.043,0.092,-0.026,0,0,0
0.140380,4.41017,0.057,0.095,0.005,0,0,0
0.140400,4.41080,-0.006,0.104,0.031,0,0,0
0.140420,4.41142,0.089,0.072,-0.012,0,0,0
0.140440,4.41205,0.036,0.143,0.035,0,0,0
0.140460,4.41268,0.137,0.159,0.015,0,0,0
0.140480,4.41331,0.083,0.147,-0.016,0,0,0
0.140500,4.41394,0.107,0.133,0.063,0,0,0
0.140520,4.41457,-0.031,0.080,-0.044,0,0,0
0.140540,4.41519,0.080,0.143,-0.013,0,0,0
0.140560,4.41582,-0.009,0.063,0.020,0,0,0
0.140580,4.41645,0.069,0.114,0.039,0,0,0
0.140600,4.41708,0.061,0.085,0.017,0,0,0
0.140620,4.41771,0.004,0.119,0.010,0,0,0
0.140640,4.41834,0.137,0.115,0.042,0,0,0
0.140660,4.41896,0.028,0.133,0.107,0,0,0
0.140680,4.41959,0.007,0.085,0.051,0,0,0
0.140700,4.42022,-0.002,0.177,-0.037,0,0,0
0.140720,4.42085,-0.046,0.050,-0.061,0,0,0
0.140740,4.42148,0.031,0.145,-0.047,0,0,0
0.140760,4.42211,0.046,0.098,0.118,0,0,0
0.140780,4.42273,0.008,0.072,0.057,0,0,0
0.140800,4.42336,0.072,0.188,-0.027,0,0,0
0.140820,4.42399,0.050,0.116,0.064,0,0,0
0.140840,4.42462,0.029,0.068,-0.013,0,0,0
0.140860,4.42525,0.078,0.026,0.046,0,0,0
0.140880,4.42588,0.102,0.114,0.033,0,0,0
0.140900,4.42650,0.100,0.108,-0.073,0,0,0
0.140920,4.42713,0.105,0.153,0.027,0,0,0
0.140940,4.42776,0.031,0.130,0.075,0,0,0
0.140960,4.42839,-0.022,0.080,-0.009,0,0,0
0.140980,4.42902,0.077,0.141,0.007,0,0,0
0.141000,4.42965,0.162,0.191,0.086,0,0,0
0.141020,4.43027,0.002,0.144,-0.056,0,0,0
0.141040,4.43090,0.065,0.082,-0.101,0,0,0
0.141060,4.43153,0.106,0.175,0.011,0,0,0
0.141080,4.43216,0.056,0.102,-0.027,0,0,0
0.141100,4.43279,0.080,0.111,0.007,0,0,0
0.141120,4.43342,0.103,0.070,-0.045,0,0,0
0.141140,4.43404,0.110,0.131,-0.100,0,0,0
0.141160,4.43467,0.009,0.004,0.050,0,0,0
0.141180,4.43530,0.052,0.128,0.001,0,0,0
0.141200,4.43593,0.140,0.206,-0.025,0,0,0
0.141220,4.43656,0.068,0.071,0.005,0,0,0
0.141240,4.43719,0.054,0.188,0.064,0,0,0
0.141260,4.43781,0.020,0.112,0.005,0,0,0
0.141280,4.43844,0.081,0.183,-0.077,0,0,0
0.141300,4.43907,0.060,0.053,0.068,0,0,0
0.141320,4.43970,0.053,0.096,-0.006,0,0,0
0.141340,4.44033,0.015,0.216,0.022,0,0,0
0.141360,4.44096,0.084,0.053,0.028,0,0,0
0.141380,4.44158,0.144,0.037,0.024,0,0,0
0.141400,4.44221,0.119,0.109,0.010,0,0,0
0.141420,4.44284,0.037,0.199,0.025,0,0,0
0.141440,4.44347,0.060,0.099,-0.037,0,0,0
0.141460,4.44410,0.096,0.159,-0.001,0,0,0
0.141480,4.44473,0.111,0.111,0.047,0,0,0
0.141500,4.44535,0.025,0.089,0.054,0,0,0
0.141520,4.44598,0.058,0.142,-0.084,0,0,0
0.141540,4.44661,0.087,0.072,-0.022,0,0,0
0.141560,4.44724,0.095,0.095,0.011,0,0,0
0.141580,4.44787,0.076,0.111,-0.051,0,0,0
0.141600,4.44850,0.041,0.088,-0.015,0,0,0
0.141620,4.44912,0.028,0.138,-0.010,0,0,0
0.141640,4.44975,0.136,0.124,-0.104,0,0,0
0.141660,4.45038,0.102,0.151,-0.062,0,0,0
0.141680,4.45101,-0.040,0.064,0.029,0,0,0
0.141700,4.45164,0.089,0.089,0.037,0,0,0
0.141720,4.45227,-0.020,0.045,-0.006,0,0,0
0.141740,4.45289,0.122,0.141,0.058,0,0,0
0.141760,4.45352,0.058,0.075,0.000,0,0,0
0.141780,4.45415,-0.004,0.120,-0.023,0,0,0
0.141800,4.45478,0.110,0.178,-0.063,0,0,0
0.141820,4.45541,0.099,0.167,0.026,0,0,0
0.141840,4.45604,0.111,0.054,-0.052,0,0,0
0.141860,4.45666,0.097,0.139,0.060,0,0,0
0.141880,4.45729,0.002,0.124,0.012,0,0,0
0.141900,4.45792,0.083,0.153,-0.058,0,0,0
0.141920,4.45855,0.048,0.129,-0.017,0,0,0
0.141940,4.45918,0.088,0.148,0.017,0,0,0
0.141960,4.45980,0.045,0.097,-0.098,0,0,0
0.141980,4.46043,0.154,0.164,0.020,0,0,0
0.142000,4.46106,0.123,0.074,0.085,0,0,0
0.142020,4.46169,0.023,0.120,-0.064,0,0,0
0.142040,4.46232,0.076,0.060,0.094,0,0,0
0.142060,4.46295,0.128,0.131,0.032,0,0,0
0.142080,4.46357,0.073,0.205,-0.075,0,0,0
0.142100,4.46420,0.060,0.091,-0.066,0,0,0
0.142120,4.46483,0.034,0.157,-0.120,0,0,0
0.142140,4.46546,0.084,0.123,0.010,0,0,0
0.142160,4.46609,0.131,0.044,-0.025,0,0,0
0.142180,4.46672,0.150,0.112,-0.030,0,0,0
0.142200,4.46734,0.025,0.130,-0.030,0,0,0
0.142220,4.46797,0.123,0.130,0.071,0,0,0
0.142240,4.46860,0.193,0.166,0.015,0,0,0
0.142260,4.46923,0.070,0.129,-0.076,0,0,0
0.142280,4.46986,0.107,0.158,0.037,0,0,0
0.142300,4.47049,0.125,0.078,-0.007,0,0,0
0.142320,4.47111,0.140,0.093,-0.008,0,0,0
0.142340,4.47174,0.106,0.048,0.020,0,0,0
0.142360,4.47237,0.004,0.086,0.034,0,0,0
0.142380,4.47300,0.080,0.089,0.008,0,0,0
0.142400,4.47363,0.133,0.069,-0.032,0,0,0
0.142420,4.47426,0.113,0.142,-0.011,0,0,0
0.142440,4.47488,0.068,0.130,-0.003,0,0,0
0.142460,4.47551,0.197,0.079,0.090,0,0,0
0.142480,4.47614,0.113,0.092,-0.076,0,0,0
0.142500,4.47677,0.060,0.220,0.045,0,0,0
0.142520,4.47740,0.127,0.093,-0.023,0,0,0
0.142540,4.47803,0.050,0.139,-0.037,0,0,0
0.142560,4.47865,0.107,0.077,0.020,0,0,0
0.142580,4.47928,0.138,0.075,0.019,0,0,0
0.142600,4.47991,0.096,0.156,0.014,0,0,0
0.142620,4.48054,0.050,0.127,-0.040,0,0,0
0.142640,4.48117,0.155,0.218,-0.014,0,0,0
0.142660,4.48180,0.066,0.133,0.091,0,0,0
0.142680,4.48242,0.131,0.003,0.009,0,0,0
0.142700,4.48305,0.092,0.059,-0.039,0,0,0
0.142720,4.48368,0.109,0.160,-0.025,0,0,0
0.142740,4.48431,0.177,0.133,-0.098,0,0,0
0.142760,4.48494,0.068,0.131,0.044,0,0,0
0.142780,4.48557,0.126,0.138,-0.034,0,0,0
0.142800,4.48619,0.191,0.120,-0.057,0,0,0
0.142820,4.48682,0.070,0.189,-0.010,0,0,0
0.142840,4.48745,0.107,0.245,-0.012,0,0,0
0.142860,4.48808,0.039,0.067,-0.006,0,0,0
0.142880,4.48871,0.021,0.133,-0.016,0,0,0
0.142900,4.48934,0.120,0.041,-0.014,0,0,0
0.142920,4.48996,0.074,0.092,0.076,0,0,0
0.142940,4.49059,0.097,0.089,0.011,0,0,0
0.142960,4.49122,0.093,0.041,-0.053,0,0,0
0.142980,4.49185,0.119,0.089,-0.005,0,0,0
0.143000,4.49248,0.143,0.167,0.030,0,0,0
0.143020,4.49311,0.087,0.147,-0.039,0,0,0
0.143040,4.49373,0.151,0.128,-0.006,0,0,0
0.143060,4.49436,0.098,0.132,0.016,0,0,0
0.143080,4.49499,0.138,0.162,-0.083,0,0,0
0.143100,4.49562,0.050,0.113,-0.023,0,0,0
0.143120,4.49625,0.166,0.143,0.065,0,0,0
0.143140,4.49688,0.188,0.004,-0.021,0,0,0
0.143160,4.49750,0.060,0.127,0.034,0,0,0
0.143180,4.49813,0.115,0.091,-0.001,0,0,0
0.143200,4.49876,0.116,0.175,0.054,0,0,0
0.143220,4.49939,0.106,0.057,0.070,0,0,0
0.143240,4.50002,0.125,0.137,-0.055,0,0,0
0.143260,4.50065,0.162,0.102,0.023,0,0,0
0.143280,4.50127,0.069,0.031,0.040,0,0,0
0.143300,4.50190,0.133,0.088,0.051,0,0,0
0.143320,4.50253,0.043,0.092,-0.103,0,0,0
0.143340,4.50316,0.076,0.179,0.024,0,0,0
0.143360,4.50379,0.115,0.097,0.110,0,0,0
0.143380,4.50442,0.160,0.134,0.067,0,0,0
0.143400,4.50504,0.225,0.118,-0.014,0,0,0
0.143420,4.50567,0.092,0.079,-0.108,0,0,0
0.143440,4.50630,0.178,0.070,0.040,0,0,0
0.143460,4.50693,0.129,0.097,-0.051,0,0,0
0.143480,4.50756,0.088,0.157,-0.015,0,0,0
0.143500,4.50819,0.089,0.094,-0.024,0,0,0
0.143520,4.50881,0.023,0.150,-0.011,0,0,0
0.143540,4.50944,0.111,0.019,0.111,0,0,0
0.143560,4.51007,0.111,0.047,-0.004,0,0,0
0.143580,4.51070,0.056,0.089,0.059,0,0,0
0.143600,4.51133,0.197,0.145,-0.024,0,0,0
0.143620,4.51196,0.036,0.044,0.004,0,0,0
0.143640,4.51258,0.198,0.131,0.039,0,0,0
0.143660,4.51321,0.102,0.141,-0.005,0,0,0
0.143680,4.51384,0.113,0.145,0.028,0,0,0
0.143700,4.51447,0.146,0.130,-0.016,0,0,0
0.143720,4.51510,0.188,0.113,0.084,0,0,0
0.143740,4.51573,0.092,0.077,-0.013,0,0,0
0.143760,4.51635,0.135,0.047,-0.056,0,0,0
0.143780,4.51698,0.111,0.073,-0.043,0,0,0
0.143800,4.51761,0.017,0.167,-0.111,0,0,0
0.143820,4.51824,0.158,0.121,0.022,0,0,0
0.143840,4.51887,0.151,0.085,0.025,0,0,0
0.143860,4.51950,0.170,0.015,0.039,0,0,0
0.143880,4.52012,0.122,0.211,0.058,0,0,0
0.143900,4.52075,0.126,0.117,0.091,0,0,0
0.143920,4.52138,0.217,0.125,0.020,0,0,0
0.143940,4.52201,0.111,0.112,0.019,0,0,0
0.143960,4.52264,0.197,0.168,0.065,0,0,0
0.143980,4.52327,0.061,0.198,0.054,0,0,0
0.144000,4.52389,0.169,0.212,-0.022,0,0,0
0.144020,4.52452,0.217,0.078,0.049,0,0,0
0.144040,4.52515,0.114,0.112,0.041,0,0,0
0.144060,4.52578,0.129,0.129,0.119,0,0,0
0.144080,4.52641,0.081,0.127,0.072,0,0,0
0.144100,4.52704,0.064,0.102,0.004,0,0,0
0.144120,4.52766,0.111,0.117,-0.053,0,0,0
0.144140,4.52829,0.057,0.135,-0.075,0,0,0
0.144160,4.52892,0.246,0.052,0.004,0,0,0
0.144180,4.52955,0.111,0.128,-0.083,0,0,0
0.144200,4.53018,0.083,0.140,0.092,0,0,0
0.144220,4.53080,0.172,0.056,-0.001,0,0,0
0.144240,4.53143,0.103,0.177,0.016,0,0,0
0.144260,4.53206,0.087,0.150,-0.067,0,0,0
0.144280,4.53269,0.041,0.170,-0.017,0,0,0
0.144300,4.53332,0.062,0.090,0.109,0,0,0
0.144320,4.53395,0.067,0.138,-0.037,0,0,0
0.144340,4.53457,0.055,0.137,-0.003,0,0,0
0.144360,4.53520,0.134,0.143,0.062,0,0,0
0.144380,4.53583,0.065,0.085,-0.013,0,0,0
0.144400,4.53646,0.124,0.083,-0.064,0,0,0
0.144420,4.53709,0.065,0.119,-0.009,0,0,0
0.144440,4.53772,0.082,0.104,-0.026,0,0,0
0.144460,4.53834,0.097,0.113,-0.015,0,0,0
0.144480,4.53897,0.127,0.209,-0.043,0,0,0
0.144500,4.53960,0.102,0.104,0.081,0,0,0
0.144520,4.54023,0.202,0.102,0.110,0,0,0
0.144540,4.54086,0.069,0.172,0.019,0,0,0
0.144560,4.54149,0.159,0.041,0.105,0,0,0
0.144580,4.54211,0.113,0.103,0.050,0,0,0
0.144600,4.54274,0.146,0.190,-0.062,0,0,0
0.144620,4.54337,0.157,0.120,0.031,0,0,0
0.144640,4.54400,0.087,0.055,-0.039,0,0,0
0.144660,4.54463,0.086,0.166,-0.014,0,0,0
0.144680,4.54526,0.152,0.068,-0.067,0,0,0
0.144700,4.54588,0.132,0.146,-0.018,0,0,0
0.144720,4.54651,0.093,0.118,0.013,0,0,0
0.144740,4.54714,0.113,0.129,0.003,0,0,0
0.144760,4.54777,0.172,0.133,-0.051,0,0,0
0.144780,4.54840,0.142,0.096,-0.021,0,0,0
0.144800,4.54903,0.120,0.169,0.022,0,0,0
0.144820,4.54965,0.118,0.056,0.037,0,0,0
0.144840,4.55028,0.158,0.057,-0.021,0,0,0
0.144860,4.55091,0.090,0.159,0.047,0,0,0
0.144880,4.55154,0.096,0.140,-0.015,0,0,0
0.144900,4.55217,0.038,0.160,0.011,0,0,0
0.144920,4.55280,0.065,0.114,0.009,0,0,0
0.144940,4.55342,0.123,0.155,0.037,0,0,0
0.144960,4.55405,0.064,0.181,0.057,0,0,0
0.144980,4.55468,0.146,0.096,0.002,0,0,0
0.145000,4.55531,0.125,0.173,0.010,0,0,0
0.145020,4.55594,0.121,0.093,-0.089,0,0,0
0.145040,4.55657,0.057,0.192,-0.027,0,0,0
0.145060,4.55719,0.110,0.156,-0.013,0,0,0
0.145080,4.55782,0.106,0.166,-0.054,0,0,0
0.145100,4.55845,0.088,0.082,0.034,0,0,0
0.145120,4.55908,0.161,0.003,-0.042,0,0,0
0.145140,4.55971,0.066,0.098,0.005,0,0,0
0.145160,4.56034,0.096,0.133,-0.011,0,0,0
0.145180,4.56096,0.183,0.113,0.051,0,0,0
0.145200,4.56159,0.135,0.075,0.005,0,0,0
0.145220,4.56222,0.168,0.088,-0.037,0,0,0
0.145240,4.56285,0.203,0.145,-0.006,0,0,0
0.145260,4.56348,0.071,0.064,0.042,0,0,0
0.145280,4.56411,0.223,0.154,-0.044,0,0,0
0.145300,4.56473,0.178,0.143,-0.028,0,0,0
0.145320,4.56536,0.178,0.096,-0.016,0,0,0
0.145340,4.56599,0.189,0.006,0.027,0,0,0
0.145360,4.56662,0.167,0.152,0.003,0,0,0
0.145380,4.56725,0.081,0.028,-0.061,0,0,0
0.145400,4.56788,0.108,0.060,-0.012,0,0,0
0.145420,4.56850,0.101,0.085,-0.019,0,0,0
0.145440,4.56913,0.168,0.130,0.087,0,0,0
0.145460,4.56976,0.116,0.041,0.011,0,0,0
0.145480,4.57039,0.109,0.047,0.006,0,0,0
0.145500,4.57102,0.160,0.166,0.017,0,0,0
0.145520,4.57165,0.147,0.098,-0.099,0,0,0
0.145540,4.57227,0.193,0.183,0.063,0,0,0
0.145560,4.57290,0.130,0.044,-0.063,0,0,0
0.145580,4.57353,0.219,0.085,-0.015,0,0,0
0.145600,4.57416,0.166,0.134,0.015,0,0,0
0.145620,4.57479,0.085,0.092,0.042,0,0,0
0.145640,4.57542,0.145,0.054,-0.027,0,0,0
0.145660,4.57604,0.072,0.078,-0.050,0,0,0
0.145680,4.57667,0.013,0.059,-0.060,0,0,0
0.145700,4.57730,0.207,0.078,0.002,0,0,0
0.145720,4.57793,0.159,0.036,-0.047,0,0,0
0.145740,4.57856,0.112,0.092,0.037,0,0,0
0.145760,4.57919,0.157,0.185,-0.054,0,0,0
0.145780,4.57981,0.153,0.126,0.033,0,0,0
0.145800,4.58044,0.146,0.064,-0.002,0,0,0
0.145820,4.58107,0.179,0.114,0.019,0,0,0
0.145840,4.58170,0.140,0.023,-0.104,0,0,0
0.145860,4.58233,0.167,0.127,0.035,0,0,0
0.145880,4.58296,0.196,0.136,-0.041,0,0,0
0.145900,4.58358,0.179,0.148,0.059,0,0,0
0.145920,4.58421,0.154,-0.022,0.021,0,0,0
0.145940,4.58484,0.118,0.156,-0.020,0,0,0
0.145960,4.58547,0.143,0.128,-0.014,0,0,0
0.145980,4.58610,0.067,0.152,-0.033,0,0,0
0.146000,4.58673,0.137,0.030,-0.003,0,0,0
0.146020,4.58735,0.155,0.150,-0.000,0,0,0
0.146040,4.58798,0.058,0.074,0.073,0,0,0
0.146060,4.58861,0.120,0.130,0.018,0,0,0
0.146080,4.58924,0.179,0.063,-0.001,0,0,0
0.146100,4.58987,0.091,0.084,-0.002,0,0,0
0.146120,4.59050,0.192,0.122,-0.054,0,0,0
0.146140,4.59112,0.027,0.124,-0.042,0,0,0
0.146160,4.59175,0.126,0.045,0.065,0,0,0
0.146180,4.59238,0.113,0.059,-0.048,0,0,0
0.146200,4.59301,0.090,0.100,-0.090,0,0,0
0.146220,4.59364,0.105,0.054,0.086,0,0,0
0.146240,4.59427,0.149,0.107,-0.022,0,0,0
0.146260,4.59489,0.108,0.040,-0.061,0,0,0
0.146280,4.59552,0.141,0.110,-0.043,0,0,0
0.146300,4.59615,0.125,0.116,0.022,0,0,0
0.146320,4.59678,0.116,0.052,0.006,0,0,0
0.146340,4.59741,0.203,0.093,0.053,0,0,0
0.146360,4.59804,0.199,0.119,-0.061,0,0,0
0.146380,4.59866,0.130,0.103,0.039,0,0,0
0.146400,4.59929,0.125,0.065,0.044,0,0,0
0.146420,4.59992,0.018,0.065,0.051,0,0,0
0.146440,4.60055,0.138,0.119,-0.095,0,0,0
0.146460,4.60118,0.120,0.239,-0.121,0,0,0
0.146480,4.60180,0.171,0.060,-0.034,0,0,0
0.146500,4.60243,0.123,0.135,0.061,0,0,0
0.146520,4.60306,0.151,0.154,0.019,0,0,0
0.146540,4.60369,0.106,0.155,0.017,0,0,0
0.146560,4.60432,0.205,0.097,-0.050,0,0,0
0.146580,4.60495,0.105,0.106,-0.029,0,0,0
0.146600,4.60557,0.199,0.071,-0.060,0,0,0
0.146620,4.60620,0.078,0.059,0.049,0,0,0
0.146640,4.60683,0.182,0.099,0.044,0,0,0
0.146660,4.60746,0.077,0.107,-0.052,0,0,0
0.146680,4.60809,0.172,0.061,-0.077,0,0,0
0.146700,4.60872,0.078,0.163,0.028,0,0,0
0.146720,4.60934,0.207,0.100,-0.097,0,0,0
0.146740,4.60997,0.148,0.079,-0.010,0,0,0
0.146760,4.61060,0.196,0.145,0.022,0,0,0
0.146780,4.61123,0.109,0.094,-0.026,0,0,0
0.146800,4.61186,0.143,0.107,-0.013,0,0,0
0.146820,4.61249,0.196,0.085,-0.009,0,0,0
0.146840,4.61311,0.083,0.162,0.002,0,0,0
0.146860,4.61374,0.122,0.095,-0.065,0,0,0
0.146880,4.61437,0.168,0.118,0.031,0,0,0
0.146900,4.61500,0.101,0.145,0.042,0,0,0
0.146920,4.61563,0.253,0.216,-0.009,0,0,0
0.146940,4.61626,0.146,0.012,0.021,0,0,0
0.146960,4.61688,0.115,0.105,-0.034,0,0,0
0.146980,4.61751,0.111,0.123,-0.027,0,0,0
0.147000,4.61814,0.203,0.121,0.032,0,0,0
0.147020,4.61877,0.061,0.011,0.030,0,0,0
0.147040,4.61940,0.162,0.103,0.002,0,0,0
0.147060,4.62003,0.173,0.086,0.057,0,0,0
0.147080,4.62065,0.163,0.134,-0.008,0,0,0
0.147100,4.62128,0.181,0.167,-0.061,0,0,0
0.147120,4.62191,0.136,0.110,0.079,0,0,0
0.147140,4.62254,0.109,0.132,0.013,0,0,0
0.147160,4.62317,0.097,0.122,-0.002,0,0,0
0.147180,4.62380,0.179,0.070,0.025,0,0,0
0.147200,4.62442,0.128,0.057,-0.048,0,0,0
0.147220,4.62505,0.156,0.102,0.035,0,0,0
0.147240,4.62568,0.107,0.138,0.087,0,0,0
0.147260,4.62631,0.110,0.081,0.048,0,0,0
0.147280,4.62694,0.108,0.171,-0.115,0,0,0
0.147300,4.62757,0.196,0.141,-0.030,0,0,0
0.147320,4.62819,0.053,0.208,0.071,0,0,0
0.147340,4.62882,0.090,0.157,-0.062,0,0,0
0.147360,4.62945,0.084,0.181,-0.039,0,0,0
0.147380,4.63008,0.238,0.123,0.066,0,0,0
0.147400,4.63071,0.206,0.226,0.057,0,0,0
0.147420,4.63134,0.066,0.146,0.018,0,0,0
0.147440,4.63196,0.177,0.127,-0.007,0,0,0
0.147460,4.63259,0.121,0.175,-0.070,0,0,0
0.147480,4.63322,0.129,0.050,0.084,0,0,0
0.147500,4.63385,0.098,0.193,-0.031,0,0,0
0.147520,4.63448,0.078,0.025,-0.124,0,0,0
0.147540,4.63511,0.093,0.021,-0.003,0,0,0
0.147560,4.63573,0.234,0.053,-0.062,0,0,0
0.147580,4.63636,0.181,0.192,0.008,0,0,0
0.147600,4.63699,0.084,0.093,-0.000,0,0,0
0.147620,4.63762,0.053,0.070,0.040,0,0,0
0.147640,4.63825,0.072,0.109,-0.050,0,0,0
0.147660,4.63888,0.209,0.083,0.048,0,0,0
0.147680,4.63950,0.023,0.031,-0.010,0,0,0
0.147700,4.64013,0.119,0.105,0.007,0,0,0
0.147720,4.64076,0.102,0.088,-0.089,0,0,0
0.147740,4.64139,0.127,0.150,0.004,0,0,0
0.147760,4.64202,0.036,0.122,0.115,0,0,0
0.147780,4.64265,0.145,0.170,-0.041,0,0,0
0.147800,4.64327,0.191,0.107,-0.008,0,0,0
0.147820,4.64390,0.086,0.078,0.057,0,0,0
0.147840,4.64453,0.136,0.172,0.075,0,0,0
0.147860,4.64516,0.067,0.174,-0.011,0,0,0
0.147880,4.64579,0.123,0.098,0.039,0,0,0
0.147900,4.64642,0.164,0.078,0.045,0,0,0
0.147920,4.64704,0.178,0.086,0.046,0,0,0
0.147940,4.64767,0.215,0.053,-0.009,0,0,0
0.147960,4.64830,0.151,0.180,-0.050,0,0,0
0.147980,4.64893,0.161,0.110,-0.047,0,0,0
0.148000,4.64956,0.148,0.082,-0.027,0,0,0
0.148020,4.65019,0.108,0.164,-0.097,0,0,0
0.148040,4.65081,0.185,0.028,-0.046,0,0,0
0.148060,4.65144,0.086,0.098,0.059,0,0,0
0.148080,4.65207,0.070,0.110,-0.040,0,0,0
0.148100,4.65270,0.089,0.117,-0.007,0,0,0
0.148120,4.65333,0.151,0.211,-0.067,0,0,0
0.148140,4.65396,0.133,0.122,0.131,0,0,0
0.148160,4.65458,0.025,0.062,-0.007,0,0,0
0.148180,4.65521,0.135,0.168,0.066,0,0,0
0.148200,4.65584,0.134,0.114,-0.057,0,0,0
0.148220,4.65647,0.065,0.092,0.089,0,0,0
0.148240,4.65710,0.104,0.065,0.032,0,0,0
0.148260,4.65773,0.144,0.172,0.036,0,0,0
0.148280,4.65835,0.134,0.113,-0.022,0,0,0
0.148300,4.65898,0.163,0.140,-0.051,0,0,0
0.148320,4.65961,0.101,0.105,0.027,0,0,0
0.148340,4.66024,0.140,0.149,-0.085,0,0,0
0.148360,4.66087,0.179,0.103,-0.035,0,0,0
0.148380,4.66150,0.163,0.125,0.011,0,0,0
0.148400,4.66212,0.191,0.009,-0.035,0,0,0
0.148420,4.66275,0.173,0.135,-0.121,0,0,0
0.148440,4.66338,0.163,0.161,0.003,0,0,0
0.148460,4.66401,0.021,0.049,0.032,0,0,0
0.148480,4.66464,0.175,0.081,-0.000,0,0,0
0.148500,4.66527,0.091,0.202,-0.050,0,0,0
0.148520,4.66589,0.175,0.097,0.116,0,0,0
0.148540,4.66652,0.109,0.206,-0.056,0,0,0
0.148560,4.66715,0.123,0.109,0.109,0,0,0
0.148580,4.66778,0.081,0.095,-0.011,0,0,0
0.148600,4.66841,0.096,0.051,0.037,0,0,0
0.148620,4.66904,0.074,0.155,-0.049,0,0,0
0.148640,4.66966,0.168,0.047,0.032,0,0,0
0.148660,4.67029,0.227,0.212,-0.029,0,0,0
0.148680,4.67092,0.071,0.015,0.024,0,0,0
0.148700,4.67155,0.088,0.145,0.029,0,0,0
0.148720,4.67218,0.122,0.091,-0.014,0,0,0
0.148740,4.67280,0.158,0.024,0.059,0,0,0
0.148760,4.67343,0.143,-0.019,0.005,0,0,0
0.148780,4.67406,0.086,0.052,0.022,0,0,0
0.148800,4.67469,0.130,0.181,-0.033,0,0,0
0.148820,4.67532,0.023,0.086,0.034,0,0,0
0.148840,4.67595,0.058,0.158,-0.009,0,0,0
0.148860,4.67657,0.077,0.069,0.008,0,0,0
0.148880,4.67720,0.174,0.063,0.046,0,0,0
0.148900,4.67783,0.231,0.017,-0.062,0,0,0
0.148920,4.67846,0.174,0.089,-0.091,0,0,0
0.148940,4.67909,0.121,0.131,0.043,0,0,0
0.148960,4.67972,0.117,0.153,-0.029,0,0,0
0.148980,4.68034,0.108,0.093,0.009,0,0,0
0.149000,4.68097,0.102,0.117,-0.077,0,0,0
0.149020,4.68160,0.065,0.124,-0.040,0,0,0
0.149040,4.68223,0.190,0.197,-0.043,0,0,0
0.149060,4.68286,0.120,0.093,-0.028,0,0,0
0.149080,4.68349,0.046,0.111,0.010,0,0,0
0.149100,4.68411,0.175,0.163,-0.104,0,0,0
0.149120,4.68474,0.142,0.106,0.009,0,0,0
0.149140,4.68537,0.103,0.051,0.033,0,0,0
0.149160,4.68600,0.042,0.076,0.028,0,0,0
0.149180,4.68663,0.115,0.108,-0.093,0,0,0
0.149200,4.68726,0.115,0.139,-0.010,0,0,0
0.149220,4.68788,0.128,0.150,-0.022,0,0,0
0.149240,4.68851,0.104,0.174,0.004,0,0,0
0.149260,4.68914,0.087,0.177,-0.027,0,0,0
0.149280,4.68977,0.091,0.073,-0.061,0,0,0
0.149300,4.69040,0.114,0.095,-0.004,0,0,0
0.149320,4.69103,0.106,0.075,0.046,0,0,0
0.149340,4.69165,0.013,0.163,-0.043,0,0,0
0.149360,4.69228,0.150,0.133,-0.042,0,0,0
0.149380,4.69291,0.133,0.109,0.049,0,0,0
0.149400,4.69354,0.153,0.165,0.029,0,0,0
0.149420,4.69417,0.095,0.156,0.031,0,0,0
0.149440,4.69480,0.284,0.148,-0.080,0,0,0
0.149460,4.69542,0.121,0.131,0.012,0,0,0
0.149480,4.69605,0.141,0.108,0.013,0,0,0
0.149500,4.69668,0.169,0.013,-0.008,0,0,0
0.149520,4.69731,0.127,0.130,-0.058,0,0,0
0.149540,4.69794,0.065,0.141,0.017,0,0,0
0.149560,4.69857,0.130,0.149,-0.020,0,0,0
0.149580,4.69919,0.157,0.094,-0.051,0,0,0
0.149600,4.69982,0.106,0.129,0.018,0,0,0
0.149620,4.70045,0.083,0.022,-0.005,0,0,0
0.149640,4.70108,0.152,0.117,0.005,0,0,0
0.149660,4.70171,0.110,0.108,0.003,0,0,0
0.149680,4.70234,0.120,0.172,0.003,0,0,0
0.149700,4.70296,0.038,0.070,0.047,0,0,0
0.149720,4.70359,0.107,0.091,0.005,0,0,0
0.149740,4.70422,0.082,0.130,-0.034,0,0,0
0.149760,4.70485,0.092,0.113,-0.005,0,0,0
0.149780,4.70548,0.126,0.195,0.050,0,0,0
0.149800,4.70611,0.064,0.136,-0.029,0,0,0
0.149820,4.70673,0.088,0.129,-0.045,0,0,0
0.149840,4.70736,-0.004,0.105,0.021,0,0,0
0.149860,4.70799,0.115,0.110,0.026,0,0,0
0.149880,4.70862,0.144,0.074,0.044,0,0,0
0.149900,4.70925,0.151,0.093,-0.006,0,0,0
0.149920,4.70988,0.069,0.165,-0.009,0,0,0
0.149940,4.71050,0.134,0.083,-0.010,0,0,0
0.149960,4.71113,0.159,0.046,0.038,0,0,0
0.149980,4.71176,0.174,0.163,0.002,0,0,0
