t_s,i_A,i_ref_A,active
0.000000,0.000000,15.000000,0.000000
0.000002,0.000000,15.000000,0.000000
0.000004,0.000000,15.000000,0.000000
0.000006,0.000000,15.000000,0.000000
0.000008,0.000000,15.000000,0.000000
0.000010,0.000000,15.000000,0.000000
0.000012,0.000000,15.000000,0.000000
0.000014,0.000000,15.000000,0.000000
0.000016,0.000000,15.000000,0.000000
0.000018,0.000000,15.000000,0.000000
0.000020,0.000000,15.000000,0.000000
0.000022,0.000000,15.000000,0.000000
0.000024,0.000000,15.000000,0.000000
0.000026,0.000000,15.000000,0.000000
0.000028,0.000000,15.000000,0.000000
0.000030,0.000000,15.000000,0.000000
0.000032,0.000000,15.000000,0.000000
0.000034,0.000000,15.000000,0.000000
0.000036,0.000000,15.000000,0.000000
0.000038,0.000000,15.000000,0.000000
0.000040,0.000000,15.000000,0.000000
0.000042,0.000000,15.000000,0.000000
0.000044,0.000000,15.000000,0.000000
0.000046,0.000000,15.000000,0.000000
0.000048,0.000000,15.000000,0.000000
0.000050,0.000000,15.000000,0.000000
0.000052,0.000000,15.000000,0.000000
0.000054,0.000000,15.000000,0.000000
0.000056,0.000000,15.000000,0.000000
0.000058,0.000000,15.000000,0.000000
0.000060,0.000000,15.000000,0.000000
0.000062,0.000000,15.000000,0.000000
0.000064,0.000000,15.000000,0.000000
0.000066,0.000000,15.000000,0.000000
0.000068,0.000000,15.000000,0.000000
0.000070,0.000000,15.000000,0.000000
0.000072,0.000000,15.000000,0.000000
0.000074,0.000000,15.000000,0.000000
0.000076,0.000000,15.000000,0.000000
0.000078,0.000000,15.000000,0.000000
0.000080,0.000000,15.000000,0.000000
0.000082,0.000000,15.000000,0.000000
0.000084,0.000000,15.000000,0.000000
0.000086,0.000000,15.000000,0.000000
0.000088,0.000000,15.000000,0.000000
0.000090,0.000000,15.000000,0.000000
0.000092,0.000000,15.000000,0.000000
0.000094,0.000000,15.000000,0.000000
0.000096,0.000000,15.000000,0.000000
0.000098,0.000000,15.000000,0.000000
0.000100,0.000000,15.000000,0.000000
0.000102,0.000000,15.000000,0.000000
0.000104,0.000000,15.000000,0.000000
0.000106,0.000000,15.000000,0.000000
0.000108,0.000000,15.000000,0.000000
0.000110,0.000000,15.000000,0.000000
0.000112,0.000000,15.000000,0.000000
0.000114,0.000000,15.000000,0.000000
0.000116,0.000000,15.000000,0.000000
0.000118,0.000000,15.000000,0.000000
0.000120,0.000000,15.000000,0.000000
0.000122,0.000000,15.000000,0.000000
0.000124,0.000000,15.000000,0.000000
0.000126,0.000000,15.000000,0.000000
0.000128,0.000000,15.000000,0.000000
0.000130,0.000000,15.000000,0.000000
0.000132,0.000000,15.000000,0.000000
0.000134,0.000000,15.000000,0.000000
0.000136,0.000000,15.000000,0.000000
0.000138,0.000000,15.000000,0.000000
0.000140,0.000000,15.000000,0.000000
0.000142,0.000000,15.000000,0.000000
0.000144,0.000000,15.000000,0.000000
0.000146,0.000000,15.000000,0.000000
0.000148,0.000000,15.000000,0.000000
0.000150,0.000000,15.000000,0.000000
0.000152,0.000000,15.000000,0.000000
0.000154,0.000000,15.000000,0.000000
0.000156,0.000000,15.000000,0.000000
0.000158,0.000000,15.000000,0.000000
0.000160,0.000000,15.000000,0.000000
0.000162,0.000000,15.000000,0.000000
0.000164,0.000000,15.000000,0.000000
0.000166,0.000000,15.000000,0.000000
0.000168,0.000000,15.000000,0.000000
0.000170,0.000000,15.000000,0.000000
0.000172,0.000000,15.000000,0.000000
0.000174,0.000000,15.000000,0.000000
0.000176,0.000000,15.000000,0.000000
0.000178,0.000000,15.000000,0.000000
0.000180,0.000000,15.000000,0.000000
0.000182,0.000000,15.000000,0.000000
0.000184,0.000000,15.000000,0.000000
0.000186,0.000000,15.000000,0.000000
0.000188,0.000000,15.000000,0.000000
0.000190,0.000000,15.000000,0.000000
0.000192,0.000000,15.000000,0.000000
0.000194,0.000000,15.000000,0.000000
0.000196,0.000000,15.000000,0.000000
0.000198,0.000000,15.000000,0.000000
0.000200,0.000000,15.000000,0.000000
0.000202,0.000000,15.000000,0.000000
0.000204,0.000000,15.000000,0.000000
0.000206,0.000000,15.000000,0.000000
0.000208,0.000000,15.000000,0.000000
0.000210,0.000000,15.000000,0.000000
0.000212,0.000000,15.000000,0.000000
0.000214,0.000000,15.000000,0.000000
0.000216,0.000000,15.000000,0.000000
0.000218,0.000000,15.000000,0.000000
0.000220,0.000000,15.000000,0.000000
0.000222,0.000000,15.000000,0.000000
0.000224,0.000000,15.000000,0.000000
0.000226,0.000000,15.000000,0.000000
0.000228,0.000000,15.000000,0.000000
0.000230,0.000000,15.000000,0.000000
0.000232,0.000000,15.000000,0.000000
0.000234,0.000000,15.000000,0.000000
0.000236,0.000000,15.000000,0.000000
0.000238,0.000000,15.000000,0.000000
0.000240,0.000000,15.000000,0.000000
0.000242,0.000000,15.000000,0.000000
0.000244,0.000000,15.000000,0.000000
0.000246,0.000000,15.000000,0.000000
0.000248,0.000000,15.000000,0.000000
0.000250,0.000000,15.000000,0.000000
0.000252,0.000000,15.000000,0.000000
0.000254,0.000000,15.000000,0.000000
0.000256,0.000000,15.000000,0.000000
0.000258,0.000000,15.000000,0.000000
0.000260,0.000000,15.000000,0.000000
0.000262,0.000000,15.000000,0.000000
0.000264,0.000000,15.000000,0.000000
0.000266,0.000000,15.000000,0.000000
0.000268,0.000000,15.000000,0.000000
0.000270,0.000000,15.000000,0.000000
0.000272,0.000000,15.000000,0.000000
0.000274,0.000000,15.000000,0.000000
0.000276,0.000000,15.000000,0.000000
0.000278,0.000000,15.000000,0.000000
0.000280,0.000000,15.000000,0.000000
0.000282,0.000000,15.000000,0.000000
0.000284,0.000000,15.000000,0.000000
0.000286,0.000000,15.000000,0.000000
0.000288,0.000000,15.000000,0.000000
0.000290,0.000000,15.000000,0.000000
0.000292,0.000000,15.000000,0.000000
0.000294,0.000000,15.000000,0.000000
0.000296,0.000000,15.000000,0.000000
0.000298,0.000000,15.000000,0.000000
0.000300,0.000000,15.000000,0.000000
0.000302,0.000000,15.000000,0.000000
0.000304,0.000000,15.000000,0.000000
0.000306,0.000000,15.000000,0.000000
0.000308,0.000000,15.000000,0.000000
0.000310,0.000000,15.000000,0.000000
0.000312,0.000000,15.000000,0.000000
0.000314,0.000000,15.000000,0.000000
0.000316,0.000000,15.000000,0.000000
0.000318,0.000000,15.000000,0.000000
0.000320,0.000000,15.000000,0.000000
0.000322,0.000000,15.000000,0.000000
0.000324,0.000000,15.000000,0.000000
0.000326,0.000000,15.000000,0.000000
0.000328,0.000000,15.000000,0.000000
0.000330,0.000000,15.000000,0.000000
0.000332,0.000000,15.000000,0.000000
0.000334,0.000000,15.000000,0.000000
0.000336,0.000000,15.000000,0.000000
0.000338,0.000000,15.000000,0.000000
0.000340,0.000000,15.000000,0.000000
0.000342,0.000000,15.000000,0.000000
0.000344,0.000000,15.000000,0.000000
0.000346,0.000000,15.000000,0.000000
0.000348,0.000000,15.000000,0.000000
0.000350,0.000000,15.000000,0.000000
0.000352,0.000000,15.000000,0.000000
0.000354,0.000000,15.000000,0.000000
0.000356,0.000000,15.000000,0.000000
0.000358,0.000000,15.000000,0.000000
0.000360,0.000000,15.000000,0.000000
0.000362,0.000000,15.000000,0.000000
0.000364,0.000000,15.000000,0.000000
0.000366,0.000000,15.000000,0.000000
0.000368,0.000000,15.000000,0.000000
0.000370,0.000000,15.000000,0.000000
0.000372,0.000000,15.000000,0.000000
0.000374,0.000000,15.000000,0.000000
0.000376,0.000000,15.000000,0.000000
0.000378,0.000000,15.000000,0.000000
0.000380,0.000000,15.000000,0.000000
0.000382,0.000000,15.000000,0.000000
0.000384,0.000000,15.000000,0.000000
0.000386,0.000000,15.000000,0.000000
0.000388,0.000000,15.000000,0.000000
0.000390,0.000000,15.000000,0.000000
0.000392,0.000000,15.000000,0.000000
0.000394,0.000000,15.000000,0.000000
0.000396,0.000000,15.000000,0.000000
0.000398,0.000000,15.000000,0.000000
0.000400,0.000000,15.000000,0.000000
0.000402,0.000000,15.000000,0.000000
0.000404,0.000000,15.000000,0.000000
0.000406,0.000000,15.000000,0.000000
0.000408,0.000000,15.000000,0.000000
0.000410,0.000000,15.000000,0.000000
0.000412,0.000000,15.000000,0.000000
0.000414,0.000000,15.000000,0.000000
0.000416,0.000000,15.000000,0.000000
0.000418,0.000000,15.000000,0.000000
0.000420,0.000000,15.000000,0.000000
0.000422,0.000000,15.000000,0.000000
0.000424,0.000000,15.000000,0.000000
0.000426,0.000000,15.000000,0.000000
0.000428,0.000000,15.000000,0.000000
0.000430,0.000000,15.000000,0.000000
0.000432,0.000000,15.000000,0.000000
0.000434,0.000000,15.000000,0.000000
0.000436,0.000000,15.000000,0.000000
0.000438,0.000000,15.000000,0.000000
0.000440,0.000000,15.000000,0.000000
0.000442,0.000000,15.000000,0.000000
0.000444,0.000000,15.000000,0.000000
0.000446,0.000000,15.000000,0.000000
0.000448,0.000000,15.000000,0.000000
0.000450,0.000000,15.000000,0.000000
0.000452,0.000000,15.000000,0.000000
0.000454,0.000000,15.000000,0.000000
0.000456,0.000000,15.000000,0.000000
0.000458,0.000000,15.000000,0.000000
0.000460,0.000000,15.000000,0.000000
0.000462,0.000000,15.000000,0.000000
0.000464,0.000000,15.000000,0.000000
0.000466,0.000000,15.000000,0.000000
0.000468,0.000000,15.000000,0.000000
0.000470,0.000000,15.000000,0.000000
0.000472,0.000000,15.000000,0.000000
0.000474,0.000000,15.000000,0.000000
0.000476,0.000000,15.000000,0.000000
0.000478,0.000000,15.000000,0.000000
0.000480,0.000000,15.000000,0.000000
0.000482,0.000000,15.000000,0.000000
0.000484,0.000000,15.000000,0.000000
0.000486,0.000000,15.000000,0.000000
0.000488,0.000000,15.000000,0.000000
0.000490,0.000000,15.000000,0.000000
0.000492,0.000000,15.000000,0.000000
0.000494,0.000000,15.000000,0.000000
0.000496,0.000000,15.000000,0.000000
0.000498,0.000000,15.000000,0.000000
0.000500,0.000000,15.000000,0.000000
0.000502,0.000000,15.000000,0.000000
0.000504,0.000000,15.000000,0.000000
0.000506,0.000000,15.000000,0.000000
0.000508,0.000000,15.000000,0.000000
0.000510,0.000000,15.000000,0.000000
0.000512,0.000000,15.000000,0.000000
0.000514,0.000000,15.000000,0.000000
0.000516,0.000000,15.000000,0.000000
0.000518,0.000000,15.000000,0.000000
0.000520,0.000000,15.000000,0.000000
0.000522,0.000000,15.000000,0.000000
0.000524,0.000000,15.000000,0.000000
0.000526,0.000000,15.000000,0.000000
0.000528,0.000000,15.000000,0.000000
0.000530,0.000000,15.000000,0.000000
0.000532,0.000000,15.000000,0.000000
0.000534,0.000000,15.000000,0.000000
0.000536,0.000000,15.000000,0.000000
0.000538,0.000000,15.000000,0.000000
0.000540,0.000000,15.000000,0.000000
0.000542,0.000000,15.000000,0.000000
0.000544,0.000000,15.000000,0.000000
0.000546,0.000000,15.000000,0.000000
0.000548,0.000000,15.000000,0.000000
0.000550,0.000000,15.000000,0.000000
0.000552,0.000000,15.000000,0.000000
0.000554,0.000000,15.000000,0.000000
0.000556,0.000000,15.000000,0.000000
0.000558,0.000000,15.000000,0.000000
0.000560,0.000000,15.000000,0.000000
0.000562,0.000000,15.000000,0.000000
0.000564,0.000000,15.000000,0.000000
0.000566,0.000000,15.000000,0.000000
0.000568,0.000000,15.000000,0.000000
0.000570,0.000000,15.000000,0.000000
0.000572,0.000000,15.000000,0.000000
0.000574,0.000000,15.000000,0.000000
0.000576,0.000000,15.000000,0.000000
0.000578,0.000000,15.000000,0.000000
0.000580,0.000000,15.000000,0.000000
0.000582,0.000000,15.000000,0.000000
0.000584,0.000000,15.000000,0.000000
0.000586,0.000000,15.000000,0.000000
0.000588,0.000000,15.000000,0.000000
0.000590,0.000000,15.000000,0.000000
0.000592,0.000000,15.000000,0.000000
0.000594,0.000000,15.000000,0.000000
0.000596,0.000000,15.000000,0.000000
0.000598,0.000000,15.000000,0.000000
0.000600,0.000000,15.000000,0.000000
0.000602,0.000000,15.000000,0.000000
0.000604,0.000000,15.000000,0.000000
0.000606,0.000000,15.000000,0.000000
0.000608,0.000000,15.000000,0.000000
0.000610,0.000000,15.000000,0.000000
0.000612,0.000000,15.000000,0.000000
0.000614,0.000000,15.000000,0.000000
0.000616,0.000000,15.000000,0.000000
0.000618,0.000000,15.000000,0.000000
0.000620,0.000000,15.000000,0.000000
0.000622,0.000000,15.000000,0.000000
0.000624,0.000000,15.000000,0.000000
0.000626,0.000000,15.000000,0.000000
0.000628,0.000000,15.000000,0.000000
0.000630,0.000000,15.000000,0.000000
0.000632,0.000000,15.000000,0.000000
0.000634,0.000000,15.000000,0.000000
0.000636,0.000000,15.000000,0.000000
0.000638,0.000000,15.000000,0.000000
0.000640,0.000000,15.000000,0.000000
0.000642,0.000000,15.000000,0.000000
0.000644,0.000000,15.000000,0.000000
0.000646,0.000000,15.000000,0.000000
0.000648,0.000000,15.000000,0.000000
0.000650,0.000000,15.000000,0.000000
0.000652,0.000000,15.000000,0.000000
0.000654,0.000000,15.000000,0.000000
0.000656,0.000000,15.000000,0.000000
0.000658,0.000000,15.000000,0.000000
0.000660,0.000000,15.000000,0.000000
0.000662,0.000000,15.000000,0.000000
0.000664,0.000000,15.000000,0.000000
0.000666,0.000000,15.000000,0.000000
0.000668,0.000000,15.000000,0.000000
0.000670,0.000000,15.000000,0.000000
0.000672,0.000000,15.000000,0.000000
0.000674,0.000000,15.000000,0.000000
0.000676,0.000000,15.000000,0.000000
0.000678,0.000000,15.000000,0.000000
0.000680,0.000000,15.000000,0.000000
0.000682,0.000000,15.000000,0.000000
0.000684,0.000000,15.000000,0.000000
0.000686,0.000000,15.000000,0.000000
0.000688,0.000000,15.000000,0.000000
0.000690,0.000000,15.000000,0.000000
0.000692,0.000000,15.000000,0.000000
0.000694,0.000000,15.000000,0.000000
0.000696,0.000000,15.000000,1.000000
0.000698,0.000000,15.000000,1.000000
0.000700,0.089951,15.000000,1.000000
0.000702,0.179893,15.000000,1.000000
0.000704,0.269825,15.000000,1.000000
0.000706,0.359747,15.000000,1.000000
0.000708,0.449659,15.000000,1.000000
0.000710,0.539562,15.000000,1.000000
0.000712,0.629455,15.000000,1.000000
0.000714,0.719339,15.000000,1.000000
0.000716,0.809212,15.000000,1.000000
0.000718,0.899076,15.000000,1.000000
0.000720,0.988931,15.000000,1.000000
0.000722,1.078775,15.000000,1.000000
0.000724,1.168610,15.000000,1.000000
0.000726,1.258436,15.000000,1.000000
0.000728,1.348251,15.000000,1.000000
0.000730,1.438057,15.000000,1.000000
0.000732,1.527853,15.000000,1.000000
0.000734,1.617639,15.000000,1.000000
0.000736,1.707416,15.000000,1.000000
0.000738,1.797183,15.000000,1.000000
0.000740,1.886940,15.000000,1.000000
0.000742,1.976687,15.000000,1.000000
0.000744,2.066425,15.000000,1.000000
0.000746,2.156153,15.000000,1.000000
0.000748,2.245871,15.000000,1.000000
0.000750,2.335579,15.000000,1.000000
0.000752,2.425278,15.000000,1.000000
0.000754,2.514967,15.000000,1.000000
0.000756,2.604646,15.000000,1.000000
0.000758,2.694316,15.000000,1.000000
0.000760,2.783976,15.000000,1.000000
0.000762,2.873625,15.000000,1.000000
0.000764,2.963266,15.000000,1.000000
0.000766,3.052896,15.000000,1.000000
0.000768,3.142517,15.000000,1.000000
0.000770,3.232128,15.000000,1.000000
0.000772,3.321729,15.000000,1.000000
0.000774,3.411320,15.000000,1.000000
0.000776,3.500902,15.000000,1.000000
0.000778,3.590474,15.000000,1.000000
0.000780,3.680036,15.000000,1.000000
0.000782,3.769588,15.000000,1.000000
0.000784,3.859130,15.000000,1.000000
0.000786,3.948663,15.000000,1.000000
0.000788,4.038186,15.000000,1.000000
0.000790,4.127699,15.000000,1.000000
0.000792,4.217202,15.000000,1.000000
0.000794,4.306696,15.000000,1.000000
0.000796,4.396180,15.000000,1.000000
0.000798,4.485654,15.000000,1.000000
0.000800,4.575118,15.000000,1.000000
0.000802,4.664572,15.000000,1.000000
0.000804,4.754016,15.000000,1.000000
0.000806,4.843451,15.000000,1.000000
0.000808,4.932876,15.000000,1.000000
0.000810,5.022291,15.000000,1.000000
0.000812,5.111696,15.000000,1.000000
0.000814,5.201092,15.000000,1.000000
0.000816,5.290477,15.000000,1.000000
0.000818,5.379853,15.000000,1.000000
0.000820,5.469219,15.000000,1.000000
0.000822,5.558575,15.000000,1.000000
0.000824,5.647921,15.000000,1.000000
0.000826,5.737258,15.000000,1.000000
0.000828,5.826584,15.000000,1.000000
0.000830,5.915901,15.000000,1.000000
0.000832,6.005208,15.000000,1.000000
0.000834,6.094505,15.000000,1.000000
0.000836,6.183792,15.000000,1.000000
0.000838,6.273070,15.000000,1.000000
0.000840,6.362337,15.000000,1.000000
0.000842,6.451595,15.000000,1.000000
0.000844,6.540842,15.000000,1.000000
0.000846,6.630080,15.000000,1.000000
0.000848,6.719308,15.000000,1.000000
0.000850,6.808527,15.000000,1.000000
0.000852,6.897735,15.000000,1.000000
0.000854,6.986933,15.000000,1.000000
0.000856,7.076122,15.000000,1.000000
0.000858,7.165300,15.000000,1.000000
0.000860,7.254469,15.000000,1.000000
0.000862,7.343628,15.000000,1.000000
0.000864,7.432777,15.000000,1.000000
0.000866,7.521916,15.000000,1.000000
0.000868,7.611045,15.000000,1.000000
0.000870,7.700165,15.000000,1.000000
0.000872,7.789274,15.000000,1.000000
0.000874,7.878374,15.000000,1.000000
0.000876,7.967463,15.000000,1.000000
0.000878,8.056543,15.000000,1.000000
0.000880,8.145613,15.000000,1.000000
0.000882,8.234673,15.000000,1.000000
0.000884,8.323723,15.000000,1.000000
0.000886,8.412763,15.000000,1.000000
0.000888,8.501793,15.000000,1.000000
0.000890,8.590813,15.000000,1.000000
0.000892,8.679823,15.000000,1.000000
0.000894,8.768824,15.000000,1.000000
0.000896,8.857814,15.000000,1.000000
0.000898,8.946795,15.000000,1.000000
0.000900,9.035765,15.000000,1.000000
0.000902,9.124726,15.000000,1.000000
0.000904,9.213676,15.000000,1.000000
0.000906,9.302617,15.000000,1.000000
0.000908,9.391548,15.000000,1.000000
0.000910,9.480469,15.000000,1.000000
0.000912,9.569380,15.000000,1.000000
0.000914,9.658281,15.000000,1.000000
0.000916,9.747171,15.000000,1.000000
0.000918,9.836052,15.000000,1.000000
0.000920,9.924923,15.000000,1.000000
0.000922,10.013785,15.000000,1.000000
0.000924,10.102636,15.000000,1.000000
0.000926,10.191477,15.000000,1.000000
0.000928,10.280308,15.000000,1.000000
0.000930,10.369129,15.000000,1.000000
0.000932,10.457940,15.000000,1.000000
0.000934,10.546741,15.000000,1.000000
0.000936,10.635532,15.000000,1.000000
0.000938,10.724314,15.000000,1.000000
0.000940,10.813085,15.000000,1.000000
0.000942,10.901846,15.000000,1.000000
0.000944,10.990597,15.000000,1.000000
0.000946,11.079338,15.000000,1.000000
0.000948,11.168070,15.000000,1.000000
0.000950,11.256791,15.000000,1.000000
0.000952,11.345502,15.000000,1.000000
0.000954,11.434203,15.000000,1.000000
0.000956,11.522894,15.000000,1.000000
0.000958,11.611575,15.000000,1.000000
0.000960,11.700246,15.000000,1.000000
0.000962,11.788907,15.000000,1.000000
0.000964,11.877558,15.000000,1.000000
0.000966,11.966199,15.000000,1.000000
0.000968,12.054830,15.000000,1.000000
0.000970,12.143451,15.000000,1.000000
0.000972,12.232062,15.000000,1.000000
0.000974,12.320663,15.000000,1.000000
0.000976,12.409254,15.000000,1.000000
0.000978,12.497834,15.000000,1.000000
0.000980,12.586405,15.000000,1.000000
0.000982,12.674966,15.000000,1.000000
0.000984,12.763516,15.000000,1.000000
0.000986,12.852057,15.000000,1.000000
0.000988,12.940587,15.000000,1.000000
0.000990,13.029107,15.000000,1.000000
0.000992,13.117618,15.000000,1.000000
0.000994,13.206118,15.000000,1.000000
0.000996,13.294608,15.000000,1.000000
0.000998,13.383088,15.000000,1.000000
0.001000,13.381613,15.000000,1.000000
0.001002,13.380137,15.000000,1.000000
0.001004,13.378661,15.000000,1.000000
0.001006,13.377184,15.000000,1.000000
0.001008,13.375706,15.000000,1.000000
0.001010,13.374228,15.000000,1.000000
0.001012,13.372749,15.000000,1.000000
0.001014,13.371269,15.000000,1.000000
0.001016,13.369789,15.000000,1.000000
0.001018,13.368307,15.000000,1.000000
0.001020,13.366825,15.000000,1.000000
0.001022,13.365343,15.000000,1.000000
0.001024,13.363859,15.000000,1.000000
0.001026,13.362375,15.000000,1.000000
0.001028,13.360891,15.000000,1.000000
0.001030,13.359405,15.000000,1.000000
0.001032,13.357919,15.000000,1.000000
0.001034,13.356432,15.000000,1.000000
0.001036,13.354944,15.000000,1.000000
0.001038,13.353456,15.000000,1.000000
0.001040,13.351966,15.000000,1.000000
0.001042,13.350477,15.000000,1.000000
0.001044,13.348986,15.000000,1.000000
0.001046,13.347494,15.000000,1.000000
0.001048,13.346002,15.000000,1.000000
0.001050,13.344509,15.000000,1.000000
0.001052,13.343015,15.000000,1.000000
0.001054,13.341521,15.000000,1.000000
0.001056,13.340025,15.000000,1.000000
0.001058,13.338529,15.000000,1.000000
0.001060,13.337032,15.000000,1.000000
0.001062,13.335535,15.000000,1.000000
0.001064,13.334036,15.000000,1.000000
0.001066,13.332537,15.000000,1.000000
0.001068,13.331037,15.000000,1.000000
0.001070,13.329536,15.000000,1.000000
0.001072,13.328035,15.000000,1.000000
0.001074,13.326532,15.000000,1.000000
0.001076,13.325029,15.000000,1.000000
0.001078,13.323525,15.000000,1.000000
0.001080,13.322020,15.000000,1.000000
0.001082,13.320514,15.000000,1.000000
0.001084,13.319008,15.000000,1.000000
0.001086,13.317500,15.000000,1.000000
0.001088,13.315992,15.000000,1.000000
0.001090,13.314483,15.000000,1.000000
0.001092,13.312973,15.000000,1.000000
0.001094,13.311463,15.000000,1.000000
0.001096,13.309951,15.000000,1.000000
0.001098,13.308439,15.000000,1.000000
0.001100,13.306925,15.000000,1.000000
0.001102,13.305411,15.000000,1.000000
0.001104,13.303896,15.000000,1.000000
0.001106,13.302380,15.000000,1.000000
0.001108,13.300864,15.000000,1.000000
0.001110,13.299346,15.000000,1.000000
0.001112,13.297828,15.000000,1.000000
0.001114,13.296308,15.000000,1.000000
0.001116,13.294788,15.000000,1.000000
0.001118,13.293267,15.000000,1.000000
0.001120,13.291745,15.000000,1.000000
0.001122,13.290222,15.000000,1.000000
0.001124,13.288698,15.000000,1.000000
0.001126,13.287174,15.000000,1.000000
0.001128,13.285648,15.000000,1.000000
0.001130,13.284122,15.000000,1.000000
0.001132,13.282594,15.000000,1.000000
0.001134,13.281066,15.000000,1.000000
0.001136,13.279537,15.000000,1.000000
0.001138,13.278006,15.000000,1.000000
0.001140,13.276475,15.000000,1.000000
0.001142,13.274943,15.000000,1.000000
0.001144,13.273410,15.000000,1.000000
0.001146,13.271876,15.000000,1.000000
0.001148,13.270341,15.000000,1.000000
0.001150,13.268806,15.000000,1.000000
0.001152,13.267269,15.000000,1.000000
0.001154,13.265731,15.000000,1.000000
0.001156,13.264192,15.000000,1.000000
0.001158,13.262653,15.000000,1.000000
0.001160,13.261112,15.000000,1.000000
0.001162,13.259571,15.000000,1.000000
0.001164,13.258028,15.000000,1.000000
0.001166,13.256484,15.000000,1.000000
0.001168,13.254940,15.000000,1.000000
0.001170,13.253394,15.000000,1.000000
0.001172,13.251848,15.000000,1.000000
0.001174,13.250300,15.000000,1.000000
0.001176,13.248752,15.000000,1.000000
0.001178,13.247202,15.000000,1.000000
0.001180,13.245652,15.000000,1.000000
0.001182,13.244100,15.000000,1.000000
0.001184,13.242548,15.000000,1.000000
0.001186,13.240994,15.000000,1.000000
0.001188,13.239440,15.000000,1.000000
0.001190,13.237884,15.000000,1.000000
0.001192,13.236328,15.000000,1.000000
0.001194,13.234770,15.000000,1.000000
0.001196,13.233211,15.000000,1.000000
0.001198,13.231651,15.000000,1.000000
0.001200,13.230091,15.000000,1.000000
0.001202,13.228529,15.000000,1.000000
0.001204,13.226966,15.000000,1.000000
0.001206,13.225402,15.000000,1.000000
0.001208,13.223837,15.000000,1.000000
0.001210,13.222271,15.000000,1.000000
0.001212,13.220704,15.000000,1.000000
0.001214,13.219135,15.000000,1.000000
0.001216,13.217566,15.000000,1.000000
0.001218,13.215996,15.000000,1.000000
0.001220,13.214424,15.000000,1.000000
0.001222,13.212852,15.000000,1.000000
0.001224,13.211278,15.000000,1.000000
0.001226,13.209703,15.000000,1.000000
0.001228,13.208127,15.000000,1.000000
0.001230,13.206550,15.000000,1.000000
0.001232,13.204972,15.000000,1.000000
0.001234,13.203393,15.000000,1.000000
0.001236,13.201813,15.000000,1.000000
0.001238,13.200231,15.000000,1.000000
0.001240,13.198649,15.000000,1.000000
0.001242,13.197065,15.000000,1.000000
0.001244,13.195480,15.000000,1.000000
0.001246,13.193894,15.000000,1.000000
0.001248,13.192307,15.000000,1.000000
0.001250,13.190719,15.000000,1.000000
0.001252,13.189129,15.000000,1.000000
0.001254,13.187538,15.000000,1.000000
0.001256,13.185947,15.000000,1.000000
0.001258,13.184354,15.000000,1.000000
0.001260,13.182760,15.000000,1.000000
0.001262,13.181164,15.000000,1.000000
0.001264,13.179568,15.000000,1.000000
0.001266,13.177970,15.000000,1.000000
0.001268,13.176371,15.000000,1.000000
0.001270,13.174771,15.000000,1.000000
0.001272,13.173170,15.000000,1.000000
0.001274,13.171568,15.000000,1.000000
0.001276,13.169964,15.000000,1.000000
0.001278,13.168359,15.000000,1.000000
0.001280,13.166753,15.000000,1.000000
0.001282,13.165146,15.000000,1.000000
0.001284,13.163537,15.000000,1.000000
0.001286,13.161927,15.000000,1.000000
0.001288,13.160317,15.000000,1.000000
0.001290,13.158704,15.000000,1.000000
0.001292,13.157091,15.000000,1.000000
0.001294,13.155476,15.000000,1.000000
0.001296,13.153860,15.000000,1.000000
0.001298,13.152243,15.000000,1.000000
0.001300,13.150625,15.000000,1.000000
0.001302,13.149005,15.000000,1.000000
0.001304,13.147384,15.000000,1.000000
0.001306,13.145762,15.000000,1.000000
0.001308,13.144138,15.000000,1.000000
0.001310,13.142513,15.000000,1.000000
0.001312,13.140887,15.000000,1.000000
0.001314,13.139260,15.000000,1.000000
0.001316,13.137631,15.000000,1.000000
0.001318,13.136001,15.000000,1.000000
0.001320,13.134370,15.000000,1.000000
0.001322,13.132737,15.000000,1.000000
0.001324,13.131103,15.000000,1.000000
0.001326,13.129468,15.000000,1.000000
0.001328,13.127831,15.000000,1.000000
0.001330,13.126194,15.000000,1.000000
0.001332,13.124554,15.000000,1.000000
0.001334,13.122914,15.000000,1.000000
0.001336,13.121272,15.000000,1.000000
0.001338,13.119629,15.000000,1.000000
0.001340,13.117984,15.000000,1.000000
0.001342,13.116338,15.000000,1.000000
0.001344,13.114691,15.000000,1.000000
0.001346,13.113042,15.000000,1.000000
0.001348,13.111392,15.000000,1.000000
0.001350,13.109741,15.000000,1.000000
0.001352,13.108088,15.000000,1.000000
0.001354,13.106434,15.000000,1.000000
0.001356,13.104779,15.000000,1.000000
0.001358,13.103122,15.000000,1.000000
0.001360,13.101463,15.000000,1.000000
0.001362,13.099804,15.000000,1.000000
0.001364,13.098143,15.000000,1.000000
0.001366,13.096480,15.000000,1.000000
0.001368,13.094816,15.000000,1.000000
0.001370,13.093151,15.000000,1.000000
0.001372,13.091484,15.000000,1.000000
0.001374,13.089816,15.000000,1.000000
0.001376,13.088146,15.000000,1.000000
0.001378,13.086475,15.000000,1.000000
0.001380,13.084803,15.000000,1.000000
0.001382,13.083129,15.000000,1.000000
0.001384,13.081453,15.000000,1.000000
0.001386,13.079776,15.000000,1.000000
0.001388,13.078098,15.000000,1.000000
0.001390,13.076418,15.000000,1.000000
0.001392,13.074737,15.000000,1.000000
0.001394,13.073054,15.000000,1.000000
0.001396,13.071370,15.000000,1.000000
0.001398,13.069684,15.000000,1.000000
0.001400,13.067997,15.000000,1.000000
0.001402,13.066309,15.000000,1.000000
0.001404,13.064618,15.000000,1.000000
0.001406,13.062927,15.000000,1.000000
0.001408,13.061234,15.000000,1.000000
0.001410,13.059539,15.000000,1.000000
0.001412,13.057843,15.000000,1.000000
0.001414,13.056145,15.000000,1.000000
0.001416,13.054446,15.000000,1.000000
0.001418,13.052745,15.000000,1.000000
0.001420,13.051042,15.000000,1.000000
0.001422,13.049339,15.000000,1.000000
0.001424,13.047633,15.000000,1.000000
0.001426,13.045926,15.000000,1.000000
0.001428,13.044218,15.000000,1.000000
0.001430,13.042508,15.000000,1.000000
0.001432,13.040796,15.000000,1.000000
0.001434,13.039083,15.000000,1.000000
0.001436,13.037368,15.000000,1.000000
0.001438,13.035652,15.000000,1.000000
0.001440,13.033934,15.000000,1.000000
0.001442,13.032214,15.000000,1.000000
0.001444,13.030493,15.000000,1.000000
0.001446,13.028770,15.000000,1.000000
0.001448,13.027046,15.000000,1.000000
0.001450,13.025320,15.000000,1.000000
0.001452,13.023592,15.000000,1.000000
0.001454,13.021863,15.000000,1.000000
0.001456,13.020132,15.000000,1.000000
0.001458,13.018400,15.000000,1.000000
0.001460,13.016666,15.000000,1.000000
0.001462,13.014930,15.000000,1.000000
0.001464,13.013193,15.000000,1.000000
0.001466,13.011453,15.000000,1.000000
0.001468,13.009713,15.000000,1.000000
0.001470,13.007970,15.000000,1.000000
0.001472,13.006226,15.000000,1.000000
0.001474,13.004481,15.000000,1.000000
0.001476,13.002733,15.000000,1.000000
0.001478,13.000984,15.000000,1.000000
0.001480,12.999234,15.000000,1.000000
0.001482,12.997481,15.000000,1.000000
0.001484,12.995727,15.000000,1.000000
0.001486,12.993971,15.000000,1.000000
0.001488,12.992214,15.000000,1.000000
0.001490,12.990454,15.000000,1.000000
0.001492,12.988694,15.000000,1.000000
0.001494,12.986931,15.000000,1.000000
0.001496,12.985166,15.000000,1.000000
0.001498,12.983400,15.000000,1.000000
0.001500,12.981632,15.000000,1.000000
0.001502,12.979863,15.000000,1.000000
0.001504,12.978091,15.000000,1.000000
0.001506,12.976318,15.000000,1.000000
0.001508,12.974543,15.000000,1.000000
0.001510,12.972767,15.000000,1.000000
0.001512,12.970988,15.000000,1.000000
0.001514,12.969208,15.000000,1.000000
0.001516,12.967426,15.000000,1.000000
0.001518,12.965643,15.000000,1.000000
0.001520,12.963857,15.000000,1.000000
0.001522,12.962070,15.000000,1.000000
0.001524,12.960281,15.000000,1.000000
0.001526,12.958490,15.000000,1.000000
0.001528,12.956697,15.000000,1.000000
0.001530,12.954902,15.000000,1.000000
0.001532,12.953106,15.000000,1.000000
0.001534,12.951308,15.000000,1.000000
0.001536,12.949508,15.000000,1.000000
0.001538,12.947706,15.000000,1.000000
0.001540,12.945902,15.000000,1.000000
0.001542,12.944097,15.000000,1.000000
0.001544,12.942289,15.000000,1.000000
0.001546,12.940480,15.000000,1.000000
0.001548,12.938669,15.000000,1.000000
0.001550,12.936856,15.000000,1.000000
0.001552,12.935041,15.000000,1.000000
0.001554,12.933224,15.000000,1.000000
0.001556,12.931406,15.000000,1.000000
0.001558,12.929585,15.000000,1.000000
0.001560,12.927763,15.000000,1.000000
0.001562,12.925938,15.000000,1.000000
0.001564,12.924112,15.000000,1.000000
0.001566,12.922284,15.000000,1.000000
0.001568,12.920454,15.000000,1.000000
0.001570,12.918622,15.000000,1.000000
0.001572,12.916788,15.000000,1.000000
0.001574,12.914952,15.000000,1.000000
0.001576,12.913114,15.000000,1.000000
0.001578,12.911275,15.000000,1.000000
0.001580,12.909433,15.000000,1.000000
0.001582,12.907589,15.000000,1.000000
0.001584,12.905744,15.000000,1.000000
0.001586,12.903896,15.000000,1.000000
0.001588,12.902047,15.000000,1.000000
0.001590,12.900195,15.000000,1.000000
0.001592,12.898342,15.000000,1.000000
0.001594,12.896486,15.000000,1.000000
0.001596,12.894629,15.000000,1.000000
0.001598,12.892769,15.000000,1.000000
0.001600,12.890908,15.000000,1.000000
0.001602,12.889044,15.000000,1.000000
0.001604,12.887179,15.000000,1.000000
0.001606,12.885311,15.000000,1.000000
0.001608,12.883442,15.000000,1.000000
0.001610,12.881570,15.000000,1.000000
0.001612,12.879697,15.000000,1.000000
0.001614,12.877821,15.000000,1.000000
0.001616,12.875943,15.000000,1.000000
0.001618,12.874064,15.000000,1.000000
0.001620,12.872182,15.000000,1.000000
0.001622,12.870298,15.000000,1.000000
0.001624,12.868412,15.000000,1.000000
0.001626,12.866524,15.000000,1.000000
0.001628,12.864634,15.000000,1.000000
0.001630,12.862742,15.000000,1.000000
0.001632,12.860847,15.000000,1.000000
0.001634,12.858951,15.000000,1.000000
0.001636,12.857053,15.000000,1.000000
0.001638,12.855152,15.000000,1.000000
0.001640,12.853249,15.000000,1.000000
0.001642,12.851344,15.000000,1.000000
0.001644,12.849437,15.000000,1.000000
0.001646,12.847528,15.000000,1.000000
0.001648,12.845617,15.000000,1.000000
0.001650,12.843704,15.000000,1.000000
0.001652,12.841788,15.000000,1.000000
0.001654,12.839871,15.000000,1.000000
0.001656,12.837951,15.000000,1.000000
0.001658,12.836029,15.000000,1.000000
0.001660,12.834105,15.000000,1.000000
0.001662,12.832178,15.000000,1.000000
0.001664,12.830250,15.000000,1.000000
0.001666,12.828319,15.000000,1.000000
0.001668,12.826386,15.000000,1.000000
0.001670,12.824451,15.000000,1.000000
0.001672,12.822513,15.000000,1.000000
0.001674,12.820574,15.000000,1.000000
0.001676,12.818632,15.000000,1.000000
0.001678,12.816688,15.000000,1.000000
0.001680,12.814742,15.000000,1.000000
0.001682,12.812793,15.000000,1.000000
0.001684,12.810843,15.000000,1.000000
0.001686,12.808890,15.000000,1.000000
0.001688,12.806935,15.000000,1.000000
0.001690,12.804977,15.000000,1.000000
0.001692,12.803017,15.000000,1.000000
0.001694,12.801055,15.000000,1.000000
0.001696,12.799091,15.000000,1.000000
0.001698,12.797125,15.000000,1.000000
0.001700,12.884651,15.000000,1.000000
0.001702,12.972166,15.000000,1.000000
0.001704,13.059669,15.000000,1.000000
0.001706,13.147160,15.000000,1.000000
0.001708,13.234639,15.000000,1.000000
0.001710,13.322106,15.000000,1.000000
0.001712,13.409562,15.000000,1.000000
0.001714,13.497005,15.000000,1.000000
0.001716,13.584437,15.000000,1.000000
0.001718,13.671856,15.000000,1.000000
0.001720,13.759264,15.000000,1.000000
0.001722,13.846660,15.000000,1.000000
0.001724,13.934044,15.000000,1.000000
0.001726,14.021416,15.000000,1.000000
0.001728,14.108776,15.000000,1.000000
0.001730,14.196124,15.000000,1.000000
0.001732,14.283460,15.000000,1.000000
0.001734,14.370784,15.000000,1.000000
0.001736,14.458096,15.000000,1.000000
0.001738,14.545396,15.000000,1.000000
0.001740,14.632684,15.000000,1.000000
0.001742,14.719960,15.000000,1.000000
0.001744,14.807224,15.000000,1.000000
0.001746,14.894476,15.000000,1.000000
0.001748,14.981716,15.000000,1.000000
0.001750,15.068944,15.000000,1.000000
0.001752,15.156160,15.000000,1.000000
0.001754,15.243364,15.000000,1.000000
0.001756,15.330555,15.000000,1.000000
0.001758,15.417735,15.000000,1.000000
0.001760,15.504903,15.000000,1.000000
0.001762,15.592058,15.000000,1.000000
0.001764,15.679201,15.000000,1.000000
0.001766,15.766333,15.000000,1.000000
0.001768,15.853452,15.000000,1.000000
0.001770,15.940559,15.000000,1.000000
0.001772,16.027654,15.000000,1.000000
0.001774,16.114736,15.000000,1.000000
0.001776,16.201807,15.000000,1.000000
0.001778,16.288865,15.000000,1.000000
0.001780,16.375911,15.000000,1.000000
0.001782,16.462945,15.000000,1.000000
0.001784,16.549967,15.000000,1.000000
0.001786,16.636976,15.000000,1.000000
0.001788,16.723973,15.000000,1.000000
0.001790,16.810959,15.000000,1.000000
0.001792,16.897931,15.000000,1.000000
0.001794,16.984892,15.000000,1.000000
0.001796,17.071840,15.000000,1.000000
0.001798,17.158776,15.000000,1.000000
0.001800,17.156117,15.000000,1.000000
0.001802,17.153454,15.000000,1.000000
0.001804,17.150788,15.000000,1.000000
0.001806,17.148120,15.000000,1.000000
0.001808,17.145448,15.000000,1.000000
0.001810,17.142773,15.000000,1.000000
0.001812,17.140095,15.000000,1.000000
0.001814,17.137415,15.000000,1.000000
0.001816,17.134731,15.000000,1.000000
0.001818,17.132044,15.000000,1.000000
0.001820,17.129354,15.000000,1.000000
0.001822,17.126661,15.000000,1.000000
0.001824,17.123965,15.000000,1.000000
0.001826,17.121266,15.000000,1.000000
0.001828,17.118564,15.000000,1.000000
0.001830,17.115858,15.000000,1.000000
0.001832,17.113150,15.000000,1.000000
0.001834,17.110438,15.000000,1.000000
0.001836,17.107724,15.000000,1.000000
0.001838,17.105006,15.000000,1.000000
0.001840,17.102285,15.000000,1.000000
0.001842,17.099561,15.000000,1.000000
0.001844,17.096834,15.000000,1.000000
0.001846,17.094103,15.000000,1.000000
0.001848,17.091370,15.000000,1.000000
0.001850,17.088633,15.000000,1.000000
0.001852,17.085893,15.000000,1.000000
0.001854,17.083150,15.000000,1.000000
0.001856,17.080404,15.000000,1.000000
0.001858,17.077654,15.000000,1.000000
0.001860,17.074901,15.000000,1.000000
0.001862,17.072145,15.000000,1.000000
0.001864,17.069386,15.000000,1.000000
0.001866,17.066624,15.000000,1.000000
0.001868,17.063858,15.000000,1.000000
0.001870,17.061089,15.000000,1.000000
0.001872,17.058317,15.000000,1.000000
0.001874,17.055542,15.000000,1.000000
0.001876,17.052763,15.000000,1.000000
0.001878,17.049981,15.000000,1.000000
0.001880,17.047196,15.000000,1.000000
0.001882,17.044407,15.000000,1.000000
0.001884,17.041615,15.000000,1.000000
0.001886,17.038820,15.000000,1.000000
0.001888,17.036022,15.000000,1.000000
0.001890,17.033220,15.000000,1.000000
0.001892,17.030415,15.000000,1.000000
0.001894,17.027606,15.000000,1.000000
0.001896,17.024794,15.000000,1.000000
0.001898,17.021979,15.000000,1.000000
0.001900,17.019160,15.000000,1.000000
0.001902,17.016338,15.000000,1.000000
0.001904,17.013513,15.000000,1.000000
0.001906,17.010684,15.000000,1.000000
0.001908,17.007852,15.000000,1.000000
0.001910,17.005016,15.000000,1.000000
0.001912,17.002177,15.000000,1.000000
0.001914,16.999335,15.000000,1.000000
0.001916,16.996489,15.000000,1.000000
0.001918,16.993640,15.000000,1.000000
0.001920,16.990787,15.000000,1.000000
0.001922,16.987931,15.000000,1.000000
0.001924,16.985071,15.000000,1.000000
0.001926,16.982208,15.000000,1.000000
0.001928,16.979342,15.000000,1.000000
0.001930,16.976472,15.000000,1.000000
0.001932,16.973598,15.000000,1.000000
0.001934,16.970721,15.000000,1.000000
0.001936,16.967840,15.000000,1.000000
0.001938,16.964956,15.000000,1.000000
0.001940,16.962069,15.000000,1.000000
0.001942,16.959178,15.000000,1.000000
0.001944,16.956283,15.000000,1.000000
0.001946,16.953385,15.000000,1.000000
0.001948,16.950483,15.000000,1.000000
0.001950,16.947577,15.000000,1.000000
0.001952,16.944668,15.000000,1.000000
0.001954,16.941756,15.000000,1.000000
0.001956,16.938840,15.000000,1.000000
0.001958,16.935920,15.000000,1.000000
0.001960,16.932997,15.000000,1.000000
0.001962,16.930070,15.000000,1.000000
0.001964,16.927139,15.000000,1.000000
0.001966,16.924205,15.000000,1.000000
0.001968,16.921267,15.000000,1.000000
0.001970,16.918326,15.000000,1.000000
0.001972,16.915380,15.000000,1.000000
0.001974,16.912432,15.000000,1.000000
0.001976,16.909479,15.000000,1.000000
0.001978,16.906523,15.000000,1.000000
0.001980,16.903563,15.000000,1.000000
0.001982,16.900600,15.000000,1.000000
0.001984,16.897632,15.000000,1.000000
0.001986,16.894661,15.000000,1.000000
0.001988,16.891687,15.000000,1.000000
0.001990,16.888708,15.000000,1.000000
0.001992,16.885726,15.000000,1.000000
0.001994,16.882740,15.000000,1.000000
0.001996,16.879750,15.000000,1.000000
0.001998,16.876757,15.000000,1.000000
0.002000,16.873760,15.000000,1.000000
0.002002,16.870759,15.000000,1.000000
0.002004,16.867754,15.000000,1.000000
0.002006,16.864745,15.000000,1.000000
0.002008,16.861733,15.000000,1.000000
0.002010,16.858717,15.000000,1.000000
0.002012,16.855697,15.000000,1.000000
0.002014,16.852673,15.000000,1.000000
0.002016,16.849645,15.000000,1.000000
0.002018,16.846614,15.000000,1.000000
0.002020,16.843578,15.000000,1.000000
0.002022,16.840539,15.000000,1.000000
0.002024,16.837496,15.000000,1.000000
0.002026,16.834449,15.000000,1.000000
0.002028,16.831398,15.000000,1.000000
0.002030,16.828343,15.000000,1.000000
0.002032,16.825285,15.000000,1.000000
0.002034,16.822222,15.000000,1.000000
0.002036,16.819156,15.000000,1.000000
0.002038,16.816085,15.000000,1.000000
0.002040,16.813011,15.000000,1.000000
0.002042,16.809932,15.000000,1.000000
0.002044,16.806850,15.000000,1.000000
0.002046,16.803764,15.000000,1.000000
0.002048,16.800674,15.000000,1.000000
0.002050,16.797580,15.000000,1.000000
0.002052,16.794481,15.000000,1.000000
0.002054,16.791379,15.000000,1.000000
0.002056,16.788273,15.000000,1.000000
0.002058,16.785163,15.000000,1.000000
0.002060,16.782049,15.000000,1.000000
0.002062,16.778930,15.000000,1.000000
0.002064,16.775808,15.000000,1.000000
0.002066,16.772682,15.000000,1.000000
0.002068,16.769551,15.000000,1.000000
0.002070,16.766417,15.000000,1.000000
0.002072,16.763278,15.000000,1.000000
0.002074,16.760136,15.000000,1.000000
0.002076,16.756989,15.000000,1.000000
0.002078,16.753838,15.000000,1.000000
0.002080,16.750683,15.000000,1.000000
0.002082,16.747524,15.000000,1.000000
0.002084,16.744361,15.000000,1.000000
0.002086,16.741194,15.000000,1.000000
0.002088,16.738022,15.000000,1.000000
0.002090,16.734847,15.000000,1.000000
0.002092,16.731667,15.000000,1.000000
0.002094,16.728483,15.000000,1.000000
0.002096,16.725295,15.000000,1.000000
0.002098,16.722103,15.000000,1.000000
0.002100,16.718906,15.000000,1.000000
0.002102,16.715706,15.000000,1.000000
0.002104,16.712501,15.000000,1.000000
0.002106,16.709292,15.000000,1.000000
0.002108,16.706078,15.000000,1.000000
0.002110,16.702861,15.000000,1.000000
0.002112,16.699639,15.000000,1.000000
0.002114,16.696413,15.000000,1.000000
0.002116,16.693182,15.000000,1.000000
0.002118,16.689948,15.000000,1.000000
0.002120,16.686709,15.000000,1.000000
0.002122,16.683466,15.000000,1.000000
0.002124,16.680218,15.000000,1.000000
0.002126,16.676967,15.000000,1.000000
0.002128,16.673711,15.000000,1.000000
0.002130,16.670450,15.000000,1.000000
0.002132,16.667185,15.000000,1.000000
0.002134,16.663916,15.000000,1.000000
0.002136,16.660643,15.000000,1.000000
0.002138,16.657365,15.000000,1.000000
0.002140,16.654083,15.000000,1.000000
0.002142,16.650796,15.000000,1.000000
0.002144,16.647505,15.000000,1.000000
0.002146,16.644210,15.000000,1.000000
0.002148,16.640910,15.000000,1.000000
0.002150,16.637606,15.000000,1.000000
0.002152,16.634298,15.000000,1.000000
0.002154,16.630985,15.000000,1.000000
0.002156,16.627667,15.000000,1.000000
0.002158,16.624346,15.000000,1.000000
0.002160,16.621019,15.000000,1.000000
0.002162,16.617688,15.000000,1.000000
0.002164,16.614353,15.000000,1.000000
0.002166,16.611013,15.000000,1.000000
0.002168,16.607669,15.000000,1.000000
0.002170,16.604321,15.000000,1.000000
0.002172,16.600967,15.000000,1.000000
0.002174,16.597610,15.000000,1.000000
0.002176,16.594247,15.000000,1.000000
0.002178,16.590881,15.000000,1.000000
0.002180,16.587509,15.000000,1.000000
0.002182,16.584133,15.000000,1.000000
0.002184,16.580753,15.000000,1.000000
0.002186,16.577368,15.000000,1.000000
0.002188,16.573978,15.000000,1.000000
0.002190,16.570584,15.000000,1.000000
0.002192,16.567185,15.000000,1.000000
0.002194,16.563782,15.000000,1.000000
0.002196,16.560374,15.000000,1.000000
0.002198,16.556961,15.000000,1.000000
0.002200,16.553544,15.000000,1.000000
0.002202,16.550122,15.000000,1.000000
0.002204,16.546695,15.000000,1.000000
0.002206,16.543264,15.000000,1.000000
0.002208,16.539828,15.000000,1.000000
0.002210,16.536388,15.000000,1.000000
0.002212,16.532943,15.000000,1.000000
0.002214,16.529493,15.000000,1.000000
0.002216,16.526038,15.000000,1.000000
0.002218,16.522579,15.000000,1.000000
0.002220,16.519114,15.000000,1.000000
0.002222,16.515646,15.000000,1.000000
0.002224,16.512172,15.000000,1.000000
0.002226,16.508694,15.000000,1.000000
0.002228,16.505211,15.000000,1.000000
0.002230,16.501723,15.000000,1.000000
0.002232,16.498230,15.000000,1.000000
0.002234,16.494733,15.000000,1.000000
0.002236,16.491231,15.000000,1.000000
0.002238,16.487724,15.000000,1.000000
0.002240,16.484212,15.000000,1.000000
0.002242,16.480695,15.000000,1.000000
0.002244,16.477174,15.000000,1.000000
0.002246,16.473648,15.000000,1.000000
0.002248,16.470117,15.000000,1.000000
0.002250,16.466581,15.000000,1.000000
0.002252,16.463040,15.000000,1.000000
0.002254,16.459494,15.000000,1.000000
0.002256,16.455944,15.000000,1.000000
0.002258,16.452388,15.000000,1.000000
0.002260,16.448828,15.000000,1.000000
0.002262,16.445262,15.000000,1.000000
0.002264,16.441692,15.000000,1.000000
0.002266,16.438117,15.000000,1.000000
0.002268,16.434537,15.000000,1.000000
0.002270,16.430952,15.000000,1.000000
0.002272,16.427362,15.000000,1.000000
0.002274,16.423767,15.000000,1.000000
0.002276,16.420167,15.000000,1.000000
0.002278,16.416562,15.000000,1.000000
0.002280,16.412952,15.000000,1.000000
0.002282,16.409337,15.000000,1.000000
0.002284,16.405717,15.000000,1.000000
0.002286,16.402092,15.000000,1.000000
0.002288,16.398462,15.000000,1.000000
0.002290,16.394827,15.000000,1.000000
0.002292,16.391187,15.000000,1.000000
0.002294,16.387542,15.000000,1.000000
0.002296,16.383892,15.000000,1.000000
0.002298,16.380237,15.000000,1.000000
0.002300,16.376576,15.000000,1.000000
0.002302,16.372911,15.000000,1.000000
0.002304,16.369241,15.000000,1.000000
0.002306,16.365565,15.000000,1.000000
0.002308,16.361884,15.000000,1.000000
0.002310,16.358198,15.000000,1.000000
0.002312,16.354507,15.000000,1.000000
0.002314,16.350811,15.000000,1.000000
0.002316,16.347110,15.000000,1.000000
0.002318,16.343403,15.000000,1.000000
0.002320,16.339692,15.000000,1.000000
0.002322,16.335975,15.000000,1.000000
0.002324,16.332253,15.000000,1.000000
0.002326,16.328526,15.000000,1.000000
0.002328,16.324793,15.000000,1.000000
0.002330,16.321055,15.000000,1.000000
0.002332,16.317313,15.000000,1.000000
0.002334,16.313564,15.000000,1.000000
0.002336,16.309811,15.000000,1.000000
0.002338,16.306052,15.000000,1.000000
0.002340,16.302288,15.000000,1.000000
0.002342,16.298519,15.000000,1.000000
0.002344,16.294745,15.000000,1.000000
0.002346,16.290965,15.000000,1.000000
0.002348,16.287180,15.000000,1.000000
0.002350,16.283390,15.000000,1.000000
0.002352,16.279594,15.000000,1.000000
0.002354,16.275793,15.000000,1.000000
0.002356,16.271987,15.000000,1.000000
0.002358,16.268175,15.000000,1.000000
0.002360,16.264358,15.000000,1.000000
0.002362,16.260535,15.000000,1.000000
0.002364,16.256707,15.000000,1.000000
0.002366,16.252874,15.000000,1.000000
0.002368,16.249036,15.000000,1.000000
0.002370,16.245192,15.000000,1.000000
0.002372,16.241342,15.000000,1.000000
0.002374,16.237487,15.000000,1.000000
0.002376,16.233627,15.000000,1.000000
0.002378,16.229761,15.000000,1.000000
0.002380,16.225890,15.000000,1.000000
0.002382,16.222014,15.000000,1.000000
0.002384,16.218132,15.000000,1.000000
0.002386,16.214244,15.000000,1.000000
0.002388,16.210351,15.000000,1.000000
0.002390,16.206452,15.000000,1.000000
0.002392,16.202548,15.000000,1.000000
0.002394,16.198639,15.000000,1.000000
0.002396,16.194724,15.000000,1.000000
0.002398,16.190803,15.000000,1.000000
0.002400,16.186877,15.000000,1.000000
0.002402,16.182945,15.000000,1.000000
0.002404,16.179008,15.000000,1.000000
0.002406,16.175065,15.000000,1.000000
0.002408,16.171117,15.000000,1.000000
0.002410,16.167163,15.000000,1.000000
0.002412,16.163203,15.000000,1.000000
0.002414,16.159238,15.000000,1.000000
0.002416,16.155267,15.000000,1.000000
0.002418,16.151291,15.000000,1.000000
0.002420,16.147309,15.000000,1.000000
0.002422,16.143321,15.000000,1.000000
0.002424,16.139328,15.000000,1.000000
0.002426,16.135329,15.000000,1.000000
0.002428,16.131324,15.000000,1.000000
0.002430,16.127313,15.000000,1.000000
0.002432,16.123297,15.000000,1.000000
0.002434,16.119276,15.000000,1.000000
0.002436,16.115248,15.000000,1.000000
0.002438,16.111215,15.000000,1.000000
0.002440,16.107176,15.000000,1.000000
0.002442,16.103131,15.000000,1.000000
0.002444,16.099081,15.000000,1.000000
0.002446,16.095025,15.000000,1.000000
0.002448,16.090963,15.000000,1.000000
0.002450,16.086895,15.000000,1.000000
0.002452,16.082822,15.000000,1.000000
0.002454,16.078742,15.000000,1.000000
0.002456,16.074657,15.000000,1.000000
0.002458,16.070567,15.000000,1.000000
0.002460,16.066470,15.000000,1.000000
0.002462,16.062367,15.000000,1.000000
0.002464,16.058259,15.000000,1.000000
0.002466,16.054145,15.000000,1.000000
0.002468,16.050025,15.000000,1.000000
0.002470,16.045899,15.000000,1.000000
0.002472,16.041767,15.000000,1.000000
0.002474,16.037629,15.000000,1.000000
0.002476,16.033486,15.000000,1.000000
0.002478,16.029336,15.000000,1.000000
0.002480,16.025181,15.000000,1.000000
0.002482,16.021020,15.000000,1.000000
0.002484,16.016852,15.000000,1.000000
0.002486,16.012679,15.000000,1.000000
0.002488,16.008500,15.000000,1.000000
0.002490,16.004315,15.000000,1.000000
0.002492,16.000124,15.000000,1.000000
0.002494,15.995927,15.000000,1.000000
0.002496,15.991724,15.000000,1.000000
0.002498,15.987515,15.000000,1.000000
0.002500,15.983300,15.000000,1.000000
0.002502,15.979079,15.000000,1.000000
0.002504,15.974852,15.000000,1.000000
0.002506,15.970619,15.000000,1.000000
0.002508,15.966380,15.000000,1.000000
0.002510,15.962135,15.000000,1.000000
0.002512,15.957884,15.000000,1.000000
0.002514,15.953627,15.000000,1.000000
0.002516,15.949363,15.000000,1.000000
0.002518,15.945094,15.000000,1.000000
0.002520,15.940818,15.000000,1.000000
0.002522,15.936537,15.000000,1.000000
0.002524,15.932249,15.000000,1.000000
0.002526,15.927955,15.000000,1.000000
0.002528,15.923655,15.000000,1.000000
0.002530,15.919349,15.000000,1.000000
0.002532,15.915037,15.000000,1.000000
0.002534,15.910719,15.000000,1.000000
0.002536,15.906394,15.000000,1.000000
0.002538,15.902063,15.000000,1.000000
0.002540,15.897726,15.000000,1.000000
0.002542,15.893383,15.000000,1.000000
0.002544,15.889034,15.000000,1.000000
0.002546,15.884679,15.000000,1.000000
0.002548,15.880317,15.000000,1.000000
0.002550,15.875949,15.000000,1.000000
0.002552,15.871575,15.000000,1.000000
0.002554,15.867194,15.000000,1.000000
0.002556,15.862807,15.000000,1.000000
0.002558,15.858414,15.000000,1.000000
0.002560,15.854015,15.000000,1.000000
0.002562,15.849610,15.000000,1.000000
0.002564,15.845198,15.000000,1.000000
0.002566,15.840780,15.000000,1.000000
0.002568,15.836355,15.000000,1.000000
0.002570,15.831925,15.000000,1.000000
0.002572,15.827487,15.000000,1.000000
0.002574,15.823044,15.000000,1.000000
0.002576,15.818594,15.000000,1.000000
0.002578,15.814138,15.000000,1.000000
0.002580,15.809676,15.000000,1.000000
0.002582,15.805207,15.000000,1.000000
0.002584,15.800732,15.000000,1.000000
0.002586,15.796250,15.000000,1.000000
0.002588,15.791762,15.000000,1.000000
0.002590,15.787267,15.000000,1.000000
0.002592,15.782767,15.000000,1.000000
0.002594,15.778259,15.000000,1.000000
0.002596,15.773746,15.000000,1.000000
0.002598,15.769225,15.000000,1.000000
0.002600,15.764699,15.000000,1.000000
0.002602,15.760166,15.000000,1.000000
0.002604,15.755626,15.000000,1.000000
0.002606,15.751080,15.000000,1.000000
0.002608,15.746528,15.000000,1.000000
0.002610,15.741969,15.000000,1.000000
0.002612,15.737403,15.000000,1.000000
0.002614,15.732831,15.000000,1.000000
0.002616,15.728252,15.000000,1.000000
0.002618,15.723667,15.000000,1.000000
0.002620,15.719076,15.000000,1.000000
0.002622,15.714477,15.000000,1.000000
0.002624,15.709873,15.000000,1.000000
0.002626,15.705261,15.000000,1.000000
0.002628,15.700643,15.000000,1.000000
0.002630,15.696019,15.000000,1.000000
0.002632,15.691388,15.000000,1.000000
0.002634,15.686750,15.000000,1.000000
0.002636,15.682106,15.000000,1.000000
0.002638,15.677455,15.000000,1.000000
0.002640,15.672797,15.000000,1.000000
0.002642,15.668133,15.000000,1.000000
0.002644,15.663462,15.000000,1.000000
0.002646,15.658785,15.000000,1.000000
0.002648,15.654101,15.000000,1.000000
0.002650,15.649410,15.000000,1.000000
0.002652,15.644712,15.000000,1.000000
0.002654,15.640008,15.000000,1.000000
0.002656,15.635297,15.000000,1.000000
0.002658,15.630579,15.000000,1.000000
0.002660,15.625855,15.000000,1.000000
0.002662,15.621124,15.000000,1.000000
0.002664,15.616386,15.000000,1.000000
0.002666,15.611642,15.000000,1.000000
0.002668,15.606890,15.000000,1.000000
0.002670,15.602132,15.000000,1.000000
0.002672,15.597367,15.000000,1.000000
0.002674,15.592596,15.000000,1.000000
0.002676,15.587817,15.000000,1.000000
0.002678,15.583032,15.000000,1.000000
0.002680,15.578240,15.000000,1.000000
0.002682,15.573441,15.000000,1.000000
0.002684,15.568636,15.000000,1.000000
0.002686,15.563823,15.000000,1.000000
0.002688,15.559004,15.000000,1.000000
0.002690,15.554178,15.000000,1.000000
0.002692,15.549345,15.000000,1.000000
0.002694,15.544505,15.000000,1.000000
0.002696,15.539658,15.000000,1.000000
0.002698,15.534804,15.000000,1.000000
0.002700,15.529944,15.000000,1.000000
0.002702,15.525077,15.000000,1.000000
0.002704,15.520202,15.000000,1.000000
0.002706,15.515321,15.000000,1.000000
0.002708,15.510433,15.000000,1.000000
0.002710,15.505538,15.000000,1.000000
0.002712,15.500636,15.000000,1.000000
0.002714,15.495727,15.000000,1.000000
0.002716,15.490811,15.000000,1.000000
0.002718,15.485888,15.000000,1.000000
0.002720,15.480958,15.000000,1.000000
0.002722,15.476021,15.000000,1.000000
0.002724,15.471077,15.000000,1.000000
0.002726,15.466126,15.000000,1.000000
0.002728,15.461169,15.000000,1.000000
0.002730,15.456204,15.000000,1.000000
0.002732,15.451232,15.000000,1.000000
0.002734,15.446253,15.000000,1.000000
0.002736,15.441267,15.000000,1.000000
0.002738,15.436274,15.000000,1.000000
0.002740,15.431274,15.000000,1.000000
0.002742,15.426267,15.000000,1.000000
0.002744,15.421253,15.000000,1.000000
0.002746,15.416231,15.000000,1.000000
0.002748,15.411203,15.000000,1.000000
0.002750,15.406167,15.000000,1.000000
0.002752,15.401125,15.000000,1.000000
0.002754,15.396075,15.000000,1.000000
0.002756,15.391018,15.000000,1.000000
0.002758,15.385955,15.000000,1.000000
0.002760,15.380883,15.000000,1.000000
0.002762,15.375805,15.000000,1.000000
0.002764,15.370720,15.000000,1.000000
0.002766,15.365627,15.000000,1.000000
0.002768,15.360528,15.000000,1.000000
0.002770,15.355421,15.000000,1.000000
0.002772,15.350307,15.000000,1.000000
0.002774,15.345185,15.000000,1.000000
0.002776,15.340057,15.000000,1.000000
0.002778,15.334921,15.000000,1.000000
0.002780,15.329778,15.000000,1.000000
0.002782,15.324628,15.000000,1.000000
0.002784,15.319471,15.000000,1.000000
0.002786,15.314306,15.000000,1.000000
0.002788,15.309135,15.000000,1.000000
0.002790,15.303955,15.000000,1.000000
0.002792,15.298769,15.000000,1.000000
0.002794,15.293576,15.000000,1.000000
0.002796,15.288375,15.000000,1.000000
0.002798,15.283166,15.000000,1.000000
0.002800,15.277951,15.000000,1.000000
0.002802,15.272728,15.000000,1.000000
0.002804,15.267498,15.000000,1.000000
0.002806,15.262261,15.000000,1.000000
0.002808,15.257016,15.000000,1.000000
0.002810,15.251764,15.000000,1.000000
0.002812,15.246504,15.000000,1.000000
0.002814,15.241238,15.000000,1.000000
0.002816,15.235964,15.000000,1.000000
0.002818,15.230682,15.000000,1.000000
0.002820,15.225393,15.000000,1.000000
0.002822,15.220097,15.000000,1.000000
0.002824,15.214793,15.000000,1.000000
0.002826,15.209482,15.000000,1.000000
0.002828,15.204164,15.000000,1.000000
0.002830,15.198838,15.000000,1.000000
0.002832,15.193505,15.000000,1.000000
0.002834,15.188164,15.000000,1.000000
0.002836,15.182816,15.000000,1.000000
0.002838,15.177460,15.000000,1.000000
0.002840,15.172097,15.000000,1.000000
0.002842,15.166727,15.000000,1.000000
0.002844,15.161349,15.000000,1.000000
0.002846,15.155964,15.000000,1.000000
0.002848,15.150571,15.000000,1.000000
0.002850,15.145171,15.000000,1.000000
0.002852,15.139763,15.000000,1.000000
0.002854,15.134347,15.000000,1.000000
0.002856,15.128925,15.000000,1.000000
0.002858,15.123494,15.000000,1.000000
0.002860,15.118056,15.000000,1.000000
0.002862,15.112611,15.000000,1.000000
0.002864,15.107158,15.000000,1.000000
0.002866,15.101698,15.000000,1.000000
0.002868,15.096230,15.000000,1.000000
0.002870,15.090754,15.000000,1.000000
0.002872,15.085271,15.000000,1.000000
0.002874,15.079780,15.000000,1.000000
0.002876,15.074282,15.000000,1.000000
0.002878,15.068776,15.000000,1.000000
0.002880,15.063263,15.000000,1.000000
0.002882,15.057742,15.000000,1.000000
0.002884,15.052213,15.000000,1.000000
0.002886,15.046677,15.000000,1.000000
0.002888,15.041133,15.000000,1.000000
0.002890,15.035582,15.000000,1.000000
0.002892,15.030023,15.000000,1.000000
0.002894,15.024456,15.000000,1.000000
0.002896,15.018882,15.000000,1.000000
0.002898,15.013299,15.000000,1.000000
0.002900,15.007710,15.000000,1.000000
0.002902,15.002112,15.000000,1.000000
0.002904,14.996507,15.000000,1.000000
0.002906,14.990895,15.000000,1.000000
0.002908,14.985274,15.000000,1.000000
0.002910,14.979646,15.000000,1.000000
0.002912,14.974010,15.000000,1.000000
0.002914,14.968367,15.000000,1.000000
0.002916,14.962716,15.000000,1.000000
0.002918,14.957057,15.000000,1.000000
0.002920,14.951390,15.000000,1.000000
0.002922,14.945716,15.000000,1.000000
0.002924,14.940034,15.000000,1.000000
0.002926,14.934344,15.000000,1.000000
0.002928,14.928646,15.000000,1.000000
0.002930,14.922941,15.000000,1.000000
0.002932,14.917228,15.000000,1.000000
0.002934,14.911507,15.000000,1.000000
0.002936,14.905779,15.000000,1.000000
0.002938,14.900042,15.000000,1.000000
0.002940,14.894298,15.000000,1.000000
0.002942,14.888546,15.000000,1.000000
0.002944,14.882786,15.000000,1.000000
0.002946,14.877019,15.000000,1.000000
0.002948,14.871243,15.000000,1.000000
0.002950,14.865460,15.000000,1.000000
0.002952,14.859669,15.000000,1.000000
0.002954,14.853870,15.000000,1.000000
0.002956,14.848063,15.000000,1.000000
0.002958,14.842249,15.000000,1.000000
0.002960,14.836426,15.000000,1.000000
0.002962,14.830596,15.000000,1.000000
0.002964,14.824758,15.000000,1.000000
0.002966,14.818912,15.000000,1.000000
0.002968,14.813058,15.000000,1.000000
0.002970,14.807197,15.000000,1.000000
0.002972,14.801327,15.000000,1.000000
0.002974,14.795450,15.000000,1.000000
0.002976,14.789564,15.000000,1.000000
0.002978,14.783671,15.000000,1.000000
0.002980,14.777770,15.000000,1.000000
0.002982,14.771861,15.000000,1.000000
0.002984,14.765944,15.000000,1.000000
0.002986,14.760019,15.000000,1.000000
0.002988,14.754086,15.000000,1.000000
0.002990,14.748145,15.000000,1.000000
0.002992,14.742196,15.000000,1.000000
0.002994,14.736240,15.000000,1.000000
0.002996,14.730275,15.000000,1.000000
0.002998,14.724303,15.000000,1.000000
0.003000,14.718322,15.000000,1.000000
0.003002,14.712334,15.000000,1.000000
0.003004,14.706337,15.000000,1.000000
0.003006,14.700333,15.000000,1.000000
0.003008,14.694321,15.000000,1.000000
0.003010,14.688300,15.000000,1.000000
0.003012,14.682272,15.000000,1.000000
0.003014,14.676235,15.000000,1.000000
0.003016,14.670191,15.000000,1.000000
0.003018,14.664139,15.000000,1.000000
0.003020,14.658078,15.000000,1.000000
0.003022,14.652010,15.000000,1.000000
0.003024,14.645934,15.000000,1.000000
0.003026,14.639849,15.000000,1.000000
0.003028,14.633757,15.000000,1.000000
0.003030,14.627656,15.000000,1.000000
0.003032,14.621548,15.000000,1.000000
0.003034,14.615431,15.000000,1.000000
0.003036,14.609307,15.000000,1.000000
0.003038,14.603174,15.000000,1.000000
0.003040,14.597033,15.000000,1.000000
0.003042,14.590885,15.000000,1.000000
0.003044,14.584728,15.000000,1.000000
0.003046,14.578563,15.000000,1.000000
0.003048,14.572390,15.000000,1.000000
0.003050,14.566209,15.000000,1.000000
0.003052,14.560020,15.000000,1.000000
0.003054,14.553822,15.000000,1.000000
0.003056,14.547617,15.000000,1.000000
0.003058,14.541404,15.000000,1.000000
0.003060,14.535182,15.000000,1.000000
0.003062,14.528952,15.000000,1.000000
0.003064,14.522715,15.000000,1.000000
0.003066,14.516469,15.000000,1.000000
0.003068,14.510215,15.000000,1.000000
0.003070,14.503953,15.000000,1.000000
0.003072,14.497683,15.000000,1.000000
0.003074,14.491404,15.000000,1.000000
0.003076,14.485118,15.000000,1.000000
0.003078,14.478823,15.000000,1.000000
0.003080,14.472520,15.000000,1.000000
0.003082,14.466210,15.000000,1.000000
0.003084,14.459891,15.000000,1.000000
0.003086,14.453563,15.000000,1.000000
0.003088,14.447228,15.000000,1.000000
0.003090,14.440884,15.000000,1.000000
0.003092,14.434533,15.000000,1.000000
0.003094,14.428173,15.000000,1.000000
0.003096,14.421805,15.000000,1.000000
0.003098,14.415429,15.000000,1.000000
0.003100,14.409044,15.000000,1.000000
0.003102,14.402652,15.000000,1.000000
0.003104,14.396251,15.000000,1.000000
0.003106,14.389842,15.000000,1.000000
0.003108,14.383425,15.000000,1.000000
0.003110,14.377000,15.000000,1.000000
0.003112,14.370566,15.000000,1.000000
0.003114,14.364125,15.000000,1.000000
0.003116,14.357675,15.000000,1.000000
0.003118,14.351217,15.000000,1.000000
0.003120,14.344750,15.000000,1.000000
0.003122,14.338276,15.000000,1.000000
0.003124,14.331793,15.000000,1.000000
0.003126,14.325302,15.000000,1.000000
0.003128,14.318803,15.000000,1.000000
0.003130,14.312295,15.000000,1.000000
0.003132,14.305780,15.000000,1.000000
0.003134,14.299256,15.000000,1.000000
0.003136,14.292724,15.000000,1.000000
0.003138,14.286184,15.000000,1.000000
0.003140,14.279635,15.000000,1.000000
0.003142,14.273078,15.000000,1.000000
0.003144,14.266513,15.000000,1.000000
0.003146,14.259940,15.000000,1.000000
0.003148,14.253358,15.000000,1.000000
0.003150,14.246768,15.000000,1.000000
0.003152,14.240170,15.000000,1.000000
0.003154,14.233564,15.000000,1.000000
0.003156,14.226950,15.000000,1.000000
0.003158,14.220327,15.000000,1.000000
0.003160,14.213696,15.000000,1.000000
0.003162,14.207056,15.000000,1.000000
0.003164,14.200409,15.000000,1.000000
0.003166,14.193753,15.000000,1.000000
0.003168,14.187089,15.000000,1.000000
0.003170,14.180416,15.000000,1.000000
0.003172,14.173735,15.000000,1.000000
0.003174,14.167047,15.000000,1.000000
0.003176,14.160349,15.000000,1.000000
0.003178,14.153644,15.000000,1.000000
0.003180,14.146930,15.000000,1.000000
0.003182,14.140208,15.000000,1.000000
0.003184,14.133477,15.000000,1.000000
0.003186,14.126739,15.000000,1.000000
0.003188,14.119992,15.000000,1.000000
0.003190,14.113237,15.000000,1.000000
0.003192,14.106473,15.000000,1.000000
0.003194,14.099701,15.000000,1.000000
0.003196,14.092921,15.000000,1.000000
0.003198,14.086133,15.000000,1.000000
0.003200,14.079336,15.000000,1.000000
0.003202,14.072531,15.000000,1.000000
0.003204,14.065718,15.000000,1.000000
0.003206,14.058896,15.000000,1.000000
0.003208,14.052066,15.000000,1.000000
0.003210,14.045228,15.000000,1.000000
0.003212,14.038382,15.000000,1.000000
0.003214,14.031527,15.000000,1.000000
0.003216,14.024664,15.000000,1.000000
0.003218,14.017792,15.000000,1.000000
0.003220,14.010913,15.000000,1.000000
0.003222,14.004025,15.000000,1.000000
0.003224,13.997128,15.000000,1.000000
0.003226,13.990224,15.000000,1.000000
0.003228,13.983311,15.000000,1.000000
0.003230,13.976390,15.000000,1.000000
0.003232,13.969460,15.000000,1.000000
0.003234,13.962522,15.000000,1.000000
0.003236,13.955576,15.000000,1.000000
0.003238,13.948622,15.000000,1.000000
0.003240,13.941659,15.000000,1.000000
0.003242,13.934688,15.000000,1.000000
0.003244,13.927708,15.000000,1.000000
0.003246,13.920721,15.000000,1.000000
0.003248,13.913725,15.000000,1.000000
0.003250,13.906720,15.000000,1.000000
0.003252,13.899708,15.000000,1.000000
0.003254,13.892687,15.000000,1.000000
0.003256,13.885658,15.000000,1.000000
0.003258,13.878620,15.000000,1.000000
0.003260,13.871574,15.000000,1.000000
0.003262,13.864520,15.000000,1.000000
0.003264,13.857458,15.000000,1.000000
0.003266,13.850387,15.000000,1.000000
0.003268,13.843308,15.000000,1.000000
0.003270,13.836220,15.000000,1.000000
0.003272,13.829125,15.000000,1.000000
0.003274,13.822021,15.000000,1.000000
0.003276,13.814909,15.000000,1.000000
0.003278,13.807788,15.000000,1.000000
0.003280,13.800659,15.000000,1.000000
0.003282,13.793522,15.000000,1.000000
0.003284,13.786376,15.000000,1.000000
0.003286,13.779223,15.000000,1.000000
0.003288,13.772061,15.000000,1.000000
0.003290,13.764890,15.000000,1.000000
0.003292,13.757712,15.000000,1.000000
0.003294,13.750525,15.000000,1.000000
0.003296,13.743329,15.000000,1.000000
0.003298,13.736126,15.000000,1.000000
0.003300,13.728914,15.000000,1.000000
0.003302,13.721694,15.000000,1.000000
0.003304,13.714466,15.000000,1.000000
0.003306,13.707229,15.000000,1.000000
0.003308,13.699984,15.000000,1.000000
0.003310,13.692731,15.000000,1.000000
0.003312,13.685469,15.000000,1.000000
0.003314,13.678200,15.000000,1.000000
0.003316,13.670922,15.000000,1.000000
0.003318,13.663635,15.000000,1.000000
0.003320,13.656341,15.000000,1.000000
0.003322,13.649038,15.000000,1.000000
0.003324,13.641727,15.000000,1.000000
0.003326,13.634407,15.000000,1.000000
0.003328,13.627080,15.000000,1.000000
0.003330,13.619744,15.000000,1.000000
0.003332,13.612400,15.000000,1.000000
0.003334,13.605047,15.000000,1.000000
0.003336,13.597687,15.000000,1.000000
0.003338,13.590318,15.000000,1.000000
0.003340,13.582941,15.000000,1.000000
0.003342,13.575555,15.000000,1.000000
0.003344,13.568162,15.000000,1.000000
0.003346,13.560760,15.000000,1.000000
0.003348,13.553350,15.000000,1.000000
0.003350,13.545932,15.000000,1.000000
0.003352,13.538505,15.000000,1.000000
0.003354,13.531070,15.000000,1.000000
0.003356,13.523627,15.000000,1.000000
0.003358,13.516176,15.000000,1.000000
0.003360,13.508717,15.000000,1.000000
0.003362,13.501249,15.000000,1.000000
0.003364,13.493773,15.000000,1.000000
0.003366,13.486289,15.000000,1.000000
0.003368,13.478797,15.000000,1.000000
0.003370,13.471297,15.000000,1.000000
0.003372,13.463788,15.000000,1.000000
0.003374,13.456271,15.000000,1.000000
0.003376,13.448746,15.000000,1.000000
0.003378,13.441213,15.000000,1.000000
0.003380,13.433672,15.000000,1.000000
0.003382,13.426122,15.000000,1.000000
0.003384,13.418565,15.000000,1.000000
0.003386,13.410999,15.000000,1.000000
0.003388,13.403425,15.000000,1.000000
0.003390,13.395843,15.000000,1.000000
0.003392,13.388253,15.000000,1.000000
0.003394,13.380654,15.000000,1.000000
0.003396,13.373048,15.000000,1.000000
0.003398,13.365433,15.000000,1.000000
0.003400,13.357810,15.000000,1.000000
0.003402,13.350179,15.000000,1.000000
0.003404,13.342540,15.000000,1.000000
0.003406,13.334893,15.000000,1.000000
0.003408,13.327238,15.000000,1.000000
0.003410,13.319574,15.000000,1.000000
0.003412,13.311903,15.000000,1.000000
0.003414,13.304223,15.000000,1.000000
0.003416,13.296536,15.000000,1.000000
0.003418,13.288840,15.000000,1.000000
0.003420,13.281136,15.000000,1.000000
0.003422,13.273424,15.000000,1.000000
0.003424,13.265704,15.000000,1.000000
0.003426,13.257976,15.000000,1.000000
0.003428,13.250240,15.000000,1.000000
0.003430,13.242496,15.000000,1.000000
0.003432,13.234743,15.000000,1.000000
0.003434,13.226983,15.000000,1.000000
0.003436,13.219215,15.000000,1.000000
0.003438,13.211439,15.000000,1.000000
0.003440,13.203654,15.000000,1.000000
0.003442,13.195862,15.000000,1.000000
0.003444,13.188062,15.000000,1.000000
0.003446,13.180253,15.000000,1.000000
0.003448,13.172437,15.000000,1.000000
0.003450,13.164613,15.000000,1.000000
0.003452,13.156780,15.000000,1.000000
0.003454,13.148940,15.000000,1.000000
0.003456,13.141092,15.000000,1.000000
0.003458,13.133236,15.000000,1.000000
0.003460,13.125371,15.000000,1.000000
0.003462,13.117499,15.000000,1.000000
0.003464,13.109619,15.000000,1.000000
0.003466,13.101731,15.000000,1.000000
0.003468,13.093835,15.000000,1.000000
0.003470,13.085931,15.000000,1.000000
0.003472,13.078020,15.000000,1.000000
0.003474,13.070100,15.000000,1.000000
0.003476,13.062172,15.000000,1.000000
0.003478,13.054237,15.000000,1.000000
0.003480,13.046294,15.000000,1.000000
0.003482,13.038342,15.000000,1.000000
0.003484,13.030383,15.000000,1.000000
0.003486,13.022416,15.000000,1.000000
0.003488,13.014442,15.000000,1.000000
0.003490,13.006459,15.000000,1.000000
0.003492,12.998468,15.000000,1.000000
0.003494,12.990470,15.000000,1.000000
0.003496,12.982464,15.000000,1.000000
0.003498,12.974450,15.000000,1.000000
0.003500,13.046979,15.000000,1.000000
0.003502,13.119505,15.000000,1.000000
0.003504,13.192026,15.000000,1.000000
0.003506,13.264544,15.000000,1.000000
0.003508,13.337058,15.000000,1.000000
0.003510,13.409567,15.000000,1.000000
0.003512,13.482073,15.000000,1.000000
0.003514,13.554574,15.000000,1.000000
0.003516,13.627070,15.000000,1.000000
0.003518,13.699562,15.000000,1.000000
0.003520,13.772050,15.000000,1.000000
0.003522,13.844532,15.000000,1.000000
0.003524,13.917010,15.000000,1.000000
0.003526,13.989483,15.000000,1.000000
0.003528,14.061950,15.000000,1.000000
0.003530,14.134412,15.000000,1.000000
0.003532,14.206869,15.000000,1.000000
0.003534,14.279321,15.000000,1.000000
0.003536,14.351767,15.000000,1.000000
0.003538,14.424207,15.000000,1.000000
0.003540,14.496641,15.000000,1.000000
0.003542,14.569070,15.000000,1.000000
0.003544,14.641492,15.000000,1.000000
0.003546,14.713908,15.000000,1.000000
0.003548,14.786318,15.000000,1.000000
0.003550,14.858722,15.000000,1.000000
0.003552,14.931119,15.000000,1.000000
0.003554,15.003509,15.000000,1.000000
0.003556,15.075893,15.000000,1.000000
0.003558,15.148270,15.000000,1.000000
0.003560,15.220640,15.000000,1.000000
0.003562,15.293003,15.000000,1.000000
0.003564,15.365359,15.000000,1.000000
0.003566,15.437707,15.000000,1.000000
0.003568,15.510049,15.000000,1.000000
0.003570,15.582382,15.000000,1.000000
0.003572,15.654708,15.000000,1.000000
0.003574,15.727027,15.000000,1.000000
0.003576,15.799337,15.000000,1.000000
0.003578,15.871640,15.000000,1.000000
0.003580,15.943935,15.000000,1.000000
0.003582,16.016221,15.000000,1.000000
0.003584,16.088499,15.000000,1.000000
0.003586,16.160769,15.000000,1.000000
0.003588,16.233030,15.000000,1.000000
0.003590,16.305283,15.000000,1.000000
0.003592,16.377527,15.000000,1.000000
0.003594,16.449763,15.000000,1.000000
0.003596,16.521989,15.000000,1.000000
0.003598,16.594206,15.000000,1.000000
0.003600,16.584070,15.000000,1.000000
0.003602,16.573923,15.000000,1.000000
0.003604,16.563766,15.000000,1.000000
0.003606,16.553599,15.000000,1.000000
0.003608,16.543422,15.000000,1.000000
0.003610,16.533234,15.000000,1.000000
0.003612,16.523035,15.000000,1.000000
0.003614,16.512827,15.000000,1.000000
0.003616,16.502608,15.000000,1.000000
0.003618,16.492379,15.000000,1.000000
0.003620,16.482140,15.000000,1.000000
0.003622,16.471890,15.000000,1.000000
0.003624,16.461631,15.000000,1.000000
0.003626,16.451361,15.000000,1.000000
0.003628,16.441080,15.000000,1.000000
0.003630,16.430790,15.000000,1.000000
0.003632,16.420489,15.000000,1.000000
0.003634,16.410178,15.000000,1.000000
0.003636,16.399857,15.000000,1.000000
0.003638,16.389526,15.000000,1.000000
0.003640,16.379185,15.000000,1.000000
0.003642,16.368833,15.000000,1.000000
0.003644,16.358472,15.000000,1.000000
0.003646,16.348100,15.000000,1.000000
0.003648,16.337718,15.000000,1.000000
0.003650,16.327326,15.000000,1.000000
0.003652,16.316924,15.000000,1.000000
0.003654,16.306512,15.000000,1.000000
0.003656,16.296090,15.000000,1.000000
0.003658,16.285657,15.000000,1.000000
0.003660,16.275215,15.000000,1.000000
0.003662,16.264762,15.000000,1.000000
0.003664,16.254300,15.000000,1.000000
0.003666,16.243827,15.000000,1.000000
0.003668,16.233345,15.000000,1.000000
0.003670,16.222852,15.000000,1.000000
0.003672,16.212350,15.000000,1.000000
0.003674,16.201837,15.000000,1.000000
0.003676,16.191315,15.000000,1.000000
0.003678,16.180783,15.000000,1.000000
0.003680,16.170240,15.000000,1.000000
0.003682,16.159688,15.000000,1.000000
0.003684,16.149126,15.000000,1.000000
0.003686,16.138554,15.000000,1.000000
0.003688,16.127972,15.000000,1.000000
0.003690,16.117380,15.000000,1.000000
0.003692,16.106778,15.000000,1.000000
0.003694,16.096166,15.000000,1.000000
0.003696,16.085545,15.000000,1.000000
0.003698,16.074914,15.000000,1.000000
0.003700,16.064273,15.000000,1.000000
0.003702,16.053622,15.000000,1.000000
0.003704,16.042961,15.000000,1.000000
0.003706,16.032291,15.000000,1.000000
0.003708,16.021610,15.000000,1.000000
0.003710,16.010920,15.000000,1.000000
0.003712,16.000221,15.000000,1.000000
0.003714,15.989511,15.000000,1.000000
0.003716,15.978792,15.000000,1.000000
0.003718,15.968063,15.000000,1.000000
0.003720,15.957325,15.000000,1.000000
0.003722,15.946576,15.000000,1.000000
0.003724,15.935819,15.000000,1.000000
0.003726,15.925051,15.000000,1.000000
0.003728,15.914274,15.000000,1.000000
0.003730,15.903487,15.000000,1.000000
0.003732,15.892691,15.000000,1.000000
0.003734,15.881885,15.000000,1.000000
0.003736,15.871070,15.000000,1.000000
0.003738,15.860245,15.000000,1.000000
0.003740,15.849410,15.000000,1.000000
0.003742,15.838566,15.000000,1.000000
0.003744,15.827712,15.000000,1.000000
0.003746,15.816849,15.000000,1.000000
0.003748,15.805977,15.000000,1.000000
0.003750,15.795095,15.000000,1.000000
0.003752,15.784204,15.000000,1.000000
0.003754,15.773303,15.000000,1.000000
0.003756,15.762392,15.000000,1.000000
0.003758,15.751473,15.000000,1.000000
0.003760,15.740544,15.000000,1.000000
0.003762,15.729605,15.000000,1.000000
0.003764,15.718658,15.000000,1.000000
0.003766,15.707701,15.000000,1.000000
0.003768,15.696734,15.000000,1.000000
0.003770,15.685759,15.000000,1.000000
0.003772,15.674774,15.000000,1.000000
0.003774,15.663779,15.000000,1.000000
0.003776,15.652776,15.000000,1.000000
0.003778,15.641763,15.000000,1.000000
0.003780,15.630741,15.000000,1.000000
0.003782,15.619710,15.000000,1.000000
0.003784,15.608670,15.000000,1.000000
0.003786,15.597621,15.000000,1.000000
0.003788,15.586562,15.000000,1.000000
0.003790,15.575495,15.000000,1.000000
0.003792,15.564418,15.000000,1.000000
0.003794,15.553332,15.000000,1.000000
0.003796,15.542237,15.000000,1.000000
0.003798,15.531133,15.000000,1.000000
0.003800,15.520020,15.000000,1.000000
0.003802,15.508898,15.000000,1.000000
0.003804,15.497767,15.000000,1.000000
0.003806,15.486627,15.000000,1.000000
0.003808,15.475479,15.000000,1.000000
0.003810,15.464321,15.000000,1.000000
0.003812,15.453154,15.000000,1.000000
0.003814,15.441978,15.000000,1.000000
0.003816,15.430794,15.000000,1.000000
0.003818,15.419601,15.000000,1.000000
0.003820,15.408399,15.000000,1.000000
0.003822,15.397188,15.000000,1.000000
0.003824,15.385968,15.000000,1.000000
0.003826,15.374739,15.000000,1.000000
0.003828,15.363502,15.000000,1.000000
0.003830,15.352256,15.000000,1.000000
0.003832,15.341001,15.000000,1.000000
0.003834,15.329738,15.000000,1.000000
0.003836,15.318465,15.000000,1.000000
0.003838,15.307185,15.000000,1.000000
0.003840,15.295895,15.000000,1.000000
0.003842,15.284597,15.000000,1.000000
0.003844,15.273291,15.000000,1.000000
0.003846,15.261976,15.000000,1.000000
0.003848,15.250652,15.000000,1.000000
0.003850,15.239320,15.000000,1.000000
0.003852,15.227979,15.000000,1.000000
0.003854,15.216630,15.000000,1.000000
0.003856,15.205272,15.000000,1.000000
0.003858,15.193906,15.000000,1.000000
0.003860,15.182531,15.000000,1.000000
0.003862,15.171148,15.000000,1.000000
0.003864,15.159757,15.000000,1.000000
0.003866,15.148357,15.000000,1.000000
0.003868,15.136949,15.000000,1.000000
0.003870,15.125533,15.000000,1.000000
0.003872,15.114108,15.000000,1.000000
0.003874,15.102676,15.000000,1.000000
0.003876,15.091235,15.000000,1.000000
0.003878,15.079785,15.000000,1.000000
0.003880,15.068328,15.000000,1.000000
0.003882,15.056862,15.000000,1.000000
0.003884,15.045388,15.000000,1.000000
0.003886,15.033907,15.000000,1.000000
0.003888,15.022417,15.000000,1.000000
0.003890,15.010919,15.000000,1.000000
0.003892,14.999412,15.000000,1.000000
0.003894,14.987898,15.000000,1.000000
0.003896,14.976376,15.000000,1.000000
0.003898,14.964846,15.000000,1.000000
0.003900,14.953308,15.000000,1.000000
0.003902,14.941762,15.000000,1.000000
0.003904,14.930208,15.000000,1.000000
0.003906,14.918647,15.000000,1.000000
0.003908,14.907077,15.000000,1.000000
0.003910,14.895499,15.000000,1.000000
0.003912,14.883914,15.000000,1.000000
0.003914,14.872321,15.000000,1.000000
0.003916,14.860721,15.000000,1.000000
0.003918,14.849112,15.000000,1.000000
0.003920,14.837496,15.000000,1.000000
0.003922,14.825872,15.000000,1.000000
0.003924,14.814240,15.000000,1.000000
0.003926,14.802601,15.000000,1.000000
0.003928,14.790955,15.000000,1.000000
0.003930,14.779300,15.000000,1.000000
0.003932,14.767639,15.000000,1.000000
0.003934,14.755969,15.000000,1.000000
0.003936,14.744292,15.000000,1.000000
0.003938,14.732608,15.000000,1.000000
0.003940,14.720916,15.000000,1.000000
0.003942,14.709217,15.000000,1.000000
0.003944,14.697511,15.000000,1.000000
0.003946,14.685797,15.000000,1.000000
0.003948,14.674075,15.000000,1.000000
0.003950,14.662347,15.000000,1.000000
0.003952,14.650611,15.000000,1.000000
0.003954,14.638868,15.000000,1.000000
0.003956,14.627118,15.000000,1.000000
0.003958,14.615360,15.000000,1.000000
0.003960,14.603596,15.000000,1.000000
0.003962,14.591824,15.000000,1.000000
0.003964,14.580045,15.000000,1.000000
0.003966,14.568259,15.000000,1.000000
0.003968,14.556466,15.000000,1.000000
0.003970,14.544666,15.000000,1.000000
0.003972,14.532859,15.000000,1.000000
0.003974,14.521045,15.000000,1.000000
0.003976,14.509224,15.000000,1.000000
0.003978,14.497396,15.000000,1.000000
0.003980,14.485561,15.000000,1.000000
0.003982,14.473720,15.000000,1.000000
0.003984,14.461871,15.000000,1.000000
0.003986,14.450016,15.000000,1.000000
0.003988,14.438154,15.000000,1.000000
0.003990,14.426286,15.000000,1.000000
0.003992,14.414410,15.000000,1.000000
0.003994,14.402528,15.000000,1.000000
0.003996,14.390639,15.000000,1.000000
0.003998,14.378744,15.000000,1.000000
0.004000,14.366842,15.000000,1.000000
0.004002,14.354934,15.000000,1.000000
0.004004,14.343019,15.000000,1.000000
0.004006,14.331097,15.000000,1.000000
0.004008,14.319169,15.000000,1.000000
0.004010,14.307235,15.000000,1.000000
0.004012,14.295294,15.000000,1.000000
0.004014,14.283347,15.000000,1.000000
0.004016,14.271393,15.000000,1.000000
0.004018,14.259434,15.000000,1.000000
0.004020,14.247468,15.000000,1.000000
0.004022,14.235495,15.000000,1.000000
0.004024,14.223517,15.000000,1.000000
0.004026,14.211532,15.000000,1.000000
0.004028,14.199541,15.000000,1.000000
0.004030,14.187544,15.000000,1.000000
0.004032,14.175541,15.000000,1.000000
0.004034,14.163532,15.000000,1.000000
0.004036,14.151517,15.000000,1.000000
0.004038,14.139496,15.000000,1.000000
0.004040,14.127469,15.000000,1.000000
0.004042,14.115436,15.000000,1.000000
0.004044,14.103397,15.000000,1.000000
0.004046,14.091352,15.000000,1.000000
0.004048,14.079301,15.000000,1.000000
0.004050,14.067245,15.000000,1.000000
0.004052,14.055183,15.000000,1.000000
0.004054,14.043115,15.000000,1.000000
0.004056,14.031041,15.000000,1.000000
0.004058,14.018962,15.000000,1.000000
0.004060,14.006877,15.000000,1.000000
0.004062,13.994786,15.000000,1.000000
0.004064,13.982690,15.000000,1.000000
0.004066,13.970589,15.000000,1.000000
0.004068,13.958482,15.000000,1.000000
0.004070,13.946369,15.000000,1.000000
0.004072,13.934251,15.000000,1.000000
0.004074,13.922128,15.000000,1.000000
0.004076,13.909999,15.000000,1.000000
0.004078,13.897865,15.000000,1.000000
0.004080,13.885726,15.000000,1.000000
0.004082,13.873581,15.000000,1.000000
0.004084,13.861431,15.000000,1.000000
0.004086,13.849276,15.000000,1.000000
0.004088,13.837116,15.000000,1.000000
0.004090,13.824951,15.000000,1.000000
0.004092,13.812780,15.000000,1.000000
0.004094,13.800605,15.000000,1.000000
0.004096,13.788424,15.000000,1.000000
0.004098,13.776239,15.000000,1.000000
0.004100,13.764049,15.000000,1.000000
0.004102,13.751853,15.000000,1.000000
0.004104,13.739653,15.000000,1.000000
0.004106,13.727448,15.000000,1.000000
0.004108,13.715238,15.000000,1.000000
0.004110,13.703024,15.000000,1.000000
0.004112,13.690805,15.000000,1.000000
0.004114,13.678581,15.000000,1.000000
0.004116,13.666352,15.000000,1.000000
0.004118,13.654119,15.000000,1.000000
0.004120,13.641881,15.000000,1.000000
0.004122,13.629639,15.000000,1.000000
0.004124,13.617392,15.000000,1.000000
0.004126,13.605140,15.000000,1.000000
0.004128,13.592885,15.000000,1.000000
0.004130,13.580624,15.000000,1.000000
0.004132,13.568360,15.000000,1.000000
0.004134,13.556091,15.000000,1.000000
0.004136,13.543818,15.000000,1.000000
0.004138,13.531540,15.000000,1.000000
0.004140,13.519259,15.000000,1.000000
0.004142,13.506973,15.000000,1.000000
0.004144,13.494683,15.000000,1.000000
0.004146,13.482389,15.000000,1.000000
0.004148,13.470091,15.000000,1.000000
0.004150,13.457788,15.000000,1.000000
0.004152,13.445482,15.000000,1.000000
0.004154,13.433172,15.000000,1.000000
0.004156,13.420858,15.000000,1.000000
0.004158,13.408540,15.000000,1.000000
0.004160,13.396218,15.000000,1.000000
0.004162,13.383893,15.000000,1.000000
0.004164,13.371563,15.000000,1.000000
0.004166,13.359230,15.000000,1.000000
0.004168,13.346894,15.000000,1.000000
0.004170,13.334553,15.000000,1.000000
0.004172,13.322209,15.000000,1.000000
0.004174,13.309862,15.000000,1.000000
0.004176,13.297510,15.000000,1.000000
0.004178,13.285156,15.000000,1.000000
0.004180,13.272798,15.000000,1.000000
0.004182,13.260436,15.000000,1.000000
0.004184,13.248071,15.000000,1.000000
0.004186,13.235703,15.000000,1.000000
0.004188,13.223332,15.000000,1.000000
0.004190,13.210957,15.000000,1.000000
0.004192,13.198579,15.000000,1.000000
0.004194,13.186198,15.000000,1.000000
0.004196,13.173813,15.000000,1.000000
0.004198,13.161426,15.000000,1.000000
0.004200,13.220730,15.000000,1.000000
0.004202,13.280032,15.000000,1.000000
0.004204,13.339331,15.000000,1.000000
0.004206,13.398628,15.000000,1.000000
0.004208,13.457923,15.000000,1.000000
0.004210,13.517215,15.000000,1.000000
0.004212,13.576504,15.000000,1.000000
0.004214,13.635791,15.000000,1.000000
0.004216,13.695074,15.000000,1.000000
0.004218,13.754355,15.000000,1.000000
0.004220,13.813632,15.000000,1.000000
0.004222,13.872907,15.000000,1.000000
0.004224,13.932178,15.000000,1.000000
0.004226,13.991445,15.000000,1.000000
0.004228,14.050709,15.000000,1.000000
0.004230,14.109970,15.000000,1.000000
0.004232,14.169226,15.000000,1.000000
0.004234,14.228479,15.000000,1.000000
0.004236,14.287728,15.000000,1.000000
0.004238,14.346972,15.000000,1.000000
0.004240,14.406213,15.000000,1.000000
0.004242,14.465449,15.000000,1.000000
0.004244,14.524681,15.000000,1.000000
0.004246,14.583908,15.000000,1.000000
0.004248,14.643131,15.000000,1.000000
0.004250,14.702349,15.000000,1.000000
0.004252,14.761562,15.000000,1.000000
0.004254,14.820770,15.000000,1.000000
0.004256,14.879973,15.000000,1.000000
0.004258,14.939171,15.000000,1.000000
0.004260,14.998364,15.000000,1.000000
0.004262,15.057551,15.000000,1.000000
0.004264,15.116733,15.000000,1.000000
0.004266,15.175909,15.000000,1.000000
0.004268,15.235080,15.000000,1.000000
0.004270,15.294245,15.000000,1.000000
0.004272,15.353404,15.000000,1.000000
0.004274,15.412557,15.000000,1.000000
0.004276,15.471704,15.000000,1.000000
0.004278,15.530844,15.000000,1.000000
0.004280,15.589979,15.000000,1.000000
0.004282,15.649107,15.000000,1.000000
0.004284,15.708228,15.000000,1.000000
0.004286,15.767343,15.000000,1.000000
0.004288,15.826451,15.000000,1.000000
0.004290,15.885552,15.000000,1.000000
0.004292,15.944646,15.000000,1.000000
0.004294,16.003733,15.000000,1.000000
0.004296,16.062813,15.000000,1.000000
0.004298,16.121885,15.000000,1.000000
0.004300,16.106663,15.000000,1.000000
0.004302,16.091436,15.000000,1.000000
0.004304,16.076204,15.000000,1.000000
0.004306,16.060968,15.000000,1.000000
0.004308,16.045727,15.000000,1.000000
0.004310,16.030482,15.000000,1.000000
0.004312,16.015232,15.000000,1.000000
0.004314,15.999978,15.000000,1.000000
0.004316,15.984720,15.000000,1.000000
0.004318,15.969457,15.000000,1.000000
0.004320,15.954190,15.000000,1.000000
0.004322,15.938919,15.000000,1.000000
0.004324,15.923644,15.000000,1.000000
0.004326,15.908365,15.000000,1.000000
0.004328,15.893081,15.000000,1.000000
0.004330,15.877794,15.000000,1.000000
0.004332,15.862503,15.000000,1.000000
0.004334,15.847208,15.000000,1.000000
0.004336,15.831909,15.000000,1.000000
0.004338,15.816606,15.000000,1.000000
0.004340,15.801299,15.000000,1.000000
0.004342,15.785989,15.000000,1.000000
0.004344,15.770675,15.000000,1.000000
0.004346,15.755358,15.000000,1.000000
0.004348,15.740037,15.000000,1.000000
0.004350,15.724713,15.000000,1.000000
0.004352,15.709385,15.000000,1.000000
0.004354,15.694054,15.000000,1.000000
0.004356,15.678719,15.000000,1.000000
0.004358,15.663382,15.000000,1.000000
0.004360,15.648041,15.000000,1.000000
0.004362,15.632697,15.000000,1.000000
0.004364,15.617350,15.000000,1.000000
0.004366,15.601999,15.000000,1.000000
0.004368,15.586646,15.000000,1.000000
0.004370,15.571290,15.000000,1.000000
0.004372,15.555931,15.000000,1.000000
0.004374,15.540569,15.000000,1.000000
0.004376,15.525204,15.000000,1.000000
0.004378,15.509837,15.000000,1.000000
0.004380,15.494467,15.000000,1.000000
0.004382,15.479094,15.000000,1.000000
0.004384,15.463718,15.000000,1.000000
0.004386,15.448341,15.000000,1.000000
0.004388,15.432960,15.000000,1.000000
0.004390,15.417577,15.000000,1.000000
0.004392,15.402192,15.000000,1.000000
0.004394,15.386805,15.000000,1.000000
0.004396,15.371415,15.000000,1.000000
0.004398,15.356023,15.000000,1.000000
0.004400,15.340629,15.000000,1.000000
0.004402,15.325233,15.000000,1.000000
0.004404,15.309835,15.000000,1.000000
0.004406,15.294435,15.000000,1.000000
0.004408,15.279033,15.000000,1.000000
0.004410,15.263629,15.000000,1.000000
0.004412,15.248223,15.000000,1.000000
0.004414,15.232815,15.000000,1.000000
0.004416,15.217406,15.000000,1.000000
0.004418,15.201995,15.000000,1.000000
0.004420,15.186582,15.000000,1.000000
0.004422,15.171168,15.000000,1.000000
0.004424,15.155753,15.000000,1.000000
0.004426,15.140336,15.000000,1.000000
0.004428,15.124917,15.000000,1.000000
0.004430,15.109497,15.000000,1.000000
0.004432,15.094076,15.000000,1.000000
0.004434,15.078654,15.000000,1.000000
0.004436,15.063231,15.000000,1.000000
0.004438,15.047806,15.000000,1.000000
0.004440,15.032381,15.000000,1.000000
0.004442,15.016954,15.000000,1.000000
0.004444,15.001526,15.000000,1.000000
0.004446,14.986098,15.000000,1.000000
0.004448,14.970669,15.000000,1.000000
0.004450,14.955239,15.000000,1.000000
0.004452,14.939808,15.000000,1.000000
0.004454,14.924376,15.000000,1.000000
0.004456,14.908944,15.000000,1.000000
0.004458,14.893512,15.000000,1.000000
0.004460,14.878079,15.000000,1.000000
0.004462,14.862645,15.000000,1.000000
0.004464,14.847211,15.000000,1.000000
0.004466,14.831777,15.000000,1.000000
0.004468,14.816342,15.000000,1.000000
0.004470,14.800908,15.000000,1.000000
0.004472,14.785473,15.000000,1.000000
0.004474,14.770038,15.000000,1.000000
0.004476,14.754603,15.000000,1.000000
0.004478,14.739167,15.000000,1.000000
0.004480,14.723732,15.000000,1.000000
0.004482,14.708297,15.000000,1.000000
0.004484,14.692863,15.000000,1.000000
0.004486,14.677428,15.000000,1.000000
0.004488,14.661994,15.000000,1.000000
0.004490,14.646560,15.000000,1.000000
0.004492,14.631127,15.000000,1.000000
0.004494,14.615694,15.000000,1.000000
0.004496,14.600261,15.000000,1.000000
0.004498,14.584829,15.000000,1.000000
0.004500,14.569398,15.000000,1.000000
0.004502,14.553967,15.000000,1.000000
0.004504,14.538537,15.000000,1.000000
0.004506,14.523108,15.000000,1.000000
0.004508,14.507680,15.000000,1.000000
0.004510,14.492253,15.000000,1.000000
0.004512,14.476826,15.000000,1.000000
0.004514,14.461401,15.000000,1.000000
0.004516,14.445977,15.000000,1.000000
0.004518,14.430554,15.000000,1.000000
0.004520,14.415132,15.000000,1.000000
0.004522,14.399711,15.000000,1.000000
0.004524,14.384292,15.000000,1.000000
0.004526,14.368874,15.000000,1.000000
0.004528,14.353457,15.000000,1.000000
0.004530,14.338042,15.000000,1.000000
0.004532,14.322628,15.000000,1.000000
0.004534,14.307217,15.000000,1.000000
0.004536,14.291806,15.000000,1.000000
0.004538,14.276398,15.000000,1.000000
0.004540,14.260991,15.000000,1.000000
0.004542,14.245586,15.000000,1.000000
0.004544,14.230183,15.000000,1.000000
0.004546,14.214781,15.000000,1.000000
0.004548,14.199382,15.000000,1.000000
0.004550,14.183985,15.000000,1.000000
0.004552,14.168590,15.000000,1.000000
0.004554,14.153197,15.000000,1.000000
0.004556,14.137806,15.000000,1.000000
0.004558,14.122418,15.000000,1.000000
0.004560,14.107032,15.000000,1.000000
0.004562,14.091648,15.000000,1.000000
0.004564,14.076267,15.000000,1.000000
0.004566,14.060888,15.000000,1.000000
0.004568,14.045512,15.000000,1.000000
0.004570,14.030139,15.000000,1.000000
0.004572,14.014768,15.000000,1.000000
0.004574,13.999400,15.000000,1.000000
0.004576,13.984034,15.000000,1.000000
0.004578,13.968672,15.000000,1.000000
0.004580,13.953312,15.000000,1.000000
0.004582,13.937956,15.000000,1.000000
0.004584,13.922602,15.000000,1.000000
0.004586,13.907251,15.000000,1.000000
0.004588,13.891904,15.000000,1.000000
0.004590,13.876560,15.000000,1.000000
0.004592,13.861219,15.000000,1.000000
0.004594,13.845881,15.000000,1.000000
0.004596,13.830547,15.000000,1.000000
0.004598,13.815216,15.000000,1.000000
0.004600,13.866313,15.000000,1.000000
0.004602,13.917406,15.000000,1.000000
0.004604,13.968493,15.000000,1.000000
0.004606,14.019574,15.000000,1.000000
0.004608,14.070651,15.000000,1.000000
0.004610,14.121721,15.000000,1.000000
0.004612,14.172787,15.000000,1.000000
0.004614,14.223846,15.000000,1.000000
0.004616,14.274900,15.000000,1.000000
0.004618,14.325948,15.000000,1.000000
0.004620,14.376991,15.000000,1.000000
0.004622,14.428027,15.000000,1.000000
0.004624,14.479057,15.000000,1.000000
0.004626,14.530082,15.000000,1.000000
0.004628,14.581100,15.000000,1.000000
0.004630,14.632111,15.000000,1.000000
0.004632,14.683117,15.000000,1.000000
0.004634,14.734116,15.000000,1.000000
0.004636,14.785109,15.000000,1.000000
0.004638,14.836095,15.000000,1.000000
0.004640,14.887074,15.000000,1.000000
0.004642,14.938047,15.000000,1.000000
0.004644,14.989013,15.000000,1.000000
0.004646,15.039972,15.000000,1.000000
0.004648,15.090924,15.000000,1.000000
0.004650,15.141870,15.000000,1.000000
0.004652,15.192808,15.000000,1.000000
0.004654,15.243739,15.000000,1.000000
0.004656,15.294662,15.000000,1.000000
0.004658,15.345578,15.000000,1.000000
0.004660,15.396487,15.000000,1.000000
0.004662,15.447389,15.000000,1.000000
0.004664,15.498283,15.000000,1.000000
0.004666,15.549169,15.000000,1.000000
0.004668,15.600048,15.000000,1.000000
0.004670,15.650918,15.000000,1.000000
0.004672,15.701781,15.000000,1.000000
0.004674,15.752636,15.000000,1.000000
0.004676,15.803483,15.000000,1.000000
0.004678,15.854322,15.000000,1.000000
0.004680,15.905153,15.000000,1.000000
0.004682,15.955975,15.000000,1.000000
0.004684,16.006789,15.000000,1.000000
0.004686,16.057595,15.000000,1.000000
0.004688,16.108392,15.000000,1.000000
0.004690,16.159181,15.000000,1.000000
0.004692,16.209961,15.000000,1.000000
0.004694,16.260733,15.000000,1.000000
0.004696,16.311495,15.000000,1.000000
0.004698,16.362249,15.000000,1.000000
0.004700,16.343921,15.000000,1.000000
0.004702,16.325597,15.000000,1.000000
0.004704,16.307277,15.000000,1.000000
0.004706,16.288960,15.000000,1.000000
0.004708,16.270647,15.000000,1.000000
0.004710,16.252337,15.000000,1.000000
0.004712,16.234031,15.000000,1.000000
0.004714,16.215729,15.000000,1.000000
0.004716,16.197431,15.000000,1.000000
0.004718,16.179137,15.000000,1.000000
0.004720,16.160847,15.000000,1.000000
0.004722,16.142562,15.000000,1.000000
0.004724,16.124280,15.000000,1.000000
0.004726,16.106003,15.000000,1.000000
0.004728,16.087730,15.000000,1.000000
0.004730,16.069462,15.000000,1.000000
0.004732,16.051198,15.000000,1.000000
0.004734,16.032938,15.000000,1.000000
0.004736,16.014684,15.000000,1.000000
0.004738,15.996434,15.000000,1.000000
0.004740,15.978189,15.000000,1.000000
0.004742,15.959948,15.000000,1.000000
0.004744,15.941713,15.000000,1.000000
0.004746,15.923482,15.000000,1.000000
0.004748,15.905257,15.000000,1.000000
0.004750,15.887037,15.000000,1.000000
0.004752,15.868822,15.000000,1.000000
0.004754,15.850613,15.000000,1.000000
0.004756,15.832408,15.000000,1.000000
0.004758,15.814210,15.000000,1.000000
0.004760,15.796016,15.000000,1.000000
0.004762,15.777829,15.000000,1.000000
0.004764,15.759646,15.000000,1.000000
0.004766,15.741470,15.000000,1.000000
0.004768,15.723300,15.000000,1.000000
0.004770,15.705135,15.000000,1.000000
0.004772,15.686976,15.000000,1.000000
0.004774,15.668823,15.000000,1.000000
0.004776,15.650677,15.000000,1.000000
0.004778,15.632536,15.000000,1.000000
0.004780,15.614402,15.000000,1.000000
0.004782,15.596274,15.000000,1.000000
0.004784,15.578152,15.000000,1.000000
0.004786,15.560037,15.000000,1.000000
0.004788,15.541928,15.000000,1.000000
0.004790,15.523826,15.000000,1.000000
0.004792,15.505730,15.000000,1.000000
0.004794,15.487641,15.000000,1.000000
0.004796,15.469559,15.000000,1.000000
0.004798,15.451484,15.000000,1.000000
0.004800,15.433416,15.000000,1.000000
0.004802,15.415354,15.000000,1.000000
0.004804,15.397300,15.000000,1.000000
0.004806,15.379253,15.000000,1.000000
0.004808,15.361213,15.000000,1.000000
0.004810,15.343180,15.000000,1.000000
0.004812,15.325155,15.000000,1.000000
0.004814,15.307137,15.000000,1.000000
0.004816,15.289126,15.000000,1.000000
0.004818,15.271123,15.000000,1.000000
0.004820,15.253128,15.000000,1.000000
0.004822,15.235140,15.000000,1.000000
0.004824,15.217160,15.000000,1.000000
0.004826,15.199188,15.000000,1.000000
0.004828,15.181223,15.000000,1.000000
0.004830,15.163267,15.000000,1.000000
0.004832,15.145319,15.000000,1.000000
0.004834,15.127378,15.000000,1.000000
0.004836,15.109446,15.000000,1.000000
0.004838,15.091522,15.000000,1.000000
0.004840,15.073607,15.000000,1.000000
0.004842,15.055700,15.000000,1.000000
0.004844,15.037801,15.000000,1.000000
0.004846,15.019910,15.000000,1.000000
0.004848,15.002029,15.000000,1.000000
0.004850,14.984155,15.000000,1.000000
0.004852,14.966291,15.000000,1.000000
0.004854,14.948435,15.000000,1.000000
0.004856,14.930588,15.000000,1.000000
0.004858,14.912750,15.000000,1.000000
0.004860,14.894921,15.000000,1.000000
0.004862,14.877101,15.000000,1.000000
0.004864,14.859290,15.000000,1.000000
0.004866,14.841488,15.000000,1.000000
0.004868,14.823696,15.000000,1.000000
0.004870,14.805913,15.000000,1.000000
0.004872,14.788139,15.000000,1.000000
0.004874,14.770374,15.000000,1.000000
0.004876,14.752619,15.000000,1.000000
0.004878,14.734874,15.000000,1.000000
0.004880,14.717138,15.000000,1.000000
0.004882,14.699412,15.000000,1.000000
0.004884,14.681695,15.000000,1.000000
0.004886,14.663988,15.000000,1.000000
0.004888,14.646292,15.000000,1.000000
0.004890,14.628605,15.000000,1.000000
0.004892,14.610928,15.000000,1.000000
0.004894,14.593261,15.000000,1.000000
0.004896,14.575605,15.000000,1.000000
0.004898,14.557958,15.000000,1.000000
0.004900,14.540322,15.000000,1.000000
0.004902,14.522696,15.000000,1.000000
0.004904,14.505081,15.000000,1.000000
0.004906,14.487476,15.000000,1.000000
0.004908,14.469881,15.000000,1.000000
0.004910,14.452297,15.000000,1.000000
0.004912,14.434724,15.000000,1.000000
0.004914,14.417161,15.000000,1.000000
0.004916,14.399609,15.000000,1.000000
0.004918,14.382068,15.000000,1.000000
0.004920,14.364538,15.000000,1.000000
0.004922,14.347019,15.000000,1.000000
0.004924,14.329510,15.000000,1.000000
0.004926,14.312013,15.000000,1.000000
0.004928,14.294527,15.000000,1.000000
0.004930,14.277052,15.000000,1.000000
0.004932,14.259589,15.000000,1.000000
0.004934,14.242137,15.000000,1.000000
0.004936,14.224696,15.000000,1.000000
0.004938,14.207266,15.000000,1.000000
0.004940,14.189848,15.000000,1.000000
0.004942,14.172442,15.000000,1.000000
0.004944,14.155047,15.000000,1.000000
0.004946,14.137664,15.000000,1.000000
0.004948,14.120292,15.000000,1.000000
0.004950,14.102933,15.000000,1.000000
0.004952,14.085585,15.000000,1.000000
0.004954,14.068249,15.000000,1.000000
0.004956,14.050925,15.000000,1.000000
0.004958,14.033613,15.000000,1.000000
0.004960,14.016313,15.000000,1.000000
0.004962,13.999026,15.000000,1.000000
0.004964,13.981750,15.000000,1.000000
0.004966,13.964487,15.000000,1.000000
0.004968,13.947236,15.000000,1.000000
0.004970,13.929998,15.000000,1.000000
0.004972,13.912772,15.000000,1.000000
0.004974,13.895558,15.000000,1.000000
0.004976,13.878357,15.000000,1.000000
0.004978,13.861169,15.000000,1.000000
0.004980,13.843993,15.000000,1.000000
0.004982,13.826830,15.000000,1.000000
0.004984,13.809680,15.000000,1.000000
0.004986,13.792542,15.000000,1.000000
0.004988,13.775417,15.000000,1.000000
0.004990,13.758306,15.000000,1.000000
0.004992,13.741207,15.000000,1.000000
0.004994,13.724122,15.000000,1.000000
0.004996,13.707049,15.000000,1.000000
0.004998,13.689990,15.000000,1.000000
0.005000,13.732514,15.000000,1.000000
0.005002,13.775032,15.000000,1.000000
0.005004,13.817542,15.000000,1.000000
0.005006,13.860046,15.000000,1.000000
0.005008,13.902542,15.000000,1.000000
0.005010,13.945031,15.000000,1.000000
0.005012,13.987513,15.000000,1.000000
0.005014,14.029988,15.000000,1.000000
0.005016,14.072455,15.000000,1.000000
0.005018,14.114915,15.000000,1.000000
0.005020,14.157367,15.000000,1.000000
0.005022,14.199813,15.000000,1.000000
0.005024,14.242250,15.000000,1.000000
0.005026,14.284681,15.000000,1.000000
0.005028,14.327103,15.000000,1.000000
0.005030,14.369518,15.000000,1.000000
0.005032,14.411926,15.000000,1.000000
0.005034,14.454326,15.000000,1.000000
0.005036,14.496718,15.000000,1.000000
0.005038,14.539103,15.000000,1.000000
0.005040,14.581480,15.000000,1.000000
0.005042,14.623849,15.000000,1.000000
0.005044,14.666210,15.000000,1.000000
0.005046,14.708563,15.000000,1.000000
0.005048,14.750909,15.000000,1.000000
0.005050,14.793246,15.000000,1.000000
0.005052,14.835576,15.000000,1.000000
0.005054,14.877898,15.000000,1.000000
0.005056,14.920211,15.000000,1.000000
0.005058,14.962517,15.000000,1.000000
0.005060,15.004814,15.000000,1.000000
0.005062,15.047104,15.000000,1.000000
0.005064,15.089385,15.000000,1.000000
0.005066,15.131658,15.000000,1.000000
0.005068,15.173922,15.000000,1.000000
0.005070,15.216179,15.000000,1.000000
0.005072,15.258427,15.000000,1.000000
0.005074,15.300667,15.000000,1.000000
0.005076,15.342898,15.000000,1.000000
0.005078,15.385121,15.000000,1.000000
0.005080,15.427335,15.000000,1.000000
0.005082,15.469542,15.000000,1.000000
0.005084,15.511739,15.000000,1.000000
0.005086,15.553928,15.000000,1.000000
0.005088,15.596108,15.000000,1.000000
0.005090,15.638280,15.000000,1.000000
0.005092,15.680443,15.000000,1.000000
0.005094,15.722598,15.000000,1.000000
0.005096,15.764743,15.000000,1.000000
0.005098,15.806880,15.000000,1.000000
0.005100,15.786948,15.000000,1.000000
0.005102,15.767031,15.000000,1.000000
0.005104,15.747130,15.000000,1.000000
0.005106,15.727244,15.000000,1.000000
0.005108,15.707373,15.000000,1.000000
0.005110,15.687518,15.000000,1.000000
0.005112,15.667679,15.000000,1.000000
0.005114,15.647856,15.000000,1.000000
0.005116,15.628048,15.000000,1.000000
0.005118,15.608257,15.000000,1.000000
0.005120,15.588481,15.000000,1.000000
0.005122,15.568721,15.000000,1.000000
0.005124,15.548977,15.000000,1.000000
0.005126,15.529250,15.000000,1.000000
0.005128,15.509539,15.000000,1.000000
0.005130,15.489844,15.000000,1.000000
0.005132,15.470165,15.000000,1.000000
0.005134,15.450503,15.000000,1.000000
0.005136,15.430857,15.000000,1.000000
0.005138,15.411228,15.000000,1.000000
0.005140,15.391615,15.000000,1.000000
0.005142,15.372019,15.000000,1.000000
0.005144,15.352440,15.000000,1.000000
0.005146,15.332877,15.000000,1.000000
0.005148,15.313332,15.000000,1.000000
0.005150,15.293803,15.000000,1.000000
0.005152,15.274291,15.000000,1.000000
0.005154,15.254797,15.000000,1.000000
0.005156,15.235319,15.000000,1.000000
0.005158,15.215859,15.000000,1.000000
0.005160,15.196416,15.000000,1.000000
0.005162,15.176990,15.000000,1.000000
0.005164,15.157582,15.000000,1.000000
0.005166,15.138191,15.000000,1.000000
0.005168,15.118817,15.000000,1.000000
0.005170,15.099461,15.000000,1.000000
0.005172,15.080122,15.000000,1.000000
0.005174,15.060802,15.000000,1.000000
0.005176,15.041499,15.000000,1.000000
0.005178,15.022213,15.000000,1.000000
0.005180,15.002946,15.000000,1.000000
0.005182,14.983696,15.000000,1.000000
0.005184,14.964464,15.000000,1.000000
0.005186,14.945251,15.000000,1.000000
0.005188,14.926055,15.000000,1.000000
0.005190,14.906878,15.000000,1.000000
0.005192,14.887718,15.000000,1.000000
0.005194,14.868577,15.000000,1.000000
0.005196,14.849454,15.000000,1.000000
0.005198,14.830350,15.000000,1.000000
0.005200,14.811264,15.000000,1.000000
0.005202,14.792196,15.000000,1.000000
0.005204,14.773147,15.000000,1.000000
0.005206,14.754116,15.000000,1.000000
0.005208,14.735104,15.000000,1.000000
0.005210,14.716111,15.000000,1.000000
0.005212,14.697137,15.000000,1.000000
0.005214,14.678181,15.000000,1.000000
0.005216,14.659244,15.000000,1.000000
0.005218,14.640326,15.000000,1.000000
0.005220,14.621427,15.000000,1.000000
0.005222,14.602546,15.000000,1.000000
0.005224,14.583685,15.000000,1.000000
0.005226,14.564843,15.000000,1.000000
0.005228,14.546020,15.000000,1.000000
0.005230,14.527216,15.000000,1.000000
0.005232,14.508432,15.000000,1.000000
0.005234,14.489667,15.000000,1.000000
0.005236,14.470921,15.000000,1.000000
0.005238,14.452194,15.000000,1.000000
0.005240,14.433487,15.000000,1.000000
0.005242,14.414800,15.000000,1.000000
0.005244,14.396132,15.000000,1.000000
0.005246,14.377483,15.000000,1.000000
0.005248,14.358854,15.000000,1.000000
0.005250,14.340245,15.000000,1.000000
0.005252,14.321656,15.000000,1.000000
0.005254,14.303086,15.000000,1.000000
0.005256,14.284536,15.000000,1.000000
0.005258,14.266006,15.000000,1.000000
0.005260,14.247496,15.000000,1.000000
0.005262,14.229006,15.000000,1.000000
0.005264,14.210536,15.000000,1.000000
0.005266,14.192086,15.000000,1.000000
0.005268,14.173655,15.000000,1.000000
0.005270,14.155246,15.000000,1.000000
0.005272,14.136856,15.000000,1.000000
0.005274,14.118486,15.000000,1.000000
0.005276,14.100137,15.000000,1.000000
0.005278,14.081808,15.000000,1.000000
0.005280,14.063500,15.000000,1.000000
0.005282,14.045211,15.000000,1.000000
0.005284,14.026944,15.000000,1.000000
0.005286,14.008696,15.000000,1.000000
0.005288,13.990470,15.000000,1.000000
0.005290,13.972263,15.000000,1.000000
0.005292,13.954078,15.000000,1.000000
0.005294,13.935913,15.000000,1.000000
0.005296,13.917768,15.000000,1.000000
0.005298,13.899645,15.000000,1.000000
0.005300,13.936620,15.000000,1.000000
0.005302,13.973588,15.000000,1.000000
0.005304,14.010550,15.000000,1.000000
0.005306,14.047504,15.000000,1.000000
0.005308,14.084451,15.000000,1.000000
0.005310,14.121390,15.000000,1.000000
0.005312,14.158323,15.000000,1.000000
0.005314,14.195248,15.000000,1.000000
0.005316,14.232166,15.000000,1.000000
0.005318,14.269078,15.000000,1.000000
0.005320,14.305981,15.000000,1.000000
0.005322,14.342878,15.000000,1.000000
0.005324,14.379768,15.000000,1.000000
0.005326,14.416650,15.000000,1.000000
0.005328,14.453525,15.000000,1.000000
0.005330,14.490393,15.000000,1.000000
0.005332,14.527253,15.000000,1.000000
0.005334,14.564107,15.000000,1.000000
0.005336,14.600953,15.000000,1.000000
0.005338,14.637792,15.000000,1.000000
0.005340,14.674623,15.000000,1.000000
0.005342,14.711448,15.000000,1.000000
0.005344,14.748265,15.000000,1.000000
0.005346,14.785074,15.000000,1.000000
0.005348,14.821877,15.000000,1.000000
0.005350,14.858672,15.000000,1.000000
0.005352,14.895460,15.000000,1.000000
0.005354,14.932241,15.000000,1.000000
0.005356,14.969014,15.000000,1.000000
0.005358,15.005780,15.000000,1.000000
0.005360,15.042539,15.000000,1.000000
0.005362,15.079291,15.000000,1.000000
0.005364,15.116035,15.000000,1.000000
0.005366,15.152771,15.000000,1.000000
0.005368,15.189501,15.000000,1.000000
0.005370,15.226223,15.000000,1.000000
0.005372,15.262938,15.000000,1.000000
0.005374,15.299645,15.000000,1.000000
0.005376,15.336346,15.000000,1.000000
0.005378,15.373038,15.000000,1.000000
0.005380,15.409724,15.000000,1.000000
0.005382,15.446402,15.000000,1.000000
0.005384,15.483073,15.000000,1.000000
0.005386,15.519736,15.000000,1.000000
0.005388,15.556392,15.000000,1.000000
0.005390,15.593041,15.000000,1.000000
0.005392,15.629682,15.000000,1.000000
0.005394,15.666316,15.000000,1.000000
0.005396,15.702942,15.000000,1.000000
0.005398,15.739562,15.000000,1.000000
0.005400,15.718840,15.000000,1.000000
0.005402,15.698142,15.000000,1.000000
0.005404,15.677468,15.000000,1.000000
0.005406,15.656819,15.000000,1.000000
0.005408,15.636194,15.000000,1.000000
0.005410,15.615593,15.000000,1.000000
0.005412,15.595017,15.000000,1.000000
0.005414,15.574465,15.000000,1.000000
0.005416,15.553937,15.000000,1.000000
0.005418,15.533434,15.000000,1.000000
0.005420,15.512956,15.000000,1.000000
0.005422,15.492502,15.000000,1.000000
0.005424,15.472072,15.000000,1.000000
0.005426,15.451667,15.000000,1.000000
0.005428,15.431287,15.000000,1.000000
0.005430,15.410932,15.000000,1.000000
0.005432,15.390602,15.000000,1.000000
0.005434,15.370296,15.000000,1.000000
0.005436,15.350015,15.000000,1.000000
0.005438,15.329760,15.000000,1.000000
0.005440,15.309529,15.000000,1.000000
0.005442,15.289323,15.000000,1.000000
0.005444,15.269142,15.000000,1.000000
0.005446,15.248986,15.000000,1.000000
0.005448,15.228856,15.000000,1.000000
0.005450,15.208751,15.000000,1.000000
0.005452,15.188670,15.000000,1.000000
0.005454,15.168616,15.000000,1.000000
0.005456,15.148586,15.000000,1.000000
0.005458,15.128582,15.000000,1.000000
0.005460,15.108603,15.000000,1.000000
0.005462,15.088649,15.000000,1.000000
0.005464,15.068721,15.000000,1.000000
0.005466,15.048818,15.000000,1.000000
0.005468,15.028941,15.000000,1.000000
0.005470,15.009090,15.000000,1.000000
0.005472,14.989264,15.000000,1.000000
0.005474,14.969463,15.000000,1.000000
0.005476,14.949689,15.000000,1.000000
0.005478,14.929940,15.000000,1.000000
0.005480,14.910216,15.000000,1.000000
0.005482,14.890519,15.000000,1.000000
0.005484,14.870847,15.000000,1.000000
0.005486,14.851201,15.000000,1.000000
0.005488,14.831581,15.000000,1.000000
0.005490,14.811987,15.000000,1.000000
0.005492,14.792419,15.000000,1.000000
0.005494,14.772876,15.000000,1.000000
0.005496,14.753360,15.000000,1.000000
0.005498,14.733869,15.000000,1.000000
0.005500,14.714405,15.000000,1.000000
0.005502,14.694967,15.000000,1.000000
0.005504,14.675555,15.000000,1.000000
0.005506,14.656169,15.000000,1.000000
0.005508,14.636809,15.000000,1.000000
0.005510,14.617475,15.000000,1.000000
0.005512,14.598168,15.000000,1.000000
0.005514,14.578886,15.000000,1.000000
0.005516,14.559631,15.000000,1.000000
0.005518,14.540403,15.000000,1.000000
0.005520,14.521200,15.000000,1.000000
0.005522,14.502024,15.000000,1.000000
0.005524,14.482874,15.000000,1.000000
0.005526,14.463751,15.000000,1.000000
0.005528,14.444654,15.000000,1.000000
0.005530,14.425584,15.000000,1.000000
0.005532,14.406540,15.000000,1.000000
0.005534,14.387522,15.000000,1.000000
0.005536,14.368531,15.000000,1.000000
0.005538,14.349567,15.000000,1.000000
0.005540,14.330629,15.000000,1.000000
0.005542,14.311717,15.000000,1.000000
0.005544,14.292832,15.000000,1.000000
0.005546,14.273974,15.000000,1.000000
0.005548,14.255143,15.000000,1.000000
0.005550,14.236338,15.000000,1.000000
0.005552,14.217560,15.000000,1.000000
0.005554,14.198808,15.000000,1.000000
0.005556,14.180083,15.000000,1.000000
0.005558,14.161385,15.000000,1.000000
0.005560,14.142714,15.000000,1.000000
0.005562,14.124069,15.000000,1.000000
0.005564,14.105452,15.000000,1.000000
0.005566,14.086861,15.000000,1.000000
0.005568,14.068297,15.000000,1.000000
0.005570,14.049759,15.000000,1.000000
0.005572,14.031249,15.000000,1.000000
0.005574,14.012765,15.000000,1.000000
0.005576,13.994309,15.000000,1.000000
0.005578,13.975879,15.000000,1.000000
0.005580,13.957476,15.000000,1.000000
0.005582,13.939100,15.000000,1.000000
0.005584,13.920751,15.000000,1.000000
0.005586,13.902429,15.000000,1.000000
0.005588,13.884134,15.000000,1.000000
0.005590,13.865866,15.000000,1.000000
0.005592,13.847625,15.000000,1.000000
0.005594,13.829411,15.000000,1.000000
0.005596,13.811224,15.000000,1.000000
0.005598,13.793064,15.000000,1.000000
0.005600,13.825126,15.000000,1.000000
0.005602,13.857183,15.000000,1.000000
0.005604,13.889236,15.000000,1.000000
0.005606,13.921283,15.000000,1.000000
0.005608,13.953325,15.000000,1.000000
0.005610,13.985363,15.000000,1.000000
0.005612,14.017395,15.000000,1.000000
0.005614,14.049423,15.000000,1.000000
0.005616,14.081445,15.000000,1.000000
0.005618,14.113463,15.000000,1.000000
0.005620,14.145476,15.000000,1.000000
0.005622,14.177484,15.000000,1.000000
0.005624,14.209488,15.000000,1.000000
0.005626,14.241486,15.000000,1.000000
0.005628,14.273480,15.000000,1.000000
0.005630,14.305469,15.000000,1.000000
0.005632,14.337453,15.000000,1.000000
0.005634,14.369433,15.000000,1.000000
0.005636,14.401408,15.000000,1.000000
0.005638,14.433378,15.000000,1.000000
0.005640,14.465343,15.000000,1.000000
0.005642,14.497304,15.000000,1.000000
0.005644,14.529261,15.000000,1.000000
0.005646,14.561213,15.000000,1.000000
0.005648,14.593160,15.000000,1.000000
0.005650,14.625103,15.000000,1.000000
0.005652,14.657041,15.000000,1.000000
0.005654,14.688974,15.000000,1.000000
0.005656,14.720904,15.000000,1.000000
0.005658,14.752829,15.000000,1.000000
0.005660,14.784749,15.000000,1.000000
0.005662,14.816665,15.000000,1.000000
0.005664,14.848577,15.000000,1.000000
0.005666,14.880484,15.000000,1.000000
0.005668,14.912387,15.000000,1.000000
0.005670,14.944285,15.000000,1.000000
0.005672,14.976180,15.000000,1.000000
0.005674,15.008070,15.000000,1.000000
0.005676,15.039956,15.000000,1.000000
0.005678,15.071837,15.000000,1.000000
0.005680,15.103715,15.000000,1.000000
0.005682,15.135588,15.000000,1.000000
0.005684,15.167457,15.000000,1.000000
0.005686,15.199322,15.000000,1.000000
0.005688,15.231183,15.000000,1.000000
0.005690,15.263040,15.000000,1.000000
0.005692,15.294893,15.000000,1.000000
0.005694,15.326742,15.000000,1.000000
0.005696,15.358587,15.000000,1.000000
0.005698,15.390428,15.000000,1.000000
0.005700,15.370063,15.000000,1.000000
0.005702,15.349729,15.000000,1.000000
0.005704,15.329426,15.000000,1.000000
0.005706,15.309154,15.000000,1.000000
0.005708,15.288913,15.000000,1.000000
0.005710,15.268704,15.000000,1.000000
0.005712,15.248525,15.000000,1.000000
0.005714,15.228378,15.000000,1.000000
0.005716,15.208261,15.000000,1.000000
0.005718,15.188176,15.000000,1.000000
0.005720,15.168122,15.000000,1.000000
0.005722,15.148099,15.000000,1.000000
0.005724,15.128107,15.000000,1.000000
0.005726,15.108146,15.000000,1.000000
0.005728,15.088217,15.000000,1.000000
0.005730,15.068319,15.000000,1.000000
0.005732,15.048451,15.000000,1.000000
0.005734,15.028616,15.000000,1.000000
0.005736,15.008811,15.000000,1.000000
0.005738,14.989037,15.000000,1.000000
0.005740,14.969295,15.000000,1.000000
0.005742,14.949584,15.000000,1.000000
0.005744,14.929904,15.000000,1.000000
0.005746,14.910256,15.000000,1.000000
0.005748,14.890639,15.000000,1.000000
0.005750,14.871053,15.000000,1.000000
0.005752,14.851498,15.000000,1.000000
0.005754,14.831974,15.000000,1.000000
0.005756,14.812482,15.000000,1.000000
0.005758,14.793021,15.000000,1.000000
0.005760,14.773591,15.000000,1.000000
0.005762,14.754193,15.000000,1.000000
0.005764,14.734826,15.000000,1.000000
0.005766,14.715490,15.000000,1.000000
0.005768,14.696185,15.000000,1.000000
0.005770,14.676912,15.000000,1.000000
0.005772,14.657670,15.000000,1.000000
0.005774,14.638459,15.000000,1.000000
0.005776,14.619280,15.000000,1.000000
0.005778,14.600131,15.000000,1.000000
0.005780,14.581014,15.000000,1.000000
0.005782,14.561929,15.000000,1.000000
0.005784,14.542874,15.000000,1.000000
0.005786,14.523851,15.000000,1.000000
0.005788,14.504859,15.000000,1.000000
0.005790,14.485899,15.000000,1.000000
0.005792,14.466969,15.000000,1.000000
0.005794,14.448071,15.000000,1.000000
0.005796,14.429204,15.000000,1.000000
0.005798,14.410369,15.000000,1.000000
0.005800,14.440234,15.000000,1.000000
0.005802,14.470097,15.000000,1.000000
0.005804,14.499957,15.000000,1.000000
0.005806,14.529815,15.000000,1.000000
0.005808,14.559670,15.000000,1.000000
0.005810,14.589523,15.000000,1.000000
0.005812,14.619374,15.000000,1.000000
0.005814,14.649223,15.000000,1.000000
0.005816,14.679069,15.000000,1.000000
0.005818,14.708913,15.000000,1.000000
0.005820,14.738755,15.000000,1.000000
0.005822,14.768595,15.000000,1.000000
0.005824,14.798433,15.000000,1.000000
0.005826,14.828269,15.000000,1.000000
0.005828,14.858102,15.000000,1.000000
0.005830,14.887934,15.000000,1.000000
0.005832,14.917764,15.000000,1.000000
0.005834,14.947592,15.000000,1.000000
0.005836,14.977418,15.000000,1.000000
0.005838,15.007242,15.000000,1.000000
0.005840,15.037064,15.000000,1.000000
0.005842,15.066885,15.000000,1.000000
0.005844,15.096704,15.000000,1.000000
0.005846,15.126521,15.000000,1.000000
0.005848,15.156337,15.000000,1.000000
0.005850,15.186150,15.000000,1.000000
0.005852,15.215963,15.000000,1.000000
0.005854,15.245774,15.000000,1.000000
0.005856,15.275583,15.000000,1.000000
0.005858,15.305391,15.000000,1.000000
0.005860,15.335197,15.000000,1.000000
0.005862,15.365002,15.000000,1.000000
0.005864,15.394806,15.000000,1.000000
0.005866,15.424608,15.000000,1.000000
0.005868,15.454409,15.000000,1.000000
0.005870,15.484209,15.000000,1.000000
0.005872,15.514008,15.000000,1.000000
0.005874,15.543805,15.000000,1.000000
0.005876,15.573602,15.000000,1.000000
0.005878,15.603397,15.000000,1.000000
0.005880,15.633191,15.000000,1.000000
0.005882,15.662984,15.000000,1.000000
0.005884,15.692777,15.000000,1.000000
0.005886,15.722568,15.000000,1.000000
0.005888,15.752359,15.000000,1.000000
0.005890,15.782148,15.000000,1.000000
0.005892,15.811937,15.000000,1.000000
0.005894,15.841725,15.000000,1.000000
0.005896,15.871513,15.000000,1.000000
0.005898,15.901299,15.000000,1.000000
0.005900,15.880508,15.000000,1.000000
0.005902,15.859751,15.000000,1.000000
0.005904,15.839030,15.000000,1.000000
0.005906,15.818345,15.000000,1.000000
0.005908,15.797694,15.000000,1.000000
0.005910,15.777079,15.000000,1.000000
0.005912,15.756498,15.000000,1.000000
0.005914,15.735953,15.000000,1.000000
0.005916,15.715444,15.000000,1.000000
0.005918,15.694969,15.000000,1.000000
0.005920,15.674530,15.000000,1.000000
0.005922,15.654125,15.000000,1.000000
0.005924,15.633756,15.000000,1.000000
0.005926,15.613422,15.000000,1.000000
0.005928,15.593124,15.000000,1.000000
0.005930,15.572860,15.000000,1.000000
0.005932,15.552631,15.000000,1.000000
0.005934,15.532438,15.000000,1.000000
0.005936,15.512279,15.000000,1.000000
0.005938,15.492156,15.000000,1.000000
0.005940,15.472068,15.000000,1.000000
0.005942,15.452015,15.000000,1.000000
0.005944,15.431997,15.000000,1.000000
0.005946,15.412014,15.000000,1.000000
0.005948,15.392065,15.000000,1.000000
0.005950,15.372152,15.000000,1.000000
0.005952,15.352274,15.000000,1.000000
0.005954,15.332431,15.000000,1.000000
0.005956,15.312623,15.000000,1.000000
0.005958,15.292850,15.000000,1.000000
0.005960,15.273112,15.000000,1.000000
0.005962,15.253408,15.000000,1.000000
0.005964,15.233740,15.000000,1.000000
0.005966,15.214106,15.000000,1.000000
0.005968,15.194507,15.000000,1.000000
0.005970,15.174944,15.000000,1.000000
0.005972,15.155415,15.000000,1.000000
0.005974,15.135920,15.000000,1.000000
0.005976,15.116461,15.000000,1.000000
0.005978,15.097036,15.000000,1.000000
0.005980,15.077646,15.000000,1.000000
0.005982,15.058291,15.000000,1.000000
0.005984,15.038971,15.000000,1.000000
0.005986,15.019685,15.000000,1.000000
0.005988,15.000434,15.000000,1.000000
0.005990,14.981217,15.000000,1.000000
0.005992,14.962035,15.000000,1.000000
0.005994,14.942888,15.000000,1.000000
0.005996,14.923775,15.000000,1.000000
0.005998,14.904697,15.000000,1.000000
0.006000,14.885654,15.000000,1.000000
0.006002,14.866645,15.000000,1.000000
0.006004,14.847670,15.000000,1.000000
0.006006,14.828730,15.000000,1.000000
0.006008,14.809824,15.000000,1.000000
0.006010,14.790953,15.000000,1.000000
0.006012,14.772116,15.000000,1.000000
0.006014,14.753314,15.000000,1.000000
0.006016,14.734546,15.000000,1.000000
0.006018,14.715812,15.000000,1.000000
0.006020,14.697113,15.000000,1.000000
0.006022,14.678448,15.000000,1.000000
0.006024,14.659817,15.000000,1.000000
0.006026,14.641220,15.000000,1.000000
0.006028,14.622657,15.000000,1.000000
0.006030,14.604129,15.000000,1.000000
0.006032,14.585635,15.000000,1.000000
0.006034,14.567175,15.000000,1.000000
0.006036,14.548749,15.000000,1.000000
0.006038,14.530357,15.000000,1.000000
0.006040,14.511999,15.000000,1.000000
0.006042,14.493675,15.000000,1.000000
0.006044,14.475385,15.000000,1.000000
0.006046,14.457129,15.000000,1.000000
0.006048,14.438907,15.000000,1.000000
0.006050,14.420719,15.000000,1.000000
0.006052,14.402565,15.000000,1.000000
0.006054,14.384444,15.000000,1.000000
0.006056,14.366357,15.000000,1.000000
0.006058,14.348304,15.000000,1.000000
0.006060,14.330285,15.000000,1.000000
0.006062,14.312300,15.000000,1.000000
0.006064,14.294348,15.000000,1.000000
0.006066,14.276430,15.000000,1.000000
0.006068,14.258545,15.000000,1.000000
0.006070,14.240694,15.000000,1.000000
0.006072,14.222877,15.000000,1.000000
0.006074,14.205093,15.000000,1.000000
0.006076,14.187342,15.000000,1.000000
0.006078,14.169625,15.000000,1.000000
0.006080,14.151942,15.000000,1.000000
0.006082,14.134291,15.000000,1.000000
0.006084,14.116675,15.000000,1.000000
0.006086,14.099091,15.000000,1.000000
0.006088,14.081541,15.000000,1.000000
0.006090,14.064024,15.000000,1.000000
0.006092,14.046540,15.000000,1.000000
0.006094,14.029089,15.000000,1.000000
0.006096,14.011672,15.000000,1.000000
0.006098,13.994287,15.000000,1.000000
0.006100,14.020780,15.000000,1.000000
0.006102,14.047275,15.000000,1.000000
0.006104,14.073773,15.000000,1.000000
0.006106,14.100273,15.000000,1.000000
0.006108,14.126776,15.000000,1.000000
0.006110,14.153281,15.000000,1.000000
0.006112,14.179789,15.000000,1.000000
0.006114,14.206300,15.000000,1.000000
0.006116,14.232814,15.000000,1.000000
0.006118,14.259330,15.000000,1.000000
0.006120,14.285850,15.000000,1.000000
0.006122,14.312372,15.000000,1.000000
0.006124,14.338898,15.000000,1.000000
0.006126,14.365426,15.000000,1.000000
0.006128,14.391958,15.000000,1.000000
0.006130,14.418492,15.000000,1.000000
0.006132,14.445030,15.000000,1.000000
0.006134,14.471572,15.000000,1.000000
0.006136,14.498116,15.000000,1.000000
0.006138,14.524664,15.000000,1.000000
0.006140,14.551215,15.000000,1.000000
0.006142,14.577770,15.000000,1.000000
0.006144,14.604329,15.000000,1.000000
0.006146,14.630891,15.000000,1.000000
0.006148,14.657457,15.000000,1.000000
0.006150,14.684026,15.000000,1.000000
0.006152,14.710599,15.000000,1.000000
0.006154,14.737176,15.000000,1.000000
0.006156,14.763757,15.000000,1.000000
0.006158,14.790342,15.000000,1.000000
0.006160,14.816931,15.000000,1.000000
0.006162,14.843524,15.000000,1.000000
0.006164,14.870120,15.000000,1.000000
0.006166,14.896722,15.000000,1.000000
0.006168,14.923327,15.000000,1.000000
0.006170,14.949937,15.000000,1.000000
0.006172,14.976550,15.000000,1.000000
0.006174,15.003169,15.000000,1.000000
0.006176,15.029791,15.000000,1.000000
0.006178,15.056419,15.000000,1.000000
0.006180,15.083051,15.000000,1.000000
0.006182,15.109687,15.000000,1.000000
0.006184,15.136328,15.000000,1.000000
0.006186,15.162974,15.000000,1.000000
0.006188,15.189624,15.000000,1.000000
0.006190,15.216280,15.000000,1.000000
0.006192,15.242940,15.000000,1.000000
0.006194,15.269605,15.000000,1.000000
0.006196,15.296276,15.000000,1.000000
0.006198,15.322951,15.000000,1.000000
0.006200,15.304042,15.000000,1.000000
0.006202,15.285170,15.000000,1.000000
0.006204,15.266335,15.000000,1.000000
0.006206,15.247536,15.000000,1.000000
0.006208,15.228774,15.000000,1.000000
0.006210,15.210049,15.000000,1.000000
0.006212,15.191359,15.000000,1.000000
0.006214,15.172707,15.000000,1.000000
0.006216,15.154091,15.000000,1.000000
0.006218,15.135511,15.000000,1.000000
0.006220,15.116967,15.000000,1.000000
0.006222,15.098460,15.000000,1.000000
0.006224,15.079989,15.000000,1.000000
0.006226,15.061554,15.000000,1.000000
0.006228,15.043156,15.000000,1.000000
0.006230,15.024793,15.000000,1.000000
0.006232,15.006467,15.000000,1.000000
0.006234,14.988176,15.000000,1.000000
0.006236,14.969922,15.000000,1.000000
0.006238,14.951703,15.000000,1.000000
0.006240,14.933521,15.000000,1.000000
0.006242,14.915374,15.000000,1.000000
0.006244,14.897263,15.000000,1.000000
0.006246,14.879188,15.000000,1.000000
0.006248,14.861149,15.000000,1.000000
0.006250,14.843145,15.000000,1.000000
0.006252,14.825177,15.000000,1.000000
0.006254,14.807244,15.000000,1.000000
0.006256,14.789347,15.000000,1.000000
0.006258,14.771486,15.000000,1.000000
0.006260,14.753660,15.000000,1.000000
0.006262,14.735869,15.000000,1.000000
0.006264,14.718114,15.000000,1.000000
0.006266,14.700394,15.000000,1.000000
0.006268,14.682710,15.000000,1.000000
0.006270,14.665060,15.000000,1.000000
0.006272,14.647446,15.000000,1.000000
0.006274,14.629867,15.000000,1.000000
0.006276,14.612323,15.000000,1.000000
0.006278,14.594814,15.000000,1.000000
0.006280,14.577340,15.000000,1.000000
0.006282,14.559901,15.000000,1.000000
0.006284,14.542497,15.000000,1.000000
0.006286,14.525127,15.000000,1.000000
0.006288,14.507793,15.000000,1.000000
0.006290,14.490493,15.000000,1.000000
0.006292,14.473228,15.000000,1.000000
0.006294,14.455997,15.000000,1.000000
0.006296,14.438802,15.000000,1.000000
0.006298,14.421640,15.000000,1.000000
0.006300,14.446984,15.000000,1.000000
0.006302,14.472334,15.000000,1.000000
0.006304,14.497691,15.000000,1.000000
0.006306,14.523054,15.000000,1.000000
0.006308,14.548425,15.000000,1.000000
0.006310,14.573802,15.000000,1.000000
0.006312,14.599186,15.000000,1.000000
0.006314,14.624577,15.000000,1.000000
0.006316,14.649975,15.000000,1.000000
0.006318,14.675380,15.000000,1.000000
0.006320,14.700792,15.000000,1.000000
0.006322,14.726212,15.000000,1.000000
0.006324,14.751638,15.000000,1.000000
0.006326,14.777073,15.000000,1.000000
0.006328,14.802514,15.000000,1.000000
0.006330,14.827963,15.000000,1.000000
0.006332,14.853420,15.000000,1.000000
0.006334,14.878884,15.000000,1.000000
0.006336,14.904355,15.000000,1.000000
0.006338,14.929835,15.000000,1.000000
0.006340,14.955322,15.000000,1.000000
0.006342,14.980817,15.000000,1.000000
0.006344,15.006320,15.000000,1.000000
0.006346,15.031831,15.000000,1.000000
0.006348,15.057351,15.000000,1.000000
0.006350,15.082878,15.000000,1.000000
0.006352,15.108413,15.000000,1.000000
0.006354,15.133957,15.000000,1.000000
0.006356,15.159509,15.000000,1.000000
0.006358,15.185069,15.000000,1.000000
0.006360,15.210638,15.000000,1.000000
0.006362,15.236215,15.000000,1.000000
0.006364,15.261800,15.000000,1.000000
0.006366,15.287395,15.000000,1.000000
0.006368,15.312998,15.000000,1.000000
0.006370,15.338610,15.000000,1.000000
0.006372,15.364230,15.000000,1.000000
0.006374,15.389860,15.000000,1.000000
0.006376,15.415498,15.000000,1.000000
0.006378,15.441146,15.000000,1.000000
0.006380,15.466803,15.000000,1.000000
0.006382,15.492468,15.000000,1.000000
0.006384,15.518143,15.000000,1.000000
0.006386,15.543828,15.000000,1.000000
0.006388,15.569521,15.000000,1.000000
0.006390,15.595224,15.000000,1.000000
0.006392,15.620937,15.000000,1.000000
0.006394,15.646659,15.000000,1.000000
0.006396,15.672391,15.000000,1.000000
0.006398,15.698132,15.000000,1.000000
0.006400,15.679671,15.000000,1.000000
0.006402,15.661248,15.000000,1.000000
0.006404,15.642863,15.000000,1.000000
0.006406,15.624515,15.000000,1.000000
0.006408,15.606205,15.000000,1.000000
0.006410,15.587932,15.000000,1.000000
0.006412,15.569697,15.000000,1.000000
0.006414,15.551499,15.000000,1.000000
0.006416,15.533338,15.000000,1.000000
0.006418,15.515215,15.000000,1.000000
0.006420,15.497129,15.000000,1.000000
0.006422,15.479080,15.000000,1.000000
0.006424,15.461069,15.000000,1.000000
0.006426,15.443094,15.000000,1.000000
0.006428,15.425156,15.000000,1.000000
0.006430,15.407256,15.000000,1.000000
0.006432,15.389392,15.000000,1.000000
0.006434,15.371565,15.000000,1.000000
0.006436,15.353775,15.000000,1.000000
0.006438,15.336021,15.000000,1.000000
0.006440,15.318305,15.000000,1.000000
0.006442,15.300625,15.000000,1.000000
0.006444,15.282981,15.000000,1.000000
0.006446,15.265374,15.000000,1.000000
0.006448,15.247803,15.000000,1.000000
0.006450,15.230269,15.000000,1.000000
0.006452,15.212771,15.000000,1.000000
0.006454,15.195310,15.000000,1.000000
0.006456,15.177884,15.000000,1.000000
0.006458,15.160495,15.000000,1.000000
0.006460,15.143142,15.000000,1.000000
0.006462,15.125825,15.000000,1.000000
0.006464,15.108544,15.000000,1.000000
0.006466,15.091298,15.000000,1.000000
0.006468,15.074089,15.000000,1.000000
0.006470,15.056916,15.000000,1.000000
0.006472,15.039778,15.000000,1.000000
0.006474,15.022676,15.000000,1.000000
0.006476,15.005610,15.000000,1.000000
0.006478,14.988579,15.000000,1.000000
0.006480,14.971583,15.000000,1.000000
0.006482,14.954624,15.000000,1.000000
0.006484,14.937699,15.000000,1.000000
0.006486,14.920810,15.000000,1.000000
0.006488,14.903956,15.000000,1.000000
0.006490,14.887138,15.000000,1.000000
0.006492,14.870354,15.000000,1.000000
0.006494,14.853606,15.000000,1.000000
0.006496,14.836893,15.000000,1.000000
0.006498,14.820214,15.000000,1.000000
0.006500,14.803571,15.000000,1.000000
0.006502,14.786962,15.000000,1.000000
0.006504,14.770389,15.000000,1.000000
0.006506,14.753850,15.000000,1.000000
0.006508,14.737346,15.000000,1.000000
0.006510,14.720876,15.000000,1.000000
0.006512,14.704441,15.000000,1.000000
0.006514,14.688040,15.000000,1.000000
0.006516,14.671674,15.000000,1.000000
0.006518,14.655343,15.000000,1.000000
0.006520,14.639045,15.000000,1.000000
0.006522,14.622782,15.000000,1.000000
0.006524,14.606554,15.000000,1.000000
0.006526,14.590359,15.000000,1.000000
0.006528,14.574198,15.000000,1.000000
0.006530,14.558072,15.000000,1.000000
0.006532,14.541979,15.000000,1.000000
0.006534,14.525921,15.000000,1.000000
0.006536,14.509896,15.000000,1.000000
0.006538,14.493905,15.000000,1.000000
0.006540,14.477948,15.000000,1.000000
0.006542,14.462024,15.000000,1.000000
0.006544,14.446134,15.000000,1.000000
0.006546,14.430278,15.000000,1.000000
0.006548,14.414455,15.000000,1.000000
0.006550,14.398665,15.000000,1.000000
0.006552,14.382909,15.000000,1.000000
0.006554,14.367186,15.000000,1.000000
0.006556,14.351497,15.000000,1.000000
0.006558,14.335840,15.000000,1.000000
0.006560,14.320217,15.000000,1.000000
0.006562,14.304627,15.000000,1.000000
0.006564,14.289070,15.000000,1.000000
0.006566,14.273546,15.000000,1.000000
0.006568,14.258054,15.000000,1.000000
0.006570,14.242596,15.000000,1.000000
0.006572,14.227170,15.000000,1.000000
0.006574,14.211777,15.000000,1.000000
0.006576,14.196417,15.000000,1.000000
0.006578,14.181089,15.000000,1.000000
0.006580,14.165794,15.000000,1.000000
0.006582,14.150531,15.000000,1.000000
0.006584,14.135301,15.000000,1.000000
0.006586,14.120103,15.000000,1.000000
0.006588,14.104937,15.000000,1.000000
0.006590,14.089804,15.000000,1.000000
0.006592,14.074702,15.000000,1.000000
0.006594,14.059633,15.000000,1.000000
0.006596,14.044596,15.000000,1.000000
0.006598,14.029591,15.000000,1.000000
0.006600,14.053206,15.000000,1.000000
0.006602,14.076833,15.000000,1.000000
0.006604,14.100472,15.000000,1.000000
0.006606,14.124124,15.000000,1.000000
0.006608,14.147788,15.000000,1.000000
0.006610,14.171465,15.000000,1.000000
0.006612,14.195154,15.000000,1.000000
0.006614,14.218856,15.000000,1.000000
0.006616,14.242571,15.000000,1.000000
0.006618,14.266298,15.000000,1.000000
0.006620,14.290039,15.000000,1.000000
0.006622,14.313792,15.000000,1.000000
0.006624,14.337558,15.000000,1.000000
0.006626,14.361337,15.000000,1.000000
0.006628,14.385130,15.000000,1.000000
0.006630,14.408935,15.000000,1.000000
0.006632,14.432754,15.000000,1.000000
0.006634,14.456587,15.000000,1.000000
0.006636,14.480432,15.000000,1.000000
0.006638,14.504291,15.000000,1.000000
0.006640,14.528164,15.000000,1.000000
0.006642,14.552051,15.000000,1.000000
0.006644,14.575951,15.000000,1.000000
0.006646,14.599865,15.000000,1.000000
0.006648,14.623792,15.000000,1.000000
0.006650,14.647734,15.000000,1.000000
0.006652,14.671690,15.000000,1.000000
0.006654,14.695660,15.000000,1.000000
0.006656,14.719644,15.000000,1.000000
0.006658,14.743642,15.000000,1.000000
0.006660,14.767655,15.000000,1.000000
0.006662,14.791681,15.000000,1.000000
0.006664,14.815723,15.000000,1.000000
0.006666,14.839779,15.000000,1.000000
0.006668,14.863849,15.000000,1.000000
0.006670,14.887934,15.000000,1.000000
0.006672,14.912034,15.000000,1.000000
0.006674,14.936149,15.000000,1.000000
0.006676,14.960279,15.000000,1.000000
0.006678,14.984424,15.000000,1.000000
0.006680,15.008583,15.000000,1.000000
0.006682,15.032758,15.000000,1.000000
0.006684,15.056948,15.000000,1.000000
0.006686,15.081154,15.000000,1.000000
0.006688,15.105374,15.000000,1.000000
0.006690,15.129611,15.000000,1.000000
0.006692,15.153862,15.000000,1.000000
0.006694,15.178129,15.000000,1.000000
0.006696,15.202412,15.000000,1.000000
0.006698,15.226711,15.000000,1.000000
0.006700,15.210731,15.000000,1.000000
0.006702,15.194785,15.000000,1.000000
0.006704,15.178873,15.000000,1.000000
0.006706,15.162996,15.000000,1.000000
0.006708,15.147153,15.000000,1.000000
0.006710,15.131344,15.000000,1.000000
0.006712,15.115570,15.000000,1.000000
0.006714,15.099829,15.000000,1.000000
0.006716,15.084122,15.000000,1.000000
0.006718,15.068450,15.000000,1.000000
0.006720,15.052811,15.000000,1.000000
0.006722,15.037206,15.000000,1.000000
0.006724,15.021634,15.000000,1.000000
0.006726,15.006096,15.000000,1.000000
0.006728,14.990592,15.000000,1.000000
0.006730,14.975122,15.000000,1.000000
0.006732,14.959684,15.000000,1.000000
0.006734,14.944281,15.000000,1.000000
0.006736,14.928910,15.000000,1.000000
0.006738,14.913573,15.000000,1.000000
0.006740,14.898269,15.000000,1.000000
0.006742,14.882998,15.000000,1.000000
0.006744,14.867760,15.000000,1.000000
0.006746,14.852555,15.000000,1.000000
0.006748,14.837383,15.000000,1.000000
0.006750,14.822244,15.000000,1.000000
0.006752,14.807138,15.000000,1.000000
0.006754,14.792064,15.000000,1.000000
0.006756,14.777023,15.000000,1.000000
0.006758,14.762015,15.000000,1.000000
0.006760,14.747039,15.000000,1.000000
0.006762,14.732096,15.000000,1.000000
0.006764,14.717185,15.000000,1.000000
0.006766,14.702306,15.000000,1.000000
0.006768,14.687460,15.000000,1.000000
0.006770,14.672646,15.000000,1.000000
0.006772,14.657864,15.000000,1.000000
0.006774,14.643114,15.000000,1.000000
0.006776,14.628396,15.000000,1.000000
0.006778,14.613711,15.000000,1.000000
0.006780,14.599057,15.000000,1.000000
0.006782,14.584434,15.000000,1.000000
0.006784,14.569844,15.000000,1.000000
0.006786,14.555285,15.000000,1.000000
0.006788,14.540758,15.000000,1.000000
0.006790,14.526262,15.000000,1.000000
0.006792,14.511798,15.000000,1.000000
0.006794,14.497366,15.000000,1.000000
0.006796,14.482965,15.000000,1.000000
0.006798,14.468595,15.000000,1.000000
0.006800,14.492063,15.000000,1.000000
0.006802,14.515548,15.000000,1.000000
0.006804,14.539051,15.000000,1.000000
0.006806,14.562570,15.000000,1.000000
0.006808,14.586106,15.000000,1.000000
0.006810,14.609659,15.000000,1.000000
0.006812,14.633230,15.000000,1.000000
0.006814,14.656818,15.000000,1.000000
0.006816,14.680423,15.000000,1.000000
0.006818,14.704045,15.000000,1.000000
0.006820,14.727685,15.000000,1.000000
0.006822,14.751343,15.000000,1.000000
0.006824,14.775019,15.000000,1.000000
0.006826,14.798712,15.000000,1.000000
0.006828,14.822423,15.000000,1.000000
0.006830,14.846152,15.000000,1.000000
0.006832,14.869898,15.000000,1.000000
0.006834,14.893663,15.000000,1.000000
0.006836,14.917446,15.000000,1.000000
0.006838,14.941248,15.000000,1.000000
0.006840,14.965067,15.000000,1.000000
0.006842,14.988905,15.000000,1.000000
0.006844,15.012762,15.000000,1.000000
0.006846,15.036637,15.000000,1.000000
0.006848,15.060530,15.000000,1.000000
0.006850,15.084443,15.000000,1.000000
0.006852,15.108374,15.000000,1.000000
0.006854,15.132324,15.000000,1.000000
0.006856,15.156293,15.000000,1.000000
0.006858,15.180281,15.000000,1.000000
0.006860,15.204288,15.000000,1.000000
0.006862,15.228314,15.000000,1.000000
0.006864,15.252359,15.000000,1.000000
0.006866,15.276424,15.000000,1.000000
0.006868,15.300509,15.000000,1.000000
0.006870,15.324612,15.000000,1.000000
0.006872,15.348736,15.000000,1.000000
0.006874,15.372879,15.000000,1.000000
0.006876,15.397042,15.000000,1.000000
0.006878,15.421224,15.000000,1.000000
0.006880,15.445427,15.000000,1.000000
0.006882,15.469650,15.000000,1.000000
0.006884,15.493892,15.000000,1.000000
0.006886,15.518155,15.000000,1.000000
0.006888,15.542438,15.000000,1.000000
0.006890,15.566742,15.000000,1.000000
0.006892,15.591066,15.000000,1.000000
0.006894,15.615410,15.000000,1.000000
0.006896,15.639775,15.000000,1.000000
0.006898,15.664161,15.000000,1.000000
0.006900,15.648963,15.000000,1.000000
0.006902,15.633798,15.000000,1.000000
0.006904,15.618667,15.000000,1.000000
0.006906,15.603569,15.000000,1.000000
0.006908,15.588504,15.000000,1.000000
0.006910,15.573472,15.000000,1.000000
0.006912,15.558473,15.000000,1.000000
0.006914,15.543508,15.000000,1.000000
0.006916,15.528574,15.000000,1.000000
0.006918,15.513674,15.000000,1.000000
0.006920,15.498807,15.000000,1.000000
0.006922,15.483972,15.000000,1.000000
0.006924,15.469170,15.000000,1.000000
0.006926,15.454400,15.000000,1.000000
0.006928,15.439663,15.000000,1.000000
0.006930,15.424958,15.000000,1.000000
0.006932,15.410285,15.000000,1.000000
0.006934,15.395645,15.000000,1.000000
0.006936,15.381037,15.000000,1.000000
0.006938,15.366461,15.000000,1.000000
0.006940,15.351917,15.000000,1.000000
0.006942,15.337405,15.000000,1.000000
0.006944,15.322924,15.000000,1.000000
0.006946,15.308476,15.000000,1.000000
0.006948,15.294060,15.000000,1.000000
0.006950,15.279675,15.000000,1.000000
0.006952,15.265322,15.000000,1.000000
0.006954,15.251000,15.000000,1.000000
0.006956,15.236710,15.000000,1.000000
0.006958,15.222452,15.000000,1.000000
0.006960,15.208224,15.000000,1.000000
0.006962,15.194029,15.000000,1.000000
0.006964,15.179864,15.000000,1.000000
0.006966,15.165730,15.000000,1.000000
0.006968,15.151628,15.000000,1.000000
0.006970,15.137557,15.000000,1.000000
0.006972,15.123516,15.000000,1.000000
0.006974,15.109507,15.000000,1.000000
0.006976,15.095528,15.000000,1.000000
0.006978,15.081580,15.000000,1.000000
0.006980,15.067663,15.000000,1.000000
0.006982,15.053776,15.000000,1.000000
0.006984,15.039920,15.000000,1.000000
0.006986,15.026095,15.000000,1.000000
0.006988,15.012300,15.000000,1.000000
0.006990,14.998535,15.000000,1.000000
0.006992,14.984801,15.000000,1.000000
0.006994,14.971097,15.000000,1.000000
0.006996,14.957423,15.000000,1.000000
0.006998,14.943779,15.000000,1.000000
0.007000,14.930165,15.000000,1.000000
0.007002,14.916582,15.000000,1.000000
0.007004,14.903028,15.000000,1.000000
0.007006,14.889504,15.000000,1.000000
0.007008,14.876010,15.000000,1.000000
0.007010,14.862545,15.000000,1.000000
0.007012,14.849110,15.000000,1.000000
0.007014,14.835705,15.000000,1.000000
0.007016,14.822329,15.000000,1.000000
0.007018,14.808983,15.000000,1.000000
0.007020,14.795666,15.000000,1.000000
0.007022,14.782379,15.000000,1.000000
0.007024,14.769120,15.000000,1.000000
0.007026,14.755891,15.000000,1.000000
0.007028,14.742691,15.000000,1.000000
0.007030,14.729521,15.000000,1.000000
0.007032,14.716379,15.000000,1.000000
0.007034,14.703266,15.000000,1.000000
0.007036,14.690182,15.000000,1.000000
0.007038,14.677127,15.000000,1.000000
0.007040,14.664100,15.000000,1.000000
0.007042,14.651103,15.000000,1.000000
0.007044,14.638133,15.000000,1.000000
0.007046,14.625193,15.000000,1.000000
0.007048,14.612281,15.000000,1.000000
0.007050,14.599397,15.000000,1.000000
0.007052,14.586542,15.000000,1.000000
0.007054,14.573715,15.000000,1.000000
0.007056,14.560917,15.000000,1.000000
0.007058,14.548146,15.000000,1.000000
0.007060,14.535404,15.000000,1.000000
0.007062,14.522690,15.000000,1.000000
0.007064,14.510003,15.000000,1.000000
0.007066,14.497345,15.000000,1.000000
0.007068,14.484715,15.000000,1.000000
0.007070,14.472112,15.000000,1.000000
0.007072,14.459537,15.000000,1.000000
0.007074,14.446990,15.000000,1.000000
0.007076,14.434471,15.000000,1.000000
0.007078,14.421979,15.000000,1.000000
0.007080,14.409514,15.000000,1.000000
0.007082,14.397077,15.000000,1.000000
0.007084,14.384668,15.000000,1.000000
0.007086,14.372285,15.000000,1.000000
0.007088,14.359930,15.000000,1.000000
0.007090,14.347603,15.000000,1.000000
0.007092,14.335302,15.000000,1.000000
0.007094,14.323028,15.000000,1.000000
0.007096,14.310782,15.000000,1.000000
0.007098,14.298562,15.000000,1.000000
0.007100,14.321620,15.000000,1.000000
0.007102,14.344701,15.000000,1.000000
0.007104,14.367803,15.000000,1.000000
0.007106,14.390928,15.000000,1.000000
0.007108,14.414075,15.000000,1.000000
0.007110,14.437245,15.000000,1.000000
0.007112,14.460437,15.000000,1.000000
0.007114,14.483653,15.000000,1.000000
0.007116,14.506890,15.000000,1.000000
0.007118,14.530151,15.000000,1.000000
0.007120,14.553435,15.000000,1.000000
0.007122,14.576741,15.000000,1.000000
0.007124,14.600071,15.000000,1.000000
0.007126,14.623424,15.000000,1.000000
0.007128,14.646800,15.000000,1.000000
0.007130,14.670200,15.000000,1.000000
0.007132,14.693623,15.000000,1.000000
0.007134,14.717069,15.000000,1.000000
0.007136,14.740540,15.000000,1.000000
0.007138,14.764034,15.000000,1.000000
0.007140,14.787551,15.000000,1.000000
0.007142,14.811093,15.000000,1.000000
0.007144,14.834658,15.000000,1.000000
0.007146,14.858248,15.000000,1.000000
0.007148,14.881861,15.000000,1.000000
0.007150,14.905499,15.000000,1.000000
0.007152,14.929162,15.000000,1.000000
0.007154,14.952848,15.000000,1.000000
0.007156,14.976559,15.000000,1.000000
0.007158,15.000295,15.000000,1.000000
0.007160,15.024055,15.000000,1.000000
0.007162,15.047841,15.000000,1.000000
0.007164,15.071650,15.000000,1.000000
0.007166,15.095485,15.000000,1.000000
0.007168,15.119345,15.000000,1.000000
0.007170,15.143230,15.000000,1.000000
0.007172,15.167140,15.000000,1.000000
0.007174,15.191076,15.000000,1.000000
0.007176,15.215037,15.000000,1.000000
0.007178,15.239023,15.000000,1.000000
0.007180,15.263035,15.000000,1.000000
0.007182,15.287072,15.000000,1.000000
0.007184,15.311136,15.000000,1.000000
0.007186,15.335225,15.000000,1.000000
0.007188,15.359340,15.000000,1.000000
0.007190,15.383481,15.000000,1.000000
0.007192,15.407648,15.000000,1.000000
0.007194,15.431841,15.000000,1.000000
0.007196,15.456061,15.000000,1.000000
0.007198,15.480307,15.000000,1.000000
0.007200,15.467457,15.000000,1.000000
0.007202,15.454636,15.000000,1.000000
0.007204,15.441843,15.000000,1.000000
0.007206,15.429079,15.000000,1.000000
0.007208,15.416343,15.000000,1.000000
0.007210,15.403635,15.000000,1.000000
0.007212,15.390955,15.000000,1.000000
0.007214,15.378303,15.000000,1.000000
0.007216,15.365680,15.000000,1.000000
0.007218,15.353084,15.000000,1.000000
0.007220,15.340516,15.000000,1.000000
0.007222,15.327976,15.000000,1.000000
0.007224,15.315464,15.000000,1.000000
0.007226,15.302980,15.000000,1.000000
0.007228,15.290523,15.000000,1.000000
0.007230,15.278094,15.000000,1.000000
0.007232,15.265692,15.000000,1.000000
0.007234,15.253318,15.000000,1.000000
0.007236,15.240971,15.000000,1.000000
0.007238,15.228652,15.000000,1.000000
0.007240,15.216360,15.000000,1.000000
0.007242,15.204095,15.000000,1.000000
0.007244,15.191857,15.000000,1.000000
0.007246,15.179646,15.000000,1.000000
0.007248,15.167462,15.000000,1.000000
0.007250,15.155306,15.000000,1.000000
0.007252,15.143176,15.000000,1.000000
0.007254,15.131073,15.000000,1.000000
0.007256,15.118997,15.000000,1.000000
0.007258,15.106947,15.000000,1.000000
0.007260,15.094924,15.000000,1.000000
0.007262,15.082928,15.000000,1.000000
0.007264,15.070959,15.000000,1.000000
0.007266,15.059015,15.000000,1.000000
0.007268,15.047099,15.000000,1.000000
0.007270,15.035208,15.000000,1.000000
0.007272,15.023344,15.000000,1.000000
0.007274,15.011506,15.000000,1.000000
0.007276,14.999695,15.000000,1.000000
0.007278,14.987909,15.000000,1.000000
0.007280,14.976150,15.000000,1.000000
0.007282,14.964416,15.000000,1.000000
0.007284,14.952709,15.000000,1.000000
0.007286,14.941027,15.000000,1.000000
0.007288,14.929371,15.000000,1.000000
0.007290,14.917741,15.000000,1.000000
0.007292,14.906137,15.000000,1.000000
0.007294,14.894558,15.000000,1.000000
0.007296,14.883005,15.000000,1.000000
0.007298,14.871477,15.000000,1.000000
0.007300,14.859975,15.000000,1.000000
0.007302,14.848498,15.000000,1.000000
0.007304,14.837047,15.000000,1.000000
0.007306,14.825621,15.000000,1.000000
0.007308,14.814220,15.000000,1.000000
0.007310,14.802844,15.000000,1.000000
0.007312,14.791494,15.000000,1.000000
0.007314,14.780168,15.000000,1.000000
0.007316,14.768868,15.000000,1.000000
0.007318,14.757592,15.000000,1.000000
0.007320,14.746342,15.000000,1.000000
0.007322,14.735116,15.000000,1.000000
0.007324,14.723915,15.000000,1.000000
0.007326,14.712739,15.000000,1.000000
0.007328,14.701587,15.000000,1.000000
0.007330,14.690460,15.000000,1.000000
0.007332,14.679357,15.000000,1.000000
0.007334,14.668279,15.000000,1.000000
0.007336,14.657226,15.000000,1.000000
0.007338,14.646197,15.000000,1.000000
0.007340,14.635192,15.000000,1.000000
0.007342,14.624211,15.000000,1.000000
0.007344,14.613255,15.000000,1.000000
0.007346,14.602323,15.000000,1.000000
0.007348,14.591414,15.000000,1.000000
0.007350,14.580530,15.000000,1.000000
0.007352,14.569670,15.000000,1.000000
0.007354,14.558834,15.000000,1.000000
0.007356,14.548022,15.000000,1.000000
0.007358,14.537233,15.000000,1.000000
0.007360,14.526469,15.000000,1.000000
0.007362,14.515728,15.000000,1.000000
0.007364,14.505011,15.000000,1.000000
0.007366,14.494317,15.000000,1.000000
0.007368,14.483647,15.000000,1.000000
0.007370,14.473000,15.000000,1.000000
0.007372,14.462377,15.000000,1.000000
0.007374,14.451777,15.000000,1.000000
0.007376,14.441201,15.000000,1.000000
0.007378,14.430647,15.000000,1.000000
0.007380,14.420117,15.000000,1.000000
0.007382,14.409611,15.000000,1.000000
0.007384,14.399127,15.000000,1.000000
0.007386,14.388666,15.000000,1.000000
0.007388,14.378229,15.000000,1.000000
0.007390,14.367814,15.000000,1.000000
0.007392,14.357422,15.000000,1.000000
0.007394,14.347053,15.000000,1.000000
0.007396,14.336707,15.000000,1.000000
0.007398,14.326384,15.000000,1.000000
0.007400,14.349634,15.000000,1.000000
0.007402,14.372911,15.000000,1.000000
0.007404,14.396216,15.000000,1.000000
0.007406,14.419548,15.000000,1.000000
0.007408,14.442907,15.000000,1.000000
0.007410,14.466295,15.000000,1.000000
0.007412,14.489710,15.000000,1.000000
0.007414,14.513153,15.000000,1.000000
0.007416,14.536624,15.000000,1.000000
0.007418,14.560124,15.000000,1.000000
0.007420,14.583651,15.000000,1.000000
0.007422,14.607207,15.000000,1.000000
0.007424,14.630790,15.000000,1.000000
0.007426,14.654403,15.000000,1.000000
0.007428,14.678044,15.000000,1.000000
0.007430,14.701713,15.000000,1.000000
0.007432,14.725412,15.000000,1.000000
0.007434,14.749139,15.000000,1.000000
0.007436,14.772895,15.000000,1.000000
0.007438,14.796680,15.000000,1.000000
0.007440,14.820494,15.000000,1.000000
0.007442,14.844337,15.000000,1.000000
0.007444,14.868209,15.000000,1.000000
0.007446,14.892111,15.000000,1.000000
0.007448,14.916043,15.000000,1.000000
0.007450,14.940004,15.000000,1.000000
0.007452,14.963994,15.000000,1.000000
0.007454,14.988015,15.000000,1.000000
0.007456,15.012065,15.000000,1.000000
0.007458,15.036145,15.000000,1.000000
0.007460,15.060255,15.000000,1.000000
0.007462,15.084396,15.000000,1.000000
0.007464,15.108566,15.000000,1.000000
0.007466,15.132767,15.000000,1.000000
0.007468,15.156999,15.000000,1.000000
0.007470,15.181261,15.000000,1.000000
0.007472,15.205553,15.000000,1.000000
0.007474,15.229877,15.000000,1.000000
0.007476,15.254231,15.000000,1.000000
0.007478,15.278616,15.000000,1.000000
0.007480,15.303032,15.000000,1.000000
0.007482,15.327479,15.000000,1.000000
0.007484,15.351957,15.000000,1.000000
0.007486,15.376467,15.000000,1.000000
0.007488,15.401008,15.000000,1.000000
0.007490,15.425581,15.000000,1.000000
0.007492,15.450185,15.000000,1.000000
0.007494,15.474821,15.000000,1.000000
0.007496,15.499489,15.000000,1.000000
0.007498,15.524188,15.000000,1.000000
0.007500,15.513375,15.000000,1.000000
0.007502,15.502585,15.000000,1.000000
0.007504,15.491818,15.000000,1.000000
0.007506,15.481076,15.000000,1.000000
0.007508,15.470358,15.000000,1.000000
0.007510,15.459663,15.000000,1.000000
0.007512,15.448991,15.000000,1.000000
0.007514,15.438343,15.000000,1.000000
0.007516,15.427719,15.000000,1.000000
0.007518,15.417118,15.000000,1.000000
0.007520,15.406541,15.000000,1.000000
0.007522,15.395986,15.000000,1.000000
0.007524,15.385455,15.000000,1.000000
0.007526,15.374948,15.000000,1.000000
0.007528,15.364463,15.000000,1.000000
0.007530,15.354002,15.000000,1.000000
0.007532,15.343564,15.000000,1.000000
0.007534,15.333148,15.000000,1.000000
0.007536,15.322756,15.000000,1.000000
0.007538,15.312386,15.000000,1.000000
0.007540,15.302040,15.000000,1.000000
0.007542,15.291716,15.000000,1.000000
0.007544,15.281415,15.000000,1.000000
0.007546,15.271136,15.000000,1.000000
0.007548,15.260881,15.000000,1.000000
0.007550,15.250647,15.000000,1.000000
0.007552,15.240437,15.000000,1.000000
0.007554,15.230248,15.000000,1.000000
0.007556,15.220083,15.000000,1.000000
0.007558,15.209939,15.000000,1.000000
0.007560,15.199818,15.000000,1.000000
0.007562,15.189719,15.000000,1.000000
0.007564,15.179643,15.000000,1.000000
0.007566,15.169588,15.000000,1.000000
0.007568,15.159556,15.000000,1.000000
0.007570,15.149546,15.000000,1.000000
0.007572,15.139558,15.000000,1.000000
0.007574,15.129591,15.000000,1.000000
0.007576,15.119647,15.000000,1.000000
0.007578,15.109725,15.000000,1.000000
0.007580,15.099824,15.000000,1.000000
0.007582,15.089945,15.000000,1.000000
0.007584,15.080088,15.000000,1.000000
0.007586,15.070252,15.000000,1.000000
0.007588,15.060438,15.000000,1.000000
0.007590,15.050646,15.000000,1.000000
0.007592,15.040875,15.000000,1.000000
0.007594,15.031125,15.000000,1.000000
0.007596,15.021397,15.000000,1.000000
0.007598,15.011691,15.000000,1.000000
0.007600,15.002005,15.000000,1.000000
0.007602,14.992341,15.000000,1.000000
0.007604,14.982698,15.000000,1.000000
0.007606,14.973076,15.000000,1.000000
0.007608,14.963476,15.000000,1.000000
0.007610,14.953896,15.000000,1.000000
0.007612,14.944338,15.000000,1.000000
0.007614,14.934800,15.000000,1.000000
0.007616,14.925283,15.000000,1.000000
0.007618,14.915787,15.000000,1.000000
0.007620,14.906312,15.000000,1.000000
0.007622,14.896858,15.000000,1.000000
0.007624,14.887425,15.000000,1.000000
0.007626,14.878012,15.000000,1.000000
0.007628,14.868619,15.000000,1.000000
0.007630,14.859248,15.000000,1.000000
0.007632,14.849897,15.000000,1.000000
0.007634,14.840566,15.000000,1.000000
0.007636,14.831256,15.000000,1.000000
0.007638,14.821966,15.000000,1.000000
0.007640,14.812696,15.000000,1.000000
0.007642,14.803447,15.000000,1.000000
0.007644,14.794218,15.000000,1.000000
0.007646,14.785009,15.000000,1.000000
0.007648,14.775821,15.000000,1.000000
0.007650,14.766652,15.000000,1.000000
0.007652,14.757504,15.000000,1.000000
0.007654,14.748375,15.000000,1.000000
0.007656,14.739267,15.000000,1.000000
0.007658,14.730178,15.000000,1.000000
0.007660,14.721109,15.000000,1.000000
0.007662,14.712060,15.000000,1.000000
0.007664,14.703031,15.000000,1.000000
0.007666,14.694022,15.000000,1.000000
0.007668,14.685032,15.000000,1.000000
0.007670,14.676062,15.000000,1.000000
0.007672,14.667112,15.000000,1.000000
0.007674,14.658181,15.000000,1.000000
0.007676,14.649269,15.000000,1.000000
0.007678,14.640377,15.000000,1.000000
0.007680,14.631505,15.000000,1.000000
0.007682,14.622652,15.000000,1.000000
0.007684,14.613818,15.000000,1.000000
0.007686,14.605003,15.000000,1.000000
0.007688,14.596208,15.000000,1.000000
0.007690,14.587432,15.000000,1.000000
0.007692,14.578674,15.000000,1.000000
0.007694,14.569937,15.000000,1.000000
0.007696,14.561218,15.000000,1.000000
0.007698,14.552518,15.000000,1.000000
0.007700,14.576460,15.000000,1.000000
0.007702,14.600434,15.000000,1.000000
0.007704,14.624441,15.000000,1.000000
0.007706,14.648481,15.000000,1.000000
0.007708,14.672553,15.000000,1.000000
0.007710,14.696659,15.000000,1.000000
0.007712,14.720797,15.000000,1.000000
0.007714,14.744969,15.000000,1.000000
0.007716,14.769174,15.000000,1.000000
0.007718,14.793412,15.000000,1.000000
0.007720,14.817684,15.000000,1.000000
0.007722,14.841989,15.000000,1.000000
0.007724,14.866327,15.000000,1.000000
0.007726,14.890700,15.000000,1.000000
0.007728,14.915106,15.000000,1.000000
0.007730,14.939546,15.000000,1.000000
0.007732,14.964021,15.000000,1.000000
0.007734,14.988529,15.000000,1.000000
0.007736,15.013072,15.000000,1.000000
0.007738,15.037649,15.000000,1.000000
0.007740,15.062260,15.000000,1.000000
0.007742,15.086906,15.000000,1.000000
0.007744,15.111587,15.000000,1.000000
0.007746,15.136302,15.000000,1.000000
0.007748,15.161053,15.000000,1.000000
0.007750,15.185838,15.000000,1.000000
0.007752,15.210658,15.000000,1.000000
0.007754,15.235514,15.000000,1.000000
0.007756,15.260405,15.000000,1.000000
0.007758,15.285331,15.000000,1.000000
0.007760,15.310293,15.000000,1.000000
0.007762,15.335290,15.000000,1.000000
0.007764,15.360324,15.000000,1.000000
0.007766,15.385392,15.000000,1.000000
0.007768,15.410497,15.000000,1.000000
0.007770,15.435638,15.000000,1.000000
0.007772,15.460815,15.000000,1.000000
0.007774,15.486029,15.000000,1.000000
0.007776,15.511278,15.000000,1.000000
0.007778,15.536564,15.000000,1.000000
0.007780,15.561887,15.000000,1.000000
0.007782,15.587247,15.000000,1.000000
0.007784,15.612643,15.000000,1.000000
0.007786,15.638076,15.000000,1.000000
0.007788,15.663546,15.000000,1.000000
0.007790,15.689054,15.000000,1.000000
0.007792,15.714598,15.000000,1.000000
0.007794,15.740180,15.000000,1.000000
0.007796,15.765799,15.000000,1.000000
0.007798,15.791456,15.000000,1.000000
0.007800,15.782364,15.000000,1.000000
0.007802,15.773291,15.000000,1.000000
0.007804,15.764238,15.000000,1.000000
0.007806,15.755205,15.000000,1.000000
0.007808,15.746191,15.000000,1.000000
0.007810,15.737197,15.000000,1.000000
0.007812,15.728223,15.000000,1.000000
0.007814,15.719269,15.000000,1.000000
0.007816,15.710334,15.000000,1.000000
0.007818,15.701418,15.000000,1.000000
0.007820,15.692522,15.000000,1.000000
0.007822,15.683646,15.000000,1.000000
0.007824,15.674788,15.000000,1.000000
0.007826,15.665951,15.000000,1.000000
0.007828,15.657132,15.000000,1.000000
0.007830,15.648333,15.000000,1.000000
0.007832,15.639552,15.000000,1.000000
0.007834,15.630791,15.000000,1.000000
0.007836,15.622050,15.000000,1.000000
0.007838,15.613327,15.000000,1.000000
0.007840,15.604623,15.000000,1.000000
0.007842,15.595938,15.000000,1.000000
0.007844,15.587272,15.000000,1.000000
0.007846,15.578625,15.000000,1.000000
0.007848,15.569997,15.000000,1.000000
0.007850,15.561387,15.000000,1.000000
0.007852,15.552797,15.000000,1.000000
0.007854,15.544225,15.000000,1.000000
0.007856,15.535671,15.000000,1.000000
0.007858,15.527137,15.000000,1.000000
0.007860,15.518621,15.000000,1.000000
0.007862,15.510123,15.000000,1.000000
0.007864,15.501644,15.000000,1.000000
0.007866,15.493183,15.000000,1.000000
0.007868,15.484741,15.000000,1.000000
0.007870,15.476317,15.000000,1.000000
0.007872,15.467912,15.000000,1.000000
0.007874,15.459525,15.000000,1.000000
0.007876,15.451156,15.000000,1.000000
0.007878,15.442805,15.000000,1.000000
0.007880,15.434472,15.000000,1.000000
0.007882,15.426158,15.000000,1.000000
0.007884,15.417861,15.000000,1.000000
0.007886,15.409583,15.000000,1.000000
0.007888,15.401322,15.000000,1.000000
0.007890,15.393080,15.000000,1.000000
0.007892,15.384855,15.000000,1.000000
0.007894,15.376649,15.000000,1.000000
0.007896,15.368460,15.000000,1.000000
0.007898,15.360288,15.000000,1.000000
0.007900,15.352135,15.000000,1.000000
0.007902,15.343999,15.000000,1.000000
0.007904,15.335881,15.000000,1.000000
0.007906,15.327781,15.000000,1.000000
0.007908,15.319698,15.000000,1.000000
0.007910,15.311633,15.000000,1.000000
0.007912,15.303585,15.000000,1.000000
0.007914,15.295555,15.000000,1.000000
0.007916,15.287542,15.000000,1.000000
0.007918,15.279546,15.000000,1.000000
0.007920,15.271568,15.000000,1.000000
0.007922,15.263607,15.000000,1.000000
0.007924,15.255663,15.000000,1.000000
0.007926,15.247737,15.000000,1.000000
0.007928,15.239827,15.000000,1.000000
0.007930,15.231935,15.000000,1.000000
0.007932,15.224060,15.000000,1.000000
0.007934,15.216202,15.000000,1.000000
0.007936,15.208361,15.000000,1.000000
0.007938,15.200537,15.000000,1.000000
0.007940,15.192730,15.000000,1.000000
0.007942,15.184940,15.000000,1.000000
0.007944,15.177166,15.000000,1.000000
0.007946,15.169410,15.000000,1.000000
0.007948,15.161670,15.000000,1.000000
0.007950,15.153947,15.000000,1.000000
0.007952,15.146241,15.000000,1.000000
0.007954,15.138551,15.000000,1.000000
0.007956,15.130878,15.000000,1.000000
0.007958,15.123222,15.000000,1.000000
0.007960,15.115582,15.000000,1.000000
0.007962,15.107958,15.000000,1.000000
0.007964,15.100351,15.000000,1.000000
0.007966,15.092761,15.000000,1.000000
0.007968,15.085187,15.000000,1.000000
0.007970,15.077629,15.000000,1.000000
0.007972,15.070088,15.000000,1.000000
0.007974,15.062563,15.000000,1.000000
0.007976,15.055054,15.000000,1.000000
0.007978,15.047561,15.000000,1.000000
0.007980,15.040085,15.000000,1.000000
0.007982,15.032625,15.000000,1.000000
0.007984,15.025180,15.000000,1.000000
0.007986,15.017752,15.000000,1.000000
0.007988,15.010340,15.000000,1.000000
0.007990,15.002944,15.000000,1.000000
0.007992,14.995564,15.000000,1.000000
0.007994,14.988200,15.000000,1.000000
0.007996,14.980851,15.000000,1.000000
0.007998,14.973519,15.000000,1.000000
0.008000,14.966202,15.000000,1.000000
0.008002,14.958901,15.000000,1.000000
0.008004,14.951616,15.000000,1.000000
0.008006,14.944346,15.000000,1.000000
0.008008,14.937092,15.000000,1.000000
0.008010,14.929854,15.000000,1.000000
0.008012,14.922632,15.000000,1.000000
0.008014,14.915424,15.000000,1.000000
0.008016,14.908233,15.000000,1.000000
0.008018,14.901057,15.000000,1.000000
0.008020,14.893896,15.000000,1.000000
0.008022,14.886751,15.000000,1.000000
0.008024,14.879621,15.000000,1.000000
0.008026,14.872506,15.000000,1.000000
0.008028,14.865407,15.000000,1.000000
0.008030,14.858323,15.000000,1.000000
0.008032,14.851255,15.000000,1.000000
0.008034,14.844201,15.000000,1.000000
0.008036,14.837163,15.000000,1.000000
0.008038,14.830140,15.000000,1.000000
0.008040,14.823131,15.000000,1.000000
0.008042,14.816138,15.000000,1.000000
0.008044,14.809160,15.000000,1.000000
0.008046,14.802197,15.000000,1.000000
0.008048,14.795249,15.000000,1.000000
0.008050,14.788316,15.000000,1.000000
0.008052,14.781398,15.000000,1.000000
0.008054,14.774495,15.000000,1.000000
0.008056,14.767606,15.000000,1.000000
0.008058,14.760732,15.000000,1.000000
0.008060,14.753873,15.000000,1.000000
0.008062,14.747029,15.000000,1.000000
0.008064,14.740199,15.000000,1.000000
0.008066,14.733384,15.000000,1.000000
0.008068,14.726584,15.000000,1.000000
0.008070,14.719798,15.000000,1.000000
0.008072,14.713027,15.000000,1.000000
0.008074,14.706270,15.000000,1.000000
0.008076,14.699528,15.000000,1.000000
0.008078,14.692800,15.000000,1.000000
0.008080,14.686087,15.000000,1.000000
0.008082,14.679388,15.000000,1.000000
0.008084,14.672704,15.000000,1.000000
0.008086,14.666033,15.000000,1.000000
0.008088,14.659378,15.000000,1.000000
0.008090,14.652736,15.000000,1.000000
0.008092,14.646108,15.000000,1.000000
0.008094,14.639495,15.000000,1.000000
0.008096,14.632896,15.000000,1.000000
0.008098,14.626311,15.000000,1.000000
0.008100,14.619740,15.000000,1.000000
0.008102,14.613183,15.000000,1.000000
0.008104,14.606641,15.000000,1.000000
0.008106,14.600112,15.000000,1.000000
0.008108,14.593597,15.000000,1.000000
0.008110,14.587096,15.000000,1.000000
0.008112,14.580609,15.000000,1.000000
0.008114,14.574136,15.000000,1.000000
0.008116,14.567677,15.000000,1.000000
0.008118,14.561231,15.000000,1.000000
0.008120,14.554800,15.000000,1.000000
0.008122,14.548382,15.000000,1.000000
0.008124,14.541978,15.000000,1.000000
0.008126,14.535587,15.000000,1.000000
0.008128,14.529210,15.000000,1.000000
0.008130,14.522847,15.000000,1.000000
0.008132,14.516498,15.000000,1.000000
0.008134,14.510161,15.000000,1.000000
0.008136,14.503839,15.000000,1.000000
0.008138,14.497530,15.000000,1.000000
0.008140,14.491234,15.000000,1.000000
0.008142,14.484952,15.000000,1.000000
0.008144,14.478684,15.000000,1.000000
0.008146,14.472428,15.000000,1.000000
0.008148,14.466186,15.000000,1.000000
0.008150,14.459958,15.000000,1.000000
0.008152,14.453742,15.000000,1.000000
0.008154,14.447540,15.000000,1.000000
0.008156,14.441351,15.000000,1.000000
0.008158,14.435175,15.000000,1.000000
0.008160,14.429013,15.000000,1.000000
0.008162,14.422864,15.000000,1.000000
0.008164,14.416727,15.000000,1.000000
0.008166,14.410604,15.000000,1.000000
0.008168,14.404494,15.000000,1.000000
0.008170,14.398397,15.000000,1.000000
0.008172,14.392313,15.000000,1.000000
0.008174,14.386241,15.000000,1.000000
0.008176,14.380183,15.000000,1.000000
0.008178,14.374138,15.000000,1.000000
0.008180,14.368105,15.000000,1.000000
0.008182,14.362086,15.000000,1.000000
0.008184,14.356079,15.000000,1.000000
0.008186,14.350085,15.000000,1.000000
0.008188,14.344104,15.000000,1.000000
0.008190,14.338135,15.000000,1.000000
0.008192,14.332179,15.000000,1.000000
0.008194,14.326236,15.000000,1.000000
0.008196,14.320306,15.000000,1.000000
0.008198,14.314388,15.000000,1.000000
0.008200,14.338965,15.000000,1.000000
0.008202,14.363581,15.000000,1.000000
0.008204,14.388235,15.000000,1.000000
0.008206,14.412926,15.000000,1.000000
0.008208,14.437657,15.000000,1.000000
0.008210,14.462425,15.000000,1.000000
0.008212,14.487233,15.000000,1.000000
0.008214,14.512079,15.000000,1.000000
0.008216,14.536963,15.000000,1.000000
0.008218,14.561887,15.000000,1.000000
0.008220,14.586850,15.000000,1.000000
0.008222,14.611851,15.000000,1.000000
0.008224,14.636892,15.000000,1.000000
0.008226,14.661973,15.000000,1.000000
0.008228,14.687093,15.000000,1.000000
0.008230,14.712252,15.000000,1.000000
0.008232,14.737451,15.000000,1.000000
0.008234,14.762690,15.000000,1.000000
0.008236,14.787969,15.000000,1.000000
0.008238,14.813288,15.000000,1.000000
0.008240,14.838647,15.000000,1.000000
0.008242,14.864047,15.000000,1.000000
0.008244,14.889486,15.000000,1.000000
0.008246,14.914967,15.000000,1.000000
0.008248,14.940488,15.000000,1.000000
0.008250,14.966049,15.000000,1.000000
0.008252,14.991652,15.000000,1.000000
0.008254,15.017295,15.000000,1.000000
0.008256,15.042980,15.000000,1.000000
0.008258,15.068706,15.000000,1.000000
0.008260,15.094473,15.000000,1.000000
0.008262,15.120282,15.000000,1.000000
0.008264,15.146132,15.000000,1.000000
0.008266,15.172024,15.000000,1.000000
0.008268,15.197957,15.000000,1.000000
0.008270,15.223933,15.000000,1.000000
0.008272,15.249951,15.000000,1.000000
0.008274,15.276011,15.000000,1.000000
0.008276,15.302113,15.000000,1.000000
0.008278,15.328257,15.000000,1.000000
0.008280,15.354445,15.000000,1.000000
0.008282,15.380674,15.000000,1.000000
0.008284,15.406947,15.000000,1.000000
0.008286,15.433262,15.000000,1.000000
0.008288,15.459621,15.000000,1.000000
0.008290,15.486023,15.000000,1.000000
0.008292,15.512468,15.000000,1.000000
0.008294,15.538956,15.000000,1.000000
0.008296,15.565488,15.000000,1.000000
0.008298,15.592063,15.000000,1.000000
0.008300,15.585882,15.000000,1.000000
0.008302,15.579713,15.000000,1.000000
0.008304,15.573558,15.000000,1.000000
0.008306,15.567415,15.000000,1.000000
0.008308,15.561286,15.000000,1.000000
0.008310,15.555170,15.000000,1.000000
0.008312,15.549067,15.000000,1.000000
0.008314,15.542976,15.000000,1.000000
0.008316,15.536899,15.000000,1.000000
0.008318,15.530835,15.000000,1.000000
0.008320,15.524783,15.000000,1.000000
0.008322,15.518745,15.000000,1.000000
0.008324,15.512719,15.000000,1.000000
0.008326,15.506706,15.000000,1.000000
0.008328,15.500706,15.000000,1.000000
0.008330,15.494719,15.000000,1.000000
0.008332,15.488744,15.000000,1.000000
0.008334,15.482782,15.000000,1.000000
0.008336,15.476833,15.000000,1.000000
0.008338,15.470896,15.000000,1.000000
0.008340,15.464972,15.000000,1.000000
0.008342,15.459061,15.000000,1.000000
0.008344,15.453162,15.000000,1.000000
0.008346,15.447275,15.000000,1.000000
0.008348,15.441401,15.000000,1.000000
0.008350,15.435540,15.000000,1.000000
0.008352,15.429691,15.000000,1.000000
0.008354,15.423854,15.000000,1.000000
0.008356,15.418030,15.000000,1.000000
0.008358,15.412218,15.000000,1.000000
0.008360,15.406419,15.000000,1.000000
0.008362,15.400632,15.000000,1.000000
0.008364,15.394857,15.000000,1.000000
0.008366,15.389094,15.000000,1.000000
0.008368,15.383344,15.000000,1.000000
0.008370,15.377606,15.000000,1.000000
0.008372,15.371879,15.000000,1.000000
0.008374,15.366165,15.000000,1.000000
0.008376,15.360464,15.000000,1.000000
0.008378,15.354774,15.000000,1.000000
0.008380,15.349096,15.000000,1.000000
0.008382,15.343430,15.000000,1.000000
0.008384,15.337777,15.000000,1.000000
0.008386,15.332135,15.000000,1.000000
0.008388,15.326505,15.000000,1.000000
0.008390,15.320888,15.000000,1.000000
0.008392,15.315282,15.000000,1.000000
0.008394,15.309688,15.000000,1.000000
0.008396,15.304105,15.000000,1.000000
0.008398,15.298535,15.000000,1.000000
0.008400,15.292976,15.000000,1.000000
0.008402,15.287429,15.000000,1.000000
0.008404,15.281894,15.000000,1.000000
0.008406,15.276371,15.000000,1.000000
0.008408,15.270859,15.000000,1.000000
0.008410,15.265359,15.000000,1.000000
0.008412,15.259871,15.000000,1.000000
0.008414,15.254394,15.000000,1.000000
0.008416,15.248929,15.000000,1.000000
0.008418,15.243475,15.000000,1.000000
0.008420,15.238033,15.000000,1.000000
0.008422,15.232602,15.000000,1.000000
0.008424,15.227183,15.000000,1.000000
0.008426,15.221775,15.000000,1.000000
0.008428,15.216379,15.000000,1.000000
0.008430,15.210994,15.000000,1.000000
0.008432,15.205620,15.000000,1.000000
0.008434,15.200258,15.000000,1.000000
0.008436,15.194907,15.000000,1.000000
0.008438,15.189568,15.000000,1.000000
0.008440,15.184239,15.000000,1.000000
0.008442,15.178922,15.000000,1.000000
0.008444,15.173617,15.000000,1.000000
0.008446,15.168322,15.000000,1.000000
0.008448,15.163038,15.000000,1.000000
0.008450,15.157766,15.000000,1.000000
0.008452,15.152505,15.000000,1.000000
0.008454,15.147255,15.000000,1.000000
0.008456,15.142016,15.000000,1.000000
0.008458,15.136788,15.000000,1.000000
0.008460,15.131571,15.000000,1.000000
0.008462,15.126365,15.000000,1.000000
0.008464,15.121170,15.000000,1.000000
0.008466,15.115986,15.000000,1.000000
0.008468,15.110813,15.000000,1.000000
0.008470,15.105651,15.000000,1.000000
0.008472,15.100500,15.000000,1.000000
0.008474,15.095359,15.000000,1.000000
0.008476,15.090229,15.000000,1.000000
0.008478,15.085111,15.000000,1.000000
0.008480,15.080003,15.000000,1.000000
0.008482,15.074905,15.000000,1.000000
0.008484,15.069819,15.000000,1.000000
0.008486,15.064743,15.000000,1.000000
0.008488,15.059678,15.000000,1.000000
0.008490,15.054623,15.000000,1.000000
0.008492,15.049580,15.000000,1.000000
0.008494,15.044546,15.000000,1.000000
0.008496,15.039524,15.000000,1.000000
0.008498,15.034512,15.000000,1.000000
0.008500,15.029510,15.000000,1.000000
0.008502,15.024519,15.000000,1.000000
0.008504,15.019539,15.000000,1.000000
0.008506,15.014569,15.000000,1.000000
0.008508,15.009609,15.000000,1.000000
0.008510,15.004660,15.000000,1.000000
0.008512,14.999721,15.000000,1.000000
0.008514,14.994793,15.000000,1.000000
0.008516,14.989875,15.000000,1.000000
0.008518,14.984967,15.000000,1.000000
0.008520,14.980070,15.000000,1.000000
0.008522,14.975183,15.000000,1.000000
0.008524,14.970306,15.000000,1.000000
0.008526,14.965439,15.000000,1.000000
0.008528,14.960583,15.000000,1.000000
0.008530,14.955737,15.000000,1.000000
0.008532,14.950901,15.000000,1.000000
0.008534,14.946075,15.000000,1.000000
0.008536,14.941260,15.000000,1.000000
0.008538,14.936454,15.000000,1.000000
0.008540,14.931659,15.000000,1.000000
0.008542,14.926873,15.000000,1.000000
0.008544,14.922098,15.000000,1.000000
0.008546,14.917333,15.000000,1.000000
0.008548,14.912577,15.000000,1.000000
0.008550,14.907832,15.000000,1.000000
0.008552,14.903097,15.000000,1.000000
0.008554,14.898371,15.000000,1.000000
0.008556,14.893656,15.000000,1.000000
0.008558,14.888950,15.000000,1.000000
0.008560,14.884254,15.000000,1.000000
0.008562,14.879568,15.000000,1.000000
0.008564,14.874892,15.000000,1.000000
0.008566,14.870226,15.000000,1.000000
0.008568,14.865569,15.000000,1.000000
0.008570,14.860923,15.000000,1.000000
0.008572,14.856285,15.000000,1.000000
0.008574,14.851658,15.000000,1.000000
0.008576,14.847041,15.000000,1.000000
0.008578,14.842433,15.000000,1.000000
0.008580,14.837834,15.000000,1.000000
0.008582,14.833246,15.000000,1.000000
0.008584,14.828667,15.000000,1.000000
0.008586,14.824097,15.000000,1.000000
0.008588,14.819537,15.000000,1.000000
0.008590,14.814987,15.000000,1.000000
0.008592,14.810446,15.000000,1.000000
0.008594,14.805915,15.000000,1.000000
0.008596,14.801393,15.000000,1.000000
0.008598,14.796881,15.000000,1.000000
0.008600,14.792378,15.000000,1.000000
0.008602,14.787884,15.000000,1.000000
0.008604,14.783400,15.000000,1.000000
0.008606,14.778925,15.000000,1.000000
0.008608,14.774460,15.000000,1.000000
0.008610,14.770004,15.000000,1.000000
0.008612,14.765557,15.000000,1.000000
0.008614,14.761120,15.000000,1.000000
0.008616,14.756692,15.000000,1.000000
0.008618,14.752273,15.000000,1.000000
0.008620,14.747863,15.000000,1.000000
0.008622,14.743463,15.000000,1.000000
0.008624,14.739071,15.000000,1.000000
0.008626,14.734689,15.000000,1.000000
0.008628,14.730316,15.000000,1.000000
0.008630,14.725953,15.000000,1.000000
0.008632,14.721598,15.000000,1.000000
0.008634,14.717252,15.000000,1.000000
0.008636,14.712916,15.000000,1.000000
0.008638,14.708589,15.000000,1.000000
0.008640,14.704270,15.000000,1.000000
0.008642,14.699961,15.000000,1.000000
0.008644,14.695660,15.000000,1.000000
0.008646,14.691369,15.000000,1.000000
0.008648,14.687087,15.000000,1.000000
0.008650,14.682813,15.000000,1.000000
0.008652,14.678549,15.000000,1.000000
0.008654,14.674293,15.000000,1.000000
0.008656,14.670046,15.000000,1.000000
0.008658,14.665808,15.000000,1.000000
0.008660,14.661579,15.000000,1.000000
0.008662,14.657359,15.000000,1.000000
0.008664,14.653147,15.000000,1.000000
0.008666,14.648945,15.000000,1.000000
0.008668,14.644751,15.000000,1.000000
0.008670,14.640565,15.000000,1.000000
0.008672,14.636389,15.000000,1.000000
0.008674,14.632221,15.000000,1.000000
0.008676,14.628062,15.000000,1.000000
0.008678,14.623912,15.000000,1.000000
0.008680,14.619770,15.000000,1.000000
0.008682,14.615637,15.000000,1.000000
0.008684,14.611512,15.000000,1.000000
0.008686,14.607396,15.000000,1.000000
0.008688,14.603289,15.000000,1.000000
0.008690,14.599190,15.000000,1.000000
0.008692,14.595100,15.000000,1.000000
0.008694,14.591018,15.000000,1.000000
0.008696,14.586945,15.000000,1.000000
0.008698,14.582880,15.000000,1.000000
0.008700,14.578824,15.000000,1.000000
0.008702,14.574776,15.000000,1.000000
0.008704,14.570737,15.000000,1.000000
0.008706,14.566706,15.000000,1.000000
0.008708,14.562683,15.000000,1.000000
0.008710,14.558669,15.000000,1.000000
0.008712,14.554663,15.000000,1.000000
0.008714,14.550665,15.000000,1.000000
0.008716,14.546676,15.000000,1.000000
0.008718,14.542695,15.000000,1.000000
0.008720,14.538722,15.000000,1.000000
0.008722,14.534758,15.000000,1.000000
0.008724,14.530802,15.000000,1.000000
0.008726,14.526854,15.000000,1.000000
0.008728,14.522914,15.000000,1.000000
0.008730,14.518983,15.000000,1.000000
0.008732,14.515059,15.000000,1.000000
0.008734,14.511144,15.000000,1.000000
0.008736,14.507237,15.000000,1.000000
0.008738,14.503338,15.000000,1.000000
0.008740,14.499447,15.000000,1.000000
0.008742,14.495564,15.000000,1.000000
0.008744,14.491690,15.000000,1.000000
0.008746,14.487823,15.000000,1.000000
0.008748,14.483964,15.000000,1.000000
0.008750,14.480114,15.000000,1.000000
0.008752,14.476271,15.000000,1.000000
0.008754,14.472436,15.000000,1.000000
0.008756,14.468610,15.000000,1.000000
0.008758,14.464791,15.000000,1.000000
0.008760,14.460980,15.000000,1.000000
0.008762,14.457177,15.000000,1.000000
0.008764,14.453382,15.000000,1.000000
0.008766,14.449595,15.000000,1.000000
0.008768,14.445816,15.000000,1.000000
0.008770,14.442044,15.000000,1.000000
0.008772,14.438281,15.000000,1.000000
0.008774,14.434525,15.000000,1.000000
0.008776,14.430777,15.000000,1.000000
0.008778,14.427037,15.000000,1.000000
0.008780,14.423304,15.000000,1.000000
0.008782,14.419579,15.000000,1.000000
0.008784,14.415862,15.000000,1.000000
0.008786,14.412153,15.000000,1.000000
0.008788,14.408451,15.000000,1.000000
0.008790,14.404758,15.000000,1.000000
0.008792,14.401071,15.000000,1.000000
0.008794,14.397393,15.000000,1.000000
0.008796,14.393722,15.000000,1.000000
0.008798,14.390058,15.000000,1.000000
0.008800,14.415830,15.000000,1.000000
0.008802,14.441646,15.000000,1.000000
0.008804,14.467505,15.000000,1.000000
0.008806,14.493409,15.000000,1.000000
0.008808,14.519357,15.000000,1.000000
0.008810,14.545349,15.000000,1.000000
0.008812,14.571385,15.000000,1.000000
0.008814,14.597466,15.000000,1.000000
0.008816,14.623592,15.000000,1.000000
0.008818,14.649762,15.000000,1.000000
0.008820,14.675977,15.000000,1.000000
0.008822,14.702237,15.000000,1.000000
0.008824,14.728543,15.000000,1.000000
0.008826,14.754894,15.000000,1.000000
0.008828,14.781290,15.000000,1.000000
0.008830,14.807732,15.000000,1.000000
0.008832,14.834219,15.000000,1.000000
0.008834,14.860752,15.000000,1.000000
0.008836,14.887331,15.000000,1.000000
0.008838,14.913957,15.000000,1.000000
0.008840,14.940628,15.000000,1.000000
0.008842,14.967346,15.000000,1.000000
0.008844,14.994110,15.000000,1.000000
0.008846,15.020921,15.000000,1.000000
0.008848,15.047778,15.000000,1.000000
0.008850,15.074683,15.000000,1.000000
0.008852,15.101634,15.000000,1.000000
0.008854,15.128633,15.000000,1.000000
0.008856,15.155678,15.000000,1.000000
0.008858,15.182772,15.000000,1.000000
0.008860,15.209912,15.000000,1.000000
0.008862,15.237101,15.000000,1.000000
0.008864,15.264337,15.000000,1.000000
0.008866,15.291621,15.000000,1.000000
0.008868,15.318953,15.000000,1.000000
0.008870,15.346334,15.000000,1.000000
0.008872,15.373762,15.000000,1.000000
0.008874,15.401240,15.000000,1.000000
0.008876,15.428765,15.000000,1.000000
0.008878,15.456340,15.000000,1.000000
0.008880,15.483964,15.000000,1.000000
0.008882,15.511636,15.000000,1.000000
0.008884,15.539358,15.000000,1.000000
0.008886,15.567129,15.000000,1.000000
0.008888,15.594949,15.000000,1.000000
0.008890,15.622819,15.000000,1.000000
0.008892,15.650739,15.000000,1.000000
0.008894,15.678709,15.000000,1.000000
0.008896,15.706729,15.000000,1.000000
0.008898,15.734799,15.000000,1.000000
0.008900,15.730963,15.000000,1.000000
0.008902,15.727136,15.000000,1.000000
0.008904,15.723317,15.000000,1.000000
0.008906,15.719505,15.000000,1.000000
0.008908,15.715702,15.000000,1.000000
0.008910,15.711906,15.000000,1.000000
0.008912,15.708118,15.000000,1.000000
0.008914,15.704338,15.000000,1.000000
0.008916,15.700566,15.000000,1.000000
0.008918,15.696801,15.000000,1.000000
0.008920,15.693044,15.000000,1.000000
0.008922,15.689295,15.000000,1.000000
0.008924,15.685554,15.000000,1.000000
0.008926,15.681821,15.000000,1.000000
0.008928,15.678095,15.000000,1.000000
0.008930,15.674377,15.000000,1.000000
0.008932,15.670666,15.000000,1.000000
0.008934,15.666964,15.000000,1.000000
0.008936,15.663268,15.000000,1.000000
0.008938,15.659581,15.000000,1.000000
0.008940,15.655901,15.000000,1.000000
0.008942,15.652229,15.000000,1.000000
0.008944,15.648564,15.000000,1.000000
0.008946,15.644907,15.000000,1.000000
0.008948,15.641257,15.000000,1.000000
0.008950,15.637615,15.000000,1.000000
0.008952,15.633980,15.000000,1.000000
0.008954,15.630353,15.000000,1.000000
0.008956,15.626733,15.000000,1.000000
0.008958,15.623121,15.000000,1.000000
0.008960,15.619517,15.000000,1.000000
0.008962,15.615919,15.000000,1.000000
0.008964,15.612329,15.000000,1.000000
0.008966,15.608747,15.000000,1.000000
0.008968,15.605172,15.000000,1.000000
0.008970,15.601604,15.000000,1.000000
0.008972,15.598043,15.000000,1.000000
0.008974,15.594490,15.000000,1.000000
0.008976,15.590945,15.000000,1.000000
0.008978,15.587406,15.000000,1.000000
0.008980,15.583875,15.000000,1.000000
0.008982,15.580351,15.000000,1.000000
0.008984,15.576834,15.000000,1.000000
0.008986,15.573325,15.000000,1.000000
0.008988,15.569822,15.000000,1.000000
0.008990,15.566327,15.000000,1.000000
0.008992,15.562840,15.000000,1.000000
0.008994,15.559359,15.000000,1.000000
0.008996,15.555885,15.000000,1.000000
0.008998,15.552419,15.000000,1.000000
0.009000,15.548960,15.000000,1.000000
0.009002,15.545508,15.000000,1.000000
0.009004,15.542063,15.000000,1.000000
0.009006,15.538625,15.000000,1.000000
0.009008,15.535194,15.000000,1.000000
0.009010,15.531770,15.000000,1.000000
0.009012,15.528353,15.000000,1.000000
0.009014,15.524943,15.000000,1.000000
0.009016,15.521541,15.000000,1.000000
0.009018,15.518145,15.000000,1.000000
0.009020,15.514756,15.000000,1.000000
0.009022,15.511374,15.000000,1.000000
0.009024,15.507999,15.000000,1.000000
0.009026,15.504631,15.000000,1.000000
0.009028,15.501270,15.000000,1.000000
0.009030,15.497916,15.000000,1.000000
0.009032,15.494569,15.000000,1.000000
0.009034,15.491228,15.000000,1.000000
0.009036,15.487895,15.000000,1.000000
0.009038,15.484568,15.000000,1.000000
0.009040,15.481248,15.000000,1.000000
0.009042,15.477935,15.000000,1.000000
0.009044,15.474629,15.000000,1.000000
0.009046,15.471329,15.000000,1.000000
0.009048,15.468036,15.000000,1.000000
0.009050,15.464750,15.000000,1.000000
0.009052,15.461471,15.000000,1.000000
0.009054,15.458199,15.000000,1.000000
0.009056,15.454933,15.000000,1.000000
0.009058,15.451674,15.000000,1.000000
0.009060,15.448421,15.000000,1.000000
0.009062,15.445175,15.000000,1.000000
0.009064,15.441936,15.000000,1.000000
0.009066,15.438704,15.000000,1.000000
0.009068,15.435478,15.000000,1.000000
0.009070,15.432259,15.000000,1.000000
0.009072,15.429046,15.000000,1.000000
0.009074,15.425840,15.000000,1.000000
0.009076,15.422640,15.000000,1.000000
0.009078,15.419447,15.000000,1.000000
0.009080,15.416261,15.000000,1.000000
0.009082,15.413081,15.000000,1.000000
0.009084,15.409908,15.000000,1.000000
0.009086,15.406741,15.000000,1.000000
0.009088,15.403580,15.000000,1.000000
0.009090,15.400426,15.000000,1.000000
0.009092,15.397279,15.000000,1.000000
0.009094,15.394138,15.000000,1.000000
0.009096,15.391003,15.000000,1.000000
0.009098,15.387875,15.000000,1.000000
0.009100,15.384753,15.000000,1.000000
0.009102,15.381637,15.000000,1.000000
0.009104,15.378528,15.000000,1.000000
0.009106,15.375426,15.000000,1.000000
0.009108,15.372329,15.000000,1.000000
0.009110,15.369239,15.000000,1.000000
0.009112,15.366155,15.000000,1.000000
0.009114,15.363078,15.000000,1.000000
0.009116,15.360007,15.000000,1.000000
0.009118,15.356942,15.000000,1.000000
0.009120,15.353883,15.000000,1.000000
0.009122,15.350831,15.000000,1.000000
0.009124,15.347785,15.000000,1.000000
0.009126,15.344745,15.000000,1.000000
0.009128,15.341711,15.000000,1.000000
0.009130,15.338683,15.000000,1.000000
0.009132,15.335662,15.000000,1.000000
0.009134,15.332647,15.000000,1.000000
0.009136,15.329638,15.000000,1.000000
0.009138,15.326635,15.000000,1.000000
0.009140,15.323638,15.000000,1.000000
0.009142,15.320647,15.000000,1.000000
0.009144,15.317663,15.000000,1.000000
0.009146,15.314684,15.000000,1.000000
0.009148,15.311712,15.000000,1.000000
0.009150,15.308746,15.000000,1.000000
0.009152,15.305785,15.000000,1.000000
0.009154,15.302831,15.000000,1.000000
0.009156,15.299883,15.000000,1.000000
0.009158,15.296941,15.000000,1.000000
0.009160,15.294004,15.000000,1.000000
0.009162,15.291074,15.000000,1.000000
0.009164,15.288150,15.000000,1.000000
0.009166,15.285232,15.000000,1.000000
0.009168,15.282319,15.000000,1.000000
0.009170,15.279413,15.000000,1.000000
0.009172,15.276512,15.000000,1.000000
0.009174,15.273618,15.000000,1.000000
0.009176,15.270729,15.000000,1.000000
0.009178,15.267846,15.000000,1.000000
0.009180,15.264969,15.000000,1.000000
0.009182,15.262098,15.000000,1.000000
0.009184,15.259233,15.000000,1.000000
0.009186,15.256373,15.000000,1.000000
0.009188,15.253520,15.000000,1.000000
0.009190,15.250672,15.000000,1.000000
0.009192,15.247830,15.000000,1.000000
0.009194,15.244994,15.000000,1.000000
0.009196,15.242163,15.000000,1.000000
0.009198,15.239338,15.000000,1.000000
0.009200,15.236519,15.000000,1.000000
0.009202,15.233706,15.000000,1.000000
0.009204,15.230899,15.000000,1.000000
0.009206,15.228097,15.000000,1.000000
0.009208,15.225301,15.000000,1.000000
0.009210,15.222510,15.000000,1.000000
0.009212,15.219726,15.000000,1.000000
0.009214,15.216946,15.000000,1.000000
0.009216,15.214173,15.000000,1.000000
0.009218,15.211405,15.000000,1.000000
0.009220,15.208643,15.000000,1.000000
0.009222,15.205886,15.000000,1.000000
0.009224,15.203135,15.000000,1.000000
0.009226,15.200390,15.000000,1.000000
0.009228,15.197650,15.000000,1.000000
0.009230,15.194916,15.000000,1.000000
0.009232,15.192187,15.000000,1.000000
0.009234,15.189464,15.000000,1.000000
0.009236,15.186746,15.000000,1.000000
0.009238,15.184034,15.000000,1.000000
0.009240,15.181327,15.000000,1.000000
0.009242,15.178626,15.000000,1.000000
0.009244,15.175931,15.000000,1.000000
0.009246,15.173240,15.000000,1.000000
0.009248,15.170556,15.000000,1.000000
0.009250,15.167876,15.000000,1.000000
0.009252,15.165202,15.000000,1.000000
0.009254,15.162534,15.000000,1.000000
0.009256,15.159871,15.000000,1.000000
0.009258,15.157213,15.000000,1.000000
0.009260,15.154561,15.000000,1.000000
0.009262,15.151914,15.000000,1.000000
0.009264,15.149272,15.000000,1.000000
0.009266,15.146636,15.000000,1.000000
0.009268,15.144005,15.000000,1.000000
0.009270,15.141380,15.000000,1.000000
0.009272,15.138759,15.000000,1.000000
0.009274,15.136145,15.000000,1.000000
0.009276,15.133535,15.000000,1.000000
0.009278,15.130931,15.000000,1.000000
0.009280,15.128332,15.000000,1.000000
0.009282,15.125738,15.000000,1.000000
0.009284,15.123149,15.000000,1.000000
0.009286,15.120566,15.000000,1.000000
0.009288,15.117988,15.000000,1.000000
0.009290,15.115415,15.000000,1.000000
0.009292,15.112847,15.000000,1.000000
0.009294,15.110285,15.000000,1.000000
0.009296,15.107727,15.000000,1.000000
0.009298,15.105175,15.000000,1.000000
0.009300,15.102628,15.000000,1.000000
0.009302,15.100086,15.000000,1.000000
0.009304,15.097550,15.000000,1.000000
0.009306,15.095018,15.000000,1.000000
0.009308,15.092492,15.000000,1.000000
0.009310,15.089970,15.000000,1.000000
0.009312,15.087454,15.000000,1.000000
0.009314,15.084943,15.000000,1.000000
0.009316,15.082437,15.000000,1.000000
0.009318,15.079936,15.000000,1.000000
0.009320,15.077440,15.000000,1.000000
0.009322,15.074949,15.000000,1.000000
0.009324,15.072463,15.000000,1.000000
0.009326,15.069982,15.000000,1.000000
0.009328,15.067506,15.000000,1.000000
0.009330,15.065035,15.000000,1.000000
0.009332,15.062569,15.000000,1.000000
0.009334,15.060108,15.000000,1.000000
0.009336,15.057652,15.000000,1.000000
0.009338,15.055201,15.000000,1.000000
0.009340,15.052755,15.000000,1.000000
0.009342,15.050313,15.000000,1.000000
0.009344,15.047877,15.000000,1.000000
0.009346,15.045446,15.000000,1.000000
0.009348,15.043019,15.000000,1.000000
0.009350,15.040598,15.000000,1.000000
0.009352,15.038181,15.000000,1.000000
0.009354,15.035769,15.000000,1.000000
0.009356,15.033362,15.000000,1.000000
0.009358,15.030960,15.000000,1.000000
0.009360,15.028563,15.000000,1.000000
0.009362,15.026170,15.000000,1.000000
0.009364,15.023783,15.000000,1.000000
0.009366,15.021400,15.000000,1.000000
0.009368,15.019022,15.000000,1.000000
0.009370,15.016649,15.000000,1.000000
0.009372,15.014280,15.000000,1.000000
0.009374,15.011916,15.000000,1.000000
0.009376,15.009557,15.000000,1.000000
0.009378,15.007203,15.000000,1.000000
0.009380,15.004854,15.000000,1.000000
0.009382,15.002509,15.000000,1.000000
0.009384,15.000169,15.000000,1.000000
0.009386,14.997833,15.000000,1.000000
0.009388,14.995503,15.000000,1.000000
0.009390,14.993177,15.000000,1.000000
0.009392,14.990855,15.000000,1.000000
0.009394,14.988539,15.000000,1.000000
0.009396,14.986227,15.000000,1.000000
0.009398,14.983919,15.000000,1.000000
0.009400,14.981617,15.000000,1.000000
0.009402,14.979318,15.000000,1.000000
0.009404,14.977025,15.000000,1.000000
0.009406,14.974736,15.000000,1.000000
0.009408,14.972452,15.000000,1.000000
0.009410,14.970172,15.000000,1.000000
0.009412,14.967897,15.000000,1.000000
0.009414,14.965626,15.000000,1.000000
0.009416,14.963360,15.000000,1.000000
0.009418,14.961099,15.000000,1.000000
0.009420,14.958842,15.000000,1.000000
0.009422,14.956589,15.000000,1.000000
0.009424,14.954341,15.000000,1.000000
0.009426,14.952098,15.000000,1.000000
0.009428,14.949859,15.000000,1.000000
0.009430,14.947625,15.000000,1.000000
0.009432,14.945395,15.000000,1.000000
0.009434,14.943169,15.000000,1.000000
0.009436,14.940948,15.000000,1.000000
0.009438,14.938732,15.000000,1.000000
0.009440,14.936519,15.000000,1.000000
0.009442,14.934312,15.000000,1.000000
0.009444,14.932108,15.000000,1.000000
0.009446,14.929909,15.000000,1.000000
0.009448,14.927715,15.000000,1.000000
0.009450,14.925525,15.000000,1.000000
0.009452,14.923339,15.000000,1.000000
0.009454,14.921158,15.000000,1.000000
0.009456,14.918981,15.000000,1.000000
0.009458,14.916808,15.000000,1.000000
0.009460,14.914640,15.000000,1.000000
0.009462,14.912476,15.000000,1.000000
0.009464,14.910316,15.000000,1.000000
0.009466,14.908161,15.000000,1.000000
0.009468,14.906010,15.000000,1.000000
0.009470,14.903863,15.000000,1.000000
0.009472,14.901721,15.000000,1.000000
0.009474,14.899582,15.000000,1.000000
0.009476,14.897449,15.000000,1.000000
0.009478,14.895319,15.000000,1.000000
0.009480,14.893194,15.000000,1.000000
0.009482,14.891072,15.000000,1.000000
0.009484,14.888955,15.000000,1.000000
0.009486,14.886843,15.000000,1.000000
0.009488,14.884734,15.000000,1.000000
0.009490,14.882630,15.000000,1.000000
0.009492,14.880530,15.000000,1.000000
0.009494,14.878434,15.000000,1.000000
0.009496,14.876342,15.000000,1.000000
0.009498,14.874255,15.000000,1.000000
0.009500,14.872171,15.000000,1.000000
0.009502,14.870092,15.000000,1.000000
0.009504,14.868017,15.000000,1.000000
0.009506,14.865946,15.000000,1.000000
0.009508,14.863879,15.000000,1.000000
0.009510,14.861816,15.000000,1.000000
0.009512,14.859758,15.000000,1.000000
0.009514,14.857703,15.000000,1.000000
0.009516,14.855653,15.000000,1.000000
0.009518,14.853606,15.000000,1.000000
0.009520,14.851564,15.000000,1.000000
0.009522,14.849526,15.000000,1.000000
0.009524,14.847492,15.000000,1.000000
0.009526,14.845462,15.000000,1.000000
0.009528,14.843436,15.000000,1.000000
0.009530,14.841413,15.000000,1.000000
0.009532,14.839395,15.000000,1.000000
0.009534,14.837381,15.000000,1.000000
0.009536,14.835371,15.000000,1.000000
0.009538,14.833365,15.000000,1.000000
0.009540,14.831363,15.000000,1.000000
0.009542,14.829365,15.000000,1.000000
0.009544,14.827371,15.000000,1.000000
0.009546,14.825381,15.000000,1.000000
0.009548,14.823395,15.000000,1.000000
0.009550,14.821412,15.000000,1.000000
0.009552,14.819434,15.000000,1.000000
0.009554,14.817459,15.000000,1.000000
0.009556,14.815489,15.000000,1.000000
0.009558,14.813522,15.000000,1.000000
0.009560,14.811560,15.000000,1.000000
0.009562,14.809601,15.000000,1.000000
0.009564,14.807646,15.000000,1.000000
0.009566,14.805695,15.000000,1.000000
0.009568,14.803748,15.000000,1.000000
0.009570,14.801804,15.000000,1.000000
0.009572,14.799865,15.000000,1.000000
0.009574,14.797929,15.000000,1.000000
0.009576,14.795997,15.000000,1.000000
0.009578,14.794069,15.000000,1.000000
0.009580,14.792145,15.000000,1.000000
0.009582,14.790225,15.000000,1.000000
0.009584,14.788308,15.000000,1.000000
0.009586,14.786395,15.000000,1.000000
0.009588,14.784486,15.000000,1.000000
0.009590,14.782581,15.000000,1.000000
0.009592,14.780680,15.000000,1.000000
0.009594,14.778782,15.000000,1.000000
0.009596,14.776888,15.000000,1.000000
0.009598,14.774998,15.000000,1.000000
0.009600,14.773111,15.000000,1.000000
0.009602,14.771229,15.000000,1.000000
0.009604,14.769350,15.000000,1.000000
0.009606,14.767474,15.000000,1.000000
0.009608,14.765603,15.000000,1.000000
0.009610,14.763735,15.000000,1.000000
0.009612,14.761870,15.000000,1.000000
0.009614,14.760010,15.000000,1.000000
0.009616,14.758153,15.000000,1.000000
0.009618,14.756300,15.000000,1.000000
0.009620,14.754450,15.000000,1.000000
0.009622,14.752604,15.000000,1.000000
0.009624,14.750762,15.000000,1.000000
0.009626,14.748923,15.000000,1.000000
0.009628,14.747088,15.000000,1.000000
0.009630,14.745257,15.000000,1.000000
0.009632,14.743429,15.000000,1.000000
0.009634,14.741605,15.000000,1.000000
0.009636,14.739784,15.000000,1.000000
0.009638,14.737967,15.000000,1.000000
0.009640,14.736153,15.000000,1.000000
0.009642,14.734343,15.000000,1.000000
0.009644,14.732537,15.000000,1.000000
0.009646,14.730734,15.000000,1.000000
0.009648,14.728935,15.000000,1.000000
0.009650,14.727139,15.000000,1.000000
0.009652,14.725347,15.000000,1.000000
0.009654,14.723558,15.000000,1.000000
0.009656,14.721773,15.000000,1.000000
0.009658,14.719991,15.000000,1.000000
0.009660,14.718213,15.000000,1.000000
0.009662,14.716439,15.000000,1.000000
0.009664,14.714667,15.000000,1.000000
0.009666,14.712900,15.000000,1.000000
0.009668,14.711135,15.000000,1.000000
0.009670,14.709375,15.000000,1.000000
0.009672,14.707617,15.000000,1.000000
0.009674,14.705863,15.000000,1.000000
0.009676,14.704113,15.000000,1.000000
0.009678,14.702366,15.000000,1.000000
0.009680,14.700622,15.000000,1.000000
0.009682,14.698882,15.000000,1.000000
0.009684,14.697145,15.000000,1.000000
0.009686,14.695412,15.000000,1.000000
0.009688,14.693682,15.000000,1.000000
0.009690,14.691955,15.000000,1.000000
0.009692,14.690232,15.000000,1.000000
0.009694,14.688512,15.000000,1.000000
0.009696,14.686796,15.000000,1.000000
0.009698,14.685083,15.000000,1.000000
0.009700,14.683373,15.000000,1.000000
0.009702,14.681666,15.000000,1.000000
0.009704,14.679963,15.000000,1.000000
0.009706,14.678264,15.000000,1.000000
0.009708,14.676567,15.000000,1.000000
0.009710,14.674874,15.000000,1.000000
0.009712,14.673184,15.000000,1.000000
0.009714,14.671497,15.000000,1.000000
0.009716,14.669814,15.000000,1.000000
0.009718,14.668134,15.000000,1.000000
0.009720,14.666458,15.000000,1.000000
0.009722,14.664784,15.000000,1.000000
0.009724,14.663114,15.000000,1.000000
0.009726,14.661447,15.000000,1.000000
0.009728,14.659783,15.000000,1.000000
0.009730,14.658123,15.000000,1.000000
0.009732,14.656466,15.000000,1.000000
0.009734,14.654812,15.000000,1.000000
0.009736,14.653161,15.000000,1.000000
0.009738,14.651514,15.000000,1.000000
0.009740,14.649869,15.000000,1.000000
0.009742,14.648228,15.000000,1.000000
0.009744,14.646590,15.000000,1.000000
0.009746,14.644955,15.000000,1.000000
0.009748,14.643324,15.000000,1.000000
0.009750,14.641695,15.000000,1.000000
0.009752,14.640070,15.000000,1.000000
0.009754,14.638448,15.000000,1.000000
0.009756,14.636829,15.000000,1.000000
0.009758,14.635213,15.000000,1.000000
0.009760,14.633601,15.000000,1.000000
0.009762,14.631991,15.000000,1.000000
0.009764,14.630385,15.000000,1.000000
0.009766,14.628782,15.000000,1.000000
0.009768,14.627181,15.000000,1.000000
0.009770,14.625584,15.000000,1.000000
0.009772,14.623990,15.000000,1.000000
0.009774,14.622400,15.000000,1.000000
0.009776,14.620812,15.000000,1.000000
0.009778,14.619227,15.000000,1.000000
0.009780,14.617645,15.000000,1.000000
0.009782,14.616067,15.000000,1.000000
0.009784,14.614491,15.000000,1.000000
0.009786,14.612919,15.000000,1.000000
0.009788,14.611349,15.000000,1.000000
0.009790,14.609783,15.000000,1.000000
0.009792,14.608220,15.000000,1.000000
0.009794,14.606659,15.000000,1.000000
0.009796,14.605102,15.000000,1.000000
0.009798,14.603547,15.000000,1.000000
0.009800,14.601996,15.000000,1.000000
0.009802,14.600448,15.000000,1.000000
0.009804,14.598902,15.000000,1.000000
0.009806,14.597360,15.000000,1.000000
0.009808,14.595821,15.000000,1.000000
0.009810,14.594284,15.000000,1.000000
0.009812,14.592751,15.000000,1.000000
0.009814,14.591220,15.000000,1.000000
0.009816,14.589693,15.000000,1.000000
0.009818,14.588168,15.000000,1.000000
0.009820,14.586646,15.000000,1.000000
0.009822,14.585128,15.000000,1.000000
0.009824,14.583612,15.000000,1.000000
0.009826,14.582099,15.000000,1.000000
0.009828,14.580589,15.000000,1.000000
0.009830,14.579082,15.000000,1.000000
0.009832,14.577578,15.000000,1.000000
0.009834,14.576076,15.000000,1.000000
0.009836,14.574578,15.000000,1.000000
0.009838,14.573082,15.000000,1.000000
0.009840,14.571590,15.000000,1.000000
0.009842,14.570100,15.000000,1.000000
0.009844,14.568613,15.000000,1.000000
0.009846,14.567129,15.000000,1.000000
0.009848,14.565648,15.000000,1.000000
0.009850,14.564169,15.000000,1.000000
0.009852,14.562694,15.000000,1.000000
0.009854,14.561221,15.000000,1.000000
0.009856,14.559751,15.000000,1.000000
0.009858,14.558284,15.000000,1.000000
0.009860,14.556820,15.000000,1.000000
0.009862,14.555358,15.000000,1.000000
0.009864,14.553899,15.000000,1.000000
0.009866,14.552444,15.000000,1.000000
0.009868,14.550990,15.000000,1.000000
0.009870,14.549540,15.000000,1.000000
0.009872,14.548093,15.000000,1.000000
0.009874,14.546648,15.000000,1.000000
0.009876,14.545206,15.000000,1.000000
0.009878,14.543766,15.000000,1.000000
0.009880,14.542330,15.000000,1.000000
0.009882,14.540896,15.000000,1.000000
0.009884,14.539465,15.000000,1.000000
0.009886,14.538037,15.000000,1.000000
0.009888,14.536611,15.000000,1.000000
0.009890,14.535188,15.000000,1.000000
0.009892,14.533768,15.000000,1.000000
0.009894,14.532351,15.000000,1.000000
0.009896,14.530936,15.000000,1.000000
0.009898,14.529524,15.000000,1.000000
0.009900,14.528114,15.000000,1.000000
0.009902,14.526708,15.000000,1.000000
0.009904,14.525304,15.000000,1.000000
0.009906,14.523902,15.000000,1.000000
0.009908,14.522504,15.000000,1.000000
0.009910,14.521108,15.000000,1.000000
0.009912,14.519714,15.000000,1.000000
0.009914,14.518324,15.000000,1.000000
0.009916,14.516936,15.000000,1.000000
0.009918,14.515550,15.000000,1.000000
0.009920,14.514167,15.000000,1.000000
0.009922,14.512787,15.000000,1.000000
0.009924,14.511409,15.000000,1.000000
0.009926,14.510034,15.000000,1.000000
0.009928,14.508662,15.000000,1.000000
0.009930,14.507292,15.000000,1.000000
0.009932,14.505925,15.000000,1.000000
0.009934,14.504561,15.000000,1.000000
0.009936,14.503199,15.000000,1.000000
0.009938,14.501839,15.000000,1.000000
0.009940,14.500482,15.000000,1.000000
0.009942,14.499128,15.000000,1.000000
0.009944,14.497776,15.000000,1.000000
0.009946,14.496427,15.000000,1.000000
0.009948,14.495080,15.000000,1.000000
0.009950,14.493736,15.000000,1.000000
0.009952,14.492395,15.000000,1.000000
0.009954,14.491056,15.000000,1.000000
0.009956,14.489719,15.000000,1.000000
0.009958,14.488385,15.000000,1.000000
0.009960,14.487054,15.000000,1.000000
0.009962,14.485725,15.000000,1.000000
0.009964,14.484399,15.000000,1.000000
0.009966,14.483075,15.000000,1.000000
0.009968,14.481753,15.000000,1.000000
0.009970,14.480434,15.000000,1.000000
0.009972,14.479118,15.000000,1.000000
0.009974,14.477804,15.000000,1.000000
0.009976,14.476492,15.000000,1.000000
0.009978,14.475183,15.000000,1.000000
0.009980,14.473876,15.000000,1.000000
0.009982,14.472572,15.000000,1.000000
0.009984,14.471271,15.000000,1.000000
0.009986,14.469971,15.000000,1.000000
0.009988,14.468674,15.000000,1.000000
0.009990,14.467380,15.000000,1.000000
0.009992,14.466088,15.000000,1.000000
0.009994,14.464798,15.000000,1.000000
0.009996,14.463511,15.000000,1.000000
0.009998,14.462227,15.000000,1.000000
0.010000,14.460944,15.000000,1.000000
0.010002,14.459664,15.000000,1.000000
0.010004,14.458387,15.000000,1.000000
0.010006,14.457112,15.000000,1.000000
0.010008,14.455839,15.000000,1.000000
0.010010,14.454568,15.000000,1.000000
0.010012,14.453300,15.000000,1.000000
0.010014,14.452035,15.000000,1.000000
0.010016,14.450771,15.000000,1.000000
0.010018,14.449510,15.000000,1.000000
0.010020,14.448252,15.000000,1.000000
0.010022,14.446996,15.000000,1.000000
0.010024,14.445742,15.000000,1.000000
0.010026,14.444490,15.000000,1.000000
0.010028,14.443241,15.000000,1.000000
0.010030,14.441994,15.000000,1.000000
0.010032,14.440749,15.000000,1.000000
0.010034,14.439507,15.000000,1.000000
0.010036,14.438267,15.000000,1.000000
0.010038,14.437029,15.000000,1.000000
0.010040,14.435794,15.000000,1.000000
0.010042,14.434561,15.000000,1.000000
0.010044,14.433330,15.000000,1.000000
0.010046,14.432102,15.000000,1.000000
0.010048,14.430875,15.000000,1.000000
0.010050,14.429652,15.000000,1.000000
0.010052,14.428430,15.000000,1.000000
0.010054,14.427210,15.000000,1.000000
0.010056,14.425993,15.000000,1.000000
0.010058,14.424778,15.000000,1.000000
0.010060,14.423566,15.000000,1.000000
0.010062,14.422355,15.000000,1.000000
0.010064,14.421147,15.000000,1.000000
0.010066,14.419941,15.000000,1.000000
0.010068,14.418737,15.000000,1.000000
0.010070,14.417536,15.000000,1.000000
0.010072,14.416336,15.000000,1.000000
0.010074,14.415139,15.000000,1.000000
0.010076,14.413944,15.000000,1.000000
0.010078,14.412752,15.000000,1.000000
0.010080,14.411561,15.000000,1.000000
0.010082,14.410373,15.000000,1.000000
0.010084,14.409187,15.000000,1.000000
0.010086,14.408003,15.000000,1.000000
0.010088,14.406821,15.000000,1.000000
0.010090,14.405642,15.000000,1.000000
0.010092,14.404464,15.000000,1.000000
0.010094,14.403289,15.000000,1.000000
0.010096,14.402116,15.000000,1.000000
0.010098,14.400945,15.000000,1.000000
0.010100,14.399776,15.000000,1.000000
0.010102,14.398609,15.000000,1.000000
0.010104,14.397445,15.000000,1.000000
0.010106,14.396282,15.000000,1.000000
0.010108,14.395122,15.000000,1.000000
0.010110,14.393964,15.000000,1.000000
0.010112,14.392808,15.000000,1.000000
0.010114,14.391654,15.000000,1.000000
0.010116,14.390502,15.000000,1.000000
0.010118,14.389353,15.000000,1.000000
0.010120,14.388205,15.000000,1.000000
0.010122,14.387059,15.000000,1.000000
0.010124,14.385916,15.000000,1.000000
0.010126,14.384775,15.000000,1.000000
0.010128,14.383635,15.000000,1.000000
0.010130,14.382498,15.000000,1.000000
0.010132,14.381363,15.000000,1.000000
0.010134,14.380230,15.000000,1.000000
0.010136,14.379099,15.000000,1.000000
0.010138,14.377970,15.000000,1.000000
0.010140,14.376843,15.000000,1.000000
0.010142,14.375718,15.000000,1.000000
0.010144,14.374596,15.000000,1.000000
0.010146,14.373475,15.000000,1.000000
0.010148,14.372356,15.000000,1.000000
0.010150,14.371239,15.000000,1.000000
0.010152,14.370125,15.000000,1.000000
0.010154,14.369012,15.000000,1.000000
0.010156,14.367901,15.000000,1.000000
0.010158,14.366793,15.000000,1.000000
0.010160,14.365686,15.000000,1.000000
0.010162,14.364582,15.000000,1.000000
0.010164,14.363479,15.000000,1.000000
0.010166,14.362378,15.000000,1.000000
0.010168,14.361280,15.000000,1.000000
0.010170,14.360183,15.000000,1.000000
0.010172,14.359088,15.000000,1.000000
0.010174,14.357995,15.000000,1.000000
0.010176,14.356905,15.000000,1.000000
0.010178,14.355816,15.000000,1.000000
0.010180,14.354729,15.000000,1.000000
0.010182,14.353644,15.000000,1.000000
0.010184,14.352561,15.000000,1.000000
0.010186,14.351480,15.000000,1.000000
0.010188,14.350401,15.000000,1.000000
0.010190,14.349324,15.000000,1.000000
0.010192,14.348249,15.000000,1.000000
0.010194,14.347176,15.000000,1.000000
0.010196,14.346104,15.000000,1.000000
0.010198,14.345035,15.000000,1.000000
0.010200,14.343967,15.000000,1.000000
0.010202,14.342902,15.000000,1.000000
0.010204,14.341838,15.000000,1.000000
0.010206,14.340776,15.000000,1.000000
0.010208,14.339716,15.000000,1.000000
0.010210,14.338658,15.000000,1.000000
0.010212,14.337602,15.000000,1.000000
0.010214,14.336548,15.000000,1.000000
0.010216,14.335495,15.000000,1.000000
0.010218,14.334445,15.000000,1.000000
0.010220,14.333396,15.000000,1.000000
0.010222,14.332350,15.000000,1.000000
0.010224,14.331305,15.000000,1.000000
0.010226,14.330262,15.000000,1.000000
0.010228,14.329220,15.000000,1.000000
0.010230,14.328181,15.000000,1.000000
0.010232,14.327144,15.000000,1.000000
0.010234,14.326108,15.000000,1.000000
0.010236,14.325074,15.000000,1.000000
0.010238,14.324042,15.000000,1.000000
0.010240,14.323012,15.000000,1.000000
0.010242,14.321984,15.000000,1.000000
0.010244,14.320957,15.000000,1.000000
0.010246,14.319932,15.000000,1.000000
0.010248,14.318909,15.000000,1.000000
0.010250,14.317888,15.000000,1.000000
0.010252,14.316869,15.000000,1.000000
0.010254,14.315852,15.000000,1.000000
0.010256,14.314836,15.000000,1.000000
0.010258,14.313822,15.000000,1.000000
0.010260,14.312810,15.000000,1.000000
0.010262,14.311799,15.000000,1.000000
0.010264,14.310791,15.000000,1.000000
0.010266,14.309784,15.000000,1.000000
0.010268,14.308779,15.000000,1.000000
0.010270,14.307776,15.000000,1.000000
0.010272,14.306774,15.000000,1.000000
0.010274,14.305774,15.000000,1.000000
0.010276,14.304776,15.000000,1.000000
0.010278,14.303780,15.000000,1.000000
0.010280,14.302786,15.000000,1.000000
0.010282,14.301793,15.000000,1.000000
0.010284,14.300802,15.000000,1.000000
0.010286,14.299812,15.000000,1.000000
0.010288,14.298825,15.000000,1.000000
0.010290,14.297839,15.000000,1.000000
0.010292,14.296855,15.000000,1.000000
0.010294,14.295872,15.000000,1.000000
0.010296,14.294892,15.000000,1.000000
0.010298,14.293913,15.000000,1.000000
0.010300,14.321106,15.000000,1.000000
0.010302,14.348350,15.000000,1.000000
0.010304,14.375643,15.000000,1.000000
0.010306,14.402987,15.000000,1.000000
0.010308,14.430380,15.000000,1.000000
0.010310,14.457824,15.000000,1.000000
0.010312,14.485319,15.000000,1.000000
0.010314,14.512863,15.000000,1.000000
0.010316,14.540459,15.000000,1.000000
0.010318,14.568106,15.000000,1.000000
0.010320,14.595803,15.000000,1.000000
0.010322,14.623552,15.000000,1.000000
0.010324,14.651352,15.000000,1.000000
0.010326,14.679204,15.000000,1.000000
0.010328,14.707107,15.000000,1.000000
0.010330,14.735062,15.000000,1.000000
0.010332,14.763069,15.000000,1.000000
0.010334,14.791128,15.000000,1.000000
0.010336,14.819239,15.000000,1.000000
0.010338,14.847402,15.000000,1.000000
0.010340,14.875618,15.000000,1.000000
0.010342,14.903887,15.000000,1.000000
0.010344,14.932208,15.000000,1.000000
0.010346,14.960583,15.000000,1.000000
0.010348,14.989010,15.000000,1.000000
0.010350,15.017491,15.000000,1.000000
0.010352,15.046025,15.000000,1.000000
0.010354,15.074613,15.000000,1.000000
0.010356,15.103254,15.000000,1.000000
0.010358,15.131949,15.000000,1.000000
0.010360,15.160698,15.000000,1.000000
0.010362,15.189502,15.000000,1.000000
0.010364,15.218359,15.000000,1.000000
0.010366,15.247272,15.000000,1.000000
0.010368,15.276238,15.000000,1.000000
0.010370,15.305260,15.000000,1.000000
0.010372,15.334336,15.000000,1.000000
0.010374,15.363468,15.000000,1.000000
0.010376,15.392655,15.000000,1.000000
0.010378,15.421897,15.000000,1.000000
0.010380,15.451194,15.000000,1.000000
0.010382,15.480548,15.000000,1.000000
0.010384,15.509957,15.000000,1.000000
0.010386,15.539423,15.000000,1.000000
0.010388,15.568944,15.000000,1.000000
0.010390,15.598522,15.000000,1.000000
0.010392,15.628156,15.000000,1.000000
0.010394,15.657847,15.000000,1.000000
0.010396,15.687595,15.000000,1.000000
0.010398,15.717400,15.000000,1.000000
0.010400,15.716339,15.000000,1.000000
0.010402,15.715279,15.000000,1.000000
0.010404,15.714222,15.000000,1.000000
0.010406,15.713166,15.000000,1.000000
0.010408,15.712111,15.000000,1.000000
0.010410,15.711059,15.000000,1.000000
0.010412,15.710008,15.000000,1.000000
0.010414,15.708959,15.000000,1.000000
0.010416,15.707912,15.000000,1.000000
0.010418,15.706866,15.000000,0.000000
0.010420,15.705822,15.000000,0.000000
0.010422,15.704780,15.000000,0.000000
0.010424,15.703739,15.000000,0.000000
0.010426,15.702701,15.000000,0.000000
0.010428,15.701663,15.000000,0.000000
0.010430,15.700628,15.000000,0.000000
0.010432,15.699594,15.000000,0.000000
0.010434,15.698562,15.000000,0.000000
0.010436,15.697532,15.000000,0.000000
0.010438,15.696503,15.000000,0.000000
0.010440,15.695476,15.000000,0.000000
0.010442,15.694451,15.000000,0.000000
0.010444,15.693427,15.000000,0.000000
0.010446,15.692405,15.000000,0.000000
0.010448,15.691384,15.000000,0.000000
0.010450,15.690365,15.000000,0.000000
0.010452,15.689348,15.000000,0.000000
0.010454,15.688333,15.000000,0.000000
0.010456,15.687319,15.000000,0.000000
0.010458,15.686307,15.000000,0.000000
0.010460,15.685296,15.000000,0.000000
0.010462,15.684287,15.000000,0.000000
0.010464,15.683280,15.000000,0.000000
0.010466,15.682274,15.000000,0.000000
0.010468,15.681270,15.000000,0.000000
0.010470,15.680267,15.000000,0.000000
0.010472,15.679266,15.000000,0.000000
0.010474,15.678267,15.000000,0.000000
0.010476,15.677269,15.000000,0.000000
0.010478,15.676273,15.000000,0.000000
0.010480,15.675279,15.000000,0.000000
0.010482,15.674286,15.000000,0.000000
0.010484,15.673294,15.000000,0.000000
0.010486,15.672304,15.000000,0.000000
0.010488,15.671316,15.000000,0.000000
0.010490,15.670329,15.000000,0.000000
0.010492,15.669344,15.000000,0.000000
0.010494,15.668361,15.000000,0.000000
0.010496,15.667379,15.000000,0.000000
0.010498,15.666398,15.000000,0.000000
0.010500,15.634679,15.000000,0.000000
0.010502,15.603027,15.000000,0.000000
0.010504,15.571444,15.000000,0.000000
0.010506,15.539928,15.000000,0.000000
0.010508,15.508480,15.000000,0.000000
0.010510,15.477100,15.000000,0.000000
0.010512,15.445786,15.000000,0.000000
0.010514,15.414539,15.000000,0.000000
0.010516,15.383359,15.000000,0.000000
0.010518,15.352245,15.000000,0.000000
0.010520,15.321197,15.000000,0.000000
0.010522,15.290216,15.000000,0.000000
0.010524,15.259300,15.000000,0.000000
0.010526,15.228449,15.000000,0.000000
0.010528,15.197664,15.000000,0.000000
0.010530,15.166944,15.000000,0.000000
0.010532,15.136289,15.000000,0.000000
0.010534,15.105699,15.000000,0.000000
0.010536,15.075173,15.000000,0.000000
0.010538,15.044712,15.000000,0.000000
0.010540,15.014314,15.000000,0.000000
0.010542,14.983981,15.000000,0.000000
0.010544,14.953711,15.000000,0.000000
0.010546,14.923504,15.000000,0.000000
0.010548,14.893360,15.000000,0.000000
0.010550,14.863280,15.000000,0.000000
0.010552,14.833262,15.000000,0.000000
0.010554,14.803307,15.000000,0.000000
0.010556,14.773415,15.000000,0.000000
0.010558,14.743584,15.000000,0.000000
0.010560,14.713816,15.000000,0.000000
0.010562,14.684109,15.000000,0.000000
0.010564,14.654464,15.000000,0.000000
0.010566,14.624880,15.000000,0.000000
0.010568,14.595358,15.000000,0.000000
0.010570,14.565896,15.000000,0.000000
0.010572,14.536495,15.000000,0.000000
0.010574,14.507155,15.000000,0.000000
0.010576,14.477875,15.000000,0.000000
0.010578,14.448655,15.000000,0.000000
0.010580,14.419496,15.000000,0.000000
0.010582,14.390396,15.000000,0.000000
0.010584,14.361356,15.000000,0.000000
0.010586,14.332375,15.000000,0.000000
0.010588,14.303453,15.000000,0.000000
0.010590,14.274590,15.000000,0.000000
0.010592,14.245786,15.000000,0.000000
0.010594,14.217041,15.000000,0.000000
0.010596,14.188354,15.000000,0.000000
0.010598,14.159726,15.000000,0.000000
0.010600,14.131155,15.000000,0.000000
0.010602,14.102642,15.000000,0.000000
0.010604,14.074187,15.000000,0.000000
0.010606,14.045790,15.000000,0.000000
0.010608,14.017450,15.000000,0.000000
0.010610,13.989167,15.000000,0.000000
0.010612,13.960941,15.000000,0.000000
0.010614,13.932771,15.000000,0.000000
0.010616,13.904658,15.000000,0.000000
0.010618,13.876602,15.000000,0.000000
0.010620,13.848602,15.000000,0.000000
0.010622,13.820658,15.000000,0.000000
0.010624,13.792769,15.000000,0.000000
0.010626,13.764937,15.000000,0.000000
0.010628,13.737160,15.000000,0.000000
0.010630,13.709438,15.000000,0.000000
0.010632,13.681771,15.000000,0.000000
0.010634,13.654159,15.000000,0.000000
0.010636,13.626602,15.000000,0.000000
0.010638,13.599100,15.000000,0.000000
0.010640,13.571652,15.000000,0.000000
0.010642,13.544258,15.000000,0.000000
0.010644,13.516918,15.000000,0.000000
0.010646,13.489632,15.000000,0.000000
0.010648,13.462400,15.000000,0.000000
0.010650,13.435222,15.000000,0.000000
0.010652,13.408096,15.000000,0.000000
0.010654,13.381025,15.000000,0.000000
0.010656,13.354006,15.000000,0.000000
0.010658,13.327040,15.000000,0.000000
0.010660,13.300126,15.000000,0.000000
0.010662,13.273265,15.000000,0.000000
0.010664,13.246457,15.000000,0.000000
0.010666,13.219701,15.000000,0.000000
0.010668,13.192996,15.000000,0.000000
0.010670,13.166344,15.000000,0.000000
0.010672,13.139743,15.000000,0.000000
0.010674,13.113194,15.000000,0.000000
0.010676,13.086697,15.000000,0.000000
0.010678,13.060250,15.000000,0.000000
0.010680,13.033855,15.000000,0.000000
0.010682,13.007510,15.000000,0.000000
0.010684,12.981216,15.000000,0.000000
0.010686,12.954973,15.000000,0.000000
0.010688,12.928780,15.000000,0.000000
0.010690,12.902637,15.000000,0.000000
0.010692,12.876544,15.000000,0.000000
0.010694,12.850502,15.000000,0.000000
0.010696,12.824509,15.000000,0.000000
0.010698,12.798565,15.000000,0.000000
0.010700,12.772672,15.000000,0.000000
0.010702,12.746827,15.000000,0.000000
0.010704,12.721031,15.000000,0.000000
0.010706,12.695285,15.000000,0.000000
0.010708,12.669587,15.000000,0.000000
0.010710,12.643938,15.000000,0.000000
0.010712,12.618338,15.000000,0.000000
0.010714,12.592786,15.000000,0.000000
0.010716,12.567282,15.000000,0.000000
0.010718,12.541826,15.000000,0.000000
0.010720,12.516418,15.000000,0.000000
0.010722,12.491058,15.000000,0.000000
0.010724,12.465746,15.000000,0.000000
0.010726,12.440481,15.000000,0.000000
0.010728,12.415263,15.000000,0.000000
0.010730,12.390093,15.000000,0.000000
0.010732,12.364969,15.000000,0.000000
0.010734,12.339893,15.000000,0.000000
0.010736,12.314863,15.000000,0.000000
0.010738,12.289879,15.000000,0.000000
0.010740,12.264943,15.000000,0.000000
0.010742,12.240052,15.000000,0.000000
0.010744,12.215208,15.000000,0.000000
0.010746,12.190409,15.000000,0.000000
0.010748,12.165657,15.000000,0.000000
0.010750,12.140950,15.000000,0.000000
0.010752,12.116289,15.000000,0.000000
0.010754,12.091673,15.000000,0.000000
0.010756,12.067103,15.000000,0.000000
0.010758,12.042577,15.000000,0.000000
0.010760,12.018097,15.000000,0.000000
0.010762,11.993662,15.000000,0.000000
0.010764,11.969271,15.000000,0.000000
0.010766,11.944925,15.000000,0.000000
0.010768,11.920623,15.000000,0.000000
0.010770,11.896366,15.000000,0.000000
0.010772,11.872153,15.000000,0.000000
0.010774,11.847984,15.000000,0.000000
0.010776,11.823859,15.000000,0.000000
0.010778,11.799778,15.000000,0.000000
0.010780,11.775740,15.000000,0.000000
0.010782,11.751746,15.000000,0.000000
0.010784,11.727795,15.000000,0.000000
0.010786,11.703888,15.000000,0.000000
0.010788,11.680023,15.000000,0.000000
0.010790,11.656202,15.000000,0.000000
0.010792,11.632423,15.000000,0.000000
0.010794,11.608688,15.000000,0.000000
0.010796,11.584995,15.000000,0.000000
0.010798,11.561344,15.000000,0.000000
0.010800,11.537735,15.000000,0.000000
0.010802,11.514169,15.000000,0.000000
0.010804,11.490645,15.000000,0.000000
0.010806,11.467163,15.000000,0.000000
0.010808,11.443723,15.000000,0.000000
0.010810,11.420324,15.000000,0.000000
0.010812,11.396967,15.000000,0.000000
0.010814,11.373652,15.000000,0.000000
0.010816,11.350377,15.000000,0.000000
0.010818,11.327144,15.000000,0.000000
0.010820,11.303952,15.000000,0.000000
0.010822,11.280801,15.000000,0.000000
0.010824,11.257691,15.000000,0.000000
0.010826,11.234622,15.000000,0.000000
0.010828,11.211593,15.000000,0.000000
0.010830,11.188604,15.000000,0.000000
0.010832,11.165656,15.000000,0.000000
0.010834,11.142748,15.000000,0.000000
0.010836,11.119881,15.000000,0.000000
0.010838,11.097053,15.000000,0.000000
0.010840,11.074265,15.000000,0.000000
0.010842,11.051517,15.000000,0.000000
0.010844,11.028808,15.000000,0.000000
0.010846,11.006139,15.000000,0.000000
0.010848,10.983509,15.000000,0.000000
0.010850,10.960919,15.000000,0.000000
0.010852,10.938367,15.000000,0.000000
0.010854,10.915855,15.000000,0.000000
0.010856,10.893382,15.000000,0.000000
0.010858,10.870947,15.000000,0.000000
0.010860,10.848551,15.000000,0.000000
0.010862,10.826194,15.000000,0.000000
0.010864,10.803875,15.000000,0.000000
0.010866,10.781595,15.000000,0.000000
0.010868,10.759352,15.000000,0.000000
0.010870,10.737148,15.000000,0.000000
0.010872,10.714982,15.000000,0.000000
0.010874,10.692854,15.000000,0.000000
0.010876,10.670763,15.000000,0.000000
0.010878,10.648710,15.000000,0.000000
0.010880,10.626695,15.000000,0.000000
0.010882,10.604717,15.000000,0.000000
0.010884,10.582777,15.000000,0.000000
0.010886,10.560873,15.000000,0.000000
0.010888,10.539007,15.000000,0.000000
0.010890,10.517178,15.000000,0.000000
0.010892,10.495386,15.000000,0.000000
0.010894,10.473630,15.000000,0.000000
0.010896,10.451912,15.000000,0.000000
0.010898,10.430229,15.000000,0.000000
0.010900,10.408584,15.000000,0.000000
0.010902,10.386974,15.000000,0.000000
0.010904,10.365401,15.000000,0.000000
0.010906,10.343864,15.000000,0.000000
0.010908,10.322363,15.000000,0.000000
0.010910,10.300898,15.000000,0.000000
0.010912,10.279469,15.000000,0.000000
0.010914,10.258076,15.000000,0.000000
0.010916,10.236718,15.000000,0.000000
0.010918,10.215396,15.000000,0.000000
0.010920,10.194109,15.000000,0.000000
0.010922,10.172857,15.000000,0.000000
0.010924,10.151641,15.000000,0.000000
0.010926,10.130460,15.000000,0.000000
0.010928,10.109314,15.000000,0.000000
0.010930,10.088202,15.000000,0.000000
0.010932,10.067126,15.000000,0.000000
0.010934,10.046084,15.000000,0.000000
0.010936,10.025077,15.000000,0.000000
0.010938,10.004104,15.000000,0.000000
0.010940,9.983166,15.000000,0.000000
0.010942,9.962262,15.000000,0.000000
0.010944,9.941393,15.000000,0.000000
0.010946,9.920557,15.000000,0.000000
0.010948,9.899756,15.000000,0.000000
0.010950,9.878988,15.000000,0.000000
0.010952,9.858254,15.000000,0.000000
0.010954,9.837554,15.000000,0.000000
0.010956,9.816888,15.000000,0.000000
0.010958,9.796255,15.000000,0.000000
0.010960,9.775656,15.000000,0.000000
0.010962,9.755090,15.000000,0.000000
0.010964,9.734557,15.000000,0.000000
0.010966,9.714057,15.000000,0.000000
0.010968,9.693591,15.000000,0.000000
0.010970,9.673157,15.000000,0.000000
0.010972,9.652757,15.000000,0.000000
0.010974,9.632389,15.000000,0.000000
0.010976,9.612053,15.000000,0.000000
0.010978,9.591751,15.000000,0.000000
0.010980,9.571481,15.000000,0.000000
0.010982,9.551243,15.000000,0.000000
0.010984,9.531038,15.000000,0.000000
0.010986,9.510865,15.000000,0.000000
0.010988,9.490724,15.000000,0.000000
0.010990,9.470615,15.000000,0.000000
0.010992,9.450538,15.000000,0.000000
0.010994,9.430493,15.000000,0.000000
0.010996,9.410479,15.000000,0.000000
0.010998,9.390498,15.000000,0.000000
0.011000,9.370548,15.000000,0.000000
0.011002,9.350629,15.000000,0.000000
0.011004,9.330742,15.000000,0.000000
0.011006,9.310887,15.000000,0.000000
0.011008,9.291062,15.000000,0.000000
0.011010,9.271269,15.000000,0.000000
0.011012,9.251507,15.000000,0.000000
0.011014,9.231776,15.000000,0.000000
0.011016,9.212076,15.000000,0.000000
0.011018,9.192406,15.000000,0.000000
0.011020,9.172768,15.000000,0.000000
0.011022,9.153160,15.000000,0.000000
0.011024,9.133582,15.000000,0.000000
0.011026,9.114035,15.000000,0.000000
0.011028,9.094519,15.000000,0.000000
0.011030,9.075033,15.000000,0.000000
0.011032,9.055577,15.000000,0.000000
0.011034,9.036151,15.000000,0.000000
0.011036,9.016755,15.000000,0.000000
0.011038,8.997389,15.000000,0.000000
0.011040,8.978054,15.000000,0.000000
0.011042,8.958747,15.000000,0.000000
0.011044,8.939471,15.000000,0.000000
0.011046,8.920225,15.000000,0.000000
0.011048,8.901008,15.000000,0.000000
0.011050,8.881820,15.000000,0.000000
0.011052,8.862662,15.000000,0.000000
0.011054,8.843533,15.000000,0.000000
0.011056,8.824434,15.000000,0.000000
0.011058,8.805363,15.000000,0.000000
0.011060,8.786322,15.000000,0.000000
0.011062,8.767310,15.000000,0.000000
0.011064,8.748327,15.000000,0.000000
0.011066,8.729372,15.000000,0.000000
0.011068,8.710447,15.000000,0.000000
0.011070,8.691550,15.000000,0.000000
0.011072,8.672682,15.000000,0.000000
0.011074,8.653842,15.000000,0.000000
0.011076,8.635031,15.000000,0.000000
0.011078,8.616248,15.000000,0.000000
0.011080,8.597493,15.000000,0.000000
0.011082,8.578767,15.000000,0.000000
0.011084,8.560069,15.000000,0.000000
0.011086,8.541399,15.000000,0.000000
0.011088,8.522757,15.000000,0.000000
0.011090,8.504143,15.000000,0.000000
0.011092,8.485557,15.000000,0.000000
0.011094,8.466998,15.000000,0.000000
0.011096,8.448468,15.000000,0.000000
0.011098,8.429965,15.000000,0.000000
0.011100,8.411489,15.000000,0.000000
0.011102,8.393041,15.000000,0.000000
0.011104,8.374621,15.000000,0.000000
0.011106,8.356228,15.000000,0.000000
0.011108,8.337862,15.000000,0.000000
0.011110,8.319523,15.000000,0.000000
0.011112,8.301212,15.000000,0.000000
0.011114,8.282927,15.000000,0.000000
0.011116,8.264670,15.000000,0.000000
0.011118,8.246439,15.000000,0.000000
0.011120,8.228236,15.000000,0.000000
0.011122,8.210059,15.000000,0.000000
0.011124,8.191909,15.000000,0.000000
0.011126,8.173785,15.000000,0.000000
0.011128,8.155688,15.000000,0.000000
0.011130,8.137618,15.000000,0.000000
0.011132,8.119574,15.000000,0.000000
0.011134,8.101556,15.000000,0.000000
0.011136,8.083565,15.000000,0.000000
0.011138,8.065600,15.000000,0.000000
0.011140,8.047661,15.000000,0.000000
0.011142,8.029748,15.000000,0.000000
0.011144,8.011861,15.000000,0.000000
0.011146,7.994000,15.000000,0.000000
0.011148,7.976165,15.000000,0.000000
0.011150,7.958355,15.000000,0.000000
0.011152,7.940572,15.000000,0.000000
0.011154,7.922814,15.000000,0.000000
0.011156,7.905082,15.000000,0.000000
0.011158,7.887375,15.000000,0.000000
0.011160,7.869694,15.000000,0.000000
0.011162,7.852038,15.000000,0.000000
0.011164,7.834408,15.000000,0.000000
0.011166,7.816803,15.000000,0.000000
0.011168,7.799223,15.000000,0.000000
0.011170,7.781668,15.000000,0.000000
0.011172,7.764138,15.000000,0.000000
0.011174,7.746634,15.000000,0.000000
0.011176,7.729154,15.000000,0.000000
0.011178,7.711699,15.000000,0.000000
0.011180,7.694269,15.000000,0.000000
0.011182,7.676864,15.000000,0.000000
0.011184,7.659483,15.000000,0.000000
0.011186,7.642127,15.000000,0.000000
0.011188,7.624796,15.000000,0.000000
0.011190,7.607489,15.000000,0.000000
0.011192,7.590207,15.000000,0.000000
0.011194,7.572949,15.000000,0.000000
0.011196,7.555716,15.000000,0.000000
0.011198,7.538506,15.000000,0.000000
0.011200,7.521321,15.000000,0.000000
0.011202,7.504160,15.000000,0.000000
0.011204,7.487023,15.000000,0.000000
0.011206,7.469910,15.000000,0.000000
0.011208,7.452821,15.000000,0.000000
0.011210,7.435756,15.000000,0.000000
0.011212,7.418715,15.000000,0.000000
0.011214,7.401698,15.000000,0.000000
0.011216,7.384704,15.000000,0.000000
0.011218,7.367734,15.000000,0.000000
0.011220,7.350787,15.000000,0.000000
0.011222,7.333864,15.000000,0.000000
0.011224,7.316965,15.000000,0.000000
0.011226,7.300089,15.000000,0.000000
0.011228,7.283236,15.000000,0.000000
0.011230,7.266407,15.000000,0.000000
0.011232,7.249601,15.000000,0.000000
0.011234,7.232818,15.000000,0.000000
0.011236,7.216058,15.000000,0.000000
0.011238,7.199321,15.000000,0.000000
0.011240,7.182608,15.000000,0.000000
0.011242,7.165917,15.000000,0.000000
0.011244,7.149249,15.000000,0.000000
0.011246,7.132604,15.000000,0.000000
0.011248,7.115982,15.000000,0.000000
0.011250,7.099382,15.000000,0.000000
0.011252,7.082805,15.000000,0.000000
0.011254,7.066251,15.000000,0.000000
0.011256,7.049719,15.000000,0.000000
0.011258,7.033210,15.000000,0.000000
0.011260,7.016724,15.000000,0.000000
0.011262,7.000259,15.000000,0.000000
0.011264,6.983817,15.000000,0.000000
0.011266,6.967397,15.000000,0.000000
0.011268,6.951000,15.000000,0.000000
0.011270,6.934625,15.000000,0.000000
0.011272,6.918271,15.000000,0.000000
0.011274,6.901940,15.000000,0.000000
0.011276,6.885631,15.000000,0.000000
0.011278,6.869344,15.000000,0.000000
0.011280,6.853079,15.000000,0.000000
0.011282,6.836835,15.000000,0.000000
0.011284,6.820614,15.000000,0.000000
0.011286,6.804414,15.000000,0.000000
0.011288,6.788235,15.000000,0.000000
0.011290,6.772079,15.000000,0.000000
0.011292,6.755944,15.000000,0.000000
0.011294,6.739830,15.000000,0.000000
0.011296,6.723738,15.000000,0.000000
0.011298,6.707668,15.000000,0.000000
0.011300,6.691618,15.000000,0.000000
0.011302,6.675591,15.000000,0.000000
0.011304,6.659584,15.000000,0.000000
0.011306,6.643599,15.000000,0.000000
0.011308,6.627634,15.000000,0.000000
0.011310,6.611691,15.000000,0.000000
0.011312,6.595769,15.000000,0.000000
0.011314,6.579868,15.000000,0.000000
0.011316,6.563988,15.000000,0.000000
0.011318,6.548129,15.000000,0.000000
0.011320,6.532290,15.000000,0.000000
0.011322,6.516473,15.000000,0.000000
0.011324,6.500676,15.000000,0.000000
0.011326,6.484900,15.000000,0.000000
0.011328,6.469145,15.000000,0.000000
0.011330,6.453410,15.000000,0.000000
0.011332,6.437696,15.000000,0.000000
0.011334,6.422002,15.000000,0.000000
0.011336,6.406329,15.000000,0.000000
0.011338,6.390676,15.000000,0.000000
0.011340,6.375043,15.000000,0.000000
0.011342,6.359431,15.000000,0.000000
0.011344,6.343839,15.000000,0.000000
0.011346,6.328268,15.000000,0.000000
0.011348,6.312716,15.000000,0.000000
0.011350,6.297185,15.000000,0.000000
0.011352,6.281674,15.000000,0.000000
0.011354,6.266183,15.000000,0.000000
0.011356,6.250711,15.000000,0.000000
0.011358,6.235260,15.000000,0.000000
0.011360,6.219828,15.000000,0.000000
0.011362,6.204417,15.000000,0.000000
0.011364,6.189025,15.000000,0.000000
0.011366,6.173653,15.000000,0.000000
0.011368,6.158301,15.000000,0.000000
0.011370,6.142968,15.000000,0.000000
0.011372,6.127655,15.000000,0.000000
0.011374,6.112361,15.000000,0.000000
0.011376,6.097087,15.000000,0.000000
0.011378,6.081833,15.000000,0.000000
0.011380,6.066598,15.000000,0.000000
0.011382,6.051382,15.000000,0.000000
0.011384,6.036186,15.000000,0.000000
0.011386,6.021009,15.000000,0.000000
0.011388,6.005851,15.000000,0.000000
0.011390,5.990712,15.000000,0.000000
0.011392,5.975593,15.000000,0.000000
0.011394,5.960492,15.000000,0.000000
0.011396,5.945411,15.000000,0.000000
0.011398,5.930349,15.000000,0.000000
0.011400,5.915305,15.000000,0.000000
0.011402,5.900281,15.000000,0.000000
0.011404,5.885275,15.000000,0.000000
0.011406,5.870289,15.000000,0.000000
0.011408,5.855321,15.000000,0.000000
0.011410,5.840372,15.000000,0.000000
0.011412,5.825441,15.000000,0.000000
0.011414,5.810530,15.000000,0.000000
0.011416,5.795637,15.000000,0.000000
0.011418,5.780762,15.000000,0.000000
0.011420,5.765906,15.000000,0.000000
0.011422,5.751069,15.000000,0.000000
0.011424,5.736250,15.000000,0.000000
0.011426,5.721449,15.000000,0.000000
0.011428,5.706667,15.000000,0.000000
0.011430,5.691903,15.000000,0.000000
0.011432,5.677158,15.000000,0.000000
0.011434,5.662430,15.000000,0.000000
0.011436,5.647721,15.000000,0.000000
0.011438,5.633030,15.000000,0.000000
0.011440,5.618358,15.000000,0.000000
0.011442,5.603703,15.000000,0.000000
0.011444,5.589066,15.000000,0.000000
0.011446,5.574447,15.000000,0.000000
0.011448,5.559847,15.000000,0.000000
0.011450,5.545264,15.000000,0.000000
0.011452,5.530699,15.000000,0.000000
0.011454,5.516152,15.000000,0.000000
0.011456,5.501623,15.000000,0.000000
0.011458,5.487111,15.000000,0.000000
0.011460,5.472617,15.000000,0.000000
0.011462,5.458141,15.000000,0.000000
0.011464,5.443683,15.000000,0.000000
0.011466,5.429242,15.000000,0.000000
0.011468,5.414819,15.000000,0.000000
0.011470,5.400413,15.000000,0.000000
0.011472,5.386025,15.000000,0.000000
0.011474,5.371654,15.000000,0.000000
0.011476,5.357300,15.000000,0.000000
0.011478,5.342964,15.000000,0.000000
0.011480,5.328645,15.000000,0.000000
0.011482,5.314344,15.000000,0.000000
0.011484,5.300060,15.000000,0.000000
0.011486,5.285793,15.000000,0.000000
0.011488,5.271543,15.000000,0.000000
0.011490,5.257310,15.000000,0.000000
0.011492,5.243094,15.000000,0.000000
0.011494,5.228896,15.000000,0.000000
0.011496,5.214714,15.000000,0.000000
0.011498,5.200550,15.000000,0.000000
0.011500,5.186402,15.000000,0.000000
0.011502,5.172271,15.000000,0.000000
0.011504,5.158157,15.000000,0.000000
0.011506,5.144060,15.000000,0.000000
0.011508,5.129980,15.000000,0.000000
0.011510,5.115917,15.000000,0.000000
0.011512,5.101870,15.000000,0.000000
0.011514,5.087840,15.000000,0.000000
0.011516,5.073827,15.000000,0.000000
0.011518,5.059830,15.000000,0.000000
0.011520,5.045850,15.000000,0.000000
0.011522,5.031886,15.000000,0.000000
0.011524,5.017939,15.000000,0.000000
0.011526,5.004008,15.000000,0.000000
0.011528,4.990094,15.000000,0.000000
0.011530,4.976196,15.000000,0.000000
0.011532,4.962314,15.000000,0.000000
0.011534,4.948449,15.000000,0.000000
0.011536,4.934600,15.000000,0.000000
0.011538,4.920767,15.000000,0.000000
0.011540,4.906951,15.000000,0.000000
0.011542,4.893151,15.000000,0.000000
0.011544,4.879366,15.000000,0.000000
0.011546,4.865598,15.000000,0.000000
0.011548,4.851846,15.000000,0.000000
0.011550,4.838111,15.000000,0.000000
0.011552,4.824391,15.000000,0.000000
0.011554,4.810687,15.000000,0.000000
0.011556,4.796999,15.000000,0.000000
0.011558,4.783327,15.000000,0.000000
0.011560,4.769670,15.000000,0.000000
0.011562,4.756030,15.000000,0.000000
0.011564,4.742405,15.000000,0.000000
0.011566,4.728797,15.000000,0.000000
0.011568,4.715204,15.000000,0.000000
0.011570,4.701626,15.000000,0.000000
0.011572,4.688064,15.000000,0.000000
0.011574,4.674518,15.000000,0.000000
0.011576,4.660988,15.000000,0.000000
0.011578,4.647473,15.000000,0.000000
0.011580,4.633974,15.000000,0.000000
0.011582,4.620490,15.000000,0.000000
0.011584,4.607021,15.000000,0.000000
0.011586,4.593568,15.000000,0.000000
0.011588,4.580131,15.000000,0.000000
0.011590,4.566708,15.000000,0.000000
0.011592,4.553301,15.000000,0.000000
0.011594,4.539910,15.000000,0.000000
0.011596,4.526533,15.000000,0.000000
0.011598,4.513172,15.000000,0.000000
0.011600,4.499827,15.000000,0.000000
0.011602,4.486496,15.000000,0.000000
0.011604,4.473180,15.000000,0.000000
0.011606,4.459880,15.000000,0.000000
0.011608,4.446594,15.000000,0.000000
0.011610,4.433324,15.000000,0.000000
0.011612,4.420069,15.000000,0.000000
0.011614,4.406828,15.000000,0.000000
0.011616,4.393603,15.000000,0.000000
0.011618,4.380392,15.000000,0.000000
0.011620,4.367197,15.000000,0.000000
0.011622,4.354016,15.000000,0.000000
0.011624,4.340850,15.000000,0.000000
0.011626,4.327699,15.000000,0.000000
0.011628,4.314563,15.000000,0.000000
0.011630,4.301441,15.000000,0.000000
0.011632,4.288334,15.000000,0.000000
0.011634,4.275242,15.000000,0.000000
0.011636,4.262164,15.000000,0.000000
0.011638,4.249101,15.000000,0.000000
0.011640,4.236053,15.000000,0.000000
0.011642,4.223019,15.000000,0.000000
0.011644,4.210000,15.000000,0.000000
0.011646,4.196995,15.000000,0.000000
0.011648,4.184004,15.000000,0.000000
0.011650,4.171028,15.000000,0.000000
0.011652,4.158067,15.000000,0.000000
0.011654,4.145120,15.000000,0.000000
0.011656,4.132187,15.000000,0.000000
0.011658,4.119268,15.000000,0.000000
0.011660,4.106364,15.000000,0.000000
0.011662,4.093474,15.000000,0.000000
0.011664,4.080598,15.000000,0.000000
0.011666,4.067736,15.000000,0.000000
0.011668,4.054889,15.000000,0.000000
0.011670,4.042056,15.000000,0.000000
0.011672,4.029236,15.000000,0.000000
0.011674,4.016431,15.000000,0.000000
0.011676,4.003640,15.000000,0.000000
0.011678,3.990863,15.000000,0.000000
0.011680,3.978100,15.000000,0.000000
0.011682,3.965351,15.000000,0.000000
0.011684,3.952616,15.000000,0.000000
0.011686,3.939895,15.000000,0.000000
0.011688,3.927187,15.000000,0.000000
0.011690,3.914494,15.000000,0.000000
0.011692,3.901814,15.000000,0.000000
0.011694,3.889148,15.000000,0.000000
0.011696,3.876496,15.000000,0.000000
0.011698,3.863857,15.000000,0.000000
0.011700,3.851233,15.000000,0.000000
0.011702,3.838622,15.000000,0.000000
0.011704,3.826024,15.000000,0.000000
0.011706,3.813440,15.000000,0.000000
0.011708,3.800870,15.000000,0.000000
0.011710,3.788314,15.000000,0.000000
0.011712,3.775771,15.000000,0.000000
0.011714,3.763241,15.000000,0.000000
0.011716,3.750725,15.000000,0.000000
0.011718,3.738222,15.000000,0.000000
0.011720,3.725733,15.000000,0.000000
0.011722,3.713257,15.000000,0.000000
0.011724,3.700795,15.000000,0.000000
0.011726,3.688346,15.000000,0.000000
0.011728,3.675910,15.000000,0.000000
0.011730,3.663488,15.000000,0.000000
0.011732,3.651079,15.000000,0.000000
0.011734,3.638683,15.000000,0.000000
0.011736,3.626300,15.000000,0.000000
0.011738,3.613931,15.000000,0.000000
0.011740,3.601575,15.000000,0.000000
0.011742,3.589232,15.000000,0.000000
0.011744,3.576902,15.000000,0.000000
0.011746,3.564585,15.000000,0.000000
0.011748,3.552281,15.000000,0.000000
0.011750,3.539990,15.000000,0.000000
0.011752,3.527712,15.000000,0.000000
0.011754,3.515447,15.000000,0.000000
0.011756,3.503195,15.000000,0.000000
0.011758,3.490957,15.000000,0.000000
0.011760,3.478731,15.000000,0.000000
0.011762,3.466517,15.000000,0.000000
0.011764,3.454317,15.000000,0.000000
0.011766,3.442130,15.000000,0.000000
0.011768,3.429955,15.000000,0.000000
0.011770,3.417793,15.000000,0.000000
0.011772,3.405644,15.000000,0.000000
0.011774,3.393508,15.000000,0.000000
0.011776,3.381384,15.000000,0.000000
0.011778,3.369273,15.000000,0.000000
0.011780,3.357175,15.000000,0.000000
0.011782,3.345089,15.000000,0.000000
0.011784,3.333016,15.000000,0.000000
0.011786,3.320956,15.000000,0.000000
0.011788,3.308908,15.000000,0.000000
0.011790,3.296872,15.000000,0.000000
0.011792,3.284850,15.000000,0.000000
0.011794,3.272839,15.000000,0.000000
0.011796,3.260841,15.000000,0.000000
0.011798,3.248856,15.000000,0.000000
0.011800,3.236883,15.000000,0.000000
0.011802,3.224922,15.000000,0.000000
0.011804,3.212974,15.000000,0.000000
0.011806,3.201038,15.000000,0.000000
0.011808,3.189114,15.000000,0.000000
0.011810,3.177203,15.000000,0.000000
0.011812,3.165304,15.000000,0.000000
0.011814,3.153417,15.000000,0.000000
0.011816,3.141542,15.000000,0.000000
0.011818,3.129680,15.000000,0.000000
0.011820,3.117830,15.000000,0.000000
0.011822,3.105992,15.000000,0.000000
0.011824,3.094166,15.000000,0.000000
0.011826,3.082352,15.000000,0.000000
0.011828,3.070550,15.000000,0.000000
0.011830,3.058760,15.000000,0.000000
0.011832,3.046983,15.000000,0.000000
0.011834,3.035217,15.000000,0.000000
0.011836,3.023464,15.000000,0.000000
0.011838,3.011722,15.000000,0.000000
0.011840,2.999992,15.000000,0.000000
0.011842,2.988274,15.000000,0.000000
0.011844,2.976568,15.000000,0.000000
0.011846,2.964874,15.000000,0.000000
0.011848,2.953192,15.000000,0.000000
0.011850,2.941522,15.000000,0.000000
0.011852,2.929863,15.000000,0.000000
0.011854,2.918217,15.000000,0.000000
0.011856,2.906582,15.000000,0.000000
0.011858,2.894958,15.000000,0.000000
0.011860,2.883347,15.000000,0.000000
0.011862,2.871747,15.000000,0.000000
0.011864,2.860159,15.000000,0.000000
0.011866,2.848583,15.000000,0.000000
0.011868,2.837018,15.000000,0.000000
0.011870,2.825464,15.000000,0.000000
0.011872,2.813923,15.000000,0.000000
0.011874,2.802393,15.000000,0.000000
0.011876,2.790874,15.000000,0.000000
0.011878,2.779367,15.000000,0.000000
0.011880,2.767872,15.000000,0.000000
0.011882,2.756388,15.000000,0.000000
0.011884,2.744915,15.000000,0.000000
0.011886,2.733454,15.000000,0.000000
0.011888,2.722004,15.000000,0.000000
0.011890,2.710566,15.000000,0.000000
0.011892,2.699139,15.000000,0.000000
0.011894,2.687723,15.000000,0.000000
0.011896,2.676319,15.000000,0.000000
0.011898,2.664926,15.000000,0.000000
0.011900,2.653545,15.000000,0.000000
0.011902,2.642174,15.000000,0.000000
0.011904,2.630815,15.000000,0.000000
0.011906,2.619467,15.000000,0.000000
0.011908,2.608130,15.000000,0.000000
0.011910,2.596805,15.000000,0.000000
0.011912,2.585491,15.000000,0.000000
0.011914,2.574187,15.000000,0.000000
0.011916,2.562895,15.000000,0.000000
0.011918,2.551614,15.000000,0.000000
0.011920,2.540344,15.000000,0.000000
0.011922,2.529086,15.000000,0.000000
0.011924,2.517838,15.000000,0.000000
0.011926,2.506601,15.000000,0.000000
0.011928,2.495375,15.000000,0.000000
0.011930,2.484160,15.000000,0.000000
0.011932,2.472957,15.000000,0.000000
0.011934,2.461764,15.000000,0.000000
0.011936,2.450582,15.000000,0.000000
0.011938,2.439411,15.000000,0.000000
0.011940,2.428250,15.000000,0.000000
0.011942,2.417101,15.000000,0.000000
0.011944,2.405963,15.000000,0.000000
0.011946,2.394835,15.000000,0.000000
0.011948,2.383718,15.000000,0.000000
0.011950,2.372612,15.000000,0.000000
0.011952,2.361517,15.000000,0.000000
0.011954,2.350432,15.000000,0.000000
0.011956,2.339358,15.000000,0.000000
0.011958,2.328295,15.000000,0.000000
0.011960,2.317243,15.000000,0.000000
0.011962,2.306201,15.000000,0.000000
0.011964,2.295170,15.000000,0.000000
0.011966,2.284149,15.000000,0.000000
0.011968,2.273139,15.000000,0.000000
0.011970,2.262140,15.000000,0.000000
0.011972,2.251151,15.000000,0.000000
0.011974,2.240173,15.000000,0.000000
0.011976,2.229205,15.000000,0.000000
0.011978,2.218248,15.000000,0.000000
0.011980,2.207301,15.000000,0.000000
0.011982,2.196365,15.000000,0.000000
0.011984,2.185439,15.000000,0.000000
0.011986,2.174524,15.000000,0.000000
0.011988,2.163619,15.000000,0.000000
0.011990,2.152725,15.000000,0.000000
0.011992,2.141840,15.000000,0.000000
0.011994,2.130967,15.000000,0.000000
0.011996,2.120103,15.000000,0.000000
0.011998,2.109250,15.000000,0.000000
0.012000,2.098407,15.000000,0.000000
0.012002,2.087575,15.000000,0.000000
0.012004,2.076753,15.000000,0.000000
0.012006,2.065941,15.000000,0.000000
0.012008,2.055139,15.000000,0.000000
0.012010,2.044347,15.000000,0.000000
0.012012,2.033566,15.000000,0.000000
0.012014,2.022795,15.000000,0.000000
0.012016,2.012034,15.000000,0.000000
0.012018,2.001283,15.000000,0.000000
0.012020,1.990542,15.000000,0.000000
0.012022,1.979812,15.000000,0.000000
0.012024,1.969091,15.000000,0.000000
0.012026,1.958381,15.000000,0.000000
0.012028,1.947680,15.000000,0.000000
0.012030,1.936990,15.000000,0.000000
0.012032,1.926310,15.000000,0.000000
0.012034,1.915639,15.000000,0.000000
0.012036,1.904979,15.000000,0.000000
0.012038,1.894328,15.000000,0.000000
0.012040,1.883688,15.000000,0.000000
0.012042,1.873057,15.000000,0.000000
0.012044,1.862437,15.000000,0.000000
0.012046,1.851826,15.000000,0.000000
0.012048,1.841225,15.000000,0.000000
0.012050,1.830634,15.000000,0.000000
0.012052,1.820053,15.000000,0.000000
0.012054,1.809482,15.000000,0.000000
0.012056,1.798920,15.000000,0.000000
0.012058,1.788368,15.000000,0.000000
0.012060,1.777827,15.000000,0.000000
0.012062,1.767294,15.000000,0.000000
0.012064,1.756772,15.000000,0.000000
0.012066,1.746259,15.000000,0.000000
0.012068,1.735756,15.000000,0.000000
0.012070,1.725263,15.000000,0.000000
0.012072,1.714779,15.000000,0.000000
0.012074,1.704305,15.000000,0.000000
0.012076,1.693841,15.000000,0.000000
0.012078,1.683386,15.000000,0.000000
0.012080,1.672941,15.000000,0.000000
0.012082,1.662505,15.000000,0.000000
0.012084,1.652080,15.000000,0.000000
0.012086,1.641663,15.000000,0.000000
0.012088,1.631256,15.000000,0.000000
0.012090,1.620859,15.000000,0.000000
0.012092,1.610471,15.000000,0.000000
0.012094,1.600093,15.000000,0.000000
0.012096,1.589724,15.000000,0.000000
0.012098,1.579364,15.000000,0.000000
0.012100,1.569014,15.000000,0.000000
0.012102,1.558674,15.000000,0.000000
0.012104,1.548343,15.000000,0.000000
0.012106,1.538021,15.000000,0.000000
0.012108,1.527709,15.000000,0.000000
0.012110,1.517406,15.000000,0.000000
0.012112,1.507112,15.000000,0.000000
0.012114,1.496828,15.000000,0.000000
0.012116,1.486553,15.000000,0.000000
0.012118,1.476287,15.000000,0.000000
0.012120,1.466031,15.000000,0.000000
0.012122,1.455783,15.000000,0.000000
0.012124,1.445546,15.000000,0.000000
0.012126,1.435317,15.000000,0.000000
0.012128,1.425097,15.000000,0.000000
0.012130,1.414887,15.000000,0.000000
0.012132,1.404686,15.000000,0.000000
0.012134,1.394494,15.000000,0.000000
0.012136,1.384311,15.000000,0.000000
0.012138,1.374138,15.000000,0.000000
0.012140,1.363973,15.000000,0.000000
0.012142,1.353818,15.000000,0.000000
0.012144,1.343672,15.000000,0.000000
0.012146,1.333535,15.000000,0.000000
0.012148,1.323406,15.000000,0.000000
0.012150,1.313287,15.000000,0.000000
0.012152,1.303177,15.000000,0.000000
0.012154,1.293076,15.000000,0.000000
0.012156,1.282984,15.000000,0.000000
0.012158,1.272901,15.000000,0.000000
0.012160,1.262827,15.000000,0.000000
0.012162,1.252762,15.000000,0.000000
0.012164,1.242706,15.000000,0.000000
0.012166,1.232659,15.000000,0.000000
0.012168,1.222621,15.000000,0.000000
0.012170,1.212591,15.000000,0.000000
0.012172,1.202571,15.000000,0.000000
0.012174,1.192559,15.000000,0.000000
0.012176,1.182556,15.000000,0.000000
0.012178,1.172562,15.000000,0.000000
0.012180,1.162577,15.000000,0.000000
0.012182,1.152601,15.000000,0.000000
0.012184,1.142633,15.000000,0.000000
0.012186,1.132674,15.000000,0.000000
0.012188,1.122725,15.000000,0.000000
0.012190,1.112783,15.000000,0.000000
0.012192,1.102851,15.000000,0.000000
0.012194,1.092927,15.000000,0.000000
0.012196,1.083012,15.000000,0.000000
0.012198,1.073106,15.000000,0.000000
0.012200,1.063208,15.000000,0.000000
0.012202,1.053319,15.000000,0.000000
0.012204,1.043439,15.000000,0.000000
0.012206,1.033567,15.000000,0.000000
0.012208,1.023704,15.000000,0.000000
0.012210,1.013849,15.000000,0.000000
0.012212,1.004003,15.000000,0.000000
0.012214,0.994166,15.000000,0.000000
0.012216,0.984337,15.000000,0.000000
0.012218,0.974517,15.000000,0.000000
0.012220,0.964705,15.000000,0.000000
0.012222,0.954902,15.000000,0.000000
0.012224,0.945108,15.000000,0.000000
0.012226,0.935321,15.000000,0.000000
0.012228,0.925544,15.000000,0.000000
0.012230,0.915775,15.000000,0.000000
0.012232,0.906014,15.000000,0.000000
0.012234,0.896262,15.000000,0.000000
0.012236,0.886518,15.000000,0.000000
0.012238,0.876782,15.000000,0.000000
0.012240,0.867055,15.000000,0.000000
0.012242,0.857337,15.000000,0.000000
0.012244,0.847626,15.000000,0.000000
0.012246,0.837924,15.000000,0.000000
0.012248,0.828231,15.000000,0.000000
0.012250,0.818545,15.000000,0.000000
0.012252,0.808869,15.000000,0.000000
0.012254,0.799200,15.000000,0.000000
0.012256,0.789540,15.000000,0.000000
0.012258,0.779887,15.000000,0.000000
0.012260,0.770244,15.000000,0.000000
0.012262,0.760608,15.000000,0.000000
0.012264,0.750981,15.000000,0.000000
0.012266,0.741362,15.000000,0.000000
0.012268,0.731751,15.000000,0.000000
0.012270,0.722148,15.000000,0.000000
0.012272,0.712554,15.000000,0.000000
0.012274,0.702967,15.000000,0.000000
0.012276,0.693389,15.000000,0.000000
0.012278,0.683819,15.000000,0.000000
0.012280,0.674257,15.000000,0.000000
0.012282,0.664704,15.000000,0.000000
0.012284,0.655158,15.000000,0.000000
0.012286,0.645620,15.000000,0.000000
0.012288,0.636091,15.000000,0.000000
0.012290,0.626569,15.000000,0.000000
0.012292,0.617056,15.000000,0.000000
0.012294,0.607551,15.000000,0.000000
0.012296,0.598053,15.000000,0.000000
0.012298,0.588564,15.000000,0.000000
0.012300,0.579083,15.000000,0.000000
0.012302,0.569610,15.000000,0.000000
0.012304,0.560144,15.000000,0.000000
0.012306,0.550687,15.000000,0.000000
0.012308,0.541238,15.000000,0.000000
0.012310,0.531796,15.000000,0.000000
0.012312,0.522363,15.000000,0.000000
0.012314,0.512937,15.000000,0.000000
0.012316,0.503519,15.000000,0.000000
0.012318,0.494110,15.000000,0.000000
0.012320,0.484708,15.000000,0.000000
0.012322,0.475314,15.000000,0.000000
0.012324,0.465927,15.000000,0.000000
0.012326,0.456549,15.000000,0.000000
0.012328,0.447178,15.000000,0.000000
0.012330,0.437816,15.000000,0.000000
0.012332,0.428461,15.000000,0.000000
0.012334,0.419114,15.000000,0.000000
0.012336,0.409774,15.000000,0.000000
0.012338,0.400443,15.000000,0.000000
0.012340,0.391119,15.000000,0.000000
0.012342,0.381803,15.000000,0.000000
0.012344,0.372494,15.000000,0.000000
0.012346,0.363194,15.000000,0.000000
0.012348,0.353901,15.000000,0.000000
0.012350,0.344616,15.000000,0.000000
0.012352,0.335338,15.000000,0.000000
0.012354,0.326068,15.000000,0.000000
0.012356,0.316806,15.000000,0.000000
0.012358,0.307551,15.000000,0.000000
0.012360,0.298304,15.000000,0.000000
0.012362,0.289065,15.000000,0.000000
0.012364,0.279833,15.000000,0.000000
0.012366,0.270609,15.000000,0.000000
0.012368,0.261393,15.000000,0.000000
0.012370,0.252184,15.000000,0.000000
0.012372,0.242982,15.000000,0.000000
0.012374,0.233788,15.000000,0.000000
0.012376,0.224602,15.000000,0.000000
0.012378,0.215423,15.000000,0.000000
0.012380,0.206252,15.000000,0.000000
0.012382,0.197088,15.000000,0.000000
0.012384,0.187932,15.000000,0.000000
0.012386,0.178783,15.000000,0.000000
0.012388,0.169642,15.000000,0.000000
0.012390,0.160508,15.000000,0.000000
0.012392,0.151382,15.000000,0.000000
0.012394,0.142263,15.000000,0.000000
0.012396,0.133151,15.000000,0.000000
0.012398,0.124047,15.000000,0.000000
0.012400,0.114950,15.000000,0.000000
0.012402,0.105861,15.000000,0.000000
0.012404,0.096779,15.000000,0.000000
0.012406,0.087704,15.000000,0.000000
0.012408,0.078637,15.000000,0.000000
0.012410,0.069577,15.000000,0.000000
0.012412,0.060525,15.000000,0.000000
0.012414,0.051479,15.000000,0.000000
0.012416,0.042442,15.000000,0.000000
0.012418,0.033411,15.000000,0.000000
0.012420,0.024388,15.000000,0.000000
0.012422,0.015371,15.000000,0.000000
0.012424,0.006363,15.000000,0.000000
0.012426,0.000000,15.000000,0.000000
0.012428,0.000000,15.000000,0.000000
0.012430,0.000000,15.000000,0.000000
0.012432,0.000000,15.000000,0.000000
0.012434,0.000000,15.000000,0.000000
0.012436,0.000000,15.000000,0.000000
0.012438,0.000000,15.000000,0.000000
0.012440,0.000000,15.000000,0.000000
0.012442,0.000000,15.000000,0.000000
0.012444,0.000000,15.000000,0.000000
0.012446,0.000000,15.000000,0.000000
0.012448,0.000000,15.000000,0.000000
0.012450,0.000000,15.000000,0.000000
0.012452,0.000000,15.000000,0.000000
0.012454,0.000000,15.000000,0.000000
0.012456,0.000000,15.000000,0.000000
0.012458,0.000000,15.000000,0.000000
0.012460,0.000000,15.000000,0.000000
0.012462,0.000000,15.000000,0.000000
0.012464,0.000000,15.000000,0.000000
0.012466,0.000000,15.000000,0.000000
0.012468,0.000000,15.000000,0.000000
0.012470,0.000000,15.000000,0.000000
0.012472,0.000000,15.000000,0.000000
0.012474,0.000000,15.000000,0.000000
0.012476,0.000000,15.000000,0.000000
0.012478,0.000000,15.000000,0.000000
0.012480,0.000000,15.000000,0.000000
0.012482,0.000000,15.000000,0.000000
0.012484,0.000000,15.000000,0.000000
0.012486,0.000000,15.000000,0.000000
0.012488,0.000000,15.000000,0.000000
0.012490,0.000000,15.000000,0.000000
0.012492,0.000000,15.000000,0.000000
0.012494,0.000000,15.000000,0.000000
0.012496,0.000000,15.000000,0.000000
0.012498,0.000000,15.000000,0.000000
0.012500,0.000000,15.000000,0.000000
0.012502,0.000000,15.000000,0.000000
0.012504,0.000000,15.000000,0.000000
0.012506,0.000000,15.000000,0.000000
0.012508,0.000000,15.000000,0.000000
0.012510,0.000000,15.000000,0.000000
0.012512,0.000000,15.000000,0.000000
0.012514,0.000000,15.000000,0.000000
0.012516,0.000000,15.000000,0.000000
0.012518,0.000000,15.000000,0.000000
0.012520,0.000000,15.000000,0.000000
0.012522,0.000000,15.000000,0.000000
0.012524,0.000000,15.000000,0.000000
0.012526,0.000000,15.000000,0.000000
0.012528,0.000000,15.000000,0.000000
0.012530,0.000000,15.000000,0.000000
0.012532,0.000000,15.000000,0.000000
0.012534,0.000000,15.000000,0.000000
0.012536,0.000000,15.000000,0.000000
0.012538,0.000000,15.000000,0.000000
0.012540,0.000000,15.000000,0.000000
0.012542,0.000000,15.000000,0.000000
0.012544,0.000000,15.000000,0.000000
0.012546,0.000000,15.000000,0.000000
0.012548,0.000000,15.000000,0.000000
0.012550,0.000000,15.000000,0.000000
0.012552,0.000000,15.000000,0.000000
0.012554,0.000000,15.000000,0.000000
0.012556,0.000000,15.000000,0.000000
0.012558,0.000000,15.000000,0.000000
0.012560,0.000000,15.000000,0.000000
0.012562,0.000000,15.000000,0.000000
0.012564,0.000000,15.000000,0.000000
0.012566,0.000000,15.000000,0.000000
0.012568,0.000000,15.000000,0.000000
0.012570,0.000000,15.000000,0.000000
0.012572,0.000000,15.000000,0.000000
0.012574,0.000000,15.000000,0.000000
0.012576,0.000000,15.000000,0.000000
0.012578,0.000000,15.000000,0.000000
0.012580,0.000000,15.000000,0.000000
0.012582,0.000000,15.000000,0.000000
0.012584,0.000000,15.000000,0.000000
0.012586,0.000000,15.000000,0.000000
0.012588,0.000000,15.000000,0.000000
0.012590,0.000000,15.000000,0.000000
0.012592,0.000000,15.000000,0.000000
0.012594,0.000000,15.000000,0.000000
0.012596,0.000000,15.000000,0.000000
0.012598,0.000000,15.000000,0.000000
0.012600,0.000000,15.000000,0.000000
0.012602,0.000000,15.000000,0.000000
0.012604,0.000000,15.000000,0.000000
0.012606,0.000000,15.000000,0.000000
0.012608,0.000000,15.000000,0.000000
0.012610,0.000000,15.000000,0.000000
0.012612,0.000000,15.000000,0.000000
0.012614,0.000000,15.000000,0.000000
0.012616,0.000000,15.000000,0.000000
0.012618,0.000000,15.000000,0.000000
0.012620,0.000000,15.000000,0.000000
0.012622,0.000000,15.000000,0.000000
0.012624,0.000000,15.000000,0.000000
0.012626,0.000000,15.000000,0.000000
0.012628,0.000000,15.000000,0.000000
0.012630,0.000000,15.000000,0.000000
0.012632,0.000000,15.000000,0.000000
0.012634,0.000000,15.000000,0.000000
0.012636,0.000000,15.000000,0.000000
0.012638,0.000000,15.000000,0.000000
0.012640,0.000000,15.000000,0.000000
0.012642,0.000000,15.000000,0.000000
0.012644,0.000000,15.000000,0.000000
0.012646,0.000000,15.000000,0.000000
0.012648,0.000000,15.000000,0.000000
0.012650,0.000000,15.000000,0.000000
0.012652,0.000000,15.000000,0.000000
0.012654,0.000000,15.000000,0.000000
0.012656,0.000000,15.000000,0.000000
0.012658,0.000000,15.000000,0.000000
0.012660,0.000000,15.000000,0.000000
0.012662,0.000000,15.000000,0.000000
0.012664,0.000000,15.000000,0.000000
0.012666,0.000000,15.000000,0.000000
0.012668,0.000000,15.000000,0.000000
0.012670,0.000000,15.000000,0.000000
0.012672,0.000000,15.000000,0.000000
0.012674,0.000000,15.000000,0.000000
0.012676,0.000000,15.000000,0.000000
0.012678,0.000000,15.000000,0.000000
0.012680,0.000000,15.000000,0.000000
0.012682,0.000000,15.000000,0.000000
0.012684,0.000000,15.000000,0.000000
0.012686,0.000000,15.000000,0.000000
0.012688,0.000000,15.000000,0.000000
0.012690,0.000000,15.000000,0.000000
0.012692,0.000000,15.000000,0.000000
0.012694,0.000000,15.000000,0.000000
0.012696,0.000000,15.000000,0.000000
0.012698,0.000000,15.000000,0.000000
0.012700,0.000000,15.000000,0.000000
0.012702,0.000000,15.000000,0.000000
0.012704,0.000000,15.000000,0.000000
0.012706,0.000000,15.000000,0.000000
0.012708,0.000000,15.000000,0.000000
0.012710,0.000000,15.000000,0.000000
0.012712,0.000000,15.000000,0.000000
0.012714,0.000000,15.000000,0.000000
0.012716,0.000000,15.000000,0.000000
0.012718,0.000000,15.000000,0.000000
0.012720,0.000000,15.000000,0.000000
0.012722,0.000000,15.000000,0.000000
0.012724,0.000000,15.000000,0.000000
0.012726,0.000000,15.000000,0.000000
0.012728,0.000000,15.000000,0.000000
0.012730,0.000000,15.000000,0.000000
0.012732,0.000000,15.000000,0.000000
0.012734,0.000000,15.000000,0.000000
0.012736,0.000000,15.000000,0.000000
0.012738,0.000000,15.000000,0.000000
0.012740,0.000000,15.000000,0.000000
0.012742,0.000000,15.000000,0.000000
0.012744,0.000000,15.000000,0.000000
0.012746,0.000000,15.000000,0.000000
0.012748,0.000000,15.000000,0.000000
0.012750,0.000000,15.000000,0.000000
0.012752,0.000000,15.000000,0.000000
0.012754,0.000000,15.000000,0.000000
0.012756,0.000000,15.000000,0.000000
0.012758,0.000000,15.000000,0.000000
0.012760,0.000000,15.000000,0.000000
0.012762,0.000000,15.000000,0.000000
0.012764,0.000000,15.000000,0.000000
0.012766,0.000000,15.000000,0.000000
0.012768,0.000000,15.000000,0.000000
0.012770,0.000000,15.000000,0.000000
0.012772,0.000000,15.000000,0.000000
0.012774,0.000000,15.000000,0.000000
0.012776,0.000000,15.000000,0.000000
0.012778,0.000000,15.000000,0.000000
0.012780,0.000000,15.000000,0.000000
0.012782,0.000000,15.000000,0.000000
0.012784,0.000000,15.000000,0.000000
0.012786,0.000000,15.000000,0.000000
0.012788,0.000000,15.000000,0.000000
0.012790,0.000000,15.000000,0.000000
0.012792,0.000000,15.000000,0.000000
0.012794,0.000000,15.000000,0.000000
0.012796,0.000000,15.000000,0.000000
0.012798,0.000000,15.000000,0.000000
0.012800,0.000000,15.000000,0.000000
0.012802,0.000000,15.000000,0.000000
0.012804,0.000000,15.000000,0.000000
0.012806,0.000000,15.000000,0.000000
0.012808,0.000000,15.000000,0.000000
0.012810,0.000000,15.000000,0.000000
0.012812,0.000000,15.000000,0.000000
0.012814,0.000000,15.000000,0.000000
0.012816,0.000000,15.000000,0.000000
0.012818,0.000000,15.000000,0.000000
0.012820,0.000000,15.000000,0.000000
0.012822,0.000000,15.000000,0.000000
0.012824,0.000000,15.000000,0.000000
0.012826,0.000000,15.000000,0.000000
0.012828,0.000000,15.000000,0.000000
0.012830,0.000000,15.000000,0.000000
0.012832,0.000000,15.000000,0.000000
0.012834,0.000000,15.000000,0.000000
0.012836,0.000000,15.000000,0.000000
0.012838,0.000000,15.000000,0.000000
0.012840,0.000000,15.000000,0.000000
0.012842,0.000000,15.000000,0.000000
0.012844,0.000000,15.000000,0.000000
0.012846,0.000000,15.000000,0.000000
0.012848,0.000000,15.000000,0.000000
0.012850,0.000000,15.000000,0.000000
0.012852,0.000000,15.000000,0.000000
0.012854,0.000000,15.000000,0.000000
0.012856,0.000000,15.000000,0.000000
0.012858,0.000000,15.000000,0.000000
0.012860,0.000000,15.000000,0.000000
0.012862,0.000000,15.000000,0.000000
0.012864,0.000000,15.000000,0.000000
0.012866,0.000000,15.000000,0.000000
0.012868,0.000000,15.000000,0.000000
0.012870,0.000000,15.000000,0.000000
0.012872,0.000000,15.000000,0.000000
0.012874,0.000000,15.000000,0.000000
0.012876,0.000000,15.000000,0.000000
0.012878,0.000000,15.000000,0.000000
0.012880,0.000000,15.000000,0.000000
0.012882,0.000000,15.000000,0.000000
0.012884,0.000000,15.000000,0.000000
0.012886,0.000000,15.000000,0.000000
0.012888,0.000000,15.000000,0.000000
0.012890,0.000000,15.000000,0.000000
0.012892,0.000000,15.000000,0.000000
0.012894,0.000000,15.000000,0.000000
0.012896,0.000000,15.000000,0.000000
0.012898,0.000000,15.000000,0.000000
0.012900,0.000000,15.000000,0.000000
0.012902,0.000000,15.000000,0.000000
0.012904,0.000000,15.000000,0.000000
0.012906,0.000000,15.000000,0.000000
0.012908,0.000000,15.000000,0.000000
0.012910,0.000000,15.000000,0.000000
0.012912,0.000000,15.000000,0.000000
0.012914,0.000000,15.000000,0.000000
0.012916,0.000000,15.000000,0.000000
0.012918,0.000000,15.000000,0.000000
0.012920,0.000000,15.000000,0.000000
0.012922,0.000000,15.000000,0.000000
0.012924,0.000000,15.000000,0.000000
0.012926,0.000000,15.000000,0.000000
0.012928,0.000000,15.000000,0.000000
0.012930,0.000000,15.000000,0.000000
0.012932,0.000000,15.000000,0.000000
0.012934,0.000000,15.000000,0.000000
0.012936,0.000000,15.000000,0.000000
0.012938,0.000000,15.000000,0.000000
0.012940,0.000000,15.000000,0.000000
0.012942,0.000000,15.000000,0.000000
0.012944,0.000000,15.000000,0.000000
0.012946,0.000000,15.000000,0.000000
0.012948,0.000000,15.000000,0.000000
0.012950,0.000000,15.000000,0.000000
0.012952,0.000000,15.000000,0.000000
0.012954,0.000000,15.000000,0.000000
0.012956,0.000000,15.000000,0.000000
0.012958,0.000000,15.000000,0.000000
0.012960,0.000000,15.000000,0.000000
0.012962,0.000000,15.000000,0.000000
0.012964,0.000000,15.000000,0.000000
0.012966,0.000000,15.000000,0.000000
0.012968,0.000000,15.000000,0.000000
0.012970,0.000000,15.000000,0.000000
0.012972,0.000000,15.000000,0.000000
0.012974,0.000000,15.000000,0.000000
0.012976,0.000000,15.000000,0.000000
0.012978,0.000000,15.000000,0.000000
0.012980,0.000000,15.000000,0.000000
0.012982,0.000000,15.000000,0.000000
0.012984,0.000000,15.000000,0.000000
0.012986,0.000000,15.000000,0.000000
0.012988,0.000000,15.000000,0.000000
0.012990,0.000000,15.000000,0.000000
0.012992,0.000000,15.000000,0.000000
0.012994,0.000000,15.000000,0.000000
0.012996,0.000000,15.000000,0.000000
0.012998,0.000000,15.000000,0.000000
0.013000,0.000000,15.000000,0.000000
0.013002,0.000000,15.000000,0.000000
0.013004,0.000000,15.000000,0.000000
0.013006,0.000000,15.000000,0.000000
0.013008,0.000000,15.000000,0.000000
0.013010,0.000000,15.000000,0.000000
0.013012,0.000000,15.000000,0.000000
0.013014,0.000000,15.000000,0.000000
0.013016,0.000000,15.000000,0.000000
0.013018,0.000000,15.000000,0.000000
0.013020,0.000000,15.000000,0.000000
0.013022,0.000000,15.000000,0.000000
0.013024,0.000000,15.000000,0.000000
0.013026,0.000000,15.000000,0.000000
0.013028,0.000000,15.000000,0.000000
0.013030,0.000000,15.000000,0.000000
0.013032,0.000000,15.000000,0.000000
0.013034,0.000000,15.000000,0.000000
0.013036,0.000000,15.000000,0.000000
0.013038,0.000000,15.000000,0.000000
0.013040,0.000000,15.000000,0.000000
0.013042,0.000000,15.000000,0.000000
0.013044,0.000000,15.000000,0.000000
0.013046,0.000000,15.000000,0.000000
0.013048,0.000000,15.000000,0.000000
0.013050,0.000000,15.000000,0.000000
0.013052,0.000000,15.000000,0.000000
0.013054,0.000000,15.000000,0.000000
0.013056,0.000000,15.000000,0.000000
0.013058,0.000000,15.000000,0.000000
0.013060,0.000000,15.000000,0.000000
0.013062,0.000000,15.000000,0.000000
0.013064,0.000000,15.000000,0.000000
0.013066,0.000000,15.000000,0.000000
0.013068,0.000000,15.000000,0.000000
0.013070,0.000000,15.000000,0.000000
0.013072,0.000000,15.000000,0.000000
0.013074,0.000000,15.000000,0.000000
0.013076,0.000000,15.000000,0.000000
0.013078,0.000000,15.000000,0.000000
0.013080,0.000000,15.000000,0.000000
0.013082,0.000000,15.000000,0.000000
0.013084,0.000000,15.000000,0.000000
0.013086,0.000000,15.000000,0.000000
0.013088,0.000000,15.000000,0.000000
0.013090,0.000000,15.000000,0.000000
0.013092,0.000000,15.000000,0.000000
0.013094,0.000000,15.000000,0.000000
0.013096,0.000000,15.000000,0.000000
0.013098,0.000000,15.000000,0.000000
0.013100,0.000000,15.000000,0.000000
0.013102,0.000000,15.000000,0.000000
0.013104,0.000000,15.000000,0.000000
0.013106,0.000000,15.000000,0.000000
0.013108,0.000000,15.000000,0.000000
0.013110,0.000000,15.000000,0.000000
0.013112,0.000000,15.000000,0.000000
0.013114,0.000000,15.000000,0.000000
0.013116,0.000000,15.000000,0.000000
0.013118,0.000000,15.000000,0.000000
0.013120,0.000000,15.000000,0.000000
0.013122,0.000000,15.000000,0.000000
0.013124,0.000000,15.000000,0.000000
0.013126,0.000000,15.000000,0.000000
0.013128,0.000000,15.000000,0.000000
0.013130,0.000000,15.000000,0.000000
0.013132,0.000000,15.000000,0.000000
0.013134,0.000000,15.000000,0.000000
0.013136,0.000000,15.000000,0.000000
0.013138,0.000000,15.000000,0.000000
0.013140,0.000000,15.000000,0.000000
0.013142,0.000000,15.000000,0.000000
0.013144,0.000000,15.000000,0.000000
0.013146,0.000000,15.000000,0.000000
0.013148,0.000000,15.000000,0.000000
0.013150,0.000000,15.000000,0.000000
0.013152,0.000000,15.000000,0.000000
0.013154,0.000000,15.000000,0.000000
0.013156,0.000000,15.000000,0.000000
0.013158,0.000000,15.000000,0.000000
0.013160,0.000000,15.000000,0.000000
0.013162,0.000000,15.000000,0.000000
0.013164,0.000000,15.000000,0.000000
0.013166,0.000000,15.000000,0.000000
0.013168,0.000000,15.000000,0.000000
0.013170,0.000000,15.000000,0.000000
0.013172,0.000000,15.000000,0.000000
0.013174,0.000000,15.000000,0.000000
0.013176,0.000000,15.000000,0.000000
0.013178,0.000000,15.000000,0.000000
0.013180,0.000000,15.000000,0.000000
0.013182,0.000000,15.000000,0.000000
0.013184,0.000000,15.000000,0.000000
0.013186,0.000000,15.000000,0.000000
0.013188,0.000000,15.000000,0.000000
0.013190,0.000000,15.000000,0.000000
0.013192,0.000000,15.000000,0.000000
0.013194,0.000000,15.000000,0.000000
0.013196,0.000000,15.000000,0.000000
0.013198,0.000000,15.000000,0.000000
0.013200,0.000000,15.000000,0.000000
0.013202,0.000000,15.000000,0.000000
0.013204,0.000000,15.000000,0.000000
0.013206,0.000000,15.000000,0.000000
0.013208,0.000000,15.000000,0.000000
0.013210,0.000000,15.000000,0.000000
0.013212,0.000000,15.000000,0.000000
0.013214,0.000000,15.000000,0.000000
0.013216,0.000000,15.000000,0.000000
0.013218,0.000000,15.000000,0.000000
0.013220,0.000000,15.000000,0.000000
0.013222,0.000000,15.000000,0.000000
0.013224,0.000000,15.000000,0.000000
0.013226,0.000000,15.000000,0.000000
0.013228,0.000000,15.000000,0.000000
0.013230,0.000000,15.000000,0.000000
0.013232,0.000000,15.000000,0.000000
0.013234,0.000000,15.000000,0.000000
0.013236,0.000000,15.000000,0.000000
0.013238,0.000000,15.000000,0.000000
0.013240,0.000000,15.000000,0.000000
0.013242,0.000000,15.000000,0.000000
0.013244,0.000000,15.000000,0.000000
0.013246,0.000000,15.000000,0.000000
0.013248,0.000000,15.000000,0.000000
0.013250,0.000000,15.000000,0.000000
0.013252,0.000000,15.000000,0.000000
0.013254,0.000000,15.000000,0.000000
0.013256,0.000000,15.000000,0.000000
0.013258,0.000000,15.000000,0.000000
0.013260,0.000000,15.000000,0.000000
0.013262,0.000000,15.000000,0.000000
0.013264,0.000000,15.000000,0.000000
0.013266,0.000000,15.000000,0.000000
0.013268,0.000000,15.000000,0.000000
0.013270,0.000000,15.000000,0.000000
0.013272,0.000000,15.000000,0.000000
0.013274,0.000000,15.000000,0.000000
0.013276,0.000000,15.000000,0.000000
0.013278,0.000000,15.000000,0.000000
0.013280,0.000000,15.000000,0.000000
0.013282,0.000000,15.000000,0.000000
0.013284,0.000000,15.000000,0.000000
0.013286,0.000000,15.000000,0.000000
0.013288,0.000000,15.000000,0.000000
0.013290,0.000000,15.000000,0.000000
0.013292,0.000000,15.000000,0.000000
0.013294,0.000000,15.000000,0.000000
0.013296,0.000000,15.000000,0.000000
0.013298,0.000000,15.000000,0.000000
0.013300,0.000000,15.000000,0.000000
0.013302,0.000000,15.000000,0.000000
0.013304,0.000000,15.000000,0.000000
0.013306,0.000000,15.000000,0.000000
0.013308,0.000000,15.000000,0.000000
0.013310,0.000000,15.000000,0.000000
0.013312,0.000000,15.000000,0.000000
0.013314,0.000000,15.000000,0.000000
0.013316,0.000000,15.000000,0.000000
0.013318,0.000000,15.000000,0.000000
0.013320,0.000000,15.000000,0.000000
0.013322,0.000000,15.000000,0.000000
0.013324,0.000000,15.000000,0.000000
0.013326,0.000000,15.000000,0.000000
0.013328,0.000000,15.000000,0.000000
0.013330,0.000000,15.000000,0.000000
0.013332,0.000000,15.000000,0.000000
0.013334,0.000000,15.000000,0.000000
0.013336,0.000000,15.000000,0.000000
0.013338,0.000000,15.000000,0.000000
0.013340,0.000000,15.000000,0.000000
0.013342,0.000000,15.000000,0.000000
0.013344,0.000000,15.000000,0.000000
0.013346,0.000000,15.000000,0.000000
0.013348,0.000000,15.000000,0.000000
0.013350,0.000000,15.000000,0.000000
0.013352,0.000000,15.000000,0.000000
0.013354,0.000000,15.000000,0.000000
0.013356,0.000000,15.000000,0.000000
0.013358,0.000000,15.000000,0.000000
0.013360,0.000000,15.000000,0.000000
0.013362,0.000000,15.000000,0.000000
0.013364,0.000000,15.000000,0.000000
0.013366,0.000000,15.000000,0.000000
0.013368,0.000000,15.000000,0.000000
0.013370,0.000000,15.000000,0.000000
0.013372,0.000000,15.000000,0.000000
0.013374,0.000000,15.000000,0.000000
0.013376,0.000000,15.000000,0.000000
0.013378,0.000000,15.000000,0.000000
0.013380,0.000000,15.000000,0.000000
0.013382,0.000000,15.000000,0.000000
0.013384,0.000000,15.000000,0.000000
0.013386,0.000000,15.000000,0.000000
0.013388,0.000000,15.000000,0.000000
0.013390,0.000000,15.000000,0.000000
0.013392,0.000000,15.000000,0.000000
0.013394,0.000000,15.000000,0.000000
0.013396,0.000000,15.000000,0.000000
0.013398,0.000000,15.000000,0.000000
0.013400,0.000000,15.000000,0.000000
0.013402,0.000000,15.000000,0.000000
0.013404,0.000000,15.000000,0.000000
0.013406,0.000000,15.000000,0.000000
0.013408,0.000000,15.000000,0.000000
0.013410,0.000000,15.000000,0.000000
0.013412,0.000000,15.000000,0.000000
0.013414,0.000000,15.000000,0.000000
0.013416,0.000000,15.000000,0.000000
0.013418,0.000000,15.000000,0.000000
0.013420,0.000000,15.000000,0.000000
0.013422,0.000000,15.000000,0.000000
0.013424,0.000000,15.000000,0.000000
0.013426,0.000000,15.000000,0.000000
0.013428,0.000000,15.000000,0.000000
0.013430,0.000000,15.000000,0.000000
0.013432,0.000000,15.000000,0.000000
0.013434,0.000000,15.000000,0.000000
0.013436,0.000000,15.000000,0.000000
0.013438,0.000000,15.000000,0.000000
0.013440,0.000000,15.000000,0.000000
0.013442,0.000000,15.000000,0.000000
0.013444,0.000000,15.000000,0.000000
0.013446,0.000000,15.000000,0.000000
0.013448,0.000000,15.000000,0.000000
0.013450,0.000000,15.000000,0.000000
0.013452,0.000000,15.000000,0.000000
0.013454,0.000000,15.000000,0.000000
0.013456,0.000000,15.000000,0.000000
0.013458,0.000000,15.000000,0.000000
0.013460,0.000000,15.000000,0.000000
0.013462,0.000000,15.000000,0.000000
0.013464,0.000000,15.000000,0.000000
0.013466,0.000000,15.000000,0.000000
0.013468,0.000000,15.000000,0.000000
0.013470,0.000000,15.000000,0.000000
0.013472,0.000000,15.000000,0.000000
0.013474,0.000000,15.000000,0.000000
0.013476,0.000000,15.000000,0.000000
0.013478,0.000000,15.000000,0.000000
0.013480,0.000000,15.000000,0.000000
0.013482,0.000000,15.000000,0.000000
0.013484,0.000000,15.000000,0.000000
0.013486,0.000000,15.000000,0.000000
0.013488,0.000000,15.000000,0.000000
0.013490,0.000000,15.000000,0.000000
0.013492,0.000000,15.000000,0.000000
0.013494,0.000000,15.000000,0.000000
0.013496,0.000000,15.000000,0.000000
0.013498,0.000000,15.000000,0.000000
0.013500,0.000000,15.000000,0.000000
0.013502,0.000000,15.000000,0.000000
0.013504,0.000000,15.000000,0.000000
0.013506,0.000000,15.000000,0.000000
0.013508,0.000000,15.000000,0.000000
0.013510,0.000000,15.000000,0.000000
0.013512,0.000000,15.000000,0.000000
0.013514,0.000000,15.000000,0.000000
0.013516,0.000000,15.000000,0.000000
0.013518,0.000000,15.000000,0.000000
0.013520,0.000000,15.000000,0.000000
0.013522,0.000000,15.000000,0.000000
0.013524,0.000000,15.000000,0.000000
0.013526,0.000000,15.000000,0.000000
0.013528,0.000000,15.000000,0.000000
0.013530,0.000000,15.000000,0.000000
0.013532,0.000000,15.000000,0.000000
0.013534,0.000000,15.000000,0.000000
0.013536,0.000000,15.000000,0.000000
0.013538,0.000000,15.000000,0.000000
0.013540,0.000000,15.000000,0.000000
0.013542,0.000000,15.000000,0.000000
0.013544,0.000000,15.000000,0.000000
0.013546,0.000000,15.000000,0.000000
0.013548,0.000000,15.000000,0.000000
0.013550,0.000000,15.000000,0.000000
0.013552,0.000000,15.000000,0.000000
0.013554,0.000000,15.000000,0.000000
0.013556,0.000000,15.000000,0.000000
0.013558,0.000000,15.000000,0.000000
0.013560,0.000000,15.000000,0.000000
0.013562,0.000000,15.000000,0.000000
0.013564,0.000000,15.000000,0.000000
0.013566,0.000000,15.000000,0.000000
0.013568,0.000000,15.000000,0.000000
0.013570,0.000000,15.000000,0.000000
0.013572,0.000000,15.000000,0.000000
0.013574,0.000000,15.000000,0.000000
0.013576,0.000000,15.000000,0.000000
0.013578,0.000000,15.000000,0.000000
0.013580,0.000000,15.000000,0.000000
0.013582,0.000000,15.000000,0.000000
0.013584,0.000000,15.000000,0.000000
0.013586,0.000000,15.000000,0.000000
0.013588,0.000000,15.000000,0.000000
0.013590,0.000000,15.000000,0.000000
0.013592,0.000000,15.000000,0.000000
0.013594,0.000000,15.000000,0.000000
0.013596,0.000000,15.000000,0.000000
0.013598,0.000000,15.000000,0.000000
0.013600,0.000000,15.000000,0.000000
0.013602,0.000000,15.000000,0.000000
0.013604,0.000000,15.000000,0.000000
0.013606,0.000000,15.000000,0.000000
0.013608,0.000000,15.000000,0.000000
0.013610,0.000000,15.000000,0.000000
0.013612,0.000000,15.000000,0.000000
0.013614,0.000000,15.000000,0.000000
0.013616,0.000000,15.000000,0.000000
0.013618,0.000000,15.000000,0.000000
0.013620,0.000000,15.000000,0.000000
0.013622,0.000000,15.000000,0.000000
0.013624,0.000000,15.000000,0.000000
0.013626,0.000000,15.000000,0.000000
0.013628,0.000000,15.000000,0.000000
0.013630,0.000000,15.000000,0.000000
0.013632,0.000000,15.000000,0.000000
0.013634,0.000000,15.000000,0.000000
0.013636,0.000000,15.000000,0.000000
0.013638,0.000000,15.000000,0.000000
0.013640,0.000000,15.000000,0.000000
0.013642,0.000000,15.000000,0.000000
0.013644,0.000000,15.000000,0.000000
0.013646,0.000000,15.000000,0.000000
0.013648,0.000000,15.000000,0.000000
0.013650,0.000000,15.000000,0.000000
0.013652,0.000000,15.000000,0.000000
0.013654,0.000000,15.000000,0.000000
0.013656,0.000000,15.000000,0.000000
0.013658,0.000000,15.000000,0.000000
0.013660,0.000000,15.000000,0.000000
0.013662,0.000000,15.000000,0.000000
0.013664,0.000000,15.000000,0.000000
0.013666,0.000000,15.000000,0.000000
0.013668,0.000000,15.000000,0.000000
0.013670,0.000000,15.000000,0.000000
0.013672,0.000000,15.000000,0.000000
0.013674,0.000000,15.000000,0.000000
0.013676,0.000000,15.000000,0.000000
0.013678,0.000000,15.000000,0.000000
0.013680,0.000000,15.000000,0.000000
0.013682,0.000000,15.000000,0.000000
0.013684,0.000000,15.000000,0.000000
0.013686,0.000000,15.000000,0.000000
0.013688,0.000000,15.000000,0.000000
0.013690,0.000000,15.000000,0.000000
0.013692,0.000000,15.000000,0.000000
0.013694,0.000000,15.000000,0.000000
0.013696,0.000000,15.000000,0.000000
0.013698,0.000000,15.000000,0.000000
0.013700,0.000000,15.000000,0.000000
0.013702,0.000000,15.000000,0.000000
0.013704,0.000000,15.000000,0.000000
0.013706,0.000000,15.000000,0.000000
0.013708,0.000000,15.000000,0.000000
0.013710,0.000000,15.000000,0.000000
0.013712,0.000000,15.000000,0.000000
0.013714,0.000000,15.000000,0.000000
0.013716,0.000000,15.000000,0.000000
0.013718,0.000000,15.000000,0.000000
0.013720,0.000000,15.000000,0.000000
0.013722,0.000000,15.000000,0.000000
0.013724,0.000000,15.000000,0.000000
0.013726,0.000000,15.000000,0.000000
0.013728,0.000000,15.000000,0.000000
0.013730,0.000000,15.000000,0.000000
0.013732,0.000000,15.000000,0.000000
0.013734,0.000000,15.000000,0.000000
0.013736,0.000000,15.000000,0.000000
0.013738,0.000000,15.000000,0.000000
0.013740,0.000000,15.000000,0.000000
0.013742,0.000000,15.000000,0.000000
0.013744,0.000000,15.000000,0.000000
0.013746,0.000000,15.000000,0.000000
0.013748,0.000000,15.000000,0.000000
0.013750,0.000000,15.000000,0.000000
0.013752,0.000000,15.000000,0.000000
0.013754,0.000000,15.000000,0.000000
0.013756,0.000000,15.000000,0.000000
0.013758,0.000000,15.000000,0.000000
0.013760,0.000000,15.000000,0.000000
0.013762,0.000000,15.000000,0.000000
0.013764,0.000000,15.000000,0.000000
0.013766,0.000000,15.000000,0.000000
0.013768,0.000000,15.000000,0.000000
0.013770,0.000000,15.000000,0.000000
0.013772,0.000000,15.000000,0.000000
0.013774,0.000000,15.000000,0.000000
0.013776,0.000000,15.000000,0.000000
0.013778,0.000000,15.000000,0.000000
0.013780,0.000000,15.000000,0.000000
0.013782,0.000000,15.000000,0.000000
0.013784,0.000000,15.000000,0.000000
0.013786,0.000000,15.000000,0.000000
0.013788,0.000000,15.000000,0.000000
0.013790,0.000000,15.000000,0.000000
0.013792,0.000000,15.000000,0.000000
0.013794,0.000000,15.000000,0.000000
0.013796,0.000000,15.000000,0.000000
0.013798,0.000000,15.000000,0.000000
0.013800,0.000000,15.000000,0.000000
0.013802,0.000000,15.000000,0.000000
0.013804,0.000000,15.000000,0.000000
0.013806,0.000000,15.000000,0.000000
0.013808,0.000000,15.000000,0.000000
0.013810,0.000000,15.000000,0.000000
0.013812,0.000000,15.000000,0.000000
0.013814,0.000000,15.000000,0.000000
0.013816,0.000000,15.000000,0.000000
0.013818,0.000000,15.000000,0.000000
0.013820,0.000000,15.000000,0.000000
0.013822,0.000000,15.000000,0.000000
0.013824,0.000000,15.000000,0.000000
0.013826,0.000000,15.000000,0.000000
0.013828,0.000000,15.000000,0.000000
0.013830,0.000000,15.000000,0.000000
0.013832,0.000000,15.000000,0.000000
0.013834,0.000000,15.000000,0.000000
0.013836,0.000000,15.000000,0.000000
0.013838,0.000000,15.000000,0.000000
0.013840,0.000000,15.000000,0.000000
0.013842,0.000000,15.000000,0.000000
0.013844,0.000000,15.000000,0.000000
0.013846,0.000000,15.000000,0.000000
0.013848,0.000000,15.000000,0.000000
0.013850,0.000000,15.000000,0.000000
0.013852,0.000000,15.000000,0.000000
0.013854,0.000000,15.000000,0.000000
0.013856,0.000000,15.000000,0.000000
0.013858,0.000000,15.000000,0.000000
0.013860,0.000000,15.000000,0.000000
0.013862,0.000000,15.000000,0.000000
0.013864,0.000000,15.000000,0.000000
0.013866,0.000000,15.000000,0.000000
0.013868,0.000000,15.000000,0.000000
0.013870,0.000000,15.000000,0.000000
0.013872,0.000000,15.000000,0.000000
0.013874,0.000000,15.000000,0.000000
0.013876,0.000000,15.000000,0.000000
0.013878,0.000000,15.000000,0.000000
0.013880,0.000000,15.000000,0.000000
0.013882,0.000000,15.000000,0.000000
0.013884,0.000000,15.000000,0.000000
0.013886,0.000000,15.000000,0.000000
0.013888,0.000000,15.000000,0.000000
0.013890,0.000000,15.000000,0.000000
0.013892,0.000000,15.000000,0.000000
0.013894,0.000000,15.000000,0.000000
0.013896,0.000000,15.000000,0.000000
0.013898,0.000000,15.000000,0.000000
0.013900,0.000000,15.000000,0.000000
0.013902,0.000000,15.000000,0.000000
0.013904,0.000000,15.000000,0.000000
0.013906,0.000000,15.000000,0.000000
0.013908,0.000000,15.000000,0.000000
0.013910,0.000000,15.000000,0.000000
0.013912,0.000000,15.000000,0.000000
0.013914,0.000000,15.000000,0.000000
0.013916,0.000000,15.000000,0.000000
0.013918,0.000000,15.000000,0.000000
0.013920,0.000000,15.000000,0.000000
0.013922,0.000000,15.000000,0.000000
0.013924,0.000000,15.000000,0.000000
0.013926,0.000000,15.000000,0.000000
0.013928,0.000000,15.000000,0.000000
0.013930,0.000000,15.000000,0.000000
0.013932,0.000000,15.000000,0.000000
0.013934,0.000000,15.000000,0.000000
0.013936,0.000000,15.000000,0.000000
0.013938,0.000000,15.000000,0.000000
0.013940,0.000000,15.000000,0.000000
0.013942,0.000000,15.000000,0.000000
0.013944,0.000000,15.000000,0.000000
0.013946,0.000000,15.000000,0.000000
0.013948,0.000000,15.000000,0.000000
0.013950,0.000000,15.000000,0.000000
0.013952,0.000000,15.000000,0.000000
0.013954,0.000000,15.000000,0.000000
0.013956,0.000000,15.000000,0.000000
0.013958,0.000000,15.000000,0.000000
0.013960,0.000000,15.000000,0.000000
0.013962,0.000000,15.000000,0.000000
0.013964,0.000000,15.000000,0.000000
0.013966,0.000000,15.000000,0.000000
0.013968,0.000000,15.000000,0.000000
0.013970,0.000000,15.000000,0.000000
0.013972,0.000000,15.000000,0.000000
0.013974,0.000000,15.000000,0.000000
0.013976,0.000000,15.000000,0.000000
0.013978,0.000000,15.000000,0.000000
0.013980,0.000000,15.000000,0.000000
0.013982,0.000000,15.000000,0.000000
0.013984,0.000000,15.000000,0.000000
0.013986,0.000000,15.000000,0.000000
0.013988,0.000000,15.000000,0.000000
0.013990,0.000000,15.000000,0.000000
0.013992,0.000000,15.000000,0.000000
0.013994,0.000000,15.000000,0.000000
0.013996,0.000000,15.000000,0.000000
0.013998,0.000000,15.000000,0.000000
0.014000,0.000000,15.000000,0.000000
0.014002,0.000000,15.000000,0.000000
0.014004,0.000000,15.000000,0.000000
0.014006,0.000000,15.000000,0.000000
0.014008,0.000000,15.000000,0.000000
0.014010,0.000000,15.000000,0.000000
0.014012,0.000000,15.000000,0.000000
0.014014,0.000000,15.000000,0.000000
0.014016,0.000000,15.000000,0.000000
0.014018,0.000000,15.000000,0.000000
0.014020,0.000000,15.000000,0.000000
0.014022,0.000000,15.000000,0.000000
0.014024,0.000000,15.000000,0.000000
0.014026,0.000000,15.000000,0.000000
0.014028,0.000000,15.000000,0.000000
0.014030,0.000000,15.000000,0.000000
0.014032,0.000000,15.000000,0.000000
0.014034,0.000000,15.000000,0.000000
0.014036,0.000000,15.000000,0.000000
0.014038,0.000000,15.000000,0.000000
0.014040,0.000000,15.000000,0.000000
0.014042,0.000000,15.000000,0.000000
0.014044,0.000000,15.000000,0.000000
0.014046,0.000000,15.000000,0.000000
0.014048,0.000000,15.000000,0.000000
0.014050,0.000000,15.000000,0.000000
0.014052,0.000000,15.000000,0.000000
0.014054,0.000000,15.000000,0.000000
0.014056,0.000000,15.000000,0.000000
0.014058,0.000000,15.000000,0.000000
0.014060,0.000000,15.000000,0.000000
0.014062,0.000000,15.000000,0.000000
0.014064,0.000000,15.000000,0.000000
0.014066,0.000000,15.000000,0.000000
0.014068,0.000000,15.000000,0.000000
0.014070,0.000000,15.000000,0.000000
0.014072,0.000000,15.000000,0.000000
0.014074,0.000000,15.000000,0.000000
0.014076,0.000000,15.000000,0.000000
0.014078,0.000000,15.000000,0.000000
0.014080,0.000000,15.000000,0.000000
0.014082,0.000000,15.000000,0.000000
0.014084,0.000000,15.000000,0.000000
0.014086,0.000000,15.000000,0.000000
0.014088,0.000000,15.000000,0.000000
0.014090,0.000000,15.000000,0.000000
0.014092,0.000000,15.000000,0.000000
0.014094,0.000000,15.000000,0.000000
0.014096,0.000000,15.000000,0.000000
0.014098,0.000000,15.000000,0.000000
0.014100,0.000000,15.000000,0.000000
0.014102,0.000000,15.000000,0.000000
0.014104,0.000000,15.000000,0.000000
0.014106,0.000000,15.000000,0.000000
0.014108,0.000000,15.000000,0.000000
0.014110,0.000000,15.000000,0.000000
0.014112,0.000000,15.000000,0.000000
0.014114,0.000000,15.000000,0.000000
0.014116,0.000000,15.000000,0.000000
0.014118,0.000000,15.000000,0.000000
0.014120,0.000000,15.000000,0.000000
0.014122,0.000000,15.000000,0.000000
0.014124,0.000000,15.000000,0.000000
0.014126,0.000000,15.000000,0.000000
0.014128,0.000000,15.000000,0.000000
0.014130,0.000000,15.000000,0.000000
0.014132,0.000000,15.000000,0.000000
0.014134,0.000000,15.000000,0.000000
0.014136,0.000000,15.000000,0.000000
0.014138,0.000000,15.000000,0.000000
0.014140,0.000000,15.000000,0.000000
0.014142,0.000000,15.000000,0.000000
0.014144,0.000000,15.000000,0.000000
0.014146,0.000000,15.000000,0.000000
0.014148,0.000000,15.000000,0.000000
0.014150,0.000000,15.000000,0.000000
0.014152,0.000000,15.000000,0.000000
0.014154,0.000000,15.000000,0.000000
0.014156,0.000000,15.000000,0.000000
0.014158,0.000000,15.000000,0.000000
0.014160,0.000000,15.000000,0.000000
0.014162,0.000000,15.000000,0.000000
0.014164,0.000000,15.000000,0.000000
0.014166,0.000000,15.000000,0.000000
0.014168,0.000000,15.000000,0.000000
0.014170,0.000000,15.000000,0.000000
0.014172,0.000000,15.000000,0.000000
0.014174,0.000000,15.000000,0.000000
0.014176,0.000000,15.000000,0.000000
0.014178,0.000000,15.000000,0.000000
0.014180,0.000000,15.000000,0.000000
0.014182,0.000000,15.000000,0.000000
0.014184,0.000000,15.000000,0.000000
0.014186,0.000000,15.000000,0.000000
0.014188,0.000000,15.000000,0.000000
0.014190,0.000000,15.000000,0.000000
0.014192,0.000000,15.000000,0.000000
0.014194,0.000000,15.000000,0.000000
0.014196,0.000000,15.000000,0.000000
0.014198,0.000000,15.000000,0.000000
0.014200,0.000000,15.000000,0.000000
0.014202,0.000000,15.000000,0.000000
0.014204,0.000000,15.000000,0.000000
0.014206,0.000000,15.000000,0.000000
0.014208,0.000000,15.000000,0.000000
0.014210,0.000000,15.000000,0.000000
0.014212,0.000000,15.000000,0.000000
0.014214,0.000000,15.000000,0.000000
0.014216,0.000000,15.000000,0.000000
0.014218,0.000000,15.000000,0.000000
0.014220,0.000000,15.000000,0.000000
0.014222,0.000000,15.000000,0.000000
0.014224,0.000000,15.000000,0.000000
0.014226,0.000000,15.000000,0.000000
0.014228,0.000000,15.000000,0.000000
0.014230,0.000000,15.000000,0.000000
0.014232,0.000000,15.000000,0.000000
0.014234,0.000000,15.000000,0.000000
0.014236,0.000000,15.000000,0.000000
0.014238,0.000000,15.000000,0.000000
0.014240,0.000000,15.000000,0.000000
0.014242,0.000000,15.000000,0.000000
0.014244,0.000000,15.000000,0.000000
0.014246,0.000000,15.000000,0.000000
0.014248,0.000000,15.000000,0.000000
0.014250,0.000000,15.000000,0.000000
0.014252,0.000000,15.000000,0.000000
0.014254,0.000000,15.000000,0.000000
0.014256,0.000000,15.000000,0.000000
0.014258,0.000000,15.000000,0.000000
0.014260,0.000000,15.000000,0.000000
0.014262,0.000000,15.000000,0.000000
0.014264,0.000000,15.000000,0.000000
0.014266,0.000000,15.000000,0.000000
0.014268,0.000000,15.000000,0.000000
0.014270,0.000000,15.000000,0.000000
0.014272,0.000000,15.000000,0.000000
0.014274,0.000000,15.000000,0.000000
0.014276,0.000000,15.000000,0.000000
0.014278,0.000000,15.000000,0.000000
0.014280,0.000000,15.000000,0.000000
0.014282,0.000000,15.000000,0.000000
0.014284,0.000000,15.000000,0.000000
0.014286,0.000000,15.000000,0.000000
0.014288,0.000000,15.000000,0.000000
0.014290,0.000000,15.000000,0.000000
0.014292,0.000000,15.000000,0.000000
0.014294,0.000000,15.000000,0.000000
0.014296,0.000000,15.000000,0.000000
0.014298,0.000000,15.000000,0.000000
0.014300,0.000000,15.000000,0.000000
0.014302,0.000000,15.000000,0.000000
0.014304,0.000000,15.000000,0.000000
0.014306,0.000000,15.000000,0.000000
0.014308,0.000000,15.000000,0.000000
0.014310,0.000000,15.000000,0.000000
0.014312,0.000000,15.000000,0.000000
0.014314,0.000000,15.000000,0.000000
0.014316,0.000000,15.000000,0.000000
0.014318,0.000000,15.000000,0.000000
0.014320,0.000000,15.000000,0.000000
0.014322,0.000000,15.000000,0.000000
0.014324,0.000000,15.000000,0.000000
0.014326,0.000000,15.000000,0.000000
0.014328,0.000000,15.000000,0.000000
0.014330,0.000000,15.000000,0.000000
0.014332,0.000000,15.000000,0.000000
0.014334,0.000000,15.000000,0.000000
0.014336,0.000000,15.000000,0.000000
0.014338,0.000000,15.000000,0.000000
0.014340,0.000000,15.000000,0.000000
0.014342,0.000000,15.000000,0.000000
0.014344,0.000000,15.000000,0.000000
0.014346,0.000000,15.000000,0.000000
0.014348,0.000000,15.000000,0.000000
0.014350,0.000000,15.000000,0.000000
0.014352,0.000000,15.000000,0.000000
0.014354,0.000000,15.000000,0.000000
0.014356,0.000000,15.000000,0.000000
0.014358,0.000000,15.000000,0.000000
0.014360,0.000000,15.000000,0.000000
0.014362,0.000000,15.000000,0.000000
0.014364,0.000000,15.000000,0.000000
0.014366,0.000000,15.000000,0.000000
0.014368,0.000000,15.000000,0.000000
0.014370,0.000000,15.000000,0.000000
0.014372,0.000000,15.000000,0.000000
0.014374,0.000000,15.000000,0.000000
0.014376,0.000000,15.000000,0.000000
0.014378,0.000000,15.000000,0.000000
0.014380,0.000000,15.000000,0.000000
0.014382,0.000000,15.000000,0.000000
0.014384,0.000000,15.000000,0.000000
0.014386,0.000000,15.000000,0.000000
0.014388,0.000000,15.000000,0.000000
0.014390,0.000000,15.000000,0.000000
0.014392,0.000000,15.000000,0.000000
0.014394,0.000000,15.000000,0.000000
0.014396,0.000000,15.000000,0.000000
0.014398,0.000000,15.000000,0.000000
0.014400,0.000000,15.000000,0.000000
0.014402,0.000000,15.000000,0.000000
0.014404,0.000000,15.000000,0.000000
0.014406,0.000000,15.000000,0.000000
0.014408,0.000000,15.000000,0.000000
0.014410,0.000000,15.000000,0.000000
0.014412,0.000000,15.000000,0.000000
0.014414,0.000000,15.000000,0.000000
0.014416,0.000000,15.000000,0.000000
0.014418,0.000000,15.000000,0.000000
0.014420,0.000000,15.000000,0.000000
0.014422,0.000000,15.000000,0.000000
0.014424,0.000000,15.000000,0.000000
0.014426,0.000000,15.000000,0.000000
0.014428,0.000000,15.000000,0.000000
0.014430,0.000000,15.000000,0.000000
0.014432,0.000000,15.000000,0.000000
0.014434,0.000000,15.000000,0.000000
0.014436,0.000000,15.000000,0.000000
0.014438,0.000000,15.000000,0.000000
0.014440,0.000000,15.000000,0.000000
0.014442,0.000000,15.000000,0.000000
0.014444,0.000000,15.000000,0.000000
0.014446,0.000000,15.000000,0.000000
0.014448,0.000000,15.000000,0.000000
0.014450,0.000000,15.000000,0.000000
0.014452,0.000000,15.000000,0.000000
0.014454,0.000000,15.000000,0.000000
0.014456,0.000000,15.000000,0.000000
0.014458,0.000000,15.000000,0.000000
0.014460,0.000000,15.000000,0.000000
0.014462,0.000000,15.000000,0.000000
0.014464,0.000000,15.000000,0.000000
0.014466,0.000000,15.000000,0.000000
0.014468,0.000000,15.000000,0.000000
0.014470,0.000000,15.000000,0.000000
0.014472,0.000000,15.000000,0.000000
0.014474,0.000000,15.000000,0.000000
0.014476,0.000000,15.000000,0.000000
0.014478,0.000000,15.000000,0.000000
0.014480,0.000000,15.000000,0.000000
0.014482,0.000000,15.000000,0.000000
0.014484,0.000000,15.000000,0.000000
0.014486,0.000000,15.000000,0.000000
0.014488,0.000000,15.000000,0.000000
0.014490,0.000000,15.000000,0.000000
0.014492,0.000000,15.000000,0.000000
0.014494,0.000000,15.000000,0.000000
0.014496,0.000000,15.000000,0.000000
0.014498,0.000000,15.000000,0.000000
0.014500,0.000000,15.000000,0.000000
0.014502,0.000000,15.000000,0.000000
0.014504,0.000000,15.000000,0.000000
0.014506,0.000000,15.000000,0.000000
0.014508,0.000000,15.000000,0.000000
0.014510,0.000000,15.000000,0.000000
0.014512,0.000000,15.000000,0.000000
0.014514,0.000000,15.000000,0.000000
0.014516,0.000000,15.000000,0.000000
0.014518,0.000000,15.000000,0.000000
0.014520,0.000000,15.000000,0.000000
0.014522,0.000000,15.000000,0.000000
0.014524,0.000000,15.000000,0.000000
0.014526,0.000000,15.000000,0.000000
0.014528,0.000000,15.000000,0.000000
0.014530,0.000000,15.000000,0.000000
0.014532,0.000000,15.000000,0.000000
0.014534,0.000000,15.000000,0.000000
0.014536,0.000000,15.000000,0.000000
0.014538,0.000000,15.000000,0.000000
0.014540,0.000000,15.000000,0.000000
0.014542,0.000000,15.000000,0.000000
0.014544,0.000000,15.000000,0.000000
0.014546,0.000000,15.000000,0.000000
0.014548,0.000000,15.000000,0.000000
0.014550,0.000000,15.000000,0.000000
0.014552,0.000000,15.000000,0.000000
0.014554,0.000000,15.000000,0.000000
0.014556,0.000000,15.000000,0.000000
0.014558,0.000000,15.000000,0.000000
0.014560,0.000000,15.000000,0.000000
0.014562,0.000000,15.000000,0.000000
0.014564,0.000000,15.000000,0.000000
0.014566,0.000000,15.000000,0.000000
0.014568,0.000000,15.000000,0.000000
0.014570,0.000000,15.000000,0.000000
0.014572,0.000000,15.000000,0.000000
0.014574,0.000000,15.000000,0.000000
0.014576,0.000000,15.000000,0.000000
0.014578,0.000000,15.000000,0.000000
0.014580,0.000000,15.000000,0.000000
0.014582,0.000000,15.000000,0.000000
0.014584,0.000000,15.000000,0.000000
0.014586,0.000000,15.000000,0.000000
0.014588,0.000000,15.000000,0.000000
0.014590,0.000000,15.000000,0.000000
0.014592,0.000000,15.000000,0.000000
0.014594,0.000000,15.000000,0.000000
0.014596,0.000000,15.000000,0.000000
0.014598,0.000000,15.000000,0.000000
0.014600,0.000000,15.000000,0.000000
0.014602,0.000000,15.000000,0.000000
0.014604,0.000000,15.000000,0.000000
0.014606,0.000000,15.000000,0.000000
0.014608,0.000000,15.000000,0.000000
0.014610,0.000000,15.000000,0.000000
0.014612,0.000000,15.000000,0.000000
0.014614,0.000000,15.000000,0.000000
0.014616,0.000000,15.000000,0.000000
0.014618,0.000000,15.000000,0.000000
0.014620,0.000000,15.000000,0.000000
0.014622,0.000000,15.000000,0.000000
0.014624,0.000000,15.000000,0.000000
0.014626,0.000000,15.000000,0.000000
0.014628,0.000000,15.000000,0.000000
0.014630,0.000000,15.000000,0.000000
0.014632,0.000000,15.000000,0.000000
0.014634,0.000000,15.000000,0.000000
0.014636,0.000000,15.000000,0.000000
0.014638,0.000000,15.000000,0.000000
0.014640,0.000000,15.000000,0.000000
0.014642,0.000000,15.000000,0.000000
0.014644,0.000000,15.000000,0.000000
0.014646,0.000000,15.000000,0.000000
0.014648,0.000000,15.000000,0.000000
0.014650,0.000000,15.000000,0.000000
0.014652,0.000000,15.000000,0.000000
0.014654,0.000000,15.000000,0.000000
0.014656,0.000000,15.000000,0.000000
0.014658,0.000000,15.000000,0.000000
0.014660,0.000000,15.000000,0.000000
0.014662,0.000000,15.000000,0.000000
0.014664,0.000000,15.000000,0.000000
0.014666,0.000000,15.000000,0.000000
0.014668,0.000000,15.000000,0.000000
0.014670,0.000000,15.000000,0.000000
0.014672,0.000000,15.000000,0.000000
0.014674,0.000000,15.000000,0.000000
0.014676,0.000000,15.000000,0.000000
0.014678,0.000000,15.000000,0.000000
0.014680,0.000000,15.000000,0.000000
0.014682,0.000000,15.000000,0.000000
0.014684,0.000000,15.000000,0.000000
0.014686,0.000000,15.000000,0.000000
0.014688,0.000000,15.000000,0.000000
0.014690,0.000000,15.000000,0.000000
0.014692,0.000000,15.000000,0.000000
0.014694,0.000000,15.000000,0.000000
0.014696,0.000000,15.000000,0.000000
0.014698,0.000000,15.000000,0.000000
0.014700,0.000000,15.000000,0.000000
0.014702,0.000000,15.000000,0.000000
0.014704,0.000000,15.000000,0.000000
0.014706,0.000000,15.000000,0.000000
0.014708,0.000000,15.000000,0.000000
0.014710,0.000000,15.000000,0.000000
0.014712,0.000000,15.000000,0.000000
0.014714,0.000000,15.000000,0.000000
0.014716,0.000000,15.000000,0.000000
0.014718,0.000000,15.000000,0.000000
0.014720,0.000000,15.000000,0.000000
0.014722,0.000000,15.000000,0.000000
0.014724,0.000000,15.000000,0.000000
0.014726,0.000000,15.000000,0.000000
0.014728,0.000000,15.000000,0.000000
0.014730,0.000000,15.000000,0.000000
0.014732,0.000000,15.000000,0.000000
0.014734,0.000000,15.000000,0.000000
0.014736,0.000000,15.000000,0.000000
0.014738,0.000000,15.000000,0.000000
0.014740,0.000000,15.000000,0.000000
0.014742,0.000000,15.000000,0.000000
0.014744,0.000000,15.000000,0.000000
0.014746,0.000000,15.000000,0.000000
0.014748,0.000000,15.000000,0.000000
0.014750,0.000000,15.000000,0.000000
0.014752,0.000000,15.000000,0.000000
0.014754,0.000000,15.000000,0.000000
0.014756,0.000000,15.000000,0.000000
0.014758,0.000000,15.000000,0.000000
0.014760,0.000000,15.000000,0.000000
0.014762,0.000000,15.000000,0.000000
0.014764,0.000000,15.000000,0.000000
0.014766,0.000000,15.000000,0.000000
0.014768,0.000000,15.000000,0.000000
0.014770,0.000000,15.000000,0.000000
0.014772,0.000000,15.000000,0.000000
0.014774,0.000000,15.000000,0.000000
0.014776,0.000000,15.000000,0.000000
0.014778,0.000000,15.000000,0.000000
0.014780,0.000000,15.000000,0.000000
0.014782,0.000000,15.000000,0.000000
0.014784,0.000000,15.000000,0.000000
0.014786,0.000000,15.000000,0.000000
0.014788,0.000000,15.000000,0.000000
0.014790,0.000000,15.000000,0.000000
0.014792,0.000000,15.000000,0.000000
0.014794,0.000000,15.000000,0.000000
0.014796,0.000000,15.000000,0.000000
0.014798,0.000000,15.000000,0.000000
0.014800,0.000000,15.000000,0.000000
0.014802,0.000000,15.000000,0.000000
0.014804,0.000000,15.000000,0.000000
0.014806,0.000000,15.000000,0.000000
0.014808,0.000000,15.000000,0.000000
0.014810,0.000000,15.000000,0.000000
0.014812,0.000000,15.000000,0.000000
0.014814,0.000000,15.000000,0.000000
0.014816,0.000000,15.000000,0.000000
0.014818,0.000000,15.000000,0.000000
0.014820,0.000000,15.000000,0.000000
0.014822,0.000000,15.000000,0.000000
0.014824,0.000000,15.000000,0.000000
0.014826,0.000000,15.000000,0.000000
0.014828,0.000000,15.000000,0.000000
0.014830,0.000000,15.000000,0.000000
0.014832,0.000000,15.000000,0.000000
0.014834,0.000000,15.000000,0.000000
0.014836,0.000000,15.000000,0.000000
0.014838,0.000000,15.000000,0.000000
0.014840,0.000000,15.000000,0.000000
0.014842,0.000000,15.000000,0.000000
0.014844,0.000000,15.000000,0.000000
0.014846,0.000000,15.000000,0.000000
0.014848,0.000000,15.000000,0.000000
0.014850,0.000000,15.000000,0.000000
0.014852,0.000000,15.000000,0.000000
0.014854,0.000000,15.000000,0.000000
0.014856,0.000000,15.000000,0.000000
0.014858,0.000000,15.000000,0.000000
0.014860,0.000000,15.000000,0.000000
0.014862,0.000000,15.000000,0.000000
0.014864,0.000000,15.000000,0.000000
0.014866,0.000000,15.000000,0.000000
0.014868,0.000000,15.000000,0.000000
0.014870,0.000000,15.000000,0.000000
0.014872,0.000000,15.000000,0.000000
0.014874,0.000000,15.000000,0.000000
0.014876,0.000000,15.000000,0.000000
0.014878,0.000000,15.000000,0.000000
0.014880,0.000000,15.000000,0.000000
0.014882,0.000000,15.000000,0.000000
0.014884,0.000000,15.000000,0.000000
0.014886,0.000000,15.000000,0.000000
0.014888,0.000000,15.000000,0.000000
0.014890,0.000000,15.000000,0.000000
0.014892,0.000000,15.000000,0.000000
0.014894,0.000000,15.000000,0.000000
0.014896,0.000000,15.000000,0.000000
0.014898,0.000000,15.000000,0.000000
0.014900,0.000000,15.000000,0.000000
0.014902,0.000000,15.000000,0.000000
0.014904,0.000000,15.000000,0.000000
0.014906,0.000000,15.000000,0.000000
0.014908,0.000000,15.000000,0.000000
0.014910,0.000000,15.000000,0.000000
0.014912,0.000000,15.000000,0.000000
0.014914,0.000000,15.000000,0.000000
0.014916,0.000000,15.000000,0.000000
0.014918,0.000000,15.000000,0.000000
0.014920,0.000000,15.000000,0.000000
0.014922,0.000000,15.000000,0.000000
0.014924,0.000000,15.000000,0.000000
0.014926,0.000000,15.000000,0.000000
0.014928,0.000000,15.000000,0.000000
0.014930,0.000000,15.000000,0.000000
0.014932,0.000000,15.000000,0.000000
0.014934,0.000000,15.000000,0.000000
0.014936,0.000000,15.000000,0.000000
0.014938,0.000000,15.000000,0.000000
0.014940,0.000000,15.000000,0.000000
0.014942,0.000000,15.000000,0.000000
0.014944,0.000000,15.000000,0.000000
0.014946,0.000000,15.000000,0.000000
0.014948,0.000000,15.000000,0.000000
0.014950,0.000000,15.000000,0.000000
0.014952,0.000000,15.000000,0.000000
0.014954,0.000000,15.000000,0.000000
0.014956,0.000000,15.000000,0.000000
0.014958,0.000000,15.000000,0.000000
0.014960,0.000000,15.000000,0.000000
0.014962,0.000000,15.000000,0.000000
0.014964,0.000000,15.000000,0.000000
0.014966,0.000000,15.000000,0.000000
0.014968,0.000000,15.000000,0.000000
0.014970,0.000000,15.000000,0.000000
0.014972,0.000000,15.000000,0.000000
0.014974,0.000000,15.000000,0.000000
0.014976,0.000000,15.000000,0.000000
0.014978,0.000000,15.000000,0.000000
0.014980,0.000000,15.000000,0.000000
0.014982,0.000000,15.000000,0.000000
0.014984,0.000000,15.000000,0.000000
0.014986,0.000000,15.000000,0.000000
0.014988,0.000000,15.000000,0.000000
0.014990,0.000000,15.000000,0.000000
0.014992,0.000000,15.000000,0.000000
0.014994,0.000000,15.000000,0.000000
0.014996,0.000000,15.000000,0.000000
0.014998,0.000000,15.000000,0.000000
0.015000,0.000000,15.000000,0.000000
0.015002,0.000000,15.000000,0.000000
0.015004,0.000000,15.000000,0.000000
0.015006,0.000000,15.000000,0.000000
0.015008,0.000000,15.000000,0.000000
0.015010,0.000000,15.000000,0.000000
0.015012,0.000000,15.000000,0.000000
0.015014,0.000000,15.000000,0.000000
0.015016,0.000000,15.000000,0.000000
0.015018,0.000000,15.000000,0.000000
0.015020,0.000000,15.000000,0.000000
0.015022,0.000000,15.000000,0.000000
0.015024,0.000000,15.000000,0.000000
0.015026,0.000000,15.000000,0.000000
0.015028,0.000000,15.000000,0.000000
0.015030,0.000000,15.000000,0.000000
0.015032,0.000000,15.000000,0.000000
0.015034,0.000000,15.000000,0.000000
0.015036,0.000000,15.000000,0.000000
0.015038,0.000000,15.000000,0.000000
0.015040,0.000000,15.000000,0.000000
0.015042,0.000000,15.000000,0.000000
0.015044,0.000000,15.000000,0.000000
0.015046,0.000000,15.000000,0.000000
0.015048,0.000000,15.000000,0.000000
0.015050,0.000000,15.000000,0.000000
0.015052,0.000000,15.000000,0.000000
0.015054,0.000000,15.000000,0.000000
0.015056,0.000000,15.000000,0.000000
0.015058,0.000000,15.000000,0.000000
0.015060,0.000000,15.000000,0.000000
0.015062,0.000000,15.000000,0.000000
0.015064,0.000000,15.000000,0.000000
0.015066,0.000000,15.000000,0.000000
0.015068,0.000000,15.000000,0.000000
0.015070,0.000000,15.000000,0.000000
0.015072,0.000000,15.000000,0.000000
0.015074,0.000000,15.000000,0.000000
0.015076,0.000000,15.000000,0.000000
0.015078,0.000000,15.000000,0.000000
0.015080,0.000000,15.000000,0.000000
0.015082,0.000000,15.000000,0.000000
0.015084,0.000000,15.000000,0.000000
0.015086,0.000000,15.000000,0.000000
0.015088,0.000000,15.000000,0.000000
0.015090,0.000000,15.000000,0.000000
0.015092,0.000000,15.000000,0.000000
0.015094,0.000000,15.000000,0.000000
0.015096,0.000000,15.000000,0.000000
0.015098,0.000000,15.000000,0.000000
0.015100,0.000000,15.000000,0.000000
0.015102,0.000000,15.000000,0.000000
0.015104,0.000000,15.000000,0.000000
0.015106,0.000000,15.000000,0.000000
0.015108,0.000000,15.000000,0.000000
0.015110,0.000000,15.000000,0.000000
0.015112,0.000000,15.000000,0.000000
0.015114,0.000000,15.000000,0.000000
0.015116,0.000000,15.000000,0.000000
0.015118,0.000000,15.000000,0.000000
0.015120,0.000000,15.000000,0.000000
0.015122,0.000000,15.000000,0.000000
0.015124,0.000000,15.000000,0.000000
0.015126,0.000000,15.000000,0.000000
0.015128,0.000000,15.000000,0.000000
0.015130,0.000000,15.000000,0.000000
0.015132,0.000000,15.000000,0.000000
0.015134,0.000000,15.000000,0.000000
0.015136,0.000000,15.000000,0.000000
0.015138,0.000000,15.000000,0.000000
0.015140,0.000000,15.000000,0.000000
0.015142,0.000000,15.000000,0.000000
0.015144,0.000000,15.000000,0.000000
0.015146,0.000000,15.000000,0.000000
0.015148,0.000000,15.000000,0.000000
0.015150,0.000000,15.000000,0.000000
0.015152,0.000000,15.000000,0.000000
0.015154,0.000000,15.000000,0.000000
0.015156,0.000000,15.000000,0.000000
0.015158,0.000000,15.000000,0.000000
0.015160,0.000000,15.000000,0.000000
0.015162,0.000000,15.000000,0.000000
0.015164,0.000000,15.000000,0.000000
0.015166,0.000000,15.000000,0.000000
0.015168,0.000000,15.000000,0.000000
0.015170,0.000000,15.000000,0.000000
0.015172,0.000000,15.000000,0.000000
0.015174,0.000000,15.000000,0.000000
0.015176,0.000000,15.000000,0.000000
0.015178,0.000000,15.000000,0.000000
0.015180,0.000000,15.000000,0.000000
0.015182,0.000000,15.000000,0.000000
0.015184,0.000000,15.000000,0.000000
0.015186,0.000000,15.000000,0.000000
0.015188,0.000000,15.000000,0.000000
0.015190,0.000000,15.000000,0.000000
0.015192,0.000000,15.000000,0.000000
0.015194,0.000000,15.000000,0.000000
0.015196,0.000000,15.000000,0.000000
0.015198,0.000000,15.000000,0.000000
0.015200,0.000000,15.000000,0.000000
0.015202,0.000000,15.000000,0.000000
0.015204,0.000000,15.000000,0.000000
0.015206,0.000000,15.000000,0.000000
0.015208,0.000000,15.000000,0.000000
0.015210,0.000000,15.000000,0.000000
0.015212,0.000000,15.000000,0.000000
0.015214,0.000000,15.000000,0.000000
0.015216,0.000000,15.000000,0.000000
0.015218,0.000000,15.000000,0.000000
0.015220,0.000000,15.000000,0.000000
0.015222,0.000000,15.000000,0.000000
0.015224,0.000000,15.000000,0.000000
0.015226,0.000000,15.000000,0.000000
0.015228,0.000000,15.000000,0.000000
0.015230,0.000000,15.000000,0.000000
0.015232,0.000000,15.000000,0.000000
0.015234,0.000000,15.000000,0.000000
0.015236,0.000000,15.000000,0.000000
0.015238,0.000000,15.000000,0.000000
0.015240,0.000000,15.000000,0.000000
0.015242,0.000000,15.000000,0.000000
0.015244,0.000000,15.000000,0.000000
0.015246,0.000000,15.000000,0.000000
0.015248,0.000000,15.000000,0.000000
0.015250,0.000000,15.000000,0.000000
0.015252,0.000000,15.000000,0.000000
0.015254,0.000000,15.000000,0.000000
0.015256,0.000000,15.000000,0.000000
0.015258,0.000000,15.000000,0.000000
0.015260,0.000000,15.000000,0.000000
0.015262,0.000000,15.000000,0.000000
0.015264,0.000000,15.000000,0.000000
0.015266,0.000000,15.000000,0.000000
0.015268,0.000000,15.000000,0.000000
0.015270,0.000000,15.000000,0.000000
0.015272,0.000000,15.000000,0.000000
0.015274,0.000000,15.000000,0.000000
0.015276,0.000000,15.000000,0.000000
0.015278,0.000000,15.000000,0.000000
0.015280,0.000000,15.000000,0.000000
0.015282,0.000000,15.000000,0.000000
0.015284,0.000000,15.000000,0.000000
0.015286,0.000000,15.000000,0.000000
0.015288,0.000000,15.000000,0.000000
0.015290,0.000000,15.000000,0.000000
0.015292,0.000000,15.000000,0.000000
0.015294,0.000000,15.000000,0.000000
0.015296,0.000000,15.000000,0.000000
0.015298,0.000000,15.000000,0.000000
0.015300,0.000000,15.000000,0.000000
0.015302,0.000000,15.000000,0.000000
0.015304,0.000000,15.000000,0.000000
0.015306,0.000000,15.000000,0.000000
0.015308,0.000000,15.000000,0.000000
0.015310,0.000000,15.000000,0.000000
0.015312,0.000000,15.000000,0.000000
0.015314,0.000000,15.000000,0.000000
0.015316,0.000000,15.000000,0.000000
0.015318,0.000000,15.000000,0.000000
0.015320,0.000000,15.000000,0.000000
0.015322,0.000000,15.000000,0.000000
0.015324,0.000000,15.000000,0.000000
0.015326,0.000000,15.000000,0.000000
0.015328,0.000000,15.000000,0.000000
0.015330,0.000000,15.000000,0.000000
0.015332,0.000000,15.000000,0.000000
0.015334,0.000000,15.000000,0.000000
0.015336,0.000000,15.000000,0.000000
0.015338,0.000000,15.000000,0.000000
0.015340,0.000000,15.000000,0.000000
0.015342,0.000000,15.000000,0.000000
0.015344,0.000000,15.000000,0.000000
0.015346,0.000000,15.000000,0.000000
0.015348,0.000000,15.000000,0.000000
0.015350,0.000000,15.000000,0.000000
0.015352,0.000000,15.000000,0.000000
0.015354,0.000000,15.000000,0.000000
0.015356,0.000000,15.000000,0.000000
0.015358,0.000000,15.000000,0.000000
0.015360,0.000000,15.000000,0.000000
0.015362,0.000000,15.000000,0.000000
0.015364,0.000000,15.000000,0.000000
0.015366,0.000000,15.000000,0.000000
0.015368,0.000000,15.000000,0.000000
0.015370,0.000000,15.000000,0.000000
0.015372,0.000000,15.000000,0.000000
0.015374,0.000000,15.000000,0.000000
0.015376,0.000000,15.000000,0.000000
0.015378,0.000000,15.000000,0.000000
0.015380,0.000000,15.000000,0.000000
0.015382,0.000000,15.000000,0.000000
0.015384,0.000000,15.000000,0.000000
0.015386,0.000000,15.000000,0.000000
0.015388,0.000000,15.000000,0.000000
0.015390,0.000000,15.000000,0.000000
0.015392,0.000000,15.000000,0.000000
0.015394,0.000000,15.000000,0.000000
0.015396,0.000000,15.000000,0.000000
0.015398,0.000000,15.000000,0.000000
0.015400,0.000000,15.000000,0.000000
0.015402,0.000000,15.000000,0.000000
0.015404,0.000000,15.000000,0.000000
0.015406,0.000000,15.000000,0.000000
0.015408,0.000000,15.000000,0.000000
0.015410,0.000000,15.000000,0.000000
0.015412,0.000000,15.000000,0.000000
0.015414,0.000000,15.000000,0.000000
0.015416,0.000000,15.000000,0.000000
0.015418,0.000000,15.000000,0.000000
0.015420,0.000000,15.000000,0.000000
0.015422,0.000000,15.000000,0.000000
0.015424,0.000000,15.000000,0.000000
0.015426,0.000000,15.000000,0.000000
0.015428,0.000000,15.000000,0.000000
0.015430,0.000000,15.000000,0.000000
0.015432,0.000000,15.000000,0.000000
0.015434,0.000000,15.000000,0.000000
0.015436,0.000000,15.000000,0.000000
0.015438,0.000000,15.000000,0.000000
0.015440,0.000000,15.000000,0.000000
0.015442,0.000000,15.000000,0.000000
0.015444,0.000000,15.000000,0.000000
0.015446,0.000000,15.000000,0.000000
0.015448,0.000000,15.000000,0.000000
0.015450,0.000000,15.000000,0.000000
0.015452,0.000000,15.000000,0.000000
0.015454,0.000000,15.000000,0.000000
0.015456,0.000000,15.000000,0.000000
0.015458,0.000000,15.000000,0.000000
0.015460,0.000000,15.000000,0.000000
0.015462,0.000000,15.000000,0.000000
0.015464,0.000000,15.000000,0.000000
0.015466,0.000000,15.000000,0.000000
0.015468,0.000000,15.000000,0.000000
0.015470,0.000000,15.000000,0.000000
0.015472,0.000000,15.000000,0.000000
0.015474,0.000000,15.000000,0.000000
0.015476,0.000000,15.000000,0.000000
0.015478,0.000000,15.000000,0.000000
0.015480,0.000000,15.000000,0.000000
0.015482,0.000000,15.000000,0.000000
0.015484,0.000000,15.000000,0.000000
0.015486,0.000000,15.000000,0.000000
0.015488,0.000000,15.000000,0.000000
0.015490,0.000000,15.000000,0.000000
0.015492,0.000000,15.000000,0.000000
0.015494,0.000000,15.000000,0.000000
0.015496,0.000000,15.000000,0.000000
0.015498,0.000000,15.000000,0.000000
0.015500,0.000000,15.000000,0.000000
0.015502,0.000000,15.000000,0.000000
0.015504,0.000000,15.000000,0.000000
0.015506,0.000000,15.000000,0.000000
0.015508,0.000000,15.000000,0.000000
0.015510,0.000000,15.000000,0.000000
0.015512,0.000000,15.000000,0.000000
0.015514,0.000000,15.000000,0.000000
0.015516,0.000000,15.000000,0.000000
0.015518,0.000000,15.000000,0.000000
0.015520,0.000000,15.000000,0.000000
0.015522,0.000000,15.000000,0.000000
0.015524,0.000000,15.000000,0.000000
0.015526,0.000000,15.000000,0.000000
0.015528,0.000000,15.000000,0.000000
0.015530,0.000000,15.000000,0.000000
0.015532,0.000000,15.000000,0.000000
0.015534,0.000000,15.000000,0.000000
0.015536,0.000000,15.000000,0.000000
0.015538,0.000000,15.000000,0.000000
0.015540,0.000000,15.000000,0.000000
0.015542,0.000000,15.000000,0.000000
0.015544,0.000000,15.000000,0.000000
0.015546,0.000000,15.000000,0.000000
0.015548,0.000000,15.000000,0.000000
0.015550,0.000000,15.000000,0.000000
0.015552,0.000000,15.000000,0.000000
0.015554,0.000000,15.000000,0.000000
0.015556,0.000000,15.000000,0.000000
0.015558,0.000000,15.000000,0.000000
0.015560,0.000000,15.000000,0.000000
0.015562,0.000000,15.000000,0.000000
0.015564,0.000000,15.000000,0.000000
0.015566,0.000000,15.000000,0.000000
0.015568,0.000000,15.000000,0.000000
0.015570,0.000000,15.000000,0.000000
0.015572,0.000000,15.000000,0.000000
0.015574,0.000000,15.000000,0.000000
0.015576,0.000000,15.000000,0.000000
0.015578,0.000000,15.000000,0.000000
0.015580,0.000000,15.000000,0.000000
0.015582,0.000000,15.000000,0.000000
0.015584,0.000000,15.000000,0.000000
0.015586,0.000000,15.000000,0.000000
0.015588,0.000000,15.000000,0.000000
0.015590,0.000000,15.000000,0.000000
0.015592,0.000000,15.000000,0.000000
0.015594,0.000000,15.000000,0.000000
0.015596,0.000000,15.000000,0.000000
0.015598,0.000000,15.000000,0.000000
0.015600,0.000000,15.000000,0.000000
0.015602,0.000000,15.000000,0.000000
0.015604,0.000000,15.000000,0.000000
0.015606,0.000000,15.000000,0.000000
0.015608,0.000000,15.000000,0.000000
0.015610,0.000000,15.000000,0.000000
0.015612,0.000000,15.000000,0.000000
0.015614,0.000000,15.000000,0.000000
0.015616,0.000000,15.000000,0.000000
0.015618,0.000000,15.000000,0.000000
0.015620,0.000000,15.000000,0.000000
0.015622,0.000000,15.000000,0.000000
0.015624,0.000000,15.000000,0.000000
0.015626,0.000000,15.000000,0.000000
0.015628,0.000000,15.000000,0.000000
0.015630,0.000000,15.000000,0.000000
0.015632,0.000000,15.000000,0.000000
0.015634,0.000000,15.000000,0.000000
0.015636,0.000000,15.000000,0.000000
0.015638,0.000000,15.000000,0.000000
0.015640,0.000000,15.000000,0.000000
0.015642,0.000000,15.000000,0.000000
0.015644,0.000000,15.000000,0.000000
0.015646,0.000000,15.000000,0.000000
0.015648,0.000000,15.000000,0.000000
0.015650,0.000000,15.000000,0.000000
0.015652,0.000000,15.000000,0.000000
0.015654,0.000000,15.000000,0.000000
0.015656,0.000000,15.000000,0.000000
0.015658,0.000000,15.000000,0.000000
0.015660,0.000000,15.000000,0.000000
0.015662,0.000000,15.000000,0.000000
0.015664,0.000000,15.000000,0.000000
0.015666,0.000000,15.000000,0.000000
0.015668,0.000000,15.000000,0.000000
0.015670,0.000000,15.000000,0.000000
0.015672,0.000000,15.000000,0.000000
0.015674,0.000000,15.000000,0.000000
0.015676,0.000000,15.000000,0.000000
0.015678,0.000000,15.000000,0.000000
0.015680,0.000000,15.000000,0.000000
0.015682,0.000000,15.000000,0.000000
0.015684,0.000000,15.000000,0.000000
0.015686,0.000000,15.000000,0.000000
0.015688,0.000000,15.000000,0.000000
0.015690,0.000000,15.000000,0.000000
0.015692,0.000000,15.000000,0.000000
0.015694,0.000000,15.000000,0.000000
0.015696,0.000000,15.000000,0.000000
0.015698,0.000000,15.000000,0.000000
0.015700,0.000000,15.000000,0.000000
0.015702,0.000000,15.000000,0.000000
0.015704,0.000000,15.000000,0.000000
0.015706,0.000000,15.000000,0.000000
0.015708,0.000000,15.000000,0.000000
0.015710,0.000000,15.000000,0.000000
0.015712,0.000000,15.000000,0.000000
0.015714,0.000000,15.000000,0.000000
0.015716,0.000000,15.000000,0.000000
0.015718,0.000000,15.000000,0.000000
0.015720,0.000000,15.000000,0.000000
0.015722,0.000000,15.000000,0.000000
0.015724,0.000000,15.000000,0.000000
0.015726,0.000000,15.000000,0.000000
0.015728,0.000000,15.000000,0.000000
0.015730,0.000000,15.000000,0.000000
0.015732,0.000000,15.000000,0.000000
0.015734,0.000000,15.000000,0.000000
0.015736,0.000000,15.000000,0.000000
0.015738,0.000000,15.000000,0.000000
0.015740,0.000000,15.000000,0.000000
0.015742,0.000000,15.000000,0.000000
0.015744,0.000000,15.000000,0.000000
0.015746,0.000000,15.000000,0.000000
0.015748,0.000000,15.000000,0.000000
0.015750,0.000000,15.000000,0.000000
0.015752,0.000000,15.000000,0.000000
0.015754,0.000000,15.000000,0.000000
0.015756,0.000000,15.000000,0.000000
0.015758,0.000000,15.000000,0.000000
0.015760,0.000000,15.000000,0.000000
0.015762,0.000000,15.000000,0.000000
0.015764,0.000000,15.000000,0.000000
0.015766,0.000000,15.000000,0.000000
0.015768,0.000000,15.000000,0.000000
0.015770,0.000000,15.000000,0.000000
0.015772,0.000000,15.000000,0.000000
0.015774,0.000000,15.000000,0.000000
0.015776,0.000000,15.000000,0.000000
0.015778,0.000000,15.000000,0.000000
0.015780,0.000000,15.000000,0.000000
0.015782,0.000000,15.000000,0.000000
0.015784,0.000000,15.000000,0.000000
0.015786,0.000000,15.000000,0.000000
0.015788,0.000000,15.000000,0.000000
0.015790,0.000000,15.000000,0.000000
0.015792,0.000000,15.000000,0.000000
0.015794,0.000000,15.000000,0.000000
0.015796,0.000000,15.000000,0.000000
0.015798,0.000000,15.000000,0.000000
0.015800,0.000000,15.000000,0.000000
0.015802,0.000000,15.000000,0.000000
0.015804,0.000000,15.000000,0.000000
0.015806,0.000000,15.000000,0.000000
0.015808,0.000000,15.000000,0.000000
0.015810,0.000000,15.000000,0.000000
0.015812,0.000000,15.000000,0.000000
0.015814,0.000000,15.000000,0.000000
0.015816,0.000000,15.000000,0.000000
0.015818,0.000000,15.000000,0.000000
0.015820,0.000000,15.000000,0.000000
0.015822,0.000000,15.000000,0.000000
0.015824,0.000000,15.000000,0.000000
0.015826,0.000000,15.000000,0.000000
0.015828,0.000000,15.000000,0.000000
0.015830,0.000000,15.000000,0.000000
0.015832,0.000000,15.000000,0.000000
0.015834,0.000000,15.000000,0.000000
0.015836,0.000000,15.000000,0.000000
0.015838,0.000000,15.000000,0.000000
0.015840,0.000000,15.000000,0.000000
0.015842,0.000000,15.000000,0.000000
0.015844,0.000000,15.000000,0.000000
0.015846,0.000000,15.000000,0.000000
0.015848,0.000000,15.000000,0.000000
0.015850,0.000000,15.000000,0.000000
0.015852,0.000000,15.000000,0.000000
0.015854,0.000000,15.000000,0.000000
0.015856,0.000000,15.000000,0.000000
0.015858,0.000000,15.000000,0.000000
0.015860,0.000000,15.000000,0.000000
0.015862,0.000000,15.000000,0.000000
0.015864,0.000000,15.000000,0.000000
0.015866,0.000000,15.000000,0.000000
0.015868,0.000000,15.000000,0.000000
0.015870,0.000000,15.000000,0.000000
0.015872,0.000000,15.000000,0.000000
0.015874,0.000000,15.000000,0.000000
0.015876,0.000000,15.000000,0.000000
0.015878,0.000000,15.000000,0.000000
0.015880,0.000000,15.000000,0.000000
0.015882,0.000000,15.000000,0.000000
0.015884,0.000000,15.000000,0.000000
0.015886,0.000000,15.000000,0.000000
0.015888,0.000000,15.000000,0.000000
0.015890,0.000000,15.000000,0.000000
0.015892,0.000000,15.000000,0.000000
0.015894,0.000000,15.000000,0.000000
0.015896,0.000000,15.000000,0.000000
0.015898,0.000000,15.000000,0.000000
0.015900,0.000000,15.000000,0.000000
0.015902,0.000000,15.000000,0.000000
0.015904,0.000000,15.000000,0.000000
0.015906,0.000000,15.000000,0.000000
0.015908,0.000000,15.000000,0.000000
0.015910,0.000000,15.000000,0.000000
0.015912,0.000000,15.000000,0.000000
0.015914,0.000000,15.000000,0.000000
0.015916,0.000000,15.000000,0.000000
0.015918,0.000000,15.000000,0.000000
0.015920,0.000000,15.000000,0.000000
0.015922,0.000000,15.000000,0.000000
0.015924,0.000000,15.000000,0.000000
0.015926,0.000000,15.000000,0.000000
0.015928,0.000000,15.000000,0.000000
0.015930,0.000000,15.000000,0.000000
0.015932,0.000000,15.000000,0.000000
0.015934,0.000000,15.000000,0.000000
0.015936,0.000000,15.000000,0.000000
0.015938,0.000000,15.000000,0.000000
0.015940,0.000000,15.000000,0.000000
0.015942,0.000000,15.000000,0.000000
0.015944,0.000000,15.000000,0.000000
0.015946,0.000000,15.000000,0.000000
0.015948,0.000000,15.000000,0.000000
0.015950,0.000000,15.000000,0.000000
0.015952,0.000000,15.000000,0.000000
0.015954,0.000000,15.000000,0.000000
0.015956,0.000000,15.000000,0.000000
0.015958,0.000000,15.000000,0.000000
0.015960,0.000000,15.000000,0.000000
0.015962,0.000000,15.000000,0.000000
0.015964,0.000000,15.000000,0.000000
0.015966,0.000000,15.000000,0.000000
0.015968,0.000000,15.000000,0.000000
0.015970,0.000000,15.000000,0.000000
0.015972,0.000000,15.000000,0.000000
0.015974,0.000000,15.000000,0.000000
0.015976,0.000000,15.000000,0.000000
0.015978,0.000000,15.000000,0.000000
0.015980,0.000000,15.000000,0.000000
0.015982,0.000000,15.000000,0.000000
0.015984,0.000000,15.000000,0.000000
0.015986,0.000000,15.000000,0.000000
0.015988,0.000000,15.000000,0.000000
0.015990,0.000000,15.000000,0.000000
0.015992,0.000000,15.000000,0.000000
0.015994,0.000000,15.000000,0.000000
0.015996,0.000000,15.000000,0.000000
0.015998,0.000000,15.000000,0.000000
0.016000,0.000000,15.000000,0.000000
0.016002,0.000000,15.000000,0.000000
0.016004,0.000000,15.000000,0.000000
0.016006,0.000000,15.000000,0.000000
0.016008,0.000000,15.000000,0.000000
0.016010,0.000000,15.000000,0.000000
0.016012,0.000000,15.000000,0.000000
0.016014,0.000000,15.000000,0.000000
0.016016,0.000000,15.000000,0.000000
0.016018,0.000000,15.000000,0.000000
0.016020,0.000000,15.000000,0.000000
0.016022,0.000000,15.000000,0.000000
0.016024,0.000000,15.000000,0.000000
0.016026,0.000000,15.000000,0.000000
0.016028,0.000000,15.000000,0.000000
0.016030,0.000000,15.000000,0.000000
0.016032,0.000000,15.000000,0.000000
0.016034,0.000000,15.000000,0.000000
0.016036,0.000000,15.000000,0.000000
0.016038,0.000000,15.000000,0.000000
0.016040,0.000000,15.000000,0.000000
0.016042,0.000000,15.000000,0.000000
0.016044,0.000000,15.000000,0.000000
0.016046,0.000000,15.000000,0.000000
0.016048,0.000000,15.000000,0.000000
0.016050,0.000000,15.000000,0.000000
0.016052,0.000000,15.000000,0.000000
0.016054,0.000000,15.000000,0.000000
0.016056,0.000000,15.000000,0.000000
0.016058,0.000000,15.000000,0.000000
0.016060,0.000000,15.000000,0.000000
0.016062,0.000000,15.000000,0.000000
0.016064,0.000000,15.000000,0.000000
0.016066,0.000000,15.000000,0.000000
0.016068,0.000000,15.000000,0.000000
0.016070,0.000000,15.000000,0.000000
0.016072,0.000000,15.000000,0.000000
0.016074,0.000000,15.000000,0.000000
0.016076,0.000000,15.000000,0.000000
0.016078,0.000000,15.000000,0.000000
0.016080,0.000000,15.000000,0.000000
0.016082,0.000000,15.000000,0.000000
0.016084,0.000000,15.000000,0.000000
0.016086,0.000000,15.000000,0.000000
0.016088,0.000000,15.000000,0.000000
0.016090,0.000000,15.000000,0.000000
0.016092,0.000000,15.000000,0.000000
0.016094,0.000000,15.000000,0.000000
0.016096,0.000000,15.000000,0.000000
0.016098,0.000000,15.000000,0.000000
0.016100,0.000000,15.000000,0.000000
0.016102,0.000000,15.000000,0.000000
0.016104,0.000000,15.000000,0.000000
0.016106,0.000000,15.000000,0.000000
0.016108,0.000000,15.000000,0.000000
0.016110,0.000000,15.000000,0.000000
0.016112,0.000000,15.000000,0.000000
0.016114,0.000000,15.000000,0.000000
0.016116,0.000000,15.000000,0.000000
0.016118,0.000000,15.000000,0.000000
0.016120,0.000000,15.000000,0.000000
0.016122,0.000000,15.000000,0.000000
0.016124,0.000000,15.000000,0.000000
0.016126,0.000000,15.000000,0.000000
0.016128,0.000000,15.000000,0.000000
0.016130,0.000000,15.000000,0.000000
0.016132,0.000000,15.000000,0.000000
0.016134,0.000000,15.000000,0.000000
0.016136,0.000000,15.000000,0.000000
0.016138,0.000000,15.000000,0.000000
0.016140,0.000000,15.000000,0.000000
0.016142,0.000000,15.000000,0.000000
0.016144,0.000000,15.000000,0.000000
0.016146,0.000000,15.000000,0.000000
0.016148,0.000000,15.000000,0.000000
0.016150,0.000000,15.000000,0.000000
0.016152,0.000000,15.000000,0.000000
0.016154,0.000000,15.000000,0.000000
0.016156,0.000000,15.000000,0.000000
0.016158,0.000000,15.000000,0.000000
0.016160,0.000000,15.000000,0.000000
0.016162,0.000000,15.000000,0.000000
0.016164,0.000000,15.000000,0.000000
0.016166,0.000000,15.000000,0.000000
0.016168,0.000000,15.000000,0.000000
0.016170,0.000000,15.000000,0.000000
0.016172,0.000000,15.000000,0.000000
0.016174,0.000000,15.000000,0.000000
0.016176,0.000000,15.000000,0.000000
0.016178,0.000000,15.000000,0.000000
0.016180,0.000000,15.000000,0.000000
0.016182,0.000000,15.000000,0.000000
0.016184,0.000000,15.000000,0.000000
0.016186,0.000000,15.000000,0.000000
0.016188,0.000000,15.000000,0.000000
0.016190,0.000000,15.000000,0.000000
0.016192,0.000000,15.000000,0.000000
0.016194,0.000000,15.000000,0.000000
0.016196,0.000000,15.000000,0.000000
0.016198,0.000000,15.000000,0.000000
0.016200,0.000000,15.000000,0.000000
0.016202,0.000000,15.000000,0.000000
0.016204,0.000000,15.000000,0.000000
0.016206,0.000000,15.000000,0.000000
0.016208,0.000000,15.000000,0.000000
0.016210,0.000000,15.000000,0.000000
0.016212,0.000000,15.000000,0.000000
0.016214,0.000000,15.000000,0.000000
0.016216,0.000000,15.000000,0.000000
0.016218,0.000000,15.000000,0.000000
0.016220,0.000000,15.000000,0.000000
0.016222,0.000000,15.000000,0.000000
0.016224,0.000000,15.000000,0.000000
0.016226,0.000000,15.000000,0.000000
0.016228,0.000000,15.000000,0.000000
0.016230,0.000000,15.000000,0.000000
0.016232,0.000000,15.000000,0.000000
0.016234,0.000000,15.000000,0.000000
0.016236,0.000000,15.000000,0.000000
0.016238,0.000000,15.000000,0.000000
0.016240,0.000000,15.000000,0.000000
0.016242,0.000000,15.000000,0.000000
0.016244,0.000000,15.000000,0.000000
0.016246,0.000000,15.000000,0.000000
0.016248,0.000000,15.000000,0.000000
0.016250,0.000000,15.000000,0.000000
0.016252,0.000000,15.000000,0.000000
0.016254,0.000000,15.000000,0.000000
0.016256,0.000000,15.000000,0.000000
0.016258,0.000000,15.000000,0.000000
0.016260,0.000000,15.000000,0.000000
0.016262,0.000000,15.000000,0.000000
0.016264,0.000000,15.000000,0.000000
0.016266,0.000000,15.000000,0.000000
0.016268,0.000000,15.000000,0.000000
0.016270,0.000000,15.000000,0.000000
0.016272,0.000000,15.000000,0.000000
0.016274,0.000000,15.000000,0.000000
0.016276,0.000000,15.000000,0.000000
0.016278,0.000000,15.000000,0.000000
0.016280,0.000000,15.000000,0.000000
0.016282,0.000000,15.000000,0.000000
0.016284,0.000000,15.000000,0.000000
0.016286,0.000000,15.000000,0.000000
0.016288,0.000000,15.000000,0.000000
0.016290,0.000000,15.000000,0.000000
0.016292,0.000000,15.000000,0.000000
0.016294,0.000000,15.000000,0.000000
0.016296,0.000000,15.000000,0.000000
0.016298,0.000000,15.000000,0.000000
0.016300,0.000000,15.000000,0.000000
0.016302,0.000000,15.000000,0.000000
0.016304,0.000000,15.000000,0.000000
0.016306,0.000000,15.000000,0.000000
0.016308,0.000000,15.000000,0.000000
0.016310,0.000000,15.000000,0.000000
0.016312,0.000000,15.000000,0.000000
0.016314,0.000000,15.000000,0.000000
0.016316,0.000000,15.000000,0.000000
0.016318,0.000000,15.000000,0.000000
0.016320,0.000000,15.000000,0.000000
0.016322,0.000000,15.000000,0.000000
0.016324,0.000000,15.000000,0.000000
0.016326,0.000000,15.000000,0.000000
0.016328,0.000000,15.000000,0.000000
0.016330,0.000000,15.000000,0.000000
0.016332,0.000000,15.000000,0.000000
0.016334,0.000000,15.000000,0.000000
0.016336,0.000000,15.000000,0.000000
0.016338,0.000000,15.000000,0.000000
0.016340,0.000000,15.000000,0.000000
0.016342,0.000000,15.000000,0.000000
0.016344,0.000000,15.000000,0.000000
0.016346,0.000000,15.000000,0.000000
0.016348,0.000000,15.000000,0.000000
0.016350,0.000000,15.000000,0.000000
0.016352,0.000000,15.000000,0.000000
0.016354,0.000000,15.000000,0.000000
0.016356,0.000000,15.000000,0.000000
0.016358,0.000000,15.000000,0.000000
0.016360,0.000000,15.000000,0.000000
0.016362,0.000000,15.000000,0.000000
0.016364,0.000000,15.000000,0.000000
0.016366,0.000000,15.000000,0.000000
0.016368,0.000000,15.000000,0.000000
0.016370,0.000000,15.000000,0.000000
0.016372,0.000000,15.000000,0.000000
0.016374,0.000000,15.000000,0.000000
0.016376,0.000000,15.000000,0.000000
0.016378,0.000000,15.000000,0.000000
0.016380,0.000000,15.000000,0.000000
0.016382,0.000000,15.000000,0.000000
0.016384,0.000000,15.000000,0.000000
0.016386,0.000000,15.000000,0.000000
0.016388,0.000000,15.000000,0.000000
0.016390,0.000000,15.000000,0.000000
0.016392,0.000000,15.000000,0.000000
0.016394,0.000000,15.000000,0.000000
0.016396,0.000000,15.000000,0.000000
0.016398,0.000000,15.000000,0.000000
0.016400,0.000000,15.000000,0.000000
0.016402,0.000000,15.000000,0.000000
0.016404,0.000000,15.000000,0.000000
0.016406,0.000000,15.000000,0.000000
0.016408,0.000000,15.000000,0.000000
0.016410,0.000000,15.000000,0.000000
0.016412,0.000000,15.000000,0.000000
0.016414,0.000000,15.000000,0.000000
0.016416,0.000000,15.000000,0.000000
0.016418,0.000000,15.000000,0.000000
0.016420,0.000000,15.000000,0.000000
0.016422,0.000000,15.000000,0.000000
0.016424,0.000000,15.000000,0.000000
0.016426,0.000000,15.000000,0.000000
0.016428,0.000000,15.000000,0.000000
0.016430,0.000000,15.000000,0.000000
0.016432,0.000000,15.000000,0.000000
0.016434,0.000000,15.000000,0.000000
0.016436,0.000000,15.000000,0.000000
0.016438,0.000000,15.000000,0.000000
0.016440,0.000000,15.000000,0.000000
0.016442,0.000000,15.000000,0.000000
0.016444,0.000000,15.000000,0.000000
0.016446,0.000000,15.000000,0.000000
0.016448,0.000000,15.000000,0.000000
0.016450,0.000000,15.000000,0.000000
0.016452,0.000000,15.000000,0.000000
0.016454,0.000000,15.000000,0.000000
0.016456,0.000000,15.000000,0.000000
0.016458,0.000000,15.000000,0.000000
0.016460,0.000000,15.000000,0.000000
0.016462,0.000000,15.000000,0.000000
0.016464,0.000000,15.000000,0.000000
0.016466,0.000000,15.000000,0.000000
0.016468,0.000000,15.000000,0.000000
0.016470,0.000000,15.000000,0.000000
0.016472,0.000000,15.000000,0.000000
0.016474,0.000000,15.000000,0.000000
0.016476,0.000000,15.000000,0.000000
0.016478,0.000000,15.000000,0.000000
0.016480,0.000000,15.000000,0.000000
0.016482,0.000000,15.000000,0.000000
0.016484,0.000000,15.000000,0.000000
0.016486,0.000000,15.000000,0.000000
0.016488,0.000000,15.000000,0.000000
0.016490,0.000000,15.000000,0.000000
0.016492,0.000000,15.000000,0.000000
0.016494,0.000000,15.000000,0.000000
0.016496,0.000000,15.000000,0.000000
0.016498,0.000000,15.000000,0.000000
0.016500,0.000000,15.000000,0.000000
0.016502,0.000000,15.000000,0.000000
0.016504,0.000000,15.000000,0.000000
0.016506,0.000000,15.000000,0.000000
0.016508,0.000000,15.000000,0.000000
0.016510,0.000000,15.000000,0.000000
0.016512,0.000000,15.000000,0.000000
0.016514,0.000000,15.000000,0.000000
0.016516,0.000000,15.000000,0.000000
0.016518,0.000000,15.000000,0.000000
0.016520,0.000000,15.000000,0.000000
0.016522,0.000000,15.000000,0.000000
0.016524,0.000000,15.000000,0.000000
0.016526,0.000000,15.000000,0.000000
0.016528,0.000000,15.000000,0.000000
0.016530,0.000000,15.000000,0.000000
0.016532,0.000000,15.000000,0.000000
0.016534,0.000000,15.000000,0.000000
0.016536,0.000000,15.000000,0.000000
0.016538,0.000000,15.000000,0.000000
0.016540,0.000000,15.000000,0.000000
0.016542,0.000000,15.000000,0.000000
0.016544,0.000000,15.000000,0.000000
0.016546,0.000000,15.000000,0.000000
0.016548,0.000000,15.000000,0.000000
0.016550,0.000000,15.000000,0.000000
0.016552,0.000000,15.000000,0.000000
0.016554,0.000000,15.000000,0.000000
0.016556,0.000000,15.000000,0.000000
0.016558,0.000000,15.000000,0.000000
0.016560,0.000000,15.000000,0.000000
0.016562,0.000000,15.000000,0.000000
0.016564,0.000000,15.000000,0.000000
0.016566,0.000000,15.000000,0.000000
0.016568,0.000000,15.000000,0.000000
0.016570,0.000000,15.000000,0.000000
0.016572,0.000000,15.000000,0.000000
0.016574,0.000000,15.000000,0.000000
0.016576,0.000000,15.000000,0.000000
0.016578,0.000000,15.000000,0.000000
0.016580,0.000000,15.000000,0.000000
0.016582,0.000000,15.000000,0.000000
0.016584,0.000000,15.000000,0.000000
0.016586,0.000000,15.000000,0.000000
0.016588,0.000000,15.000000,0.000000
0.016590,0.000000,15.000000,0.000000
0.016592,0.000000,15.000000,0.000000
0.016594,0.000000,15.000000,0.000000
0.016596,0.000000,15.000000,0.000000
0.016598,0.000000,15.000000,0.000000
0.016600,0.000000,15.000000,0.000000
0.016602,0.000000,15.000000,0.000000
0.016604,0.000000,15.000000,0.000000
0.016606,0.000000,15.000000,0.000000
0.016608,0.000000,15.000000,0.000000
0.016610,0.000000,15.000000,0.000000
0.016612,0.000000,15.000000,0.000000
0.016614,0.000000,15.000000,0.000000
0.016616,0.000000,15.000000,0.000000
0.016618,0.000000,15.000000,0.000000
0.016620,0.000000,15.000000,0.000000
0.016622,0.000000,15.000000,0.000000
0.016624,0.000000,15.000000,0.000000
0.016626,0.000000,15.000000,0.000000
0.016628,0.000000,15.000000,0.000000
0.016630,0.000000,15.000000,0.000000
0.016632,0.000000,15.000000,0.000000
0.016634,0.000000,15.000000,0.000000
0.016636,0.000000,15.000000,0.000000
0.016638,0.000000,15.000000,0.000000
0.016640,0.000000,15.000000,0.000000
0.016642,0.000000,15.000000,0.000000
0.016644,0.000000,15.000000,0.000000
0.016646,0.000000,15.000000,0.000000
0.016648,0.000000,15.000000,0.000000
0.016650,0.000000,15.000000,0.000000
0.016652,0.000000,15.000000,0.000000
0.016654,0.000000,15.000000,0.000000
0.016656,0.000000,15.000000,0.000000
0.016658,0.000000,15.000000,0.000000
0.016660,0.000000,15.000000,0.000000
0.016662,0.000000,15.000000,0.000000
0.016664,0.000000,15.000000,0.000000
0.016666,0.000000,15.000000,0.000000
0.016668,0.000000,15.000000,0.000000
0.016670,0.000000,15.000000,0.000000
0.016672,0.000000,15.000000,0.000000
0.016674,0.000000,15.000000,0.000000
0.016676,0.000000,15.000000,0.000000
0.016678,0.000000,15.000000,0.000000
0.016680,0.000000,15.000000,0.000000
0.016682,0.000000,15.000000,0.000000
0.016684,0.000000,15.000000,0.000000
0.016686,0.000000,15.000000,0.000000
0.016688,0.000000,15.000000,0.000000
0.016690,0.000000,15.000000,0.000000
0.016692,0.000000,15.000000,0.000000
0.016694,0.000000,15.000000,0.000000
0.016696,0.000000,15.000000,0.000000
0.016698,0.000000,15.000000,0.000000
0.016700,0.000000,15.000000,0.000000
0.016702,0.000000,15.000000,0.000000
0.016704,0.000000,15.000000,0.000000
0.016706,0.000000,15.000000,0.000000
0.016708,0.000000,15.000000,0.000000
0.016710,0.000000,15.000000,0.000000
0.016712,0.000000,15.000000,0.000000
0.016714,0.000000,15.000000,0.000000
0.016716,0.000000,15.000000,0.000000
0.016718,0.000000,15.000000,0.000000
0.016720,0.000000,15.000000,0.000000
0.016722,0.000000,15.000000,0.000000
0.016724,0.000000,15.000000,0.000000
0.016726,0.000000,15.000000,0.000000
0.016728,0.000000,15.000000,0.000000
0.016730,0.000000,15.000000,0.000000
0.016732,0.000000,15.000000,0.000000
0.016734,0.000000,15.000000,0.000000
0.016736,0.000000,15.000000,0.000000
0.016738,0.000000,15.000000,0.000000
0.016740,0.000000,15.000000,0.000000
0.016742,0.000000,15.000000,0.000000
0.016744,0.000000,15.000000,0.000000
0.016746,0.000000,15.000000,0.000000
0.016748,0.000000,15.000000,0.000000
0.016750,0.000000,15.000000,0.000000
0.016752,0.000000,15.000000,0.000000
0.016754,0.000000,15.000000,0.000000
0.016756,0.000000,15.000000,0.000000
0.016758,0.000000,15.000000,0.000000
0.016760,0.000000,15.000000,0.000000
0.016762,0.000000,15.000000,0.000000
0.016764,0.000000,15.000000,0.000000
0.016766,0.000000,15.000000,0.000000
0.016768,0.000000,15.000000,0.000000
0.016770,0.000000,15.000000,0.000000
0.016772,0.000000,15.000000,0.000000
0.016774,0.000000,15.000000,0.000000
0.016776,0.000000,15.000000,0.000000
0.016778,0.000000,15.000000,0.000000
0.016780,0.000000,15.000000,0.000000
0.016782,0.000000,15.000000,0.000000
0.016784,0.000000,15.000000,0.000000
0.016786,0.000000,15.000000,0.000000
0.016788,0.000000,15.000000,0.000000
0.016790,0.000000,15.000000,0.000000
0.016792,0.000000,15.000000,0.000000
0.016794,0.000000,15.000000,0.000000
0.016796,0.000000,15.000000,0.000000
0.016798,0.000000,15.000000,0.000000
0.016800,0.000000,15.000000,0.000000
0.016802,0.000000,15.000000,0.000000
0.016804,0.000000,15.000000,0.000000
0.016806,0.000000,15.000000,0.000000
0.016808,0.000000,15.000000,0.000000
0.016810,0.000000,15.000000,0.000000
0.016812,0.000000,15.000000,0.000000
0.016814,0.000000,15.000000,0.000000
0.016816,0.000000,15.000000,0.000000
0.016818,0.000000,15.000000,0.000000
0.016820,0.000000,15.000000,0.000000
0.016822,0.000000,15.000000,0.000000
0.016824,0.000000,15.000000,0.000000
0.016826,0.000000,15.000000,0.000000
0.016828,0.000000,15.000000,0.000000
0.016830,0.000000,15.000000,0.000000
0.016832,0.000000,15.000000,0.000000
0.016834,0.000000,15.000000,0.000000
0.016836,0.000000,15.000000,0.000000
0.016838,0.000000,15.000000,0.000000
0.016840,0.000000,15.000000,0.000000
0.016842,0.000000,15.000000,0.000000
0.016844,0.000000,15.000000,0.000000
0.016846,0.000000,15.000000,0.000000
0.016848,0.000000,15.000000,0.000000
0.016850,0.000000,15.000000,0.000000
0.016852,0.000000,15.000000,0.000000
0.016854,0.000000,15.000000,0.000000
0.016856,0.000000,15.000000,0.000000
0.016858,0.000000,15.000000,0.000000
0.016860,0.000000,15.000000,0.000000
0.016862,0.000000,15.000000,0.000000
0.016864,0.000000,15.000000,0.000000
0.016866,0.000000,15.000000,0.000000
0.016868,0.000000,15.000000,0.000000
0.016870,0.000000,15.000000,0.000000
0.016872,0.000000,15.000000,0.000000
0.016874,0.000000,15.000000,0.000000
0.016876,0.000000,15.000000,0.000000
0.016878,0.000000,15.000000,0.000000
0.016880,0.000000,15.000000,0.000000
0.016882,0.000000,15.000000,0.000000
0.016884,0.000000,15.000000,0.000000
0.016886,0.000000,15.000000,0.000000
0.016888,0.000000,15.000000,0.000000
0.016890,0.000000,15.000000,0.000000
0.016892,0.000000,15.000000,0.000000
0.016894,0.000000,15.000000,0.000000
0.016896,0.000000,15.000000,0.000000
0.016898,0.000000,15.000000,0.000000
0.016900,0.000000,15.000000,0.000000
0.016902,0.000000,15.000000,0.000000
0.016904,0.000000,15.000000,0.000000
0.016906,0.000000,15.000000,0.000000
0.016908,0.000000,15.000000,0.000000
0.016910,0.000000,15.000000,0.000000
0.016912,0.000000,15.000000,0.000000
0.016914,0.000000,15.000000,0.000000
0.016916,0.000000,15.000000,0.000000
0.016918,0.000000,15.000000,0.000000
0.016920,0.000000,15.000000,0.000000
0.016922,0.000000,15.000000,0.000000
0.016924,0.000000,15.000000,0.000000
0.016926,0.000000,15.000000,0.000000
0.016928,0.000000,15.000000,0.000000
0.016930,0.000000,15.000000,0.000000
0.016932,0.000000,15.000000,0.000000
0.016934,0.000000,15.000000,0.000000
0.016936,0.000000,15.000000,0.000000
0.016938,0.000000,15.000000,0.000000
0.016940,0.000000,15.000000,0.000000
0.016942,0.000000,15.000000,0.000000
0.016944,0.000000,15.000000,0.000000
0.016946,0.000000,15.000000,0.000000
0.016948,0.000000,15.000000,0.000000
0.016950,0.000000,15.000000,0.000000
0.016952,0.000000,15.000000,0.000000
0.016954,0.000000,15.000000,0.000000
0.016956,0.000000,15.000000,0.000000
0.016958,0.000000,15.000000,0.000000
0.016960,0.000000,15.000000,0.000000
0.016962,0.000000,15.000000,0.000000
0.016964,0.000000,15.000000,0.000000
0.016966,0.000000,15.000000,0.000000
0.016968,0.000000,15.000000,0.000000
0.016970,0.000000,15.000000,0.000000
0.016972,0.000000,15.000000,0.000000
0.016974,0.000000,15.000000,0.000000
0.016976,0.000000,15.000000,0.000000
0.016978,0.000000,15.000000,0.000000
0.016980,0.000000,15.000000,0.000000
0.016982,0.000000,15.000000,0.000000
0.016984,0.000000,15.000000,0.000000
0.016986,0.000000,15.000000,0.000000
0.016988,0.000000,15.000000,0.000000
0.016990,0.000000,15.000000,0.000000
0.016992,0.000000,15.000000,0.000000
0.016994,0.000000,15.000000,0.000000
0.016996,0.000000,15.000000,0.000000
0.016998,0.000000,15.000000,0.000000
0.017000,0.000000,15.000000,0.000000
0.017002,0.000000,15.000000,0.000000
0.017004,0.000000,15.000000,0.000000
0.017006,0.000000,15.000000,0.000000
0.017008,0.000000,15.000000,0.000000
0.017010,0.000000,15.000000,0.000000
0.017012,0.000000,15.000000,0.000000
0.017014,0.000000,15.000000,0.000000
0.017016,0.000000,15.000000,0.000000
0.017018,0.000000,15.000000,0.000000
0.017020,0.000000,15.000000,0.000000
0.017022,0.000000,15.000000,0.000000
0.017024,0.000000,15.000000,0.000000
0.017026,0.000000,15.000000,0.000000
0.017028,0.000000,15.000000,0.000000
0.017030,0.000000,15.000000,0.000000
0.017032,0.000000,15.000000,0.000000
0.017034,0.000000,15.000000,0.000000
0.017036,0.000000,15.000000,0.000000
0.017038,0.000000,15.000000,0.000000
0.017040,0.000000,15.000000,0.000000
0.017042,0.000000,15.000000,0.000000
0.017044,0.000000,15.000000,0.000000
0.017046,0.000000,15.000000,0.000000
0.017048,0.000000,15.000000,0.000000
0.017050,0.000000,15.000000,0.000000
0.017052,0.000000,15.000000,0.000000
0.017054,0.000000,15.000000,0.000000
0.017056,0.000000,15.000000,0.000000
0.017058,0.000000,15.000000,0.000000
0.017060,0.000000,15.000000,0.000000
0.017062,0.000000,15.000000,0.000000
0.017064,0.000000,15.000000,0.000000
0.017066,0.000000,15.000000,0.000000
0.017068,0.000000,15.000000,0.000000
0.017070,0.000000,15.000000,0.000000
0.017072,0.000000,15.000000,0.000000
0.017074,0.000000,15.000000,0.000000
0.017076,0.000000,15.000000,0.000000
0.017078,0.000000,15.000000,0.000000
0.017080,0.000000,15.000000,0.000000
0.017082,0.000000,15.000000,0.000000
0.017084,0.000000,15.000000,0.000000
0.017086,0.000000,15.000000,0.000000
0.017088,0.000000,15.000000,0.000000
0.017090,0.000000,15.000000,0.000000
0.017092,0.000000,15.000000,0.000000
0.017094,0.000000,15.000000,0.000000
0.017096,0.000000,15.000000,0.000000
0.017098,0.000000,15.000000,0.000000
0.017100,0.000000,15.000000,0.000000
0.017102,0.000000,15.000000,0.000000
0.017104,0.000000,15.000000,0.000000
0.017106,0.000000,15.000000,0.000000
0.017108,0.000000,15.000000,0.000000
0.017110,0.000000,15.000000,0.000000
0.017112,0.000000,15.000000,0.000000
0.017114,0.000000,15.000000,0.000000
0.017116,0.000000,15.000000,0.000000
0.017118,0.000000,15.000000,0.000000
0.017120,0.000000,15.000000,0.000000
0.017122,0.000000,15.000000,0.000000
0.017124,0.000000,15.000000,0.000000
0.017126,0.000000,15.000000,0.000000
0.017128,0.000000,15.000000,0.000000
0.017130,0.000000,15.000000,0.000000
0.017132,0.000000,15.000000,0.000000
0.017134,0.000000,15.000000,0.000000
0.017136,0.000000,15.000000,0.000000
0.017138,0.000000,15.000000,0.000000
0.017140,0.000000,15.000000,0.000000
0.017142,0.000000,15.000000,0.000000
0.017144,0.000000,15.000000,0.000000
0.017146,0.000000,15.000000,0.000000
0.017148,0.000000,15.000000,0.000000
0.017150,0.000000,15.000000,0.000000
0.017152,0.000000,15.000000,0.000000
0.017154,0.000000,15.000000,0.000000
0.017156,0.000000,15.000000,0.000000
0.017158,0.000000,15.000000,0.000000
0.017160,0.000000,15.000000,0.000000
0.017162,0.000000,15.000000,0.000000
0.017164,0.000000,15.000000,0.000000
0.017166,0.000000,15.000000,0.000000
0.017168,0.000000,15.000000,0.000000
0.017170,0.000000,15.000000,0.000000
0.017172,0.000000,15.000000,0.000000
0.017174,0.000000,15.000000,0.000000
0.017176,0.000000,15.000000,0.000000
0.017178,0.000000,15.000000,0.000000
0.017180,0.000000,15.000000,0.000000
0.017182,0.000000,15.000000,0.000000
0.017184,0.000000,15.000000,0.000000
0.017186,0.000000,15.000000,0.000000
0.017188,0.000000,15.000000,0.000000
0.017190,0.000000,15.000000,0.000000
0.017192,0.000000,15.000000,0.000000
0.017194,0.000000,15.000000,0.000000
0.017196,0.000000,15.000000,0.000000
0.017198,0.000000,15.000000,0.000000
0.017200,0.000000,15.000000,0.000000
0.017202,0.000000,15.000000,0.000000
0.017204,0.000000,15.000000,0.000000
0.017206,0.000000,15.000000,0.000000
0.017208,0.000000,15.000000,0.000000
0.017210,0.000000,15.000000,0.000000
0.017212,0.000000,15.000000,0.000000
0.017214,0.000000,15.000000,0.000000
0.017216,0.000000,15.000000,0.000000
0.017218,0.000000,15.000000,0.000000
0.017220,0.000000,15.000000,0.000000
0.017222,0.000000,15.000000,0.000000
0.017224,0.000000,15.000000,0.000000
0.017226,0.000000,15.000000,0.000000
0.017228,0.000000,15.000000,0.000000
0.017230,0.000000,15.000000,0.000000
0.017232,0.000000,15.000000,0.000000
0.017234,0.000000,15.000000,0.000000
0.017236,0.000000,15.000000,0.000000
0.017238,0.000000,15.000000,0.000000
0.017240,0.000000,15.000000,0.000000
0.017242,0.000000,15.000000,0.000000
0.017244,0.000000,15.000000,0.000000
0.017246,0.000000,15.000000,0.000000
0.017248,0.000000,15.000000,0.000000
0.017250,0.000000,15.000000,0.000000
0.017252,0.000000,15.000000,0.000000
0.017254,0.000000,15.000000,0.000000
0.017256,0.000000,15.000000,0.000000
0.017258,0.000000,15.000000,0.000000
0.017260,0.000000,15.000000,0.000000
0.017262,0.000000,15.000000,0.000000
0.017264,0.000000,15.000000,0.000000
0.017266,0.000000,15.000000,0.000000
0.017268,0.000000,15.000000,0.000000
0.017270,0.000000,15.000000,0.000000
0.017272,0.000000,15.000000,0.000000
0.017274,0.000000,15.000000,0.000000
0.017276,0.000000,15.000000,0.000000
0.017278,0.000000,15.000000,0.000000
0.017280,0.000000,15.000000,0.000000
0.017282,0.000000,15.000000,0.000000
0.017284,0.000000,15.000000,0.000000
0.017286,0.000000,15.000000,0.000000
0.017288,0.000000,15.000000,0.000000
0.017290,0.000000,15.000000,0.000000
0.017292,0.000000,15.000000,0.000000
0.017294,0.000000,15.000000,0.000000
0.017296,0.000000,15.000000,0.000000
0.017298,0.000000,15.000000,0.000000
0.017300,0.000000,15.000000,0.000000
0.017302,0.000000,15.000000,0.000000
0.017304,0.000000,15.000000,0.000000
0.017306,0.000000,15.000000,0.000000
0.017308,0.000000,15.000000,0.000000
0.017310,0.000000,15.000000,0.000000
0.017312,0.000000,15.000000,0.000000
0.017314,0.000000,15.000000,0.000000
0.017316,0.000000,15.000000,0.000000
0.017318,0.000000,15.000000,0.000000
0.017320,0.000000,15.000000,0.000000
0.017322,0.000000,15.000000,0.000000
0.017324,0.000000,15.000000,0.000000
0.017326,0.000000,15.000000,0.000000
0.017328,0.000000,15.000000,0.000000
0.017330,0.000000,15.000000,0.000000
0.017332,0.000000,15.000000,0.000000
0.017334,0.000000,15.000000,0.000000
0.017336,0.000000,15.000000,0.000000
0.017338,0.000000,15.000000,0.000000
0.017340,0.000000,15.000000,0.000000
0.017342,0.000000,15.000000,0.000000
0.017344,0.000000,15.000000,0.000000
0.017346,0.000000,15.000000,0.000000
0.017348,0.000000,15.000000,0.000000
0.017350,0.000000,15.000000,0.000000
0.017352,0.000000,15.000000,0.000000
0.017354,0.000000,15.000000,0.000000
0.017356,0.000000,15.000000,0.000000
0.017358,0.000000,15.000000,0.000000
0.017360,0.000000,15.000000,0.000000
0.017362,0.000000,15.000000,0.000000
0.017364,0.000000,15.000000,0.000000
0.017366,0.000000,15.000000,0.000000
0.017368,0.000000,15.000000,0.000000
0.017370,0.000000,15.000000,0.000000
0.017372,0.000000,15.000000,0.000000
0.017374,0.000000,15.000000,0.000000
0.017376,0.000000,15.000000,0.000000
0.017378,0.000000,15.000000,0.000000
0.017380,0.000000,15.000000,0.000000
0.017382,0.000000,15.000000,0.000000
0.017384,0.000000,15.000000,0.000000
0.017386,0.000000,15.000000,0.000000
0.017388,0.000000,15.000000,0.000000
0.017390,0.000000,15.000000,0.000000
0.017392,0.000000,15.000000,0.000000
0.017394,0.000000,15.000000,0.000000
0.017396,0.000000,15.000000,0.000000
0.017398,0.000000,15.000000,0.000000
0.017400,0.000000,15.000000,0.000000
0.017402,0.000000,15.000000,0.000000
0.017404,0.000000,15.000000,0.000000
0.017406,0.000000,15.000000,0.000000
0.017408,0.000000,15.000000,0.000000
0.017410,0.000000,15.000000,0.000000
0.017412,0.000000,15.000000,0.000000
0.017414,0.000000,15.000000,0.000000
0.017416,0.000000,15.000000,0.000000
0.017418,0.000000,15.000000,0.000000
0.017420,0.000000,15.000000,0.000000
0.017422,0.000000,15.000000,0.000000
0.017424,0.000000,15.000000,0.000000
0.017426,0.000000,15.000000,0.000000
0.017428,0.000000,15.000000,0.000000
0.017430,0.000000,15.000000,0.000000
0.017432,0.000000,15.000000,0.000000
0.017434,0.000000,15.000000,0.000000
0.017436,0.000000,15.000000,0.000000
0.017438,0.000000,15.000000,0.000000
0.017440,0.000000,15.000000,0.000000
0.017442,0.000000,15.000000,0.000000
0.017444,0.000000,15.000000,0.000000
0.017446,0.000000,15.000000,0.000000
0.017448,0.000000,15.000000,0.000000
0.017450,0.000000,15.000000,0.000000
0.017452,0.000000,15.000000,0.000000
0.017454,0.000000,15.000000,0.000000
0.017456,0.000000,15.000000,0.000000
0.017458,0.000000,15.000000,0.000000
0.017460,0.000000,15.000000,0.000000
0.017462,0.000000,15.000000,0.000000
0.017464,0.000000,15.000000,0.000000
0.017466,0.000000,15.000000,0.000000
0.017468,0.000000,15.000000,0.000000
0.017470,0.000000,15.000000,0.000000
0.017472,0.000000,15.000000,0.000000
0.017474,0.000000,15.000000,0.000000
0.017476,0.000000,15.000000,0.000000
0.017478,0.000000,15.000000,0.000000
0.017480,0.000000,15.000000,0.000000
0.017482,0.000000,15.000000,0.000000
0.017484,0.000000,15.000000,0.000000
0.017486,0.000000,15.000000,0.000000
0.017488,0.000000,15.000000,0.000000
0.017490,0.000000,15.000000,0.000000
0.017492,0.000000,15.000000,0.000000
0.017494,0.000000,15.000000,0.000000
0.017496,0.000000,15.000000,0.000000
0.017498,0.000000,15.000000,0.000000
0.017500,0.000000,15.000000,0.000000
0.017502,0.000000,15.000000,0.000000
0.017504,0.000000,15.000000,0.000000
0.017506,0.000000,15.000000,0.000000
0.017508,0.000000,15.000000,0.000000
0.017510,0.000000,15.000000,0.000000
0.017512,0.000000,15.000000,0.000000
0.017514,0.000000,15.000000,0.000000
0.017516,0.000000,15.000000,0.000000
0.017518,0.000000,15.000000,0.000000
0.017520,0.000000,15.000000,0.000000
0.017522,0.000000,15.000000,0.000000
0.017524,0.000000,15.000000,0.000000
0.017526,0.000000,15.000000,0.000000
0.017528,0.000000,15.000000,0.000000
0.017530,0.000000,15.000000,0.000000
0.017532,0.000000,15.000000,0.000000
0.017534,0.000000,15.000000,0.000000
0.017536,0.000000,15.000000,0.000000
0.017538,0.000000,15.000000,0.000000
0.017540,0.000000,15.000000,0.000000
0.017542,0.000000,15.000000,0.000000
0.017544,0.000000,15.000000,0.000000
0.017546,0.000000,15.000000,0.000000
0.017548,0.000000,15.000000,0.000000
0.017550,0.000000,15.000000,0.000000
0.017552,0.000000,15.000000,0.000000
0.017554,0.000000,15.000000,0.000000
0.017556,0.000000,15.000000,0.000000
0.017558,0.000000,15.000000,0.000000
0.017560,0.000000,15.000000,0.000000
0.017562,0.000000,15.000000,0.000000
0.017564,0.000000,15.000000,0.000000
0.017566,0.000000,15.000000,0.000000
0.017568,0.000000,15.000000,0.000000
0.017570,0.000000,15.000000,0.000000
0.017572,0.000000,15.000000,0.000000
0.017574,0.000000,15.000000,0.000000
0.017576,0.000000,15.000000,0.000000
0.017578,0.000000,15.000000,0.000000
0.017580,0.000000,15.000000,0.000000
0.017582,0.000000,15.000000,0.000000
0.017584,0.000000,15.000000,0.000000
0.017586,0.000000,15.000000,0.000000
0.017588,0.000000,15.000000,0.000000
0.017590,0.000000,15.000000,0.000000
0.017592,0.000000,15.000000,0.000000
0.017594,0.000000,15.000000,0.000000
0.017596,0.000000,15.000000,0.000000
0.017598,0.000000,15.000000,0.000000
0.017600,0.000000,15.000000,0.000000
0.017602,0.000000,15.000000,0.000000
0.017604,0.000000,15.000000,0.000000
0.017606,0.000000,15.000000,0.000000
0.017608,0.000000,15.000000,0.000000
0.017610,0.000000,15.000000,0.000000
0.017612,0.000000,15.000000,0.000000
0.017614,0.000000,15.000000,0.000000
0.017616,0.000000,15.000000,0.000000
0.017618,0.000000,15.000000,0.000000
0.017620,0.000000,15.000000,0.000000
0.017622,0.000000,15.000000,0.000000
0.017624,0.000000,15.000000,0.000000
0.017626,0.000000,15.000000,0.000000
0.017628,0.000000,15.000000,0.000000
0.017630,0.000000,15.000000,0.000000
0.017632,0.000000,15.000000,0.000000
0.017634,0.000000,15.000000,0.000000
0.017636,0.000000,15.000000,0.000000
0.017638,0.000000,15.000000,0.000000
0.017640,0.000000,15.000000,0.000000
0.017642,0.000000,15.000000,0.000000
0.017644,0.000000,15.000000,0.000000
0.017646,0.000000,15.000000,0.000000
0.017648,0.000000,15.000000,0.000000
0.017650,0.000000,15.000000,0.000000
0.017652,0.000000,15.000000,0.000000
0.017654,0.000000,15.000000,0.000000
0.017656,0.000000,15.000000,0.000000
0.017658,0.000000,15.000000,0.000000
0.017660,0.000000,15.000000,0.000000
0.017662,0.000000,15.000000,0.000000
0.017664,0.000000,15.000000,0.000000
0.017666,0.000000,15.000000,0.000000
0.017668,0.000000,15.000000,0.000000
0.017670,0.000000,15.000000,0.000000
0.017672,0.000000,15.000000,0.000000
0.017674,0.000000,15.000000,0.000000
0.017676,0.000000,15.000000,0.000000
0.017678,0.000000,15.000000,0.000000
0.017680,0.000000,15.000000,0.000000
0.017682,0.000000,15.000000,0.000000
0.017684,0.000000,15.000000,0.000000
0.017686,0.000000,15.000000,0.000000
0.017688,0.000000,15.000000,0.000000
0.017690,0.000000,15.000000,0.000000
0.017692,0.000000,15.000000,0.000000
0.017694,0.000000,15.000000,0.000000
0.017696,0.000000,15.000000,0.000000
0.017698,0.000000,15.000000,0.000000
0.017700,0.000000,15.000000,0.000000
0.017702,0.000000,15.000000,0.000000
0.017704,0.000000,15.000000,0.000000
0.017706,0.000000,15.000000,0.000000
0.017708,0.000000,15.000000,0.000000
0.017710,0.000000,15.000000,0.000000
0.017712,0.000000,15.000000,0.000000
0.017714,0.000000,15.000000,0.000000
0.017716,0.000000,15.000000,0.000000
0.017718,0.000000,15.000000,0.000000
0.017720,0.000000,15.000000,0.000000
0.017722,0.000000,15.000000,0.000000
0.017724,0.000000,15.000000,0.000000
0.017726,0.000000,15.000000,0.000000
0.017728,0.000000,15.000000,0.000000
0.017730,0.000000,15.000000,0.000000
0.017732,0.000000,15.000000,0.000000
0.017734,0.000000,15.000000,0.000000
0.017736,0.000000,15.000000,0.000000
0.017738,0.000000,15.000000,0.000000
0.017740,0.000000,15.000000,0.000000
0.017742,0.000000,15.000000,0.000000
0.017744,0.000000,15.000000,0.000000
0.017746,0.000000,15.000000,0.000000
0.017748,0.000000,15.000000,0.000000
0.017750,0.000000,15.000000,0.000000
0.017752,0.000000,15.000000,0.000000
0.017754,0.000000,15.000000,0.000000
0.017756,0.000000,15.000000,0.000000
0.017758,0.000000,15.000000,0.000000
0.017760,0.000000,15.000000,0.000000
0.017762,0.000000,15.000000,0.000000
0.017764,0.000000,15.000000,0.000000
0.017766,0.000000,15.000000,0.000000
0.017768,0.000000,15.000000,0.000000
0.017770,0.000000,15.000000,0.000000
0.017772,0.000000,15.000000,0.000000
0.017774,0.000000,15.000000,0.000000
0.017776,0.000000,15.000000,0.000000
0.017778,0.000000,15.000000,0.000000
0.017780,0.000000,15.000000,0.000000
0.017782,0.000000,15.000000,0.000000
0.017784,0.000000,15.000000,0.000000
0.017786,0.000000,15.000000,0.000000
0.017788,0.000000,15.000000,0.000000
0.017790,0.000000,15.000000,0.000000
0.017792,0.000000,15.000000,0.000000
0.017794,0.000000,15.000000,0.000000
0.017796,0.000000,15.000000,0.000000
0.017798,0.000000,15.000000,0.000000
0.017800,0.000000,15.000000,0.000000
0.017802,0.000000,15.000000,0.000000
0.017804,0.000000,15.000000,0.000000
0.017806,0.000000,15.000000,0.000000
0.017808,0.000000,15.000000,0.000000
0.017810,0.000000,15.000000,0.000000
0.017812,0.000000,15.000000,0.000000
0.017814,0.000000,15.000000,0.000000
0.017816,0.000000,15.000000,0.000000
0.017818,0.000000,15.000000,0.000000
0.017820,0.000000,15.000000,0.000000
0.017822,0.000000,15.000000,0.000000
0.017824,0.000000,15.000000,0.000000
0.017826,0.000000,15.000000,0.000000
0.017828,0.000000,15.000000,0.000000
0.017830,0.000000,15.000000,0.000000
0.017832,0.000000,15.000000,0.000000
0.017834,0.000000,15.000000,0.000000
0.017836,0.000000,15.000000,0.000000
0.017838,0.000000,15.000000,0.000000
0.017840,0.000000,15.000000,0.000000
0.017842,0.000000,15.000000,0.000000
0.017844,0.000000,15.000000,0.000000
0.017846,0.000000,15.000000,0.000000
0.017848,0.000000,15.000000,0.000000
0.017850,0.000000,15.000000,0.000000
0.017852,0.000000,15.000000,0.000000
0.017854,0.000000,15.000000,0.000000
0.017856,0.000000,15.000000,0.000000
0.017858,0.000000,15.000000,0.000000
0.017860,0.000000,15.000000,0.000000
0.017862,0.000000,15.000000,0.000000
0.017864,0.000000,15.000000,0.000000
0.017866,0.000000,15.000000,0.000000
0.017868,0.000000,15.000000,0.000000
0.017870,0.000000,15.000000,0.000000
0.017872,0.000000,15.000000,0.000000
0.017874,0.000000,15.000000,0.000000
0.017876,0.000000,15.000000,0.000000
0.017878,0.000000,15.000000,0.000000
0.017880,0.000000,15.000000,0.000000
0.017882,0.000000,15.000000,0.000000
0.017884,0.000000,15.000000,0.000000
0.017886,0.000000,15.000000,0.000000
0.017888,0.000000,15.000000,0.000000
0.017890,0.000000,15.000000,0.000000
0.017892,0.000000,15.000000,0.000000
0.017894,0.000000,15.000000,0.000000
0.017896,0.000000,15.000000,0.000000
0.017898,0.000000,15.000000,0.000000
0.017900,0.000000,15.000000,0.000000
0.017902,0.000000,15.000000,0.000000
0.017904,0.000000,15.000000,0.000000
0.017906,0.000000,15.000000,0.000000
0.017908,0.000000,15.000000,0.000000
0.017910,0.000000,15.000000,0.000000
0.017912,0.000000,15.000000,0.000000
0.017914,0.000000,15.000000,0.000000
0.017916,0.000000,15.000000,0.000000
0.017918,0.000000,15.000000,0.000000
0.017920,0.000000,15.000000,0.000000
0.017922,0.000000,15.000000,0.000000
0.017924,0.000000,15.000000,0.000000
0.017926,0.000000,15.000000,0.000000
0.017928,0.000000,15.000000,0.000000
0.017930,0.000000,15.000000,0.000000
0.017932,0.000000,15.000000,0.000000
0.017934,0.000000,15.000000,0.000000
0.017936,0.000000,15.000000,0.000000
0.017938,0.000000,15.000000,0.000000
0.017940,0.000000,15.000000,0.000000
0.017942,0.000000,15.000000,0.000000
0.017944,0.000000,15.000000,0.000000
0.017946,0.000000,15.000000,0.000000
0.017948,0.000000,15.000000,0.000000
0.017950,0.000000,15.000000,0.000000
0.017952,0.000000,15.000000,0.000000
0.017954,0.000000,15.000000,0.000000
0.017956,0.000000,15.000000,0.000000
0.017958,0.000000,15.000000,0.000000
0.017960,0.000000,15.000000,0.000000
0.017962,0.000000,15.000000,0.000000
0.017964,0.000000,15.000000,0.000000
0.017966,0.000000,15.000000,0.000000
0.017968,0.000000,15.000000,0.000000
0.017970,0.000000,15.000000,0.000000
0.017972,0.000000,15.000000,0.000000
0.017974,0.000000,15.000000,0.000000
0.017976,0.000000,15.000000,0.000000
0.017978,0.000000,15.000000,0.000000
0.017980,0.000000,15.000000,0.000000
0.017982,0.000000,15.000000,0.000000
0.017984,0.000000,15.000000,0.000000
0.017986,0.000000,15.000000,0.000000
0.017988,0.000000,15.000000,0.000000
0.017990,0.000000,15.000000,0.000000
0.017992,0.000000,15.000000,0.000000
0.017994,0.000000,15.000000,0.000000
0.017996,0.000000,15.000000,0.000000
0.017998,0.000000,15.000000,0.000000
0.018000,0.000000,15.000000,0.000000
0.018002,0.000000,15.000000,0.000000
0.018004,0.000000,15.000000,0.000000
0.018006,0.000000,15.000000,0.000000
0.018008,0.000000,15.000000,0.000000
0.018010,0.000000,15.000000,0.000000
0.018012,0.000000,15.000000,0.000000
0.018014,0.000000,15.000000,0.000000
0.018016,0.000000,15.000000,0.000000
0.018018,0.000000,15.000000,0.000000
0.018020,0.000000,15.000000,0.000000
0.018022,0.000000,15.000000,0.000000
0.018024,0.000000,15.000000,0.000000
0.018026,0.000000,15.000000,0.000000
0.018028,0.000000,15.000000,0.000000
0.018030,0.000000,15.000000,0.000000
0.018032,0.000000,15.000000,0.000000
0.018034,0.000000,15.000000,0.000000
0.018036,0.000000,15.000000,0.000000
0.018038,0.000000,15.000000,0.000000
0.018040,0.000000,15.000000,0.000000
0.018042,0.000000,15.000000,0.000000
0.018044,0.000000,15.000000,0.000000
0.018046,0.000000,15.000000,0.000000
0.018048,0.000000,15.000000,0.000000
0.018050,0.000000,15.000000,0.000000
0.018052,0.000000,15.000000,0.000000
0.018054,0.000000,15.000000,0.000000
0.018056,0.000000,15.000000,0.000000
0.018058,0.000000,15.000000,0.000000
0.018060,0.000000,15.000000,0.000000
0.018062,0.000000,15.000000,0.000000
0.018064,0.000000,15.000000,0.000000
0.018066,0.000000,15.000000,0.000000
0.018068,0.000000,15.000000,0.000000
0.018070,0.000000,15.000000,0.000000
0.018072,0.000000,15.000000,0.000000
0.018074,0.000000,15.000000,0.000000
0.018076,0.000000,15.000000,0.000000
0.018078,0.000000,15.000000,0.000000
0.018080,0.000000,15.000000,0.000000
0.018082,0.000000,15.000000,0.000000
0.018084,0.000000,15.000000,0.000000
0.018086,0.000000,15.000000,0.000000
0.018088,0.000000,15.000000,0.000000
0.018090,0.000000,15.000000,0.000000
0.018092,0.000000,15.000000,0.000000
0.018094,0.000000,15.000000,0.000000
0.018096,0.000000,15.000000,0.000000
0.018098,0.000000,15.000000,0.000000
0.018100,0.000000,15.000000,0.000000
0.018102,0.000000,15.000000,0.000000
0.018104,0.000000,15.000000,0.000000
0.018106,0.000000,15.000000,0.000000
0.018108,0.000000,15.000000,0.000000
0.018110,0.000000,15.000000,0.000000
0.018112,0.000000,15.000000,0.000000
0.018114,0.000000,15.000000,0.000000
0.018116,0.000000,15.000000,0.000000
0.018118,0.000000,15.000000,0.000000
0.018120,0.000000,15.000000,0.000000
0.018122,0.000000,15.000000,0.000000
0.018124,0.000000,15.000000,0.000000
0.018126,0.000000,15.000000,0.000000
0.018128,0.000000,15.000000,0.000000
0.018130,0.000000,15.000000,0.000000
0.018132,0.000000,15.000000,0.000000
0.018134,0.000000,15.000000,0.000000
0.018136,0.000000,15.000000,0.000000
0.018138,0.000000,15.000000,0.000000
0.018140,0.000000,15.000000,0.000000
0.018142,0.000000,15.000000,0.000000
0.018144,0.000000,15.000000,0.000000
0.018146,0.000000,15.000000,0.000000
0.018148,0.000000,15.000000,0.000000
0.018150,0.000000,15.000000,0.000000
0.018152,0.000000,15.000000,0.000000
0.018154,0.000000,15.000000,0.000000
0.018156,0.000000,15.000000,0.000000
0.018158,0.000000,15.000000,0.000000
0.018160,0.000000,15.000000,0.000000
0.018162,0.000000,15.000000,0.000000
0.018164,0.000000,15.000000,0.000000
0.018166,0.000000,15.000000,0.000000
0.018168,0.000000,15.000000,0.000000
0.018170,0.000000,15.000000,0.000000
0.018172,0.000000,15.000000,0.000000
0.018174,0.000000,15.000000,0.000000
0.018176,0.000000,15.000000,0.000000
0.018178,0.000000,15.000000,0.000000
0.018180,0.000000,15.000000,0.000000
0.018182,0.000000,15.000000,0.000000
0.018184,0.000000,15.000000,0.000000
0.018186,0.000000,15.000000,0.000000
0.018188,0.000000,15.000000,0.000000
0.018190,0.000000,15.000000,0.000000
0.018192,0.000000,15.000000,0.000000
0.018194,0.000000,15.000000,0.000000
0.018196,0.000000,15.000000,0.000000
0.018198,0.000000,15.000000,0.000000
0.018200,0.000000,15.000000,0.000000
0.018202,0.000000,15.000000,0.000000
0.018204,0.000000,15.000000,0.000000
0.018206,0.000000,15.000000,0.000000
0.018208,0.000000,15.000000,0.000000
0.018210,0.000000,15.000000,0.000000
0.018212,0.000000,15.000000,0.000000
0.018214,0.000000,15.000000,0.000000
0.018216,0.000000,15.000000,0.000000
0.018218,0.000000,15.000000,0.000000
0.018220,0.000000,15.000000,0.000000
0.018222,0.000000,15.000000,0.000000
0.018224,0.000000,15.000000,0.000000
0.018226,0.000000,15.000000,0.000000
0.018228,0.000000,15.000000,0.000000
0.018230,0.000000,15.000000,0.000000
0.018232,0.000000,15.000000,0.000000
0.018234,0.000000,15.000000,0.000000
0.018236,0.000000,15.000000,0.000000
0.018238,0.000000,15.000000,0.000000
0.018240,0.000000,15.000000,0.000000
0.018242,0.000000,15.000000,0.000000
0.018244,0.000000,15.000000,0.000000
0.018246,0.000000,15.000000,0.000000
0.018248,0.000000,15.000000,0.000000
0.018250,0.000000,15.000000,0.000000
0.018252,0.000000,15.000000,0.000000
0.018254,0.000000,15.000000,0.000000
0.018256,0.000000,15.000000,0.000000
0.018258,0.000000,15.000000,0.000000
0.018260,0.000000,15.000000,0.000000
0.018262,0.000000,15.000000,0.000000
0.018264,0.000000,15.000000,0.000000
0.018266,0.000000,15.000000,0.000000
0.018268,0.000000,15.000000,0.000000
0.018270,0.000000,15.000000,0.000000
0.018272,0.000000,15.000000,0.000000
0.018274,0.000000,15.000000,0.000000
0.018276,0.000000,15.000000,0.000000
0.018278,0.000000,15.000000,0.000000
0.018280,0.000000,15.000000,0.000000
0.018282,0.000000,15.000000,0.000000
0.018284,0.000000,15.000000,0.000000
0.018286,0.000000,15.000000,0.000000
0.018288,0.000000,15.000000,0.000000
0.018290,0.000000,15.000000,0.000000
0.018292,0.000000,15.000000,0.000000
0.018294,0.000000,15.000000,0.000000
0.018296,0.000000,15.000000,0.000000
0.018298,0.000000,15.000000,0.000000
0.018300,0.000000,15.000000,0.000000
0.018302,0.000000,15.000000,0.000000
0.018304,0.000000,15.000000,0.000000
0.018306,0.000000,15.000000,0.000000
0.018308,0.000000,15.000000,0.000000
0.018310,0.000000,15.000000,0.000000
0.018312,0.000000,15.000000,0.000000
0.018314,0.000000,15.000000,0.000000
0.018316,0.000000,15.000000,0.000000
0.018318,0.000000,15.000000,0.000000
0.018320,0.000000,15.000000,0.000000
0.018322,0.000000,15.000000,0.000000
0.018324,0.000000,15.000000,0.000000
0.018326,0.000000,15.000000,0.000000
0.018328,0.000000,15.000000,0.000000
0.018330,0.000000,15.000000,0.000000
0.018332,0.000000,15.000000,0.000000
0.018334,0.000000,15.000000,0.000000
0.018336,0.000000,15.000000,0.000000
0.018338,0.000000,15.000000,0.000000
0.018340,0.000000,15.000000,0.000000
0.018342,0.000000,15.000000,0.000000
0.018344,0.000000,15.000000,0.000000
0.018346,0.000000,15.000000,0.000000
0.018348,0.000000,15.000000,0.000000
0.018350,0.000000,15.000000,0.000000
0.018352,0.000000,15.000000,0.000000
0.018354,0.000000,15.000000,0.000000
0.018356,0.000000,15.000000,0.000000
0.018358,0.000000,15.000000,0.000000
0.018360,0.000000,15.000000,0.000000
0.018362,0.000000,15.000000,0.000000
0.018364,0.000000,15.000000,0.000000
0.018366,0.000000,15.000000,0.000000
0.018368,0.000000,15.000000,0.000000
0.018370,0.000000,15.000000,0.000000
0.018372,0.000000,15.000000,0.000000
0.018374,0.000000,15.000000,0.000000
0.018376,0.000000,15.000000,0.000000
0.018378,0.000000,15.000000,0.000000
0.018380,0.000000,15.000000,0.000000
0.018382,0.000000,15.000000,0.000000
0.018384,0.000000,15.000000,0.000000
0.018386,0.000000,15.000000,0.000000
0.018388,0.000000,15.000000,0.000000
0.018390,0.000000,15.000000,0.000000
0.018392,0.000000,15.000000,0.000000
0.018394,0.000000,15.000000,0.000000
0.018396,0.000000,15.000000,0.000000
0.018398,0.000000,15.000000,0.000000
0.018400,0.000000,15.000000,0.000000
0.018402,0.000000,15.000000,0.000000
0.018404,0.000000,15.000000,0.000000
0.018406,0.000000,15.000000,0.000000
0.018408,0.000000,15.000000,0.000000
0.018410,0.000000,15.000000,0.000000
0.018412,0.000000,15.000000,0.000000
0.018414,0.000000,15.000000,0.000000
0.018416,0.000000,15.000000,0.000000
0.018418,0.000000,15.000000,0.000000
0.018420,0.000000,15.000000,0.000000
0.018422,0.000000,15.000000,0.000000
0.018424,0.000000,15.000000,0.000000
0.018426,0.000000,15.000000,0.000000
0.018428,0.000000,15.000000,0.000000
0.018430,0.000000,15.000000,0.000000
0.018432,0.000000,15.000000,0.000000
0.018434,0.000000,15.000000,0.000000
0.018436,0.000000,15.000000,0.000000
0.018438,0.000000,15.000000,0.000000
0.018440,0.000000,15.000000,0.000000
0.018442,0.000000,15.000000,0.000000
0.018444,0.000000,15.000000,0.000000
0.018446,0.000000,15.000000,0.000000
0.018448,0.000000,15.000000,0.000000
0.018450,0.000000,15.000000,0.000000
0.018452,0.000000,15.000000,0.000000
0.018454,0.000000,15.000000,0.000000
0.018456,0.000000,15.000000,0.000000
0.018458,0.000000,15.000000,0.000000
0.018460,0.000000,15.000000,0.000000
0.018462,0.000000,15.000000,0.000000
0.018464,0.000000,15.000000,0.000000
0.018466,0.000000,15.000000,0.000000
0.018468,0.000000,15.000000,0.000000
0.018470,0.000000,15.000000,0.000000
0.018472,0.000000,15.000000,0.000000
0.018474,0.000000,15.000000,0.000000
0.018476,0.000000,15.000000,0.000000
0.018478,0.000000,15.000000,0.000000
0.018480,0.000000,15.000000,0.000000
0.018482,0.000000,15.000000,0.000000
0.018484,0.000000,15.000000,0.000000
0.018486,0.000000,15.000000,0.000000
0.018488,0.000000,15.000000,0.000000
0.018490,0.000000,15.000000,0.000000
0.018492,0.000000,15.000000,0.000000
0.018494,0.000000,15.000000,0.000000
0.018496,0.000000,15.000000,0.000000
0.018498,0.000000,15.000000,0.000000
0.018500,0.000000,15.000000,0.000000
0.018502,0.000000,15.000000,0.000000
0.018504,0.000000,15.000000,0.000000
0.018506,0.000000,15.000000,0.000000
0.018508,0.000000,15.000000,0.000000
0.018510,0.000000,15.000000,0.000000
0.018512,0.000000,15.000000,0.000000
0.018514,0.000000,15.000000,0.000000
0.018516,0.000000,15.000000,0.000000
0.018518,0.000000,15.000000,0.000000
0.018520,0.000000,15.000000,0.000000
0.018522,0.000000,15.000000,0.000000
0.018524,0.000000,15.000000,0.000000
0.018526,0.000000,15.000000,0.000000
0.018528,0.000000,15.000000,0.000000
0.018530,0.000000,15.000000,0.000000
0.018532,0.000000,15.000000,0.000000
0.018534,0.000000,15.000000,0.000000
0.018536,0.000000,15.000000,0.000000
0.018538,0.000000,15.000000,0.000000
0.018540,0.000000,15.000000,0.000000
0.018542,0.000000,15.000000,0.000000
0.018544,0.000000,15.000000,0.000000
0.018546,0.000000,15.000000,0.000000
0.018548,0.000000,15.000000,0.000000
0.018550,0.000000,15.000000,0.000000
0.018552,0.000000,15.000000,0.000000
0.018554,0.000000,15.000000,0.000000
0.018556,0.000000,15.000000,0.000000
0.018558,0.000000,15.000000,0.000000
0.018560,0.000000,15.000000,0.000000
0.018562,0.000000,15.000000,0.000000
0.018564,0.000000,15.000000,0.000000
0.018566,0.000000,15.000000,0.000000
0.018568,0.000000,15.000000,0.000000
0.018570,0.000000,15.000000,0.000000
0.018572,0.000000,15.000000,0.000000
0.018574,0.000000,15.000000,0.000000
0.018576,0.000000,15.000000,0.000000
0.018578,0.000000,15.000000,0.000000
0.018580,0.000000,15.000000,0.000000
0.018582,0.000000,15.000000,0.000000
0.018584,0.000000,15.000000,0.000000
0.018586,0.000000,15.000000,0.000000
0.018588,0.000000,15.000000,0.000000
0.018590,0.000000,15.000000,0.000000
0.018592,0.000000,15.000000,0.000000
0.018594,0.000000,15.000000,0.000000
0.018596,0.000000,15.000000,0.000000
0.018598,0.000000,15.000000,0.000000
0.018600,0.000000,15.000000,0.000000
0.018602,0.000000,15.000000,0.000000
0.018604,0.000000,15.000000,0.000000
0.018606,0.000000,15.000000,0.000000
0.018608,0.000000,15.000000,0.000000
0.018610,0.000000,15.000000,0.000000
0.018612,0.000000,15.000000,0.000000
0.018614,0.000000,15.000000,0.000000
0.018616,0.000000,15.000000,0.000000
0.018618,0.000000,15.000000,0.000000
0.018620,0.000000,15.000000,0.000000
0.018622,0.000000,15.000000,0.000000
0.018624,0.000000,15.000000,0.000000
0.018626,0.000000,15.000000,0.000000
0.018628,0.000000,15.000000,0.000000
0.018630,0.000000,15.000000,0.000000
0.018632,0.000000,15.000000,0.000000
0.018634,0.000000,15.000000,0.000000
0.018636,0.000000,15.000000,0.000000
0.018638,0.000000,15.000000,0.000000
0.018640,0.000000,15.000000,0.000000
0.018642,0.000000,15.000000,0.000000
0.018644,0.000000,15.000000,0.000000
0.018646,0.000000,15.000000,0.000000
0.018648,0.000000,15.000000,0.000000
0.018650,0.000000,15.000000,0.000000
0.018652,0.000000,15.000000,0.000000
0.018654,0.000000,15.000000,0.000000
0.018656,0.000000,15.000000,0.000000
0.018658,0.000000,15.000000,0.000000
0.018660,0.000000,15.000000,0.000000
0.018662,0.000000,15.000000,0.000000
0.018664,0.000000,15.000000,0.000000
0.018666,0.000000,15.000000,0.000000
0.018668,0.000000,15.000000,0.000000
0.018670,0.000000,15.000000,0.000000
0.018672,0.000000,15.000000,0.000000
0.018674,0.000000,15.000000,0.000000
0.018676,0.000000,15.000000,0.000000
0.018678,0.000000,15.000000,0.000000
0.018680,0.000000,15.000000,0.000000
0.018682,0.000000,15.000000,0.000000
0.018684,0.000000,15.000000,0.000000
0.018686,0.000000,15.000000,0.000000
0.018688,0.000000,15.000000,0.000000
0.018690,0.000000,15.000000,0.000000
0.018692,0.000000,15.000000,0.000000
0.018694,0.000000,15.000000,0.000000
0.018696,0.000000,15.000000,0.000000
0.018698,0.000000,15.000000,0.000000
0.018700,0.000000,15.000000,0.000000
0.018702,0.000000,15.000000,0.000000
0.018704,0.000000,15.000000,0.000000
0.018706,0.000000,15.000000,0.000000
0.018708,0.000000,15.000000,0.000000
0.018710,0.000000,15.000000,0.000000
0.018712,0.000000,15.000000,0.000000
0.018714,0.000000,15.000000,0.000000
0.018716,0.000000,15.000000,0.000000
0.018718,0.000000,15.000000,0.000000
0.018720,0.000000,15.000000,0.000000
0.018722,0.000000,15.000000,0.000000
0.018724,0.000000,15.000000,0.000000
0.018726,0.000000,15.000000,0.000000
0.018728,0.000000,15.000000,0.000000
0.018730,0.000000,15.000000,0.000000
0.018732,0.000000,15.000000,0.000000
0.018734,0.000000,15.000000,0.000000
0.018736,0.000000,15.000000,0.000000
0.018738,0.000000,15.000000,0.000000
0.018740,0.000000,15.000000,0.000000
0.018742,0.000000,15.000000,0.000000
0.018744,0.000000,15.000000,0.000000
0.018746,0.000000,15.000000,0.000000
0.018748,0.000000,15.000000,0.000000
0.018750,0.000000,15.000000,0.000000
0.018752,0.000000,15.000000,0.000000
0.018754,0.000000,15.000000,0.000000
0.018756,0.000000,15.000000,0.000000
0.018758,0.000000,15.000000,0.000000
0.018760,0.000000,15.000000,0.000000
0.018762,0.000000,15.000000,0.000000
0.018764,0.000000,15.000000,0.000000
0.018766,0.000000,15.000000,0.000000
0.018768,0.000000,15.000000,0.000000
0.018770,0.000000,15.000000,0.000000
0.018772,0.000000,15.000000,0.000000
0.018774,0.000000,15.000000,0.000000
0.018776,0.000000,15.000000,0.000000
0.018778,0.000000,15.000000,0.000000
0.018780,0.000000,15.000000,0.000000
0.018782,0.000000,15.000000,0.000000
0.018784,0.000000,15.000000,0.000000
0.018786,0.000000,15.000000,0.000000
0.018788,0.000000,15.000000,0.000000
0.018790,0.000000,15.000000,0.000000
0.018792,0.000000,15.000000,0.000000
0.018794,0.000000,15.000000,0.000000
0.018796,0.000000,15.000000,0.000000
0.018798,0.000000,15.000000,0.000000
0.018800,0.000000,15.000000,0.000000
0.018802,0.000000,15.000000,0.000000
0.018804,0.000000,15.000000,0.000000
0.018806,0.000000,15.000000,0.000000
0.018808,0.000000,15.000000,0.000000
0.018810,0.000000,15.000000,0.000000
0.018812,0.000000,15.000000,0.000000
0.018814,0.000000,15.000000,0.000000
0.018816,0.000000,15.000000,0.000000
0.018818,0.000000,15.000000,0.000000
0.018820,0.000000,15.000000,0.000000
0.018822,0.000000,15.000000,0.000000
0.018824,0.000000,15.000000,0.000000
0.018826,0.000000,15.000000,0.000000
0.018828,0.000000,15.000000,0.000000
0.018830,0.000000,15.000000,0.000000
0.018832,0.000000,15.000000,0.000000
0.018834,0.000000,15.000000,0.000000
0.018836,0.000000,15.000000,0.000000
0.018838,0.000000,15.000000,0.000000
0.018840,0.000000,15.000000,0.000000
0.018842,0.000000,15.000000,0.000000
0.018844,0.000000,15.000000,0.000000
0.018846,0.000000,15.000000,0.000000
0.018848,0.000000,15.000000,0.000000
0.018850,0.000000,15.000000,0.000000
0.018852,0.000000,15.000000,0.000000
0.018854,0.000000,15.000000,0.000000
0.018856,0.000000,15.000000,0.000000
0.018858,0.000000,15.000000,0.000000
0.018860,0.000000,15.000000,0.000000
0.018862,0.000000,15.000000,0.000000
0.018864,0.000000,15.000000,0.000000
0.018866,0.000000,15.000000,0.000000
0.018868,0.000000,15.000000,0.000000
0.018870,0.000000,15.000000,0.000000
0.018872,0.000000,15.000000,0.000000
0.018874,0.000000,15.000000,0.000000
0.018876,0.000000,15.000000,0.000000
0.018878,0.000000,15.000000,0.000000
0.018880,0.000000,15.000000,0.000000
0.018882,0.000000,15.000000,0.000000
0.018884,0.000000,15.000000,0.000000
0.018886,0.000000,15.000000,0.000000
0.018888,0.000000,15.000000,0.000000
0.018890,0.000000,15.000000,0.000000
0.018892,0.000000,15.000000,0.000000
0.018894,0.000000,15.000000,0.000000
0.018896,0.000000,15.000000,0.000000
0.018898,0.000000,15.000000,0.000000
0.018900,0.000000,15.000000,0.000000
0.018902,0.000000,15.000000,0.000000
0.018904,0.000000,15.000000,0.000000
0.018906,0.000000,15.000000,0.000000
0.018908,0.000000,15.000000,0.000000
0.018910,0.000000,15.000000,0.000000
0.018912,0.000000,15.000000,0.000000
0.018914,0.000000,15.000000,0.000000
0.018916,0.000000,15.000000,0.000000
0.018918,0.000000,15.000000,0.000000
0.018920,0.000000,15.000000,0.000000
0.018922,0.000000,15.000000,0.000000
0.018924,0.000000,15.000000,0.000000
0.018926,0.000000,15.000000,0.000000
0.018928,0.000000,15.000000,0.000000
0.018930,0.000000,15.000000,0.000000
0.018932,0.000000,15.000000,0.000000
0.018934,0.000000,15.000000,0.000000
0.018936,0.000000,15.000000,0.000000
0.018938,0.000000,15.000000,0.000000
0.018940,0.000000,15.000000,0.000000
0.018942,0.000000,15.000000,0.000000
0.018944,0.000000,15.000000,0.000000
0.018946,0.000000,15.000000,0.000000
0.018948,0.000000,15.000000,0.000000
0.018950,0.000000,15.000000,0.000000
0.018952,0.000000,15.000000,0.000000
0.018954,0.000000,15.000000,0.000000
0.018956,0.000000,15.000000,0.000000
0.018958,0.000000,15.000000,0.000000
0.018960,0.000000,15.000000,0.000000
0.018962,0.000000,15.000000,0.000000
0.018964,0.000000,15.000000,0.000000
0.018966,0.000000,15.000000,0.000000
0.018968,0.000000,15.000000,0.000000
0.018970,0.000000,15.000000,0.000000
0.018972,0.000000,15.000000,0.000000
0.018974,0.000000,15.000000,0.000000
0.018976,0.000000,15.000000,0.000000
0.018978,0.000000,15.000000,0.000000
0.018980,0.000000,15.000000,0.000000
0.018982,0.000000,15.000000,0.000000
0.018984,0.000000,15.000000,0.000000
0.018986,0.000000,15.000000,0.000000
0.018988,0.000000,15.000000,0.000000
0.018990,0.000000,15.000000,0.000000
0.018992,0.000000,15.000000,0.000000
0.018994,0.000000,15.000000,0.000000
0.018996,0.000000,15.000000,0.000000
0.018998,0.000000,15.000000,0.000000
0.019000,0.000000,15.000000,0.000000
0.019002,0.000000,15.000000,0.000000
0.019004,0.000000,15.000000,0.000000
0.019006,0.000000,15.000000,0.000000
0.019008,0.000000,15.000000,0.000000
0.019010,0.000000,15.000000,0.000000
0.019012,0.000000,15.000000,0.000000
0.019014,0.000000,15.000000,0.000000
0.019016,0.000000,15.000000,0.000000
0.019018,0.000000,15.000000,0.000000
0.019020,0.000000,15.000000,0.000000
0.019022,0.000000,15.000000,0.000000
0.019024,0.000000,15.000000,0.000000
0.019026,0.000000,15.000000,0.000000
0.019028,0.000000,15.000000,0.000000
0.019030,0.000000,15.000000,0.000000
0.019032,0.000000,15.000000,0.000000
0.019034,0.000000,15.000000,0.000000
0.019036,0.000000,15.000000,0.000000
0.019038,0.000000,15.000000,0.000000
0.019040,0.000000,15.000000,0.000000
0.019042,0.000000,15.000000,0.000000
0.019044,0.000000,15.000000,0.000000
0.019046,0.000000,15.000000,0.000000
0.019048,0.000000,15.000000,0.000000
0.019050,0.000000,15.000000,0.000000
0.019052,0.000000,15.000000,0.000000
0.019054,0.000000,15.000000,0.000000
0.019056,0.000000,15.000000,0.000000
0.019058,0.000000,15.000000,0.000000
0.019060,0.000000,15.000000,0.000000
0.019062,0.000000,15.000000,0.000000
0.019064,0.000000,15.000000,0.000000
0.019066,0.000000,15.000000,0.000000
0.019068,0.000000,15.000000,0.000000
0.019070,0.000000,15.000000,0.000000
0.019072,0.000000,15.000000,0.000000
0.019074,0.000000,15.000000,0.000000
0.019076,0.000000,15.000000,0.000000
0.019078,0.000000,15.000000,0.000000
0.019080,0.000000,15.000000,0.000000
0.019082,0.000000,15.000000,0.000000
0.019084,0.000000,15.000000,0.000000
0.019086,0.000000,15.000000,0.000000
0.019088,0.000000,15.000000,0.000000
0.019090,0.000000,15.000000,0.000000
0.019092,0.000000,15.000000,0.000000
0.019094,0.000000,15.000000,0.000000
0.019096,0.000000,15.000000,0.000000
0.019098,0.000000,15.000000,0.000000
0.019100,0.000000,15.000000,0.000000
0.019102,0.000000,15.000000,0.000000
0.019104,0.000000,15.000000,0.000000
0.019106,0.000000,15.000000,0.000000
0.019108,0.000000,15.000000,0.000000
0.019110,0.000000,15.000000,0.000000
0.019112,0.000000,15.000000,0.000000
0.019114,0.000000,15.000000,0.000000
0.019116,0.000000,15.000000,0.000000
0.019118,0.000000,15.000000,0.000000
0.019120,0.000000,15.000000,0.000000
0.019122,0.000000,15.000000,0.000000
0.019124,0.000000,15.000000,0.000000
0.019126,0.000000,15.000000,0.000000
0.019128,0.000000,15.000000,0.000000
0.019130,0.000000,15.000000,0.000000
0.019132,0.000000,15.000000,0.000000
0.019134,0.000000,15.000000,0.000000
0.019136,0.000000,15.000000,0.000000
0.019138,0.000000,15.000000,0.000000
0.019140,0.000000,15.000000,0.000000
0.019142,0.000000,15.000000,0.000000
0.019144,0.000000,15.000000,0.000000
0.019146,0.000000,15.000000,0.000000
0.019148,0.000000,15.000000,0.000000
0.019150,0.000000,15.000000,0.000000
0.019152,0.000000,15.000000,0.000000
0.019154,0.000000,15.000000,0.000000
0.019156,0.000000,15.000000,0.000000
0.019158,0.000000,15.000000,0.000000
0.019160,0.000000,15.000000,0.000000
0.019162,0.000000,15.000000,0.000000
0.019164,0.000000,15.000000,0.000000
0.019166,0.000000,15.000000,0.000000
0.019168,0.000000,15.000000,0.000000
0.019170,0.000000,15.000000,0.000000
0.019172,0.000000,15.000000,0.000000
0.019174,0.000000,15.000000,0.000000
0.019176,0.000000,15.000000,0.000000
0.019178,0.000000,15.000000,0.000000
0.019180,0.000000,15.000000,0.000000
0.019182,0.000000,15.000000,0.000000
0.019184,0.000000,15.000000,0.000000
0.019186,0.000000,15.000000,0.000000
0.019188,0.000000,15.000000,0.000000
0.019190,0.000000,15.000000,0.000000
0.019192,0.000000,15.000000,0.000000
0.019194,0.000000,15.000000,0.000000
0.019196,0.000000,15.000000,0.000000
0.019198,0.000000,15.000000,0.000000
0.019200,0.000000,15.000000,0.000000
0.019202,0.000000,15.000000,0.000000
0.019204,0.000000,15.000000,0.000000
0.019206,0.000000,15.000000,0.000000
0.019208,0.000000,15.000000,0.000000
0.019210,0.000000,15.000000,0.000000
0.019212,0.000000,15.000000,0.000000
0.019214,0.000000,15.000000,0.000000
0.019216,0.000000,15.000000,0.000000
0.019218,0.000000,15.000000,0.000000
0.019220,0.000000,15.000000,0.000000
0.019222,0.000000,15.000000,0.000000
0.019224,0.000000,15.000000,0.000000
0.019226,0.000000,15.000000,0.000000
0.019228,0.000000,15.000000,0.000000
0.019230,0.000000,15.000000,0.000000
0.019232,0.000000,15.000000,0.000000
0.019234,0.000000,15.000000,0.000000
0.019236,0.000000,15.000000,0.000000
0.019238,0.000000,15.000000,0.000000
0.019240,0.000000,15.000000,0.000000
0.019242,0.000000,15.000000,0.000000
0.019244,0.000000,15.000000,0.000000
0.019246,0.000000,15.000000,0.000000
0.019248,0.000000,15.000000,0.000000
0.019250,0.000000,15.000000,0.000000
0.019252,0.000000,15.000000,0.000000
0.019254,0.000000,15.000000,0.000000
0.019256,0.000000,15.000000,0.000000
0.019258,0.000000,15.000000,0.000000
0.019260,0.000000,15.000000,0.000000
0.019262,0.000000,15.000000,0.000000
0.019264,0.000000,15.000000,0.000000
0.019266,0.000000,15.000000,0.000000
0.019268,0.000000,15.000000,0.000000
0.019270,0.000000,15.000000,0.000000
0.019272,0.000000,15.000000,0.000000
0.019274,0.000000,15.000000,0.000000
0.019276,0.000000,15.000000,0.000000
0.019278,0.000000,15.000000,0.000000
0.019280,0.000000,15.000000,0.000000
0.019282,0.000000,15.000000,0.000000
0.019284,0.000000,15.000000,0.000000
0.019286,0.000000,15.000000,0.000000
0.019288,0.000000,15.000000,0.000000
0.019290,0.000000,15.000000,0.000000
0.019292,0.000000,15.000000,0.000000
0.019294,0.000000,15.000000,0.000000
0.019296,0.000000,15.000000,0.000000
0.019298,0.000000,15.000000,0.000000
0.019300,0.000000,15.000000,0.000000
0.019302,0.000000,15.000000,0.000000
0.019304,0.000000,15.000000,0.000000
0.019306,0.000000,15.000000,0.000000
0.019308,0.000000,15.000000,0.000000
0.019310,0.000000,15.000000,0.000000
0.019312,0.000000,15.000000,0.000000
0.019314,0.000000,15.000000,0.000000
0.019316,0.000000,15.000000,0.000000
0.019318,0.000000,15.000000,0.000000
0.019320,0.000000,15.000000,0.000000
0.019322,0.000000,15.000000,0.000000
0.019324,0.000000,15.000000,0.000000
0.019326,0.000000,15.000000,0.000000
0.019328,0.000000,15.000000,0.000000
0.019330,0.000000,15.000000,0.000000
0.019332,0.000000,15.000000,0.000000
0.019334,0.000000,15.000000,0.000000
0.019336,0.000000,15.000000,0.000000
0.019338,0.000000,15.000000,0.000000
0.019340,0.000000,15.000000,0.000000
0.019342,0.000000,15.000000,0.000000
0.019344,0.000000,15.000000,0.000000
0.019346,0.000000,15.000000,0.000000
0.019348,0.000000,15.000000,0.000000
0.019350,0.000000,15.000000,0.000000
0.019352,0.000000,15.000000,0.000000
0.019354,0.000000,15.000000,0.000000
0.019356,0.000000,15.000000,0.000000
0.019358,0.000000,15.000000,0.000000
0.019360,0.000000,15.000000,0.000000
0.019362,0.000000,15.000000,0.000000
0.019364,0.000000,15.000000,0.000000
0.019366,0.000000,15.000000,0.000000
0.019368,0.000000,15.000000,0.000000
0.019370,0.000000,15.000000,0.000000
0.019372,0.000000,15.000000,0.000000
0.019374,0.000000,15.000000,0.000000
0.019376,0.000000,15.000000,0.000000
0.019378,0.000000,15.000000,0.000000
0.019380,0.000000,15.000000,0.000000
0.019382,0.000000,15.000000,0.000000
0.019384,0.000000,15.000000,0.000000
0.019386,0.000000,15.000000,0.000000
0.019388,0.000000,15.000000,0.000000
0.019390,0.000000,15.000000,0.000000
0.019392,0.000000,15.000000,0.000000
0.019394,0.000000,15.000000,0.000000
0.019396,0.000000,15.000000,0.000000
0.019398,0.000000,15.000000,0.000000
0.019400,0.000000,15.000000,0.000000
0.019402,0.000000,15.000000,0.000000
0.019404,0.000000,15.000000,0.000000
0.019406,0.000000,15.000000,0.000000
0.019408,0.000000,15.000000,0.000000
0.019410,0.000000,15.000000,0.000000
0.019412,0.000000,15.000000,0.000000
0.019414,0.000000,15.000000,0.000000
0.019416,0.000000,15.000000,0.000000
0.019418,0.000000,15.000000,0.000000
0.019420,0.000000,15.000000,0.000000
0.019422,0.000000,15.000000,0.000000
0.019424,0.000000,15.000000,0.000000
0.019426,0.000000,15.000000,0.000000
0.019428,0.000000,15.000000,0.000000
0.019430,0.000000,15.000000,0.000000
0.019432,0.000000,15.000000,0.000000
0.019434,0.000000,15.000000,0.000000
0.019436,0.000000,15.000000,0.000000
0.019438,0.000000,15.000000,0.000000
0.019440,0.000000,15.000000,0.000000
0.019442,0.000000,15.000000,0.000000
0.019444,0.000000,15.000000,0.000000
0.019446,0.000000,15.000000,0.000000
0.019448,0.000000,15.000000,0.000000
0.019450,0.000000,15.000000,0.000000
0.019452,0.000000,15.000000,0.000000
0.019454,0.000000,15.000000,0.000000
0.019456,0.000000,15.000000,0.000000
0.019458,0.000000,15.000000,0.000000
0.019460,0.000000,15.000000,0.000000
0.019462,0.000000,15.000000,0.000000
0.019464,0.000000,15.000000,0.000000
0.019466,0.000000,15.000000,0.000000
0.019468,0.000000,15.000000,0.000000
0.019470,0.000000,15.000000,0.000000
0.019472,0.000000,15.000000,0.000000
0.019474,0.000000,15.000000,0.000000
0.019476,0.000000,15.000000,0.000000
0.019478,0.000000,15.000000,0.000000
0.019480,0.000000,15.000000,0.000000
0.019482,0.000000,15.000000,0.000000
0.019484,0.000000,15.000000,0.000000
0.019486,0.000000,15.000000,0.000000
0.019488,0.000000,15.000000,0.000000
0.019490,0.000000,15.000000,0.000000
0.019492,0.000000,15.000000,0.000000
0.019494,0.000000,15.000000,0.000000
0.019496,0.000000,15.000000,0.000000
0.019498,0.000000,15.000000,0.000000
0.019500,0.000000,15.000000,0.000000
0.019502,0.000000,15.000000,0.000000
0.019504,0.000000,15.000000,0.000000
0.019506,0.000000,15.000000,0.000000
0.019508,0.000000,15.000000,0.000000
0.019510,0.000000,15.000000,0.000000
0.019512,0.000000,15.000000,0.000000
0.019514,0.000000,15.000000,0.000000
0.019516,0.000000,15.000000,0.000000
0.019518,0.000000,15.000000,0.000000
0.019520,0.000000,15.000000,0.000000
0.019522,0.000000,15.000000,0.000000
0.019524,0.000000,15.000000,0.000000
0.019526,0.000000,15.000000,0.000000
0.019528,0.000000,15.000000,0.000000
0.019530,0.000000,15.000000,0.000000
0.019532,0.000000,15.000000,0.000000
0.019534,0.000000,15.000000,0.000000
0.019536,0.000000,15.000000,0.000000
0.019538,0.000000,15.000000,0.000000
0.019540,0.000000,15.000000,0.000000
0.019542,0.000000,15.000000,0.000000
0.019544,0.000000,15.000000,0.000000
0.019546,0.000000,15.000000,0.000000
0.019548,0.000000,15.000000,0.000000
0.019550,0.000000,15.000000,0.000000
0.019552,0.000000,15.000000,0.000000
0.019554,0.000000,15.000000,0.000000
0.019556,0.000000,15.000000,0.000000
0.019558,0.000000,15.000000,0.000000
0.019560,0.000000,15.000000,0.000000
0.019562,0.000000,15.000000,0.000000
0.019564,0.000000,15.000000,0.000000
0.019566,0.000000,15.000000,0.000000
0.019568,0.000000,15.000000,0.000000
0.019570,0.000000,15.000000,0.000000
0.019572,0.000000,15.000000,0.000000
0.019574,0.000000,15.000000,0.000000
0.019576,0.000000,15.000000,0.000000
0.019578,0.000000,15.000000,0.000000
0.019580,0.000000,15.000000,0.000000
0.019582,0.000000,15.000000,0.000000
0.019584,0.000000,15.000000,0.000000
0.019586,0.000000,15.000000,0.000000
0.019588,0.000000,15.000000,0.000000
0.019590,0.000000,15.000000,0.000000
0.019592,0.000000,15.000000,0.000000
0.019594,0.000000,15.000000,0.000000
0.019596,0.000000,15.000000,0.000000
0.019598,0.000000,15.000000,0.000000
0.019600,0.000000,15.000000,0.000000
0.019602,0.000000,15.000000,0.000000
0.019604,0.000000,15.000000,0.000000
0.019606,0.000000,15.000000,0.000000
0.019608,0.000000,15.000000,0.000000
0.019610,0.000000,15.000000,0.000000
0.019612,0.000000,15.000000,0.000000
0.019614,0.000000,15.000000,0.000000
0.019616,0.000000,15.000000,0.000000
0.019618,0.000000,15.000000,0.000000
0.019620,0.000000,15.000000,0.000000
0.019622,0.000000,15.000000,0.000000
0.019624,0.000000,15.000000,0.000000
0.019626,0.000000,15.000000,0.000000
0.019628,0.000000,15.000000,0.000000
0.019630,0.000000,15.000000,0.000000
0.019632,0.000000,15.000000,0.000000
0.019634,0.000000,15.000000,0.000000
0.019636,0.000000,15.000000,0.000000
0.019638,0.000000,15.000000,0.000000
0.019640,0.000000,15.000000,0.000000
0.019642,0.000000,15.000000,0.000000
0.019644,0.000000,15.000000,0.000000
0.019646,0.000000,15.000000,0.000000
0.019648,0.000000,15.000000,0.000000
0.019650,0.000000,15.000000,0.000000
0.019652,0.000000,15.000000,0.000000
0.019654,0.000000,15.000000,0.000000
0.019656,0.000000,15.000000,0.000000
0.019658,0.000000,15.000000,0.000000
0.019660,0.000000,15.000000,0.000000
0.019662,0.000000,15.000000,0.000000
0.019664,0.000000,15.000000,0.000000
0.019666,0.000000,15.000000,0.000000
0.019668,0.000000,15.000000,0.000000
0.019670,0.000000,15.000000,0.000000
0.019672,0.000000,15.000000,0.000000
0.019674,0.000000,15.000000,0.000000
0.019676,0.000000,15.000000,0.000000
0.019678,0.000000,15.000000,0.000000
0.019680,0.000000,15.000000,0.000000
0.019682,0.000000,15.000000,0.000000
0.019684,0.000000,15.000000,0.000000
0.019686,0.000000,15.000000,0.000000
0.019688,0.000000,15.000000,0.000000
0.019690,0.000000,15.000000,0.000000
0.019692,0.000000,15.000000,0.000000
0.019694,0.000000,15.000000,0.000000
0.019696,0.000000,15.000000,0.000000
0.019698,0.000000,15.000000,0.000000
0.019700,0.000000,15.000000,0.000000
0.019702,0.000000,15.000000,0.000000
0.019704,0.000000,15.000000,0.000000
0.019706,0.000000,15.000000,0.000000
0.019708,0.000000,15.000000,0.000000
0.019710,0.000000,15.000000,0.000000
0.019712,0.000000,15.000000,0.000000
0.019714,0.000000,15.000000,0.000000
0.019716,0.000000,15.000000,0.000000
0.019718,0.000000,15.000000,0.000000
0.019720,0.000000,15.000000,0.000000
0.019722,0.000000,15.000000,0.000000
0.019724,0.000000,15.000000,0.000000
0.019726,0.000000,15.000000,0.000000
0.019728,0.000000,15.000000,0.000000
0.019730,0.000000,15.000000,0.000000
0.019732,0.000000,15.000000,0.000000
0.019734,0.000000,15.000000,0.000000
0.019736,0.000000,15.000000,0.000000
0.019738,0.000000,15.000000,0.000000
0.019740,0.000000,15.000000,0.000000
0.019742,0.000000,15.000000,0.000000
0.019744,0.000000,15.000000,0.000000
0.019746,0.000000,15.000000,0.000000
0.019748,0.000000,15.000000,0.000000
0.019750,0.000000,15.000000,0.000000
0.019752,0.000000,15.000000,0.000000
0.019754,0.000000,15.000000,0.000000
0.019756,0.000000,15.000000,0.000000
0.019758,0.000000,15.000000,0.000000
0.019760,0.000000,15.000000,0.000000
0.019762,0.000000,15.000000,0.000000
0.019764,0.000000,15.000000,0.000000
0.019766,0.000000,15.000000,0.000000
0.019768,0.000000,15.000000,0.000000
0.019770,0.000000,15.000000,0.000000
0.019772,0.000000,15.000000,0.000000
0.019774,0.000000,15.000000,0.000000
0.019776,0.000000,15.000000,0.000000
0.019778,0.000000,15.000000,0.000000
0.019780,0.000000,15.000000,0.000000
0.019782,0.000000,15.000000,0.000000
0.019784,0.000000,15.000000,0.000000
0.019786,0.000000,15.000000,0.000000
0.019788,0.000000,15.000000,0.000000
0.019790,0.000000,15.000000,0.000000
0.019792,0.000000,15.000000,0.000000
0.019794,0.000000,15.000000,0.000000
0.019796,0.000000,15.000000,0.000000
0.019798,0.000000,15.000000,0.000000
0.019800,0.000000,15.000000,0.000000
0.019802,0.000000,15.000000,0.000000
0.019804,0.000000,15.000000,0.000000
0.019806,0.000000,15.000000,0.000000
0.019808,0.000000,15.000000,0.000000
0.019810,0.000000,15.000000,0.000000
0.019812,0.000000,15.000000,0.000000
0.019814,0.000000,15.000000,0.000000
0.019816,0.000000,15.000000,0.000000
0.019818,0.000000,15.000000,0.000000
0.019820,0.000000,15.000000,0.000000
0.019822,0.000000,15.000000,0.000000
0.019824,0.000000,15.000000,0.000000
0.019826,0.000000,15.000000,0.000000
0.019828,0.000000,15.000000,0.000000
0.019830,0.000000,15.000000,0.000000
0.019832,0.000000,15.000000,0.000000
0.019834,0.000000,15.000000,0.000000
0.019836,0.000000,15.000000,0.000000
0.019838,0.000000,15.000000,0.000000
0.019840,0.000000,15.000000,0.000000
0.019842,0.000000,15.000000,0.000000
0.019844,0.000000,15.000000,0.000000
0.019846,0.000000,15.000000,0.000000
0.019848,0.000000,15.000000,0.000000
0.019850,0.000000,15.000000,0.000000
0.019852,0.000000,15.000000,0.000000
0.019854,0.000000,15.000000,0.000000
0.019856,0.000000,15.000000,0.000000
0.019858,0.000000,15.000000,0.000000
0.019860,0.000000,15.000000,0.000000
0.019862,0.000000,15.000000,0.000000
0.019864,0.000000,15.000000,0.000000
0.019866,0.000000,15.000000,0.000000
0.019868,0.000000,15.000000,0.000000
0.019870,0.000000,15.000000,0.000000
0.019872,0.000000,15.000000,0.000000
0.019874,0.000000,15.000000,0.000000
0.019876,0.000000,15.000000,0.000000
0.019878,0.000000,15.000000,0.000000
0.019880,0.000000,15.000000,0.000000
0.019882,0.000000,15.000000,0.000000
0.019884,0.000000,15.000000,0.000000
0.019886,0.000000,15.000000,0.000000
0.019888,0.000000,15.000000,0.000000
0.019890,0.000000,15.000000,0.000000
0.019892,0.000000,15.000000,0.000000
0.019894,0.000000,15.000000,0.000000
0.019896,0.000000,15.000000,0.000000
0.019898,0.000000,15.000000,0.000000
0.019900,0.000000,15.000000,0.000000
0.019902,0.000000,15.000000,0.000000
0.019904,0.000000,15.000000,0.000000
0.019906,0.000000,15.000000,0.000000
0.019908,0.000000,15.000000,0.000000
0.019910,0.000000,15.000000,0.000000
0.019912,0.000000,15.000000,0.000000
0.019914,0.000000,15.000000,0.000000
0.019916,0.000000,15.000000,0.000000
0.019918,0.000000,15.000000,0.000000
0.019920,0.000000,15.000000,0.000000
0.019922,0.000000,15.000000,0.000000
0.019924,0.000000,15.000000,0.000000
0.019926,0.000000,15.000000,0.000000
0.019928,0.000000,15.000000,0.000000
0.019930,0.000000,15.000000,0.000000
0.019932,0.000000,15.000000,0.000000
0.019934,0.000000,15.000000,0.000000
0.019936,0.000000,15.000000,0.000000
0.019938,0.000000,15.000000,0.000000
0.019940,0.000000,15.000000,0.000000
0.019942,0.000000,15.000000,0.000000
0.019944,0.000000,15.000000,0.000000
0.019946,0.000000,15.000000,0.000000
0.019948,0.000000,15.000000,0.000000
0.019950,0.000000,15.000000,0.000000
0.019952,0.000000,15.000000,0.000000
0.019954,0.000000,15.000000,0.000000
0.019956,0.000000,15.000000,0.000000
0.019958,0.000000,15.000000,0.000000
0.019960,0.000000,15.000000,0.000000
0.019962,0.000000,15.000000,0.000000
0.019964,0.000000,15.000000,0.000000
0.019966,0.000000,15.000000,0.000000
0.019968,0.000000,15.000000,0.000000
0.019970,0.000000,15.000000,0.000000
0.019972,0.000000,15.000000,0.000000
0.019974,0.000000,15.000000,0.000000
0.019976,0.000000,15.000000,0.000000
0.019978,0.000000,15.000000,0.000000
0.019980,0.000000,15.000000,0.000000
0.019982,0.000000,15.000000,0.000000
0.019984,0.000000,15.000000,0.000000
0.019986,0.000000,15.000000,0.000000
0.019988,0.000000,15.000000,0.000000
0.019990,0.000000,15.000000,0.000000
0.019992,0.000000,15.000000,0.000000
0.019994,0.000000,15.000000,0.000000
0.019996,0.000000,15.000000,0.000000
0.019998,0.000000,15.000000,0.000000
0.020000,0.000000,15.000000,0.000000
0.020002,0.000000,15.000000,0.000000
0.020004,0.000000,15.000000,0.000000
0.020006,0.000000,15.000000,0.000000
0.020008,0.000000,15.000000,0.000000
0.020010,0.000000,15.000000,0.000000
0.020012,0.000000,15.000000,0.000000
0.020014,0.000000,15.000000,0.000000
0.020016,0.000000,15.000000,0.000000
0.020018,0.000000,15.000000,0.000000
0.020020,0.000000,15.000000,0.000000
0.020022,0.000000,15.000000,0.000000
0.020024,0.000000,15.000000,0.000000
0.020026,0.000000,15.000000,0.000000
0.020028,0.000000,15.000000,0.000000
0.020030,0.000000,15.000000,0.000000
0.020032,0.000000,15.000000,0.000000
0.020034,0.000000,15.000000,0.000000
0.020036,0.000000,15.000000,0.000000
0.020038,0.000000,15.000000,0.000000
0.020040,0.000000,15.000000,0.000000
0.020042,0.000000,15.000000,0.000000
0.020044,0.000000,15.000000,0.000000
0.020046,0.000000,15.000000,0.000000
0.020048,0.000000,15.000000,0.000000
0.020050,0.000000,15.000000,0.000000
0.020052,0.000000,15.000000,0.000000
0.020054,0.000000,15.000000,0.000000
0.020056,0.000000,15.000000,0.000000
0.020058,0.000000,15.000000,0.000000
0.020060,0.000000,15.000000,0.000000
0.020062,0.000000,15.000000,0.000000
0.020064,0.000000,15.000000,0.000000
0.020066,0.000000,15.000000,0.000000
0.020068,0.000000,15.000000,0.000000
0.020070,0.000000,15.000000,0.000000
0.020072,0.000000,15.000000,0.000000
0.020074,0.000000,15.000000,0.000000
0.020076,0.000000,15.000000,0.000000
0.020078,0.000000,15.000000,0.000000
0.020080,0.000000,15.000000,0.000000
0.020082,0.000000,15.000000,0.000000
0.020084,0.000000,15.000000,0.000000
0.020086,0.000000,15.000000,0.000000
0.020088,0.000000,15.000000,0.000000
0.020090,0.000000,15.000000,0.000000
0.020092,0.000000,15.000000,0.000000
0.020094,0.000000,15.000000,0.000000
0.020096,0.000000,15.000000,0.000000
0.020098,0.000000,15.000000,0.000000
0.020100,0.000000,15.000000,0.000000
0.020102,0.000000,15.000000,0.000000
0.020104,0.000000,15.000000,0.000000
0.020106,0.000000,15.000000,0.000000
0.020108,0.000000,15.000000,0.000000
0.020110,0.000000,15.000000,0.000000
0.020112,0.000000,15.000000,0.000000
0.020114,0.000000,15.000000,0.000000
0.020116,0.000000,15.000000,0.000000
0.020118,0.000000,15.000000,0.000000
0.020120,0.000000,15.000000,0.000000
0.020122,0.000000,15.000000,0.000000
0.020124,0.000000,15.000000,0.000000
0.020126,0.000000,15.000000,0.000000
0.020128,0.000000,15.000000,0.000000
0.020130,0.000000,15.000000,0.000000
0.020132,0.000000,15.000000,0.000000
0.020134,0.000000,15.000000,0.000000
0.020136,0.000000,15.000000,0.000000
0.020138,0.000000,15.000000,0.000000
0.020140,0.000000,15.000000,0.000000
0.020142,0.000000,15.000000,0.000000
0.020144,0.000000,15.000000,0.000000
0.020146,0.000000,15.000000,0.000000
0.020148,0.000000,15.000000,0.000000
0.020150,0.000000,15.000000,0.000000
0.020152,0.000000,15.000000,0.000000
0.020154,0.000000,15.000000,0.000000
0.020156,0.000000,15.000000,0.000000
0.020158,0.000000,15.000000,0.000000
0.020160,0.000000,15.000000,0.000000
0.020162,0.000000,15.000000,0.000000
0.020164,0.000000,15.000000,0.000000
0.020166,0.000000,15.000000,0.000000
0.020168,0.000000,15.000000,0.000000
0.020170,0.000000,15.000000,0.000000
0.020172,0.000000,15.000000,0.000000
0.020174,0.000000,15.000000,0.000000
0.020176,0.000000,15.000000,0.000000
0.020178,0.000000,15.000000,0.000000
0.020180,0.000000,15.000000,0.000000
0.020182,0.000000,15.000000,0.000000
0.020184,0.000000,15.000000,0.000000
0.020186,0.000000,15.000000,0.000000
0.020188,0.000000,15.000000,0.000000
0.020190,0.000000,15.000000,0.000000
0.020192,0.000000,15.000000,0.000000
0.020194,0.000000,15.000000,0.000000
0.020196,0.000000,15.000000,0.000000
0.020198,0.000000,15.000000,0.000000
0.020200,0.000000,15.000000,0.000000
0.020202,0.000000,15.000000,0.000000
0.020204,0.000000,15.000000,0.000000
0.020206,0.000000,15.000000,0.000000
0.020208,0.000000,15.000000,0.000000
0.020210,0.000000,15.000000,0.000000
0.020212,0.000000,15.000000,0.000000
0.020214,0.000000,15.000000,0.000000
0.020216,0.000000,15.000000,0.000000
0.020218,0.000000,15.000000,0.000000
0.020220,0.000000,15.000000,0.000000
0.020222,0.000000,15.000000,0.000000
0.020224,0.000000,15.000000,0.000000
0.020226,0.000000,15.000000,0.000000
0.020228,0.000000,15.000000,0.000000
0.020230,0.000000,15.000000,0.000000
0.020232,0.000000,15.000000,0.000000
0.020234,0.000000,15.000000,0.000000
0.020236,0.000000,15.000000,0.000000
0.020238,0.000000,15.000000,0.000000
0.020240,0.000000,15.000000,0.000000
0.020242,0.000000,15.000000,0.000000
0.020244,0.000000,15.000000,0.000000
0.020246,0.000000,15.000000,0.000000
0.020248,0.000000,15.000000,0.000000
0.020250,0.000000,15.000000,0.000000
0.020252,0.000000,15.000000,0.000000
0.020254,0.000000,15.000000,0.000000
0.020256,0.000000,15.000000,0.000000
0.020258,0.000000,15.000000,0.000000
0.020260,0.000000,15.000000,0.000000
0.020262,0.000000,15.000000,0.000000
0.020264,0.000000,15.000000,0.000000
0.020266,0.000000,15.000000,0.000000
0.020268,0.000000,15.000000,0.000000
0.020270,0.000000,15.000000,0.000000
0.020272,0.000000,15.000000,0.000000
0.020274,0.000000,15.000000,0.000000
0.020276,0.000000,15.000000,0.000000
0.020278,0.000000,15.000000,0.000000
0.020280,0.000000,15.000000,0.000000
0.020282,0.000000,15.000000,0.000000
0.020284,0.000000,15.000000,0.000000
0.020286,0.000000,15.000000,0.000000
0.020288,0.000000,15.000000,0.000000
0.020290,0.000000,15.000000,0.000000
0.020292,0.000000,15.000000,0.000000
0.020294,0.000000,15.000000,0.000000
0.020296,0.000000,15.000000,0.000000
0.020298,0.000000,15.000000,0.000000
0.020300,0.000000,15.000000,0.000000
0.020302,0.000000,15.000000,0.000000
0.020304,0.000000,15.000000,0.000000
0.020306,0.000000,15.000000,0.000000
0.020308,0.000000,15.000000,0.000000
0.020310,0.000000,15.000000,0.000000
0.020312,0.000000,15.000000,0.000000
0.020314,0.000000,15.000000,0.000000
0.020316,0.000000,15.000000,0.000000
0.020318,0.000000,15.000000,0.000000
0.020320,0.000000,15.000000,0.000000
0.020322,0.000000,15.000000,0.000000
0.020324,0.000000,15.000000,0.000000
0.020326,0.000000,15.000000,0.000000
0.020328,0.000000,15.000000,0.000000
0.020330,0.000000,15.000000,0.000000
0.020332,0.000000,15.000000,0.000000
0.020334,0.000000,15.000000,0.000000
0.020336,0.000000,15.000000,0.000000
0.020338,0.000000,15.000000,0.000000
0.020340,0.000000,15.000000,0.000000
0.020342,0.000000,15.000000,0.000000
0.020344,0.000000,15.000000,0.000000
0.020346,0.000000,15.000000,0.000000
0.020348,0.000000,15.000000,0.000000
0.020350,0.000000,15.000000,0.000000
0.020352,0.000000,15.000000,0.000000
0.020354,0.000000,15.000000,0.000000
0.020356,0.000000,15.000000,0.000000
0.020358,0.000000,15.000000,0.000000
0.020360,0.000000,15.000000,0.000000
0.020362,0.000000,15.000000,0.000000
0.020364,0.000000,15.000000,0.000000
0.020366,0.000000,15.000000,0.000000
0.020368,0.000000,15.000000,0.000000
0.020370,0.000000,15.000000,0.000000
0.020372,0.000000,15.000000,0.000000
0.020374,0.000000,15.000000,0.000000
0.020376,0.000000,15.000000,0.000000
0.020378,0.000000,15.000000,0.000000
0.020380,0.000000,15.000000,0.000000
0.020382,0.000000,15.000000,0.000000
0.020384,0.000000,15.000000,0.000000
0.020386,0.000000,15.000000,0.000000
0.020388,0.000000,15.000000,0.000000
0.020390,0.000000,15.000000,0.000000
0.020392,0.000000,15.000000,0.000000
0.020394,0.000000,15.000000,0.000000
0.020396,0.000000,15.000000,0.000000
0.020398,0.000000,15.000000,0.000000
0.020400,0.000000,15.000000,0.000000
0.020402,0.000000,15.000000,0.000000
0.020404,0.000000,15.000000,0.000000
0.020406,0.000000,15.000000,0.000000
0.020408,0.000000,15.000000,0.000000
0.020410,0.000000,15.000000,0.000000
0.020412,0.000000,15.000000,0.000000
0.020414,0.000000,15.000000,0.000000
0.020416,0.000000,15.000000,0.000000
0.020418,0.000000,15.000000,0.000000
0.020420,0.000000,15.000000,0.000000
0.020422,0.000000,15.000000,0.000000
0.020424,0.000000,15.000000,0.000000
0.020426,0.000000,15.000000,0.000000
0.020428,0.000000,15.000000,0.000000
0.020430,0.000000,15.000000,0.000000
0.020432,0.000000,15.000000,0.000000
0.020434,0.000000,15.000000,0.000000
0.020436,0.000000,15.000000,0.000000
0.020438,0.000000,15.000000,0.000000
0.020440,0.000000,15.000000,0.000000
0.020442,0.000000,15.000000,0.000000
0.020444,0.000000,15.000000,0.000000
0.020446,0.000000,15.000000,0.000000
0.020448,0.000000,15.000000,0.000000
0.020450,0.000000,15.000000,0.000000
0.020452,0.000000,15.000000,0.000000
0.020454,0.000000,15.000000,0.000000
0.020456,0.000000,15.000000,0.000000
0.020458,0.000000,15.000000,0.000000
0.020460,0.000000,15.000000,0.000000
0.020462,0.000000,15.000000,0.000000
0.020464,0.000000,15.000000,0.000000
0.020466,0.000000,15.000000,0.000000
0.020468,0.000000,15.000000,0.000000
0.020470,0.000000,15.000000,0.000000
0.020472,0.000000,15.000000,0.000000
0.020474,0.000000,15.000000,0.000000
0.020476,0.000000,15.000000,0.000000
0.020478,0.000000,15.000000,0.000000
0.020480,0.000000,15.000000,0.000000
0.020482,0.000000,15.000000,0.000000
0.020484,0.000000,15.000000,0.000000
0.020486,0.000000,15.000000,0.000000
0.020488,0.000000,15.000000,0.000000
0.020490,0.000000,15.000000,0.000000
0.020492,0.000000,15.000000,0.000000
0.020494,0.000000,15.000000,0.000000
0.020496,0.000000,15.000000,0.000000
0.020498,0.000000,15.000000,0.000000
0.020500,0.000000,15.000000,0.000000
0.020502,0.000000,15.000000,0.000000
0.020504,0.000000,15.000000,0.000000
0.020506,0.000000,15.000000,0.000000
0.020508,0.000000,15.000000,0.000000
0.020510,0.000000,15.000000,0.000000
0.020512,0.000000,15.000000,0.000000
0.020514,0.000000,15.000000,0.000000
0.020516,0.000000,15.000000,0.000000
0.020518,0.000000,15.000000,0.000000
0.020520,0.000000,15.000000,0.000000
0.020522,0.000000,15.000000,0.000000
0.020524,0.000000,15.000000,0.000000
0.020526,0.000000,15.000000,0.000000
0.020528,0.000000,15.000000,0.000000
0.020530,0.000000,15.000000,0.000000
0.020532,0.000000,15.000000,0.000000
0.020534,0.000000,15.000000,0.000000
0.020536,0.000000,15.000000,0.000000
0.020538,0.000000,15.000000,0.000000
0.020540,0.000000,15.000000,0.000000
0.020542,0.000000,15.000000,0.000000
0.020544,0.000000,15.000000,0.000000
0.020546,0.000000,15.000000,0.000000
0.020548,0.000000,15.000000,0.000000
0.020550,0.000000,15.000000,0.000000
0.020552,0.000000,15.000000,0.000000
0.020554,0.000000,15.000000,0.000000
0.020556,0.000000,15.000000,0.000000
0.020558,0.000000,15.000000,0.000000
0.020560,0.000000,15.000000,0.000000
0.020562,0.000000,15.000000,0.000000
0.020564,0.000000,15.000000,0.000000
0.020566,0.000000,15.000000,0.000000
0.020568,0.000000,15.000000,0.000000
0.020570,0.000000,15.000000,0.000000
0.020572,0.000000,15.000000,0.000000
0.020574,0.000000,15.000000,0.000000
0.020576,0.000000,15.000000,0.000000
0.020578,0.000000,15.000000,0.000000
0.020580,0.000000,15.000000,0.000000
0.020582,0.000000,15.000000,0.000000
0.020584,0.000000,15.000000,0.000000
0.020586,0.000000,15.000000,0.000000
0.020588,0.000000,15.000000,0.000000
0.020590,0.000000,15.000000,0.000000
0.020592,0.000000,15.000000,0.000000
0.020594,0.000000,15.000000,0.000000
0.020596,0.000000,15.000000,0.000000
0.020598,0.000000,15.000000,0.000000
0.020600,0.000000,15.000000,0.000000
0.020602,0.000000,15.000000,0.000000
0.020604,0.000000,15.000000,0.000000
0.020606,0.000000,15.000000,0.000000
0.020608,0.000000,15.000000,0.000000
0.020610,0.000000,15.000000,0.000000
0.020612,0.000000,15.000000,0.000000
0.020614,0.000000,15.000000,0.000000
0.020616,0.000000,15.000000,0.000000
0.020618,0.000000,15.000000,0.000000
0.020620,0.000000,15.000000,0.000000
0.020622,0.000000,15.000000,0.000000
0.020624,0.000000,15.000000,0.000000
0.020626,0.000000,15.000000,0.000000
0.020628,0.000000,15.000000,0.000000
0.020630,0.000000,15.000000,0.000000
0.020632,0.000000,15.000000,0.000000
0.020634,0.000000,15.000000,0.000000
0.020636,0.000000,15.000000,0.000000
0.020638,0.000000,15.000000,0.000000
0.020640,0.000000,15.000000,0.000000
0.020642,0.000000,15.000000,0.000000
0.020644,0.000000,15.000000,0.000000
0.020646,0.000000,15.000000,0.000000
0.020648,0.000000,15.000000,0.000000
0.020650,0.000000,15.000000,0.000000
0.020652,0.000000,15.000000,0.000000
0.020654,0.000000,15.000000,0.000000
0.020656,0.000000,15.000000,0.000000
0.020658,0.000000,15.000000,0.000000
0.020660,0.000000,15.000000,0.000000
0.020662,0.000000,15.000000,0.000000
0.020664,0.000000,15.000000,0.000000
0.020666,0.000000,15.000000,0.000000
0.020668,0.000000,15.000000,0.000000
0.020670,0.000000,15.000000,0.000000
0.020672,0.000000,15.000000,0.000000
0.020674,0.000000,15.000000,0.000000
0.020676,0.000000,15.000000,0.000000
0.020678,0.000000,15.000000,0.000000
0.020680,0.000000,15.000000,0.000000
0.020682,0.000000,15.000000,0.000000
0.020684,0.000000,15.000000,0.000000
0.020686,0.000000,15.000000,0.000000
0.020688,0.000000,15.000000,0.000000
0.020690,0.000000,15.000000,0.000000
0.020692,0.000000,15.000000,0.000000
0.020694,0.000000,15.000000,0.000000
0.020696,0.000000,15.000000,0.000000
0.020698,0.000000,15.000000,0.000000
0.020700,0.000000,15.000000,0.000000
0.020702,0.000000,15.000000,0.000000
0.020704,0.000000,15.000000,0.000000
0.020706,0.000000,15.000000,0.000000
0.020708,0.000000,15.000000,0.000000
0.020710,0.000000,15.000000,0.000000
0.020712,0.000000,15.000000,0.000000
0.020714,0.000000,15.000000,0.000000
0.020716,0.000000,15.000000,0.000000
0.020718,0.000000,15.000000,0.000000
0.020720,0.000000,15.000000,0.000000
0.020722,0.000000,15.000000,0.000000
0.020724,0.000000,15.000000,0.000000
0.020726,0.000000,15.000000,0.000000
0.020728,0.000000,15.000000,0.000000
0.020730,0.000000,15.000000,0.000000
0.020732,0.000000,15.000000,0.000000
0.020734,0.000000,15.000000,0.000000
0.020736,0.000000,15.000000,0.000000
0.020738,0.000000,15.000000,0.000000
0.020740,0.000000,15.000000,0.000000
0.020742,0.000000,15.000000,0.000000
0.020744,0.000000,15.000000,0.000000
0.020746,0.000000,15.000000,0.000000
0.020748,0.000000,15.000000,0.000000
0.020750,0.000000,15.000000,0.000000
0.020752,0.000000,15.000000,0.000000
0.020754,0.000000,15.000000,0.000000
0.020756,0.000000,15.000000,0.000000
0.020758,0.000000,15.000000,0.000000
0.020760,0.000000,15.000000,0.000000
0.020762,0.000000,15.000000,0.000000
0.020764,0.000000,15.000000,0.000000
0.020766,0.000000,15.000000,0.000000
0.020768,0.000000,15.000000,0.000000
0.020770,0.000000,15.000000,0.000000
0.020772,0.000000,15.000000,0.000000
0.020774,0.000000,15.000000,0.000000
0.020776,0.000000,15.000000,0.000000
0.020778,0.000000,15.000000,0.000000
0.020780,0.000000,15.000000,0.000000
0.020782,0.000000,15.000000,0.000000
0.020784,0.000000,15.000000,0.000000
0.020786,0.000000,15.000000,0.000000
0.020788,0.000000,15.000000,0.000000
0.020790,0.000000,15.000000,0.000000
0.020792,0.000000,15.000000,0.000000
0.020794,0.000000,15.000000,0.000000
0.020796,0.000000,15.000000,0.000000
0.020798,0.000000,15.000000,0.000000
0.020800,0.000000,15.000000,0.000000
0.020802,0.000000,15.000000,0.000000
0.020804,0.000000,15.000000,0.000000
0.020806,0.000000,15.000000,0.000000
0.020808,0.000000,15.000000,0.000000
0.020810,0.000000,15.000000,0.000000
0.020812,0.000000,15.000000,0.000000
0.020814,0.000000,15.000000,0.000000
0.020816,0.000000,15.000000,0.000000
0.020818,0.000000,15.000000,0.000000
0.020820,0.000000,15.000000,0.000000
0.020822,0.000000,15.000000,0.000000
0.020824,0.000000,15.000000,0.000000
0.020826,0.000000,15.000000,0.000000
0.020828,0.000000,15.000000,0.000000
0.020830,0.000000,15.000000,0.000000
0.020832,0.000000,15.000000,0.000000
0.020834,0.000000,15.000000,0.000000
0.020836,0.000000,15.000000,0.000000
0.020838,0.000000,15.000000,0.000000
0.020840,0.000000,15.000000,0.000000
0.020842,0.000000,15.000000,0.000000
0.020844,0.000000,15.000000,0.000000
0.020846,0.000000,15.000000,0.000000
0.020848,0.000000,15.000000,0.000000
0.020850,0.000000,15.000000,0.000000
0.020852,0.000000,15.000000,0.000000
0.020854,0.000000,15.000000,0.000000
0.020856,0.000000,15.000000,0.000000
0.020858,0.000000,15.000000,0.000000
0.020860,0.000000,15.000000,0.000000
0.020862,0.000000,15.000000,0.000000
0.020864,0.000000,15.000000,0.000000
0.020866,0.000000,15.000000,0.000000
0.020868,0.000000,15.000000,0.000000
0.020870,0.000000,15.000000,0.000000
0.020872,0.000000,15.000000,0.000000
0.020874,0.000000,15.000000,0.000000
0.020876,0.000000,15.000000,0.000000
0.020878,0.000000,15.000000,0.000000
0.020880,0.000000,15.000000,0.000000
0.020882,0.000000,15.000000,0.000000
0.020884,0.000000,15.000000,0.000000
0.020886,0.000000,15.000000,0.000000
0.020888,0.000000,15.000000,0.000000
0.020890,0.000000,15.000000,0.000000
0.020892,0.000000,15.000000,0.000000
0.020894,0.000000,15.000000,0.000000
0.020896,0.000000,15.000000,0.000000
0.020898,0.000000,15.000000,0.000000
0.020900,0.000000,15.000000,0.000000
0.020902,0.000000,15.000000,0.000000
0.020904,0.000000,15.000000,0.000000
0.020906,0.000000,15.000000,0.000000
0.020908,0.000000,15.000000,0.000000
0.020910,0.000000,15.000000,0.000000
0.020912,0.000000,15.000000,0.000000
0.020914,0.000000,15.000000,0.000000
0.020916,0.000000,15.000000,0.000000
0.020918,0.000000,15.000000,0.000000
0.020920,0.000000,15.000000,0.000000
0.020922,0.000000,15.000000,0.000000
0.020924,0.000000,15.000000,0.000000
0.020926,0.000000,15.000000,0.000000
0.020928,0.000000,15.000000,0.000000
0.020930,0.000000,15.000000,0.000000
0.020932,0.000000,15.000000,0.000000
0.020934,0.000000,15.000000,0.000000
0.020936,0.000000,15.000000,0.000000
0.020938,0.000000,15.000000,0.000000
0.020940,0.000000,15.000000,0.000000
0.020942,0.000000,15.000000,0.000000
0.020944,0.000000,15.000000,0.000000
0.020946,0.000000,15.000000,0.000000
0.020948,0.000000,15.000000,0.000000
0.020950,0.000000,15.000000,0.000000
0.020952,0.000000,15.000000,0.000000
0.020954,0.000000,15.000000,0.000000
0.020956,0.000000,15.000000,0.000000
0.020958,0.000000,15.000000,0.000000
0.020960,0.000000,15.000000,0.000000
0.020962,0.000000,15.000000,0.000000
0.020964,0.000000,15.000000,0.000000
0.020966,0.000000,15.000000,0.000000
0.020968,0.000000,15.000000,0.000000
0.020970,0.000000,15.000000,0.000000
0.020972,0.000000,15.000000,0.000000
0.020974,0.000000,15.000000,0.000000
0.020976,0.000000,15.000000,0.000000
0.020978,0.000000,15.000000,0.000000
0.020980,0.000000,15.000000,0.000000
0.020982,0.000000,15.000000,0.000000
0.020984,0.000000,15.000000,0.000000
0.020986,0.000000,15.000000,0.000000
0.020988,0.000000,15.000000,0.000000
0.020990,0.000000,15.000000,0.000000
0.020992,0.000000,15.000000,0.000000
0.020994,0.000000,15.000000,0.000000
0.020996,0.000000,15.000000,0.000000
0.020998,0.000000,15.000000,0.000000
0.021000,0.000000,15.000000,0.000000
0.021002,0.000000,15.000000,0.000000
0.021004,0.000000,15.000000,0.000000
0.021006,0.000000,15.000000,0.000000
0.021008,0.000000,15.000000,0.000000
0.021010,0.000000,15.000000,0.000000
0.021012,0.000000,15.000000,0.000000
0.021014,0.000000,15.000000,0.000000
0.021016,0.000000,15.000000,0.000000
0.021018,0.000000,15.000000,0.000000
0.021020,0.000000,15.000000,0.000000
0.021022,0.000000,15.000000,0.000000
0.021024,0.000000,15.000000,0.000000
0.021026,0.000000,15.000000,0.000000
0.021028,0.000000,15.000000,0.000000
0.021030,0.000000,15.000000,0.000000
0.021032,0.000000,15.000000,0.000000
0.021034,0.000000,15.000000,0.000000
0.021036,0.000000,15.000000,0.000000
0.021038,0.000000,15.000000,0.000000
0.021040,0.000000,15.000000,0.000000
0.021042,0.000000,15.000000,0.000000
0.021044,0.000000,15.000000,0.000000
0.021046,0.000000,15.000000,0.000000
0.021048,0.000000,15.000000,0.000000
0.021050,0.000000,15.000000,0.000000
0.021052,0.000000,15.000000,0.000000
0.021054,0.000000,15.000000,0.000000
0.021056,0.000000,15.000000,0.000000
0.021058,0.000000,15.000000,0.000000
0.021060,0.000000,15.000000,0.000000
0.021062,0.000000,15.000000,0.000000
0.021064,0.000000,15.000000,0.000000
0.021066,0.000000,15.000000,0.000000
0.021068,0.000000,15.000000,0.000000
0.021070,0.000000,15.000000,0.000000
0.021072,0.000000,15.000000,0.000000
0.021074,0.000000,15.000000,0.000000
0.021076,0.000000,15.000000,0.000000
0.021078,0.000000,15.000000,0.000000
0.021080,0.000000,15.000000,0.000000
0.021082,0.000000,15.000000,0.000000
0.021084,0.000000,15.000000,0.000000
0.021086,0.000000,15.000000,0.000000
0.021088,0.000000,15.000000,0.000000
0.021090,0.000000,15.000000,0.000000
0.021092,0.000000,15.000000,0.000000
0.021094,0.000000,15.000000,0.000000
0.021096,0.000000,15.000000,0.000000
0.021098,0.000000,15.000000,0.000000
0.021100,0.000000,15.000000,0.000000
0.021102,0.000000,15.000000,0.000000
0.021104,0.000000,15.000000,0.000000
0.021106,0.000000,15.000000,0.000000
0.021108,0.000000,15.000000,0.000000
0.021110,0.000000,15.000000,0.000000
0.021112,0.000000,15.000000,0.000000
0.021114,0.000000,15.000000,0.000000
0.021116,0.000000,15.000000,0.000000
0.021118,0.000000,15.000000,0.000000
0.021120,0.000000,15.000000,0.000000
0.021122,0.000000,15.000000,0.000000
0.021124,0.000000,15.000000,0.000000
0.021126,0.000000,15.000000,0.000000
0.021128,0.000000,15.000000,0.000000
0.021130,0.000000,15.000000,0.000000
0.021132,0.000000,15.000000,0.000000
0.021134,0.000000,15.000000,0.000000
0.021136,0.000000,15.000000,0.000000
0.021138,0.000000,15.000000,0.000000
0.021140,0.000000,15.000000,0.000000
0.021142,0.000000,15.000000,0.000000
0.021144,0.000000,15.000000,0.000000
0.021146,0.000000,15.000000,0.000000
0.021148,0.000000,15.000000,0.000000
0.021150,0.000000,15.000000,0.000000
0.021152,0.000000,15.000000,0.000000
0.021154,0.000000,15.000000,0.000000
0.021156,0.000000,15.000000,0.000000
0.021158,0.000000,15.000000,0.000000
0.021160,0.000000,15.000000,0.000000
0.021162,0.000000,15.000000,0.000000
0.021164,0.000000,15.000000,0.000000
0.021166,0.000000,15.000000,0.000000
0.021168,0.000000,15.000000,0.000000
0.021170,0.000000,15.000000,0.000000
0.021172,0.000000,15.000000,0.000000
0.021174,0.000000,15.000000,0.000000
0.021176,0.000000,15.000000,0.000000
0.021178,0.000000,15.000000,0.000000
0.021180,0.000000,15.000000,0.000000
0.021182,0.000000,15.000000,0.000000
0.021184,0.000000,15.000000,0.000000
0.021186,0.000000,15.000000,0.000000
0.021188,0.000000,15.000000,0.000000
0.021190,0.000000,15.000000,0.000000
0.021192,0.000000,15.000000,0.000000
0.021194,0.000000,15.000000,0.000000
0.021196,0.000000,15.000000,0.000000
0.021198,0.000000,15.000000,0.000000
0.021200,0.000000,15.000000,0.000000
0.021202,0.000000,15.000000,0.000000
0.021204,0.000000,15.000000,0.000000
0.021206,0.000000,15.000000,0.000000
0.021208,0.000000,15.000000,0.000000
0.021210,0.000000,15.000000,0.000000
0.021212,0.000000,15.000000,0.000000
0.021214,0.000000,15.000000,0.000000
0.021216,0.000000,15.000000,0.000000
0.021218,0.000000,15.000000,0.000000
0.021220,0.000000,15.000000,0.000000
0.021222,0.000000,15.000000,0.000000
0.021224,0.000000,15.000000,0.000000
0.021226,0.000000,15.000000,0.000000
0.021228,0.000000,15.000000,0.000000
0.021230,0.000000,15.000000,0.000000
0.021232,0.000000,15.000000,0.000000
0.021234,0.000000,15.000000,0.000000
0.021236,0.000000,15.000000,0.000000
0.021238,0.000000,15.000000,0.000000
0.021240,0.000000,15.000000,0.000000
0.021242,0.000000,15.000000,0.000000
0.021244,0.000000,15.000000,0.000000
0.021246,0.000000,15.000000,0.000000
0.021248,0.000000,15.000000,0.000000
0.021250,0.000000,15.000000,0.000000
0.021252,0.000000,15.000000,0.000000
0.021254,0.000000,15.000000,0.000000
0.021256,0.000000,15.000000,0.000000
0.021258,0.000000,15.000000,0.000000
0.021260,0.000000,15.000000,0.000000
0.021262,0.000000,15.000000,0.000000
0.021264,0.000000,15.000000,0.000000
0.021266,0.000000,15.000000,0.000000
0.021268,0.000000,15.000000,0.000000
0.021270,0.000000,15.000000,0.000000
0.021272,0.000000,15.000000,0.000000
0.021274,0.000000,15.000000,0.000000
0.021276,0.000000,15.000000,0.000000
0.021278,0.000000,15.000000,0.000000
0.021280,0.000000,15.000000,0.000000
0.021282,0.000000,15.000000,0.000000
0.021284,0.000000,15.000000,0.000000
0.021286,0.000000,15.000000,0.000000
0.021288,0.000000,15.000000,0.000000
0.021290,0.000000,15.000000,0.000000
0.021292,0.000000,15.000000,0.000000
0.021294,0.000000,15.000000,0.000000
0.021296,0.000000,15.000000,0.000000
0.021298,0.000000,15.000000,0.000000
0.021300,0.000000,15.000000,0.000000
0.021302,0.000000,15.000000,0.000000
0.021304,0.000000,15.000000,0.000000
0.021306,0.000000,15.000000,0.000000
0.021308,0.000000,15.000000,0.000000
0.021310,0.000000,15.000000,0.000000
0.021312,0.000000,15.000000,0.000000
0.021314,0.000000,15.000000,0.000000
0.021316,0.000000,15.000000,0.000000
0.021318,0.000000,15.000000,0.000000
0.021320,0.000000,15.000000,0.000000
0.021322,0.000000,15.000000,0.000000
0.021324,0.000000,15.000000,0.000000
0.021326,0.000000,15.000000,0.000000
0.021328,0.000000,15.000000,0.000000
0.021330,0.000000,15.000000,0.000000
0.021332,0.000000,15.000000,0.000000
0.021334,0.000000,15.000000,0.000000
0.021336,0.000000,15.000000,0.000000
0.021338,0.000000,15.000000,0.000000
0.021340,0.000000,15.000000,0.000000
0.021342,0.000000,15.000000,0.000000
0.021344,0.000000,15.000000,0.000000
0.021346,0.000000,15.000000,0.000000
0.021348,0.000000,15.000000,0.000000
0.021350,0.000000,15.000000,0.000000
0.021352,0.000000,15.000000,0.000000
0.021354,0.000000,15.000000,0.000000
0.021356,0.000000,15.000000,0.000000
0.021358,0.000000,15.000000,0.000000
0.021360,0.000000,15.000000,0.000000
0.021362,0.000000,15.000000,0.000000
0.021364,0.000000,15.000000,0.000000
0.021366,0.000000,15.000000,0.000000
0.021368,0.000000,15.000000,0.000000
0.021370,0.000000,15.000000,0.000000
0.021372,0.000000,15.000000,0.000000
0.021374,0.000000,15.000000,0.000000
0.021376,0.000000,15.000000,0.000000
0.021378,0.000000,15.000000,0.000000
0.021380,0.000000,15.000000,0.000000
0.021382,0.000000,15.000000,0.000000
0.021384,0.000000,15.000000,0.000000
0.021386,0.000000,15.000000,0.000000
0.021388,0.000000,15.000000,0.000000
0.021390,0.000000,15.000000,0.000000
0.021392,0.000000,15.000000,0.000000
0.021394,0.000000,15.000000,0.000000
0.021396,0.000000,15.000000,0.000000
0.021398,0.000000,15.000000,0.000000
0.021400,0.000000,15.000000,0.000000
0.021402,0.000000,15.000000,0.000000
0.021404,0.000000,15.000000,0.000000
0.021406,0.000000,15.000000,0.000000
0.021408,0.000000,15.000000,0.000000
0.021410,0.000000,15.000000,0.000000
0.021412,0.000000,15.000000,0.000000
0.021414,0.000000,15.000000,0.000000
0.021416,0.000000,15.000000,0.000000
0.021418,0.000000,15.000000,0.000000
0.021420,0.000000,15.000000,0.000000
0.021422,0.000000,15.000000,0.000000
0.021424,0.000000,15.000000,0.000000
0.021426,0.000000,15.000000,0.000000
0.021428,0.000000,15.000000,0.000000
0.021430,0.000000,15.000000,0.000000
0.021432,0.000000,15.000000,0.000000
0.021434,0.000000,15.000000,0.000000
0.021436,0.000000,15.000000,0.000000
0.021438,0.000000,15.000000,0.000000
0.021440,0.000000,15.000000,0.000000
0.021442,0.000000,15.000000,0.000000
0.021444,0.000000,15.000000,0.000000
0.021446,0.000000,15.000000,0.000000
0.021448,0.000000,15.000000,0.000000
0.021450,0.000000,15.000000,0.000000
0.021452,0.000000,15.000000,0.000000
0.021454,0.000000,15.000000,0.000000
0.021456,0.000000,15.000000,0.000000
0.021458,0.000000,15.000000,0.000000
0.021460,0.000000,15.000000,0.000000
0.021462,0.000000,15.000000,0.000000
0.021464,0.000000,15.000000,0.000000
0.021466,0.000000,15.000000,0.000000
0.021468,0.000000,15.000000,0.000000
0.021470,0.000000,15.000000,0.000000
0.021472,0.000000,15.000000,0.000000
0.021474,0.000000,15.000000,0.000000
0.021476,0.000000,15.000000,0.000000
0.021478,0.000000,15.000000,0.000000
0.021480,0.000000,15.000000,0.000000
0.021482,0.000000,15.000000,0.000000
0.021484,0.000000,15.000000,0.000000
0.021486,0.000000,15.000000,0.000000
0.021488,0.000000,15.000000,0.000000
0.021490,0.000000,15.000000,0.000000
0.021492,0.000000,15.000000,0.000000
0.021494,0.000000,15.000000,0.000000
0.021496,0.000000,15.000000,0.000000
0.021498,0.000000,15.000000,0.000000
0.021500,0.000000,15.000000,0.000000
0.021502,0.000000,15.000000,0.000000
0.021504,0.000000,15.000000,0.000000
0.021506,0.000000,15.000000,0.000000
0.021508,0.000000,15.000000,0.000000
0.021510,0.000000,15.000000,0.000000
0.021512,0.000000,15.000000,0.000000
0.021514,0.000000,15.000000,0.000000
0.021516,0.000000,15.000000,0.000000
0.021518,0.000000,15.000000,0.000000
0.021520,0.000000,15.000000,0.000000
0.021522,0.000000,15.000000,0.000000
0.021524,0.000000,15.000000,0.000000
0.021526,0.000000,15.000000,0.000000
0.021528,0.000000,15.000000,0.000000
0.021530,0.000000,15.000000,0.000000
0.021532,0.000000,15.000000,0.000000
0.021534,0.000000,15.000000,0.000000
0.021536,0.000000,15.000000,0.000000
0.021538,0.000000,15.000000,0.000000
0.021540,0.000000,15.000000,0.000000
0.021542,0.000000,15.000000,0.000000
0.021544,0.000000,15.000000,0.000000
0.021546,0.000000,15.000000,0.000000
0.021548,0.000000,15.000000,0.000000
0.021550,0.000000,15.000000,0.000000
0.021552,0.000000,15.000000,0.000000
0.021554,0.000000,15.000000,0.000000
0.021556,0.000000,15.000000,0.000000
0.021558,0.000000,15.000000,0.000000
0.021560,0.000000,15.000000,0.000000
0.021562,0.000000,15.000000,0.000000
0.021564,0.000000,15.000000,0.000000
0.021566,0.000000,15.000000,0.000000
0.021568,0.000000,15.000000,0.000000
0.021570,0.000000,15.000000,0.000000
0.021572,0.000000,15.000000,0.000000
0.021574,0.000000,15.000000,0.000000
0.021576,0.000000,15.000000,0.000000
0.021578,0.000000,15.000000,0.000000
0.021580,0.000000,15.000000,0.000000
0.021582,0.000000,15.000000,0.000000
0.021584,0.000000,15.000000,0.000000
0.021586,0.000000,15.000000,0.000000
0.021588,0.000000,15.000000,0.000000
0.021590,0.000000,15.000000,0.000000
0.021592,0.000000,15.000000,0.000000
0.021594,0.000000,15.000000,0.000000
0.021596,0.000000,15.000000,0.000000
0.021598,0.000000,15.000000,0.000000
0.021600,0.000000,15.000000,0.000000
0.021602,0.000000,15.000000,0.000000
0.021604,0.000000,15.000000,0.000000
0.021606,0.000000,15.000000,0.000000
0.021608,0.000000,15.000000,0.000000
0.021610,0.000000,15.000000,0.000000
0.021612,0.000000,15.000000,0.000000
0.021614,0.000000,15.000000,0.000000
0.021616,0.000000,15.000000,0.000000
0.021618,0.000000,15.000000,0.000000
0.021620,0.000000,15.000000,0.000000
0.021622,0.000000,15.000000,0.000000
0.021624,0.000000,15.000000,0.000000
0.021626,0.000000,15.000000,0.000000
0.021628,0.000000,15.000000,0.000000
0.021630,0.000000,15.000000,0.000000
0.021632,0.000000,15.000000,0.000000
0.021634,0.000000,15.000000,0.000000
0.021636,0.000000,15.000000,0.000000
0.021638,0.000000,15.000000,0.000000
0.021640,0.000000,15.000000,0.000000
0.021642,0.000000,15.000000,0.000000
0.021644,0.000000,15.000000,0.000000
0.021646,0.000000,15.000000,0.000000
0.021648,0.000000,15.000000,0.000000
0.021650,0.000000,15.000000,0.000000
0.021652,0.000000,15.000000,0.000000
0.021654,0.000000,15.000000,0.000000
0.021656,0.000000,15.000000,0.000000
0.021658,0.000000,15.000000,0.000000
0.021660,0.000000,15.000000,0.000000
0.021662,0.000000,15.000000,0.000000
0.021664,0.000000,15.000000,0.000000
0.021666,0.000000,15.000000,0.000000
0.021668,0.000000,15.000000,0.000000
0.021670,0.000000,15.000000,0.000000
0.021672,0.000000,15.000000,0.000000
0.021674,0.000000,15.000000,0.000000
0.021676,0.000000,15.000000,0.000000
0.021678,0.000000,15.000000,0.000000
0.021680,0.000000,15.000000,0.000000
0.021682,0.000000,15.000000,0.000000
0.021684,0.000000,15.000000,0.000000
0.021686,0.000000,15.000000,0.000000
0.021688,0.000000,15.000000,0.000000
0.021690,0.000000,15.000000,0.000000
0.021692,0.000000,15.000000,0.000000
0.021694,0.000000,15.000000,0.000000
0.021696,0.000000,15.000000,0.000000
0.021698,0.000000,15.000000,0.000000
0.021700,0.000000,15.000000,0.000000
0.021702,0.000000,15.000000,0.000000
0.021704,0.000000,15.000000,0.000000
0.021706,0.000000,15.000000,0.000000
0.021708,0.000000,15.000000,0.000000
0.021710,0.000000,15.000000,0.000000
0.021712,0.000000,15.000000,0.000000
0.021714,0.000000,15.000000,0.000000
0.021716,0.000000,15.000000,0.000000
0.021718,0.000000,15.000000,0.000000
0.021720,0.000000,15.000000,0.000000
0.021722,0.000000,15.000000,0.000000
0.021724,0.000000,15.000000,0.000000
0.021726,0.000000,15.000000,0.000000
0.021728,0.000000,15.000000,0.000000
0.021730,0.000000,15.000000,0.000000
0.021732,0.000000,15.000000,0.000000
0.021734,0.000000,15.000000,0.000000
0.021736,0.000000,15.000000,0.000000
0.021738,0.000000,15.000000,0.000000
0.021740,0.000000,15.000000,0.000000
0.021742,0.000000,15.000000,0.000000
0.021744,0.000000,15.000000,0.000000
0.021746,0.000000,15.000000,0.000000
0.021748,0.000000,15.000000,0.000000
0.021750,0.000000,15.000000,0.000000
0.021752,0.000000,15.000000,0.000000
0.021754,0.000000,15.000000,0.000000
0.021756,0.000000,15.000000,0.000000
0.021758,0.000000,15.000000,0.000000
0.021760,0.000000,15.000000,0.000000
0.021762,0.000000,15.000000,0.000000
0.021764,0.000000,15.000000,0.000000
0.021766,0.000000,15.000000,0.000000
0.021768,0.000000,15.000000,0.000000
0.021770,0.000000,15.000000,0.000000
0.021772,0.000000,15.000000,0.000000
0.021774,0.000000,15.000000,0.000000
0.021776,0.000000,15.000000,0.000000
0.021778,0.000000,15.000000,0.000000
0.021780,0.000000,15.000000,0.000000
0.021782,0.000000,15.000000,0.000000
0.021784,0.000000,15.000000,0.000000
0.021786,0.000000,15.000000,0.000000
0.021788,0.000000,15.000000,0.000000
0.021790,0.000000,15.000000,0.000000
0.021792,0.000000,15.000000,0.000000
0.021794,0.000000,15.000000,0.000000
0.021796,0.000000,15.000000,0.000000
0.021798,0.000000,15.000000,0.000000
0.021800,0.000000,15.000000,0.000000
0.021802,0.000000,15.000000,0.000000
0.021804,0.000000,15.000000,0.000000
0.021806,0.000000,15.000000,0.000000
0.021808,0.000000,15.000000,0.000000
0.021810,0.000000,15.000000,0.000000
0.021812,0.000000,15.000000,0.000000
0.021814,0.000000,15.000000,0.000000
0.021816,0.000000,15.000000,0.000000
0.021818,0.000000,15.000000,0.000000
0.021820,0.000000,15.000000,0.000000
0.021822,0.000000,15.000000,0.000000
0.021824,0.000000,15.000000,0.000000
0.021826,0.000000,15.000000,0.000000
0.021828,0.000000,15.000000,0.000000
0.021830,0.000000,15.000000,0.000000
0.021832,0.000000,15.000000,0.000000
0.021834,0.000000,15.000000,0.000000
0.021836,0.000000,15.000000,0.000000
0.021838,0.000000,15.000000,0.000000
0.021840,0.000000,15.000000,0.000000
0.021842,0.000000,15.000000,0.000000
0.021844,0.000000,15.000000,0.000000
0.021846,0.000000,15.000000,0.000000
0.021848,0.000000,15.000000,0.000000
0.021850,0.000000,15.000000,0.000000
0.021852,0.000000,15.000000,0.000000
0.021854,0.000000,15.000000,0.000000
0.021856,0.000000,15.000000,0.000000
0.021858,0.000000,15.000000,0.000000
0.021860,0.000000,15.000000,0.000000
0.021862,0.000000,15.000000,0.000000
0.021864,0.000000,15.000000,0.000000
0.021866,0.000000,15.000000,0.000000
0.021868,0.000000,15.000000,0.000000
0.021870,0.000000,15.000000,0.000000
0.021872,0.000000,15.000000,0.000000
0.021874,0.000000,15.000000,0.000000
0.021876,0.000000,15.000000,0.000000
0.021878,0.000000,15.000000,0.000000
0.021880,0.000000,15.000000,0.000000
0.021882,0.000000,15.000000,0.000000
0.021884,0.000000,15.000000,0.000000
0.021886,0.000000,15.000000,0.000000
0.021888,0.000000,15.000000,0.000000
0.021890,0.000000,15.000000,0.000000
0.021892,0.000000,15.000000,0.000000
0.021894,0.000000,15.000000,0.000000
0.021896,0.000000,15.000000,0.000000
0.021898,0.000000,15.000000,0.000000
0.021900,0.000000,15.000000,0.000000
0.021902,0.000000,15.000000,0.000000
0.021904,0.000000,15.000000,0.000000
0.021906,0.000000,15.000000,0.000000
0.021908,0.000000,15.000000,0.000000
0.021910,0.000000,15.000000,0.000000
0.021912,0.000000,15.000000,0.000000
0.021914,0.000000,15.000000,0.000000
0.021916,0.000000,15.000000,0.000000
0.021918,0.000000,15.000000,0.000000
0.021920,0.000000,15.000000,0.000000
0.021922,0.000000,15.000000,0.000000
0.021924,0.000000,15.000000,0.000000
0.021926,0.000000,15.000000,0.000000
0.021928,0.000000,15.000000,0.000000
0.021930,0.000000,15.000000,0.000000
0.021932,0.000000,15.000000,0.000000
0.021934,0.000000,15.000000,0.000000
0.021936,0.000000,15.000000,0.000000
0.021938,0.000000,15.000000,0.000000
0.021940,0.000000,15.000000,0.000000
0.021942,0.000000,15.000000,0.000000
0.021944,0.000000,15.000000,0.000000
0.021946,0.000000,15.000000,0.000000
0.021948,0.000000,15.000000,0.000000
0.021950,0.000000,15.000000,0.000000
0.021952,0.000000,15.000000,0.000000
0.021954,0.000000,15.000000,0.000000
0.021956,0.000000,15.000000,0.000000
0.021958,0.000000,15.000000,0.000000
0.021960,0.000000,15.000000,0.000000
0.021962,0.000000,15.000000,0.000000
0.021964,0.000000,15.000000,0.000000
0.021966,0.000000,15.000000,0.000000
0.021968,0.000000,15.000000,0.000000
0.021970,0.000000,15.000000,0.000000
0.021972,0.000000,15.000000,0.000000
0.021974,0.000000,15.000000,0.000000
0.021976,0.000000,15.000000,0.000000
0.021978,0.000000,15.000000,0.000000
0.021980,0.000000,15.000000,0.000000
0.021982,0.000000,15.000000,0.000000
0.021984,0.000000,15.000000,0.000000
0.021986,0.000000,15.000000,0.000000
0.021988,0.000000,15.000000,0.000000
0.021990,0.000000,15.000000,0.000000
0.021992,0.000000,15.000000,0.000000
0.021994,0.000000,15.000000,0.000000
0.021996,0.000000,15.000000,0.000000
0.021998,0.000000,15.000000,0.000000
0.022000,0.000000,15.000000,0.000000
0.022002,0.000000,15.000000,0.000000
0.022004,0.000000,15.000000,0.000000
0.022006,0.000000,15.000000,0.000000
0.022008,0.000000,15.000000,0.000000
0.022010,0.000000,15.000000,0.000000
0.022012,0.000000,15.000000,0.000000
0.022014,0.000000,15.000000,0.000000
0.022016,0.000000,15.000000,0.000000
0.022018,0.000000,15.000000,0.000000
0.022020,0.000000,15.000000,0.000000
0.022022,0.000000,15.000000,0.000000
0.022024,0.000000,15.000000,0.000000
0.022026,0.000000,15.000000,0.000000
0.022028,0.000000,15.000000,0.000000
0.022030,0.000000,15.000000,0.000000
0.022032,0.000000,15.000000,0.000000
0.022034,0.000000,15.000000,0.000000
0.022036,0.000000,15.000000,0.000000
0.022038,0.000000,15.000000,0.000000
0.022040,0.000000,15.000000,0.000000
0.022042,0.000000,15.000000,0.000000
0.022044,0.000000,15.000000,0.000000
0.022046,0.000000,15.000000,0.000000
0.022048,0.000000,15.000000,0.000000
0.022050,0.000000,15.000000,0.000000
0.022052,0.000000,15.000000,0.000000
0.022054,0.000000,15.000000,0.000000
0.022056,0.000000,15.000000,0.000000
0.022058,0.000000,15.000000,0.000000
0.022060,0.000000,15.000000,0.000000
0.022062,0.000000,15.000000,0.000000
0.022064,0.000000,15.000000,0.000000
0.022066,0.000000,15.000000,0.000000
0.022068,0.000000,15.000000,0.000000
0.022070,0.000000,15.000000,0.000000
0.022072,0.000000,15.000000,0.000000
0.022074,0.000000,15.000000,0.000000
0.022076,0.000000,15.000000,0.000000
0.022078,0.000000,15.000000,0.000000
0.022080,0.000000,15.000000,0.000000
0.022082,0.000000,15.000000,0.000000
0.022084,0.000000,15.000000,0.000000
0.022086,0.000000,15.000000,0.000000
0.022088,0.000000,15.000000,0.000000
0.022090,0.000000,15.000000,0.000000
0.022092,0.000000,15.000000,0.000000
0.022094,0.000000,15.000000,0.000000
0.022096,0.000000,15.000000,0.000000
0.022098,0.000000,15.000000,0.000000
0.022100,0.000000,15.000000,0.000000
0.022102,0.000000,15.000000,0.000000
0.022104,0.000000,15.000000,0.000000
0.022106,0.000000,15.000000,0.000000
0.022108,0.000000,15.000000,0.000000
0.022110,0.000000,15.000000,0.000000
0.022112,0.000000,15.000000,0.000000
0.022114,0.000000,15.000000,0.000000
0.022116,0.000000,15.000000,0.000000
0.022118,0.000000,15.000000,0.000000
0.022120,0.000000,15.000000,0.000000
0.022122,0.000000,15.000000,0.000000
0.022124,0.000000,15.000000,0.000000
0.022126,0.000000,15.000000,0.000000
0.022128,0.000000,15.000000,0.000000
0.022130,0.000000,15.000000,0.000000
0.022132,0.000000,15.000000,0.000000
0.022134,0.000000,15.000000,0.000000
0.022136,0.000000,15.000000,0.000000
0.022138,0.000000,15.000000,0.000000
0.022140,0.000000,15.000000,0.000000
0.022142,0.000000,15.000000,0.000000
0.022144,0.000000,15.000000,0.000000
0.022146,0.000000,15.000000,0.000000
0.022148,0.000000,15.000000,0.000000
0.022150,0.000000,15.000000,0.000000
0.022152,0.000000,15.000000,0.000000
0.022154,0.000000,15.000000,0.000000
0.022156,0.000000,15.000000,0.000000
0.022158,0.000000,15.000000,0.000000
0.022160,0.000000,15.000000,0.000000
0.022162,0.000000,15.000000,0.000000
0.022164,0.000000,15.000000,0.000000
0.022166,0.000000,15.000000,0.000000
0.022168,0.000000,15.000000,0.000000
0.022170,0.000000,15.000000,0.000000
0.022172,0.000000,15.000000,0.000000
0.022174,0.000000,15.000000,0.000000
0.022176,0.000000,15.000000,0.000000
0.022178,0.000000,15.000000,0.000000
0.022180,0.000000,15.000000,0.000000
0.022182,0.000000,15.000000,0.000000
0.022184,0.000000,15.000000,0.000000
0.022186,0.000000,15.000000,0.000000
0.022188,0.000000,15.000000,0.000000
0.022190,0.000000,15.000000,0.000000
0.022192,0.000000,15.000000,0.000000
0.022194,0.000000,15.000000,0.000000
0.022196,0.000000,15.000000,0.000000
0.022198,0.000000,15.000000,0.000000
0.022200,0.000000,15.000000,0.000000
0.022202,0.000000,15.000000,0.000000
0.022204,0.000000,15.000000,0.000000
0.022206,0.000000,15.000000,0.000000
0.022208,0.000000,15.000000,0.000000
0.022210,0.000000,15.000000,0.000000
0.022212,0.000000,15.000000,0.000000
0.022214,0.000000,15.000000,0.000000
0.022216,0.000000,15.000000,0.000000
0.022218,0.000000,15.000000,0.000000
0.022220,0.000000,15.000000,0.000000
0.022222,0.000000,15.000000,0.000000
0.022224,0.000000,15.000000,0.000000
0.022226,0.000000,15.000000,0.000000
0.022228,0.000000,15.000000,0.000000
0.022230,0.000000,15.000000,0.000000
0.022232,0.000000,15.000000,0.000000
0.022234,0.000000,15.000000,0.000000
0.022236,0.000000,15.000000,0.000000
0.022238,0.000000,15.000000,0.000000
0.022240,0.000000,15.000000,0.000000
0.022242,0.000000,15.000000,0.000000
0.022244,0.000000,15.000000,0.000000
0.022246,0.000000,15.000000,0.000000
0.022248,0.000000,15.000000,0.000000
0.022250,0.000000,15.000000,0.000000
0.022252,0.000000,15.000000,0.000000
0.022254,0.000000,15.000000,0.000000
0.022256,0.000000,15.000000,0.000000
0.022258,0.000000,15.000000,0.000000
0.022260,0.000000,15.000000,0.000000
0.022262,0.000000,15.000000,0.000000
0.022264,0.000000,15.000000,0.000000
0.022266,0.000000,15.000000,0.000000
0.022268,0.000000,15.000000,0.000000
0.022270,0.000000,15.000000,0.000000
0.022272,0.000000,15.000000,0.000000
0.022274,0.000000,15.000000,0.000000
0.022276,0.000000,15.000000,0.000000
0.022278,0.000000,15.000000,0.000000
0.022280,0.000000,15.000000,0.000000
0.022282,0.000000,15.000000,0.000000
0.022284,0.000000,15.000000,0.000000
0.022286,0.000000,15.000000,0.000000
0.022288,0.000000,15.000000,0.000000
0.022290,0.000000,15.000000,0.000000
0.022292,0.000000,15.000000,0.000000
0.022294,0.000000,15.000000,0.000000
0.022296,0.000000,15.000000,0.000000
0.022298,0.000000,15.000000,0.000000
0.022300,0.000000,15.000000,0.000000
0.022302,0.000000,15.000000,0.000000
0.022304,0.000000,15.000000,0.000000
0.022306,0.000000,15.000000,0.000000
0.022308,0.000000,15.000000,0.000000
0.022310,0.000000,15.000000,0.000000
0.022312,0.000000,15.000000,0.000000
0.022314,0.000000,15.000000,0.000000
0.022316,0.000000,15.000000,0.000000
0.022318,0.000000,15.000000,0.000000
0.022320,0.000000,15.000000,0.000000
0.022322,0.000000,15.000000,0.000000
0.022324,0.000000,15.000000,0.000000
0.022326,0.000000,15.000000,0.000000
0.022328,0.000000,15.000000,0.000000
0.022330,0.000000,15.000000,0.000000
0.022332,0.000000,15.000000,0.000000
0.022334,0.000000,15.000000,0.000000
0.022336,0.000000,15.000000,0.000000
0.022338,0.000000,15.000000,0.000000
0.022340,0.000000,15.000000,0.000000
0.022342,0.000000,15.000000,0.000000
0.022344,0.000000,15.000000,0.000000
0.022346,0.000000,15.000000,0.000000
0.022348,0.000000,15.000000,0.000000
0.022350,0.000000,15.000000,0.000000
0.022352,0.000000,15.000000,0.000000
0.022354,0.000000,15.000000,0.000000
0.022356,0.000000,15.000000,0.000000
0.022358,0.000000,15.000000,0.000000
0.022360,0.000000,15.000000,0.000000
0.022362,0.000000,15.000000,0.000000
0.022364,0.000000,15.000000,0.000000
0.022366,0.000000,15.000000,0.000000
0.022368,0.000000,15.000000,0.000000
0.022370,0.000000,15.000000,0.000000
0.022372,0.000000,15.000000,0.000000
0.022374,0.000000,15.000000,0.000000
0.022376,0.000000,15.000000,0.000000
0.022378,0.000000,15.000000,0.000000
0.022380,0.000000,15.000000,0.000000
0.022382,0.000000,15.000000,0.000000
0.022384,0.000000,15.000000,0.000000
0.022386,0.000000,15.000000,0.000000
0.022388,0.000000,15.000000,0.000000
0.022390,0.000000,15.000000,0.000000
0.022392,0.000000,15.000000,0.000000
0.022394,0.000000,15.000000,0.000000
0.022396,0.000000,15.000000,0.000000
0.022398,0.000000,15.000000,0.000000
0.022400,0.000000,15.000000,0.000000
0.022402,0.000000,15.000000,0.000000
0.022404,0.000000,15.000000,0.000000
0.022406,0.000000,15.000000,0.000000
0.022408,0.000000,15.000000,0.000000
0.022410,0.000000,15.000000,0.000000
0.022412,0.000000,15.000000,0.000000
0.022414,0.000000,15.000000,0.000000
0.022416,0.000000,15.000000,0.000000
0.022418,0.000000,15.000000,0.000000
0.022420,0.000000,15.000000,0.000000
0.022422,0.000000,15.000000,0.000000
0.022424,0.000000,15.000000,0.000000
0.022426,0.000000,15.000000,0.000000
0.022428,0.000000,15.000000,0.000000
0.022430,0.000000,15.000000,0.000000
0.022432,0.000000,15.000000,0.000000
0.022434,0.000000,15.000000,0.000000
0.022436,0.000000,15.000000,0.000000
0.022438,0.000000,15.000000,0.000000
0.022440,0.000000,15.000000,0.000000
0.022442,0.000000,15.000000,0.000000
0.022444,0.000000,15.000000,0.000000
0.022446,0.000000,15.000000,0.000000
0.022448,0.000000,15.000000,0.000000
0.022450,0.000000,15.000000,0.000000
0.022452,0.000000,15.000000,0.000000
0.022454,0.000000,15.000000,0.000000
0.022456,0.000000,15.000000,0.000000
0.022458,0.000000,15.000000,0.000000
0.022460,0.000000,15.000000,0.000000
0.022462,0.000000,15.000000,0.000000
0.022464,0.000000,15.000000,0.000000
0.022466,0.000000,15.000000,0.000000
0.022468,0.000000,15.000000,0.000000
0.022470,0.000000,15.000000,0.000000
0.022472,0.000000,15.000000,0.000000
0.022474,0.000000,15.000000,0.000000
0.022476,0.000000,15.000000,0.000000
0.022478,0.000000,15.000000,0.000000
0.022480,0.000000,15.000000,0.000000
0.022482,0.000000,15.000000,0.000000
0.022484,0.000000,15.000000,0.000000
0.022486,0.000000,15.000000,0.000000
0.022488,0.000000,15.000000,0.000000
0.022490,0.000000,15.000000,0.000000
0.022492,0.000000,15.000000,0.000000
0.022494,0.000000,15.000000,0.000000
0.022496,0.000000,15.000000,0.000000
0.022498,0.000000,15.000000,0.000000
0.022500,0.000000,15.000000,0.000000
0.022502,0.000000,15.000000,0.000000
0.022504,0.000000,15.000000,0.000000
0.022506,0.000000,15.000000,0.000000
0.022508,0.000000,15.000000,0.000000
0.022510,0.000000,15.000000,0.000000
0.022512,0.000000,15.000000,0.000000
0.022514,0.000000,15.000000,0.000000
0.022516,0.000000,15.000000,0.000000
0.022518,0.000000,15.000000,0.000000
0.022520,0.000000,15.000000,0.000000
0.022522,0.000000,15.000000,0.000000
0.022524,0.000000,15.000000,0.000000
0.022526,0.000000,15.000000,0.000000
0.022528,0.000000,15.000000,0.000000
0.022530,0.000000,15.000000,0.000000
0.022532,0.000000,15.000000,0.000000
0.022534,0.000000,15.000000,0.000000
0.022536,0.000000,15.000000,0.000000
0.022538,0.000000,15.000000,0.000000
0.022540,0.000000,15.000000,0.000000
0.022542,0.000000,15.000000,0.000000
0.022544,0.000000,15.000000,0.000000
0.022546,0.000000,15.000000,0.000000
0.022548,0.000000,15.000000,0.000000
0.022550,0.000000,15.000000,0.000000
0.022552,0.000000,15.000000,0.000000
0.022554,0.000000,15.000000,0.000000
0.022556,0.000000,15.000000,0.000000
0.022558,0.000000,15.000000,0.000000
0.022560,0.000000,15.000000,0.000000
0.022562,0.000000,15.000000,0.000000
0.022564,0.000000,15.000000,0.000000
0.022566,0.000000,15.000000,0.000000
0.022568,0.000000,15.000000,0.000000
0.022570,0.000000,15.000000,0.000000
0.022572,0.000000,15.000000,0.000000
0.022574,0.000000,15.000000,0.000000
0.022576,0.000000,15.000000,0.000000
0.022578,0.000000,15.000000,0.000000
0.022580,0.000000,15.000000,0.000000
0.022582,0.000000,15.000000,0.000000
0.022584,0.000000,15.000000,0.000000
0.022586,0.000000,15.000000,0.000000
0.022588,0.000000,15.000000,0.000000
0.022590,0.000000,15.000000,0.000000
0.022592,0.000000,15.000000,0.000000
0.022594,0.000000,15.000000,0.000000
0.022596,0.000000,15.000000,0.000000
0.022598,0.000000,15.000000,0.000000
0.022600,0.000000,15.000000,0.000000
0.022602,0.000000,15.000000,0.000000
0.022604,0.000000,15.000000,0.000000
0.022606,0.000000,15.000000,0.000000
0.022608,0.000000,15.000000,0.000000
0.022610,0.000000,15.000000,0.000000
0.022612,0.000000,15.000000,0.000000
0.022614,0.000000,15.000000,0.000000
0.022616,0.000000,15.000000,0.000000
0.022618,0.000000,15.000000,0.000000
0.022620,0.000000,15.000000,0.000000
0.022622,0.000000,15.000000,0.000000
0.022624,0.000000,15.000000,0.000000
0.022626,0.000000,15.000000,0.000000
0.022628,0.000000,15.000000,0.000000
0.022630,0.000000,15.000000,0.000000
0.022632,0.000000,15.000000,0.000000
0.022634,0.000000,15.000000,0.000000
0.022636,0.000000,15.000000,0.000000
0.022638,0.000000,15.000000,0.000000
0.022640,0.000000,15.000000,0.000000
0.022642,0.000000,15.000000,0.000000
0.022644,0.000000,15.000000,0.000000
0.022646,0.000000,15.000000,0.000000
0.022648,0.000000,15.000000,0.000000
0.022650,0.000000,15.000000,0.000000
0.022652,0.000000,15.000000,0.000000
0.022654,0.000000,15.000000,0.000000
0.022656,0.000000,15.000000,0.000000
0.022658,0.000000,15.000000,0.000000
0.022660,0.000000,15.000000,0.000000
0.022662,0.000000,15.000000,0.000000
0.022664,0.000000,15.000000,0.000000
0.022666,0.000000,15.000000,0.000000
0.022668,0.000000,15.000000,0.000000
0.022670,0.000000,15.000000,0.000000
0.022672,0.000000,15.000000,0.000000
0.022674,0.000000,15.000000,0.000000
0.022676,0.000000,15.000000,0.000000
0.022678,0.000000,15.000000,0.000000
0.022680,0.000000,15.000000,0.000000
0.022682,0.000000,15.000000,0.000000
0.022684,0.000000,15.000000,0.000000
0.022686,0.000000,15.000000,0.000000
0.022688,0.000000,15.000000,0.000000
0.022690,0.000000,15.000000,0.000000
0.022692,0.000000,15.000000,0.000000
0.022694,0.000000,15.000000,0.000000
0.022696,0.000000,15.000000,0.000000
0.022698,0.000000,15.000000,0.000000
0.022700,0.000000,15.000000,0.000000
0.022702,0.000000,15.000000,0.000000
0.022704,0.000000,15.000000,0.000000
0.022706,0.000000,15.000000,0.000000
0.022708,0.000000,15.000000,0.000000
0.022710,0.000000,15.000000,0.000000
0.022712,0.000000,15.000000,0.000000
0.022714,0.000000,15.000000,0.000000
0.022716,0.000000,15.000000,0.000000
0.022718,0.000000,15.000000,0.000000
0.022720,0.000000,15.000000,0.000000
0.022722,0.000000,15.000000,0.000000
0.022724,0.000000,15.000000,0.000000
0.022726,0.000000,15.000000,0.000000
0.022728,0.000000,15.000000,0.000000
0.022730,0.000000,15.000000,0.000000
0.022732,0.000000,15.000000,0.000000
0.022734,0.000000,15.000000,0.000000
0.022736,0.000000,15.000000,0.000000
0.022738,0.000000,15.000000,0.000000
0.022740,0.000000,15.000000,0.000000
0.022742,0.000000,15.000000,0.000000
0.022744,0.000000,15.000000,0.000000
0.022746,0.000000,15.000000,0.000000
0.022748,0.000000,15.000000,0.000000
0.022750,0.000000,15.000000,0.000000
0.022752,0.000000,15.000000,0.000000
0.022754,0.000000,15.000000,0.000000
0.022756,0.000000,15.000000,0.000000
0.022758,0.000000,15.000000,0.000000
0.022760,0.000000,15.000000,0.000000
0.022762,0.000000,15.000000,0.000000
0.022764,0.000000,15.000000,0.000000
0.022766,0.000000,15.000000,0.000000
0.022768,0.000000,15.000000,0.000000
0.022770,0.000000,15.000000,0.000000
0.022772,0.000000,15.000000,0.000000
0.022774,0.000000,15.000000,0.000000
0.022776,0.000000,15.000000,0.000000
0.022778,0.000000,15.000000,0.000000
0.022780,0.000000,15.000000,0.000000
0.022782,0.000000,15.000000,0.000000
0.022784,0.000000,15.000000,0.000000
0.022786,0.000000,15.000000,0.000000
0.022788,0.000000,15.000000,0.000000
0.022790,0.000000,15.000000,0.000000
0.022792,0.000000,15.000000,0.000000
0.022794,0.000000,15.000000,0.000000
0.022796,0.000000,15.000000,0.000000
0.022798,0.000000,15.000000,0.000000
0.022800,0.000000,15.000000,0.000000
0.022802,0.000000,15.000000,0.000000
0.022804,0.000000,15.000000,0.000000
0.022806,0.000000,15.000000,0.000000
0.022808,0.000000,15.000000,0.000000
0.022810,0.000000,15.000000,0.000000
0.022812,0.000000,15.000000,0.000000
0.022814,0.000000,15.000000,0.000000
0.022816,0.000000,15.000000,0.000000
0.022818,0.000000,15.000000,0.000000
0.022820,0.000000,15.000000,0.000000
0.022822,0.000000,15.000000,0.000000
0.022824,0.000000,15.000000,0.000000
0.022826,0.000000,15.000000,0.000000
0.022828,0.000000,15.000000,0.000000
0.022830,0.000000,15.000000,0.000000
0.022832,0.000000,15.000000,0.000000
0.022834,0.000000,15.000000,0.000000
0.022836,0.000000,15.000000,0.000000
0.022838,0.000000,15.000000,0.000000
0.022840,0.000000,15.000000,0.000000
0.022842,0.000000,15.000000,0.000000
0.022844,0.000000,15.000000,0.000000
0.022846,0.000000,15.000000,0.000000
0.022848,0.000000,15.000000,0.000000
0.022850,0.000000,15.000000,0.000000
0.022852,0.000000,15.000000,0.000000
0.022854,0.000000,15.000000,0.000000
0.022856,0.000000,15.000000,0.000000
0.022858,0.000000,15.000000,0.000000
0.022860,0.000000,15.000000,0.000000
0.022862,0.000000,15.000000,0.000000
0.022864,0.000000,15.000000,0.000000
0.022866,0.000000,15.000000,0.000000
0.022868,0.000000,15.000000,0.000000
0.022870,0.000000,15.000000,0.000000
0.022872,0.000000,15.000000,0.000000
0.022874,0.000000,15.000000,0.000000
0.022876,0.000000,15.000000,0.000000
0.022878,0.000000,15.000000,0.000000
0.022880,0.000000,15.000000,0.000000
0.022882,0.000000,15.000000,0.000000
0.022884,0.000000,15.000000,0.000000
0.022886,0.000000,15.000000,0.000000
0.022888,0.000000,15.000000,0.000000
0.022890,0.000000,15.000000,0.000000
0.022892,0.000000,15.000000,0.000000
0.022894,0.000000,15.000000,0.000000
0.022896,0.000000,15.000000,0.000000
0.022898,0.000000,15.000000,0.000000
0.022900,0.000000,15.000000,0.000000
0.022902,0.000000,15.000000,0.000000
0.022904,0.000000,15.000000,0.000000
0.022906,0.000000,15.000000,0.000000
0.022908,0.000000,15.000000,0.000000
0.022910,0.000000,15.000000,0.000000
0.022912,0.000000,15.000000,0.000000
0.022914,0.000000,15.000000,0.000000
0.022916,0.000000,15.000000,0.000000
0.022918,0.000000,15.000000,0.000000
0.022920,0.000000,15.000000,0.000000
0.022922,0.000000,15.000000,0.000000
0.022924,0.000000,15.000000,0.000000
0.022926,0.000000,15.000000,0.000000
0.022928,0.000000,15.000000,0.000000
0.022930,0.000000,15.000000,0.000000
0.022932,0.000000,15.000000,0.000000
0.022934,0.000000,15.000000,0.000000
0.022936,0.000000,15.000000,0.000000
0.022938,0.000000,15.000000,0.000000
0.022940,0.000000,15.000000,0.000000
0.022942,0.000000,15.000000,0.000000
0.022944,0.000000,15.000000,0.000000
0.022946,0.000000,15.000000,0.000000
0.022948,0.000000,15.000000,0.000000
0.022950,0.000000,15.000000,0.000000
0.022952,0.000000,15.000000,0.000000
0.022954,0.000000,15.000000,0.000000
0.022956,0.000000,15.000000,0.000000
0.022958,0.000000,15.000000,0.000000
0.022960,0.000000,15.000000,0.000000
0.022962,0.000000,15.000000,0.000000
0.022964,0.000000,15.000000,0.000000
0.022966,0.000000,15.000000,0.000000
0.022968,0.000000,15.000000,0.000000
0.022970,0.000000,15.000000,0.000000
0.022972,0.000000,15.000000,0.000000
0.022974,0.000000,15.000000,0.000000
0.022976,0.000000,15.000000,0.000000
0.022978,0.000000,15.000000,0.000000
0.022980,0.000000,15.000000,0.000000
0.022982,0.000000,15.000000,0.000000
0.022984,0.000000,15.000000,0.000000
0.022986,0.000000,15.000000,0.000000
0.022988,0.000000,15.000000,0.000000
0.022990,0.000000,15.000000,0.000000
0.022992,0.000000,15.000000,0.000000
0.022994,0.000000,15.000000,0.000000
0.022996,0.000000,15.000000,0.000000
0.022998,0.000000,15.000000,0.000000
0.023000,0.000000,15.000000,0.000000
0.023002,0.000000,15.000000,0.000000
0.023004,0.000000,15.000000,0.000000
0.023006,0.000000,15.000000,0.000000
0.023008,0.000000,15.000000,0.000000
0.023010,0.000000,15.000000,0.000000
0.023012,0.000000,15.000000,0.000000
0.023014,0.000000,15.000000,0.000000
0.023016,0.000000,15.000000,0.000000
0.023018,0.000000,15.000000,0.000000
0.023020,0.000000,15.000000,0.000000
0.023022,0.000000,15.000000,0.000000
0.023024,0.000000,15.000000,0.000000
0.023026,0.000000,15.000000,0.000000
0.023028,0.000000,15.000000,0.000000
0.023030,0.000000,15.000000,0.000000
0.023032,0.000000,15.000000,0.000000
0.023034,0.000000,15.000000,0.000000
0.023036,0.000000,15.000000,0.000000
0.023038,0.000000,15.000000,0.000000
0.023040,0.000000,15.000000,0.000000
0.023042,0.000000,15.000000,0.000000
0.023044,0.000000,15.000000,0.000000
0.023046,0.000000,15.000000,0.000000
0.023048,0.000000,15.000000,0.000000
0.023050,0.000000,15.000000,0.000000
0.023052,0.000000,15.000000,0.000000
0.023054,0.000000,15.000000,0.000000
0.023056,0.000000,15.000000,0.000000
0.023058,0.000000,15.000000,0.000000
0.023060,0.000000,15.000000,0.000000
0.023062,0.000000,15.000000,0.000000
0.023064,0.000000,15.000000,0.000000
0.023066,0.000000,15.000000,0.000000
0.023068,0.000000,15.000000,0.000000
0.023070,0.000000,15.000000,0.000000
0.023072,0.000000,15.000000,0.000000
0.023074,0.000000,15.000000,0.000000
0.023076,0.000000,15.000000,0.000000
0.023078,0.000000,15.000000,0.000000
0.023080,0.000000,15.000000,0.000000
0.023082,0.000000,15.000000,0.000000
0.023084,0.000000,15.000000,0.000000
0.023086,0.000000,15.000000,0.000000
0.023088,0.000000,15.000000,0.000000
0.023090,0.000000,15.000000,0.000000
0.023092,0.000000,15.000000,0.000000
0.023094,0.000000,15.000000,0.000000
0.023096,0.000000,15.000000,0.000000
0.023098,0.000000,15.000000,0.000000
0.023100,0.000000,15.000000,0.000000
0.023102,0.000000,15.000000,0.000000
0.023104,0.000000,15.000000,0.000000
0.023106,0.000000,15.000000,0.000000
0.023108,0.000000,15.000000,0.000000
0.023110,0.000000,15.000000,0.000000
0.023112,0.000000,15.000000,0.000000
0.023114,0.000000,15.000000,0.000000
0.023116,0.000000,15.000000,0.000000
0.023118,0.000000,15.000000,0.000000
0.023120,0.000000,15.000000,0.000000
0.023122,0.000000,15.000000,0.000000
0.023124,0.000000,15.000000,0.000000
0.023126,0.000000,15.000000,0.000000
0.023128,0.000000,15.000000,0.000000
0.023130,0.000000,15.000000,0.000000
0.023132,0.000000,15.000000,0.000000
0.023134,0.000000,15.000000,0.000000
0.023136,0.000000,15.000000,0.000000
0.023138,0.000000,15.000000,0.000000
0.023140,0.000000,15.000000,0.000000
0.023142,0.000000,15.000000,0.000000
0.023144,0.000000,15.000000,0.000000
0.023146,0.000000,15.000000,0.000000
0.023148,0.000000,15.000000,0.000000
0.023150,0.000000,15.000000,0.000000
0.023152,0.000000,15.000000,0.000000
0.023154,0.000000,15.000000,0.000000
0.023156,0.000000,15.000000,0.000000
0.023158,0.000000,15.000000,0.000000
0.023160,0.000000,15.000000,0.000000
0.023162,0.000000,15.000000,0.000000
0.023164,0.000000,15.000000,0.000000
0.023166,0.000000,15.000000,0.000000
0.023168,0.000000,15.000000,0.000000
0.023170,0.000000,15.000000,0.000000
0.023172,0.000000,15.000000,0.000000
0.023174,0.000000,15.000000,0.000000
0.023176,0.000000,15.000000,0.000000
0.023178,0.000000,15.000000,0.000000
0.023180,0.000000,15.000000,0.000000
0.023182,0.000000,15.000000,0.000000
0.023184,0.000000,15.000000,0.000000
0.023186,0.000000,15.000000,0.000000
0.023188,0.000000,15.000000,0.000000
0.023190,0.000000,15.000000,0.000000
0.023192,0.000000,15.000000,0.000000
0.023194,0.000000,15.000000,0.000000
0.023196,0.000000,15.000000,0.000000
0.023198,0.000000,15.000000,0.000000
0.023200,0.000000,15.000000,0.000000
0.023202,0.000000,15.000000,0.000000
0.023204,0.000000,15.000000,0.000000
0.023206,0.000000,15.000000,0.000000
0.023208,0.000000,15.000000,0.000000
0.023210,0.000000,15.000000,0.000000
0.023212,0.000000,15.000000,0.000000
0.023214,0.000000,15.000000,0.000000
0.023216,0.000000,15.000000,0.000000
0.023218,0.000000,15.000000,0.000000
0.023220,0.000000,15.000000,0.000000
0.023222,0.000000,15.000000,0.000000
0.023224,0.000000,15.000000,0.000000
0.023226,0.000000,15.000000,0.000000
0.023228,0.000000,15.000000,0.000000
0.023230,0.000000,15.000000,0.000000
0.023232,0.000000,15.000000,0.000000
0.023234,0.000000,15.000000,0.000000
0.023236,0.000000,15.000000,0.000000
0.023238,0.000000,15.000000,0.000000
0.023240,0.000000,15.000000,0.000000
0.023242,0.000000,15.000000,0.000000
0.023244,0.000000,15.000000,0.000000
0.023246,0.000000,15.000000,0.000000
0.023248,0.000000,15.000000,0.000000
0.023250,0.000000,15.000000,0.000000
0.023252,0.000000,15.000000,0.000000
0.023254,0.000000,15.000000,0.000000
0.023256,0.000000,15.000000,0.000000
0.023258,0.000000,15.000000,0.000000
0.023260,0.000000,15.000000,0.000000
0.023262,0.000000,15.000000,0.000000
0.023264,0.000000,15.000000,0.000000
0.023266,0.000000,15.000000,0.000000
0.023268,0.000000,15.000000,0.000000
0.023270,0.000000,15.000000,0.000000
0.023272,0.000000,15.000000,0.000000
0.023274,0.000000,15.000000,0.000000
0.023276,0.000000,15.000000,0.000000
0.023278,0.000000,15.000000,0.000000
0.023280,0.000000,15.000000,0.000000
0.023282,0.000000,15.000000,0.000000
0.023284,0.000000,15.000000,0.000000
0.023286,0.000000,15.000000,0.000000
0.023288,0.000000,15.000000,0.000000
0.023290,0.000000,15.000000,0.000000
0.023292,0.000000,15.000000,0.000000
0.023294,0.000000,15.000000,0.000000
0.023296,0.000000,15.000000,0.000000
0.023298,0.000000,15.000000,0.000000
0.023300,0.000000,15.000000,0.000000
0.023302,0.000000,15.000000,0.000000
0.023304,0.000000,15.000000,0.000000
0.023306,0.000000,15.000000,0.000000
0.023308,0.000000,15.000000,0.000000
0.023310,0.000000,15.000000,0.000000
0.023312,0.000000,15.000000,0.000000
0.023314,0.000000,15.000000,0.000000
0.023316,0.000000,15.000000,0.000000
0.023318,0.000000,15.000000,0.000000
0.023320,0.000000,15.000000,0.000000
0.023322,0.000000,15.000000,0.000000
0.023324,0.000000,15.000000,0.000000
0.023326,0.000000,15.000000,0.000000
0.023328,0.000000,15.000000,0.000000
0.023330,0.000000,15.000000,0.000000
0.023332,0.000000,15.000000,0.000000
0.023334,0.000000,15.000000,0.000000
0.023336,0.000000,15.000000,0.000000
0.023338,0.000000,15.000000,0.000000
0.023340,0.000000,15.000000,0.000000
0.023342,0.000000,15.000000,0.000000
0.023344,0.000000,15.000000,0.000000
0.023346,0.000000,15.000000,0.000000
0.023348,0.000000,15.000000,0.000000
0.023350,0.000000,15.000000,0.000000
0.023352,0.000000,15.000000,0.000000
0.023354,0.000000,15.000000,0.000000
0.023356,0.000000,15.000000,0.000000
0.023358,0.000000,15.000000,0.000000
0.023360,0.000000,15.000000,0.000000
0.023362,0.000000,15.000000,0.000000
0.023364,0.000000,15.000000,0.000000
0.023366,0.000000,15.000000,0.000000
0.023368,0.000000,15.000000,0.000000
0.023370,0.000000,15.000000,0.000000
0.023372,0.000000,15.000000,0.000000
0.023374,0.000000,15.000000,0.000000
0.023376,0.000000,15.000000,0.000000
0.023378,0.000000,15.000000,0.000000
0.023380,0.000000,15.000000,0.000000
0.023382,0.000000,15.000000,0.000000
0.023384,0.000000,15.000000,0.000000
0.023386,0.000000,15.000000,0.000000
0.023388,0.000000,15.000000,0.000000
0.023390,0.000000,15.000000,0.000000
0.023392,0.000000,15.000000,0.000000
0.023394,0.000000,15.000000,0.000000
0.023396,0.000000,15.000000,0.000000
0.023398,0.000000,15.000000,0.000000
0.023400,0.000000,15.000000,0.000000
0.023402,0.000000,15.000000,0.000000
0.023404,0.000000,15.000000,0.000000
0.023406,0.000000,15.000000,0.000000
0.023408,0.000000,15.000000,0.000000
0.023410,0.000000,15.000000,0.000000
0.023412,0.000000,15.000000,0.000000
0.023414,0.000000,15.000000,0.000000
0.023416,0.000000,15.000000,0.000000
0.023418,0.000000,15.000000,0.000000
0.023420,0.000000,15.000000,0.000000
0.023422,0.000000,15.000000,0.000000
0.023424,0.000000,15.000000,0.000000
0.023426,0.000000,15.000000,0.000000
0.023428,0.000000,15.000000,0.000000
0.023430,0.000000,15.000000,0.000000
0.023432,0.000000,15.000000,0.000000
0.023434,0.000000,15.000000,0.000000
0.023436,0.000000,15.000000,0.000000
0.023438,0.000000,15.000000,0.000000
0.023440,0.000000,15.000000,0.000000
0.023442,0.000000,15.000000,0.000000
0.023444,0.000000,15.000000,0.000000
0.023446,0.000000,15.000000,0.000000
0.023448,0.000000,15.000000,0.000000
0.023450,0.000000,15.000000,0.000000
0.023452,0.000000,15.000000,0.000000
0.023454,0.000000,15.000000,0.000000
0.023456,0.000000,15.000000,0.000000
0.023458,0.000000,15.000000,0.000000
0.023460,0.000000,15.000000,0.000000
0.023462,0.000000,15.000000,0.000000
0.023464,0.000000,15.000000,0.000000
0.023466,0.000000,15.000000,0.000000
0.023468,0.000000,15.000000,0.000000
0.023470,0.000000,15.000000,0.000000
0.023472,0.000000,15.000000,0.000000
0.023474,0.000000,15.000000,0.000000
0.023476,0.000000,15.000000,0.000000
0.023478,0.000000,15.000000,0.000000
0.023480,0.000000,15.000000,0.000000
0.023482,0.000000,15.000000,0.000000
0.023484,0.000000,15.000000,0.000000
0.023486,0.000000,15.000000,0.000000
0.023488,0.000000,15.000000,0.000000
0.023490,0.000000,15.000000,0.000000
0.023492,0.000000,15.000000,0.000000
0.023494,0.000000,15.000000,0.000000
0.023496,0.000000,15.000000,0.000000
0.023498,0.000000,15.000000,0.000000
0.023500,0.000000,15.000000,0.000000
0.023502,0.000000,15.000000,0.000000
0.023504,0.000000,15.000000,0.000000
0.023506,0.000000,15.000000,0.000000
0.023508,0.000000,15.000000,0.000000
0.023510,0.000000,15.000000,0.000000
0.023512,0.000000,15.000000,0.000000
0.023514,0.000000,15.000000,0.000000
0.023516,0.000000,15.000000,0.000000
0.023518,0.000000,15.000000,0.000000
0.023520,0.000000,15.000000,0.000000
0.023522,0.000000,15.000000,0.000000
0.023524,0.000000,15.000000,0.000000
0.023526,0.000000,15.000000,0.000000
0.023528,0.000000,15.000000,0.000000
0.023530,0.000000,15.000000,0.000000
0.023532,0.000000,15.000000,0.000000
0.023534,0.000000,15.000000,0.000000
0.023536,0.000000,15.000000,0.000000
0.023538,0.000000,15.000000,0.000000
0.023540,0.000000,15.000000,0.000000
0.023542,0.000000,15.000000,0.000000
0.023544,0.000000,15.000000,0.000000
0.023546,0.000000,15.000000,0.000000
0.023548,0.000000,15.000000,0.000000
0.023550,0.000000,15.000000,0.000000
0.023552,0.000000,15.000000,0.000000
0.023554,0.000000,15.000000,0.000000
0.023556,0.000000,15.000000,0.000000
0.023558,0.000000,15.000000,0.000000
0.023560,0.000000,15.000000,0.000000
0.023562,0.000000,15.000000,0.000000
0.023564,0.000000,15.000000,0.000000
0.023566,0.000000,15.000000,0.000000
0.023568,0.000000,15.000000,0.000000
0.023570,0.000000,15.000000,0.000000
0.023572,0.000000,15.000000,0.000000
0.023574,0.000000,15.000000,0.000000
0.023576,0.000000,15.000000,0.000000
0.023578,0.000000,15.000000,0.000000
0.023580,0.000000,15.000000,0.000000
0.023582,0.000000,15.000000,0.000000
0.023584,0.000000,15.000000,0.000000
0.023586,0.000000,15.000000,0.000000
0.023588,0.000000,15.000000,0.000000
0.023590,0.000000,15.000000,0.000000
0.023592,0.000000,15.000000,0.000000
0.023594,0.000000,15.000000,0.000000
0.023596,0.000000,15.000000,0.000000
0.023598,0.000000,15.000000,0.000000
0.023600,0.000000,15.000000,0.000000
0.023602,0.000000,15.000000,0.000000
0.023604,0.000000,15.000000,0.000000
0.023606,0.000000,15.000000,0.000000
0.023608,0.000000,15.000000,0.000000
0.023610,0.000000,15.000000,0.000000
0.023612,0.000000,15.000000,0.000000
0.023614,0.000000,15.000000,0.000000
0.023616,0.000000,15.000000,0.000000
0.023618,0.000000,15.000000,0.000000
0.023620,0.000000,15.000000,0.000000
0.023622,0.000000,15.000000,0.000000
0.023624,0.000000,15.000000,0.000000
0.023626,0.000000,15.000000,0.000000
0.023628,0.000000,15.000000,0.000000
0.023630,0.000000,15.000000,0.000000
0.023632,0.000000,15.000000,0.000000
0.023634,0.000000,15.000000,0.000000
0.023636,0.000000,15.000000,0.000000
0.023638,0.000000,15.000000,0.000000
0.023640,0.000000,15.000000,0.000000
0.023642,0.000000,15.000000,0.000000
0.023644,0.000000,15.000000,0.000000
0.023646,0.000000,15.000000,0.000000
0.023648,0.000000,15.000000,0.000000
0.023650,0.000000,15.000000,0.000000
0.023652,0.000000,15.000000,0.000000
0.023654,0.000000,15.000000,0.000000
0.023656,0.000000,15.000000,0.000000
0.023658,0.000000,15.000000,0.000000
0.023660,0.000000,15.000000,0.000000
0.023662,0.000000,15.000000,0.000000
0.023664,0.000000,15.000000,0.000000
0.023666,0.000000,15.000000,0.000000
0.023668,0.000000,15.000000,0.000000
0.023670,0.000000,15.000000,0.000000
0.023672,0.000000,15.000000,0.000000
0.023674,0.000000,15.000000,0.000000
0.023676,0.000000,15.000000,0.000000
0.023678,0.000000,15.000000,0.000000
0.023680,0.000000,15.000000,0.000000
0.023682,0.000000,15.000000,0.000000
0.023684,0.000000,15.000000,0.000000
0.023686,0.000000,15.000000,0.000000
0.023688,0.000000,15.000000,0.000000
0.023690,0.000000,15.000000,0.000000
0.023692,0.000000,15.000000,0.000000
0.023694,0.000000,15.000000,0.000000
0.023696,0.000000,15.000000,0.000000
0.023698,0.000000,15.000000,0.000000
0.023700,0.000000,15.000000,0.000000
0.023702,0.000000,15.000000,0.000000
0.023704,0.000000,15.000000,0.000000
0.023706,0.000000,15.000000,0.000000
0.023708,0.000000,15.000000,0.000000
0.023710,0.000000,15.000000,0.000000
0.023712,0.000000,15.000000,0.000000
0.023714,0.000000,15.000000,0.000000
0.023716,0.000000,15.000000,0.000000
0.023718,0.000000,15.000000,0.000000
0.023720,0.000000,15.000000,0.000000
0.023722,0.000000,15.000000,0.000000
0.023724,0.000000,15.000000,0.000000
0.023726,0.000000,15.000000,0.000000
0.023728,0.000000,15.000000,0.000000
0.023730,0.000000,15.000000,0.000000
0.023732,0.000000,15.000000,0.000000
0.023734,0.000000,15.000000,0.000000
0.023736,0.000000,15.000000,0.000000
0.023738,0.000000,15.000000,0.000000
0.023740,0.000000,15.000000,0.000000
0.023742,0.000000,15.000000,0.000000
0.023744,0.000000,15.000000,0.000000
0.023746,0.000000,15.000000,0.000000
0.023748,0.000000,15.000000,0.000000
0.023750,0.000000,15.000000,0.000000
0.023752,0.000000,15.000000,0.000000
0.023754,0.000000,15.000000,0.000000
0.023756,0.000000,15.000000,0.000000
0.023758,0.000000,15.000000,0.000000
0.023760,0.000000,15.000000,0.000000
0.023762,0.000000,15.000000,0.000000
0.023764,0.000000,15.000000,0.000000
0.023766,0.000000,15.000000,0.000000
0.023768,0.000000,15.000000,0.000000
0.023770,0.000000,15.000000,0.000000
0.023772,0.000000,15.000000,0.000000
0.023774,0.000000,15.000000,0.000000
0.023776,0.000000,15.000000,0.000000
0.023778,0.000000,15.000000,0.000000
0.023780,0.000000,15.000000,0.000000
0.023782,0.000000,15.000000,0.000000
0.023784,0.000000,15.000000,0.000000
0.023786,0.000000,15.000000,0.000000
0.023788,0.000000,15.000000,0.000000
0.023790,0.000000,15.000000,0.000000
0.023792,0.000000,15.000000,0.000000
0.023794,0.000000,15.000000,0.000000
0.023796,0.000000,15.000000,0.000000
0.023798,0.000000,15.000000,0.000000
0.023800,0.000000,15.000000,0.000000
0.023802,0.000000,15.000000,0.000000
0.023804,0.000000,15.000000,0.000000
0.023806,0.000000,15.000000,0.000000
0.023808,0.000000,15.000000,0.000000
0.023810,0.000000,15.000000,0.000000
0.023812,0.000000,15.000000,0.000000
0.023814,0.000000,15.000000,0.000000
0.023816,0.000000,15.000000,0.000000
0.023818,0.000000,15.000000,0.000000
0.023820,0.000000,15.000000,0.000000
0.023822,0.000000,15.000000,0.000000
0.023824,0.000000,15.000000,0.000000
0.023826,0.000000,15.000000,0.000000
0.023828,0.000000,15.000000,0.000000
0.023830,0.000000,15.000000,0.000000
0.023832,0.000000,15.000000,0.000000
0.023834,0.000000,15.000000,0.000000
0.023836,0.000000,15.000000,0.000000
0.023838,0.000000,15.000000,0.000000
0.023840,0.000000,15.000000,0.000000
0.023842,0.000000,15.000000,0.000000
0.023844,0.000000,15.000000,0.000000
0.023846,0.000000,15.000000,0.000000
0.023848,0.000000,15.000000,0.000000
0.023850,0.000000,15.000000,0.000000
0.023852,0.000000,15.000000,0.000000
0.023854,0.000000,15.000000,0.000000
0.023856,0.000000,15.000000,0.000000
0.023858,0.000000,15.000000,0.000000
0.023860,0.000000,15.000000,0.000000
0.023862,0.000000,15.000000,0.000000
0.023864,0.000000,15.000000,0.000000
0.023866,0.000000,15.000000,0.000000
0.023868,0.000000,15.000000,0.000000
0.023870,0.000000,15.000000,0.000000
0.023872,0.000000,15.000000,0.000000
0.023874,0.000000,15.000000,0.000000
0.023876,0.000000,15.000000,0.000000
0.023878,0.000000,15.000000,0.000000
0.023880,0.000000,15.000000,0.000000
0.023882,0.000000,15.000000,0.000000
0.023884,0.000000,15.000000,0.000000
0.023886,0.000000,15.000000,0.000000
0.023888,0.000000,15.000000,0.000000
0.023890,0.000000,15.000000,0.000000
0.023892,0.000000,15.000000,0.000000
0.023894,0.000000,15.000000,0.000000
0.023896,0.000000,15.000000,0.000000
0.023898,0.000000,15.000000,0.000000
0.023900,0.000000,15.000000,0.000000
0.023902,0.000000,15.000000,0.000000
0.023904,0.000000,15.000000,0.000000
0.023906,0.000000,15.000000,0.000000
0.023908,0.000000,15.000000,0.000000
0.023910,0.000000,15.000000,0.000000
0.023912,0.000000,15.000000,0.000000
0.023914,0.000000,15.000000,0.000000
0.023916,0.000000,15.000000,0.000000
0.023918,0.000000,15.000000,0.000000
0.023920,0.000000,15.000000,0.000000
0.023922,0.000000,15.000000,0.000000
0.023924,0.000000,15.000000,0.000000
0.023926,0.000000,15.000000,0.000000
0.023928,0.000000,15.000000,0.000000
0.023930,0.000000,15.000000,0.000000
0.023932,0.000000,15.000000,0.000000
0.023934,0.000000,15.000000,0.000000
0.023936,0.000000,15.000000,0.000000
0.023938,0.000000,15.000000,0.000000
0.023940,0.000000,15.000000,0.000000
0.023942,0.000000,15.000000,0.000000
0.023944,0.000000,15.000000,0.000000
0.023946,0.000000,15.000000,0.000000
0.023948,0.000000,15.000000,0.000000
0.023950,0.000000,15.000000,0.000000
0.023952,0.000000,15.000000,0.000000
0.023954,0.000000,15.000000,0.000000
0.023956,0.000000,15.000000,0.000000
0.023958,0.000000,15.000000,0.000000
0.023960,0.000000,15.000000,0.000000
0.023962,0.000000,15.000000,0.000000
0.023964,0.000000,15.000000,0.000000
0.023966,0.000000,15.000000,0.000000
0.023968,0.000000,15.000000,0.000000
0.023970,0.000000,15.000000,0.000000
0.023972,0.000000,15.000000,0.000000
0.023974,0.000000,15.000000,0.000000
0.023976,0.000000,15.000000,0.000000
0.023978,0.000000,15.000000,0.000000
0.023980,0.000000,15.000000,0.000000
0.023982,0.000000,15.000000,0.000000
0.023984,0.000000,15.000000,0.000000
0.023986,0.000000,15.000000,0.000000
0.023988,0.000000,15.000000,0.000000
0.023990,0.000000,15.000000,0.000000
0.023992,0.000000,15.000000,0.000000
0.023994,0.000000,15.000000,0.000000
0.023996,0.000000,15.000000,0.000000
0.023998,0.000000,15.000000,0.000000
0.024000,0.000000,15.000000,0.000000
0.024002,0.000000,15.000000,0.000000
0.024004,0.000000,15.000000,0.000000
0.024006,0.000000,15.000000,0.000000
0.024008,0.000000,15.000000,0.000000
0.024010,0.000000,15.000000,0.000000
0.024012,0.000000,15.000000,0.000000
0.024014,0.000000,15.000000,0.000000
0.024016,0.000000,15.000000,0.000000
0.024018,0.000000,15.000000,0.000000
0.024020,0.000000,15.000000,0.000000
0.024022,0.000000,15.000000,0.000000
0.024024,0.000000,15.000000,0.000000
0.024026,0.000000,15.000000,0.000000
0.024028,0.000000,15.000000,0.000000
0.024030,0.000000,15.000000,0.000000
0.024032,0.000000,15.000000,0.000000
0.024034,0.000000,15.000000,0.000000
0.024036,0.000000,15.000000,0.000000
0.024038,0.000000,15.000000,0.000000
0.024040,0.000000,15.000000,0.000000
0.024042,0.000000,15.000000,0.000000
0.024044,0.000000,15.000000,0.000000
0.024046,0.000000,15.000000,0.000000
0.024048,0.000000,15.000000,0.000000
0.024050,0.000000,15.000000,0.000000
0.024052,0.000000,15.000000,0.000000
0.024054,0.000000,15.000000,0.000000
0.024056,0.000000,15.000000,0.000000
0.024058,0.000000,15.000000,0.000000
0.024060,0.000000,15.000000,0.000000
0.024062,0.000000,15.000000,0.000000
0.024064,0.000000,15.000000,0.000000
0.024066,0.000000,15.000000,0.000000
0.024068,0.000000,15.000000,0.000000
0.024070,0.000000,15.000000,0.000000
0.024072,0.000000,15.000000,0.000000
0.024074,0.000000,15.000000,0.000000
0.024076,0.000000,15.000000,0.000000
0.024078,0.000000,15.000000,0.000000
0.024080,0.000000,15.000000,0.000000
0.024082,0.000000,15.000000,0.000000
0.024084,0.000000,15.000000,0.000000
0.024086,0.000000,15.000000,0.000000
0.024088,0.000000,15.000000,0.000000
0.024090,0.000000,15.000000,0.000000
0.024092,0.000000,15.000000,0.000000
0.024094,0.000000,15.000000,0.000000
0.024096,0.000000,15.000000,0.000000
0.024098,0.000000,15.000000,0.000000
0.024100,0.000000,15.000000,0.000000
0.024102,0.000000,15.000000,0.000000
0.024104,0.000000,15.000000,0.000000
0.024106,0.000000,15.000000,0.000000
0.024108,0.000000,15.000000,0.000000
0.024110,0.000000,15.000000,0.000000
0.024112,0.000000,15.000000,0.000000
0.024114,0.000000,15.000000,0.000000
0.024116,0.000000,15.000000,0.000000
0.024118,0.000000,15.000000,0.000000
0.024120,0.000000,15.000000,0.000000
0.024122,0.000000,15.000000,0.000000
0.024124,0.000000,15.000000,0.000000
0.024126,0.000000,15.000000,0.000000
0.024128,0.000000,15.000000,0.000000
0.024130,0.000000,15.000000,0.000000
0.024132,0.000000,15.000000,0.000000
0.024134,0.000000,15.000000,0.000000
0.024136,0.000000,15.000000,0.000000
0.024138,0.000000,15.000000,0.000000
0.024140,0.000000,15.000000,0.000000
0.024142,0.000000,15.000000,0.000000
0.024144,0.000000,15.000000,0.000000
0.024146,0.000000,15.000000,0.000000
0.024148,0.000000,15.000000,0.000000
0.024150,0.000000,15.000000,0.000000
0.024152,0.000000,15.000000,0.000000
0.024154,0.000000,15.000000,0.000000
0.024156,0.000000,15.000000,0.000000
0.024158,0.000000,15.000000,0.000000
0.024160,0.000000,15.000000,0.000000
0.024162,0.000000,15.000000,0.000000
0.024164,0.000000,15.000000,0.000000
0.024166,0.000000,15.000000,0.000000
0.024168,0.000000,15.000000,0.000000
0.024170,0.000000,15.000000,0.000000
0.024172,0.000000,15.000000,0.000000
0.024174,0.000000,15.000000,0.000000
0.024176,0.000000,15.000000,0.000000
0.024178,0.000000,15.000000,0.000000
0.024180,0.000000,15.000000,0.000000
0.024182,0.000000,15.000000,0.000000
0.024184,0.000000,15.000000,0.000000
0.024186,0.000000,15.000000,0.000000
0.024188,0.000000,15.000000,0.000000
0.024190,0.000000,15.000000,0.000000
0.024192,0.000000,15.000000,0.000000
0.024194,0.000000,15.000000,0.000000
0.024196,0.000000,15.000000,0.000000
0.024198,0.000000,15.000000,0.000000
0.024200,0.000000,15.000000,0.000000
0.024202,0.000000,15.000000,0.000000
0.024204,0.000000,15.000000,0.000000
0.024206,0.000000,15.000000,0.000000
0.024208,0.000000,15.000000,0.000000
0.024210,0.000000,15.000000,0.000000
0.024212,0.000000,15.000000,0.000000
0.024214,0.000000,15.000000,0.000000
0.024216,0.000000,15.000000,0.000000
0.024218,0.000000,15.000000,0.000000
0.024220,0.000000,15.000000,0.000000
0.024222,0.000000,15.000000,0.000000
0.024224,0.000000,15.000000,0.000000
0.024226,0.000000,15.000000,0.000000
0.024228,0.000000,15.000000,0.000000
0.024230,0.000000,15.000000,0.000000
0.024232,0.000000,15.000000,0.000000
0.024234,0.000000,15.000000,0.000000
0.024236,0.000000,15.000000,0.000000
0.024238,0.000000,15.000000,0.000000
0.024240,0.000000,15.000000,0.000000
0.024242,0.000000,15.000000,0.000000
0.024244,0.000000,15.000000,0.000000
0.024246,0.000000,15.000000,0.000000
0.024248,0.000000,15.000000,0.000000
0.024250,0.000000,15.000000,0.000000
0.024252,0.000000,15.000000,0.000000
0.024254,0.000000,15.000000,0.000000
0.024256,0.000000,15.000000,0.000000
0.024258,0.000000,15.000000,0.000000
0.024260,0.000000,15.000000,0.000000
0.024262,0.000000,15.000000,0.000000
0.024264,0.000000,15.000000,0.000000
0.024266,0.000000,15.000000,0.000000
0.024268,0.000000,15.000000,0.000000
0.024270,0.000000,15.000000,0.000000
0.024272,0.000000,15.000000,0.000000
0.024274,0.000000,15.000000,0.000000
0.024276,0.000000,15.000000,0.000000
0.024278,0.000000,15.000000,0.000000
0.024280,0.000000,15.000000,0.000000
0.024282,0.000000,15.000000,0.000000
0.024284,0.000000,15.000000,0.000000
0.024286,0.000000,15.000000,0.000000
0.024288,0.000000,15.000000,0.000000
0.024290,0.000000,15.000000,0.000000
0.024292,0.000000,15.000000,0.000000
0.024294,0.000000,15.000000,0.000000
0.024296,0.000000,15.000000,0.000000
0.024298,0.000000,15.000000,0.000000
0.024300,0.000000,15.000000,0.000000
0.024302,0.000000,15.000000,0.000000
0.024304,0.000000,15.000000,0.000000
0.024306,0.000000,15.000000,0.000000
0.024308,0.000000,15.000000,0.000000
0.024310,0.000000,15.000000,0.000000
0.024312,0.000000,15.000000,0.000000
0.024314,0.000000,15.000000,0.000000
0.024316,0.000000,15.000000,0.000000
0.024318,0.000000,15.000000,0.000000
0.024320,0.000000,15.000000,0.000000
0.024322,0.000000,15.000000,0.000000
0.024324,0.000000,15.000000,0.000000
0.024326,0.000000,15.000000,0.000000
0.024328,0.000000,15.000000,0.000000
0.024330,0.000000,15.000000,0.000000
0.024332,0.000000,15.000000,0.000000
0.024334,0.000000,15.000000,0.000000
0.024336,0.000000,15.000000,0.000000
0.024338,0.000000,15.000000,0.000000
0.024340,0.000000,15.000000,0.000000
0.024342,0.000000,15.000000,0.000000
0.024344,0.000000,15.000000,0.000000
0.024346,0.000000,15.000000,0.000000
0.024348,0.000000,15.000000,0.000000
0.024350,0.000000,15.000000,0.000000
0.024352,0.000000,15.000000,0.000000
0.024354,0.000000,15.000000,0.000000
0.024356,0.000000,15.000000,0.000000
0.024358,0.000000,15.000000,0.000000
0.024360,0.000000,15.000000,0.000000
0.024362,0.000000,15.000000,0.000000
0.024364,0.000000,15.000000,0.000000
0.024366,0.000000,15.000000,0.000000
0.024368,0.000000,15.000000,0.000000
0.024370,0.000000,15.000000,0.000000
0.024372,0.000000,15.000000,0.000000
0.024374,0.000000,15.000000,0.000000
0.024376,0.000000,15.000000,0.000000
0.024378,0.000000,15.000000,0.000000
0.024380,0.000000,15.000000,0.000000
0.024382,0.000000,15.000000,0.000000
0.024384,0.000000,15.000000,0.000000
0.024386,0.000000,15.000000,0.000000
0.024388,0.000000,15.000000,0.000000
0.024390,0.000000,15.000000,0.000000
0.024392,0.000000,15.000000,0.000000
0.024394,0.000000,15.000000,0.000000
0.024396,0.000000,15.000000,0.000000
0.024398,0.000000,15.000000,0.000000
0.024400,0.000000,15.000000,0.000000
0.024402,0.000000,15.000000,0.000000
0.024404,0.000000,15.000000,0.000000
0.024406,0.000000,15.000000,0.000000
0.024408,0.000000,15.000000,0.000000
0.024410,0.000000,15.000000,0.000000
0.024412,0.000000,15.000000,0.000000
0.024414,0.000000,15.000000,0.000000
0.024416,0.000000,15.000000,0.000000
0.024418,0.000000,15.000000,0.000000
0.024420,0.000000,15.000000,0.000000
0.024422,0.000000,15.000000,0.000000
0.024424,0.000000,15.000000,0.000000
0.024426,0.000000,15.000000,0.000000
0.024428,0.000000,15.000000,0.000000
0.024430,0.000000,15.000000,0.000000
0.024432,0.000000,15.000000,0.000000
0.024434,0.000000,15.000000,0.000000
0.024436,0.000000,15.000000,0.000000
0.024438,0.000000,15.000000,0.000000
0.024440,0.000000,15.000000,0.000000
0.024442,0.000000,15.000000,0.000000
0.024444,0.000000,15.000000,0.000000
0.024446,0.000000,15.000000,0.000000
0.024448,0.000000,15.000000,0.000000
0.024450,0.000000,15.000000,0.000000
0.024452,0.000000,15.000000,0.000000
0.024454,0.000000,15.000000,0.000000
0.024456,0.000000,15.000000,0.000000
0.024458,0.000000,15.000000,0.000000
0.024460,0.000000,15.000000,0.000000
0.024462,0.000000,15.000000,0.000000
0.024464,0.000000,15.000000,0.000000
0.024466,0.000000,15.000000,0.000000
0.024468,0.000000,15.000000,0.000000
0.024470,0.000000,15.000000,0.000000
0.024472,0.000000,15.000000,0.000000
0.024474,0.000000,15.000000,0.000000
0.024476,0.000000,15.000000,0.000000
0.024478,0.000000,15.000000,0.000000
0.024480,0.000000,15.000000,0.000000
0.024482,0.000000,15.000000,0.000000
0.024484,0.000000,15.000000,0.000000
0.024486,0.000000,15.000000,0.000000
0.024488,0.000000,15.000000,0.000000
0.024490,0.000000,15.000000,0.000000
0.024492,0.000000,15.000000,0.000000
0.024494,0.000000,15.000000,0.000000
0.024496,0.000000,15.000000,0.000000
0.024498,0.000000,15.000000,0.000000
0.024500,0.000000,15.000000,0.000000
0.024502,0.000000,15.000000,0.000000
0.024504,0.000000,15.000000,0.000000
0.024506,0.000000,15.000000,0.000000
0.024508,0.000000,15.000000,0.000000
0.024510,0.000000,15.000000,0.000000
0.024512,0.000000,15.000000,0.000000
0.024514,0.000000,15.000000,0.000000
0.024516,0.000000,15.000000,0.000000
0.024518,0.000000,15.000000,0.000000
0.024520,0.000000,15.000000,0.000000
0.024522,0.000000,15.000000,0.000000
0.024524,0.000000,15.000000,0.000000
0.024526,0.000000,15.000000,0.000000
0.024528,0.000000,15.000000,0.000000
0.024530,0.000000,15.000000,0.000000
0.024532,0.000000,15.000000,0.000000
0.024534,0.000000,15.000000,0.000000
0.024536,0.000000,15.000000,0.000000
0.024538,0.000000,15.000000,0.000000
0.024540,0.000000,15.000000,0.000000
0.024542,0.000000,15.000000,0.000000
0.024544,0.000000,15.000000,0.000000
0.024546,0.000000,15.000000,0.000000
0.024548,0.000000,15.000000,0.000000
0.024550,0.000000,15.000000,0.000000
0.024552,0.000000,15.000000,0.000000
0.024554,0.000000,15.000000,0.000000
0.024556,0.000000,15.000000,0.000000
0.024558,0.000000,15.000000,0.000000
0.024560,0.000000,15.000000,0.000000
0.024562,0.000000,15.000000,0.000000
0.024564,0.000000,15.000000,0.000000
0.024566,0.000000,15.000000,0.000000
0.024568,0.000000,15.000000,0.000000
0.024570,0.000000,15.000000,0.000000
0.024572,0.000000,15.000000,0.000000
0.024574,0.000000,15.000000,0.000000
0.024576,0.000000,15.000000,0.000000
0.024578,0.000000,15.000000,0.000000
0.024580,0.000000,15.000000,0.000000
0.024582,0.000000,15.000000,0.000000
0.024584,0.000000,15.000000,0.000000
0.024586,0.000000,15.000000,0.000000
0.024588,0.000000,15.000000,0.000000
0.024590,0.000000,15.000000,0.000000
0.024592,0.000000,15.000000,0.000000
0.024594,0.000000,15.000000,0.000000
0.024596,0.000000,15.000000,0.000000
0.024598,0.000000,15.000000,0.000000
0.024600,0.000000,15.000000,0.000000
0.024602,0.000000,15.000000,0.000000
0.024604,0.000000,15.000000,0.000000
0.024606,0.000000,15.000000,0.000000
0.024608,0.000000,15.000000,0.000000
0.024610,0.000000,15.000000,0.000000
0.024612,0.000000,15.000000,0.000000
0.024614,0.000000,15.000000,0.000000
0.024616,0.000000,15.000000,0.000000
0.024618,0.000000,15.000000,0.000000
0.024620,0.000000,15.000000,0.000000
0.024622,0.000000,15.000000,0.000000
0.024624,0.000000,15.000000,0.000000
0.024626,0.000000,15.000000,0.000000
0.024628,0.000000,15.000000,0.000000
0.024630,0.000000,15.000000,0.000000
0.024632,0.000000,15.000000,0.000000
0.024634,0.000000,15.000000,0.000000
0.024636,0.000000,15.000000,0.000000
0.024638,0.000000,15.000000,0.000000
0.024640,0.000000,15.000000,0.000000
0.024642,0.000000,15.000000,0.000000
0.024644,0.000000,15.000000,0.000000
0.024646,0.000000,15.000000,0.000000
0.024648,0.000000,15.000000,0.000000
0.024650,0.000000,15.000000,0.000000
0.024652,0.000000,15.000000,0.000000
0.024654,0.000000,15.000000,0.000000
0.024656,0.000000,15.000000,0.000000
0.024658,0.000000,15.000000,0.000000
0.024660,0.000000,15.000000,0.000000
0.024662,0.000000,15.000000,0.000000
0.024664,0.000000,15.000000,0.000000
0.024666,0.000000,15.000000,0.000000
0.024668,0.000000,15.000000,0.000000
0.024670,0.000000,15.000000,0.000000
0.024672,0.000000,15.000000,0.000000
0.024674,0.000000,15.000000,0.000000
0.024676,0.000000,15.000000,0.000000
0.024678,0.000000,15.000000,0.000000
0.024680,0.000000,15.000000,0.000000
0.024682,0.000000,15.000000,0.000000
0.024684,0.000000,15.000000,0.000000
0.024686,0.000000,15.000000,0.000000
0.024688,0.000000,15.000000,0.000000
0.024690,0.000000,15.000000,0.000000
0.024692,0.000000,15.000000,0.000000
0.024694,0.000000,15.000000,0.000000
0.024696,0.000000,15.000000,0.000000
0.024698,0.000000,15.000000,0.000000
0.024700,0.000000,15.000000,0.000000
0.024702,0.000000,15.000000,0.000000
0.024704,0.000000,15.000000,0.000000
0.024706,0.000000,15.000000,0.000000
0.024708,0.000000,15.000000,0.000000
0.024710,0.000000,15.000000,0.000000
0.024712,0.000000,15.000000,0.000000
0.024714,0.000000,15.000000,0.000000
0.024716,0.000000,15.000000,0.000000
0.024718,0.000000,15.000000,0.000000
0.024720,0.000000,15.000000,0.000000
0.024722,0.000000,15.000000,0.000000
0.024724,0.000000,15.000000,0.000000
0.024726,0.000000,15.000000,0.000000
0.024728,0.000000,15.000000,0.000000
0.024730,0.000000,15.000000,0.000000
0.024732,0.000000,15.000000,0.000000
0.024734,0.000000,15.000000,0.000000
0.024736,0.000000,15.000000,0.000000
0.024738,0.000000,15.000000,0.000000
0.024740,0.000000,15.000000,0.000000
0.024742,0.000000,15.000000,0.000000
0.024744,0.000000,15.000000,0.000000
0.024746,0.000000,15.000000,0.000000
0.024748,0.000000,15.000000,0.000000
0.024750,0.000000,15.000000,0.000000
0.024752,0.000000,15.000000,0.000000
0.024754,0.000000,15.000000,0.000000
0.024756,0.000000,15.000000,0.000000
0.024758,0.000000,15.000000,0.000000
0.024760,0.000000,15.000000,0.000000
0.024762,0.000000,15.000000,0.000000
0.024764,0.000000,15.000000,0.000000
0.024766,0.000000,15.000000,0.000000
0.024768,0.000000,15.000000,0.000000
0.024770,0.000000,15.000000,0.000000
0.024772,0.000000,15.000000,0.000000
0.024774,0.000000,15.000000,0.000000
0.024776,0.000000,15.000000,0.000000
0.024778,0.000000,15.000000,0.000000
0.024780,0.000000,15.000000,0.000000
0.024782,0.000000,15.000000,0.000000
0.024784,0.000000,15.000000,0.000000
0.024786,0.000000,15.000000,0.000000
0.024788,0.000000,15.000000,0.000000
0.024790,0.000000,15.000000,0.000000
0.024792,0.000000,15.000000,0.000000
0.024794,0.000000,15.000000,0.000000
0.024796,0.000000,15.000000,0.000000
0.024798,0.000000,15.000000,0.000000
0.024800,0.000000,15.000000,0.000000
0.024802,0.000000,15.000000,0.000000
0.024804,0.000000,15.000000,0.000000
0.024806,0.000000,15.000000,0.000000
0.024808,0.000000,15.000000,0.000000
0.024810,0.000000,15.000000,0.000000
0.024812,0.000000,15.000000,0.000000
0.024814,0.000000,15.000000,0.000000
0.024816,0.000000,15.000000,0.000000
0.024818,0.000000,15.000000,0.000000
0.024820,0.000000,15.000000,0.000000
0.024822,0.000000,15.000000,0.000000
0.024824,0.000000,15.000000,0.000000
0.024826,0.000000,15.000000,0.000000
0.024828,0.000000,15.000000,0.000000
0.024830,0.000000,15.000000,0.000000
0.024832,0.000000,15.000000,0.000000
0.024834,0.000000,15.000000,0.000000
0.024836,0.000000,15.000000,0.000000
0.024838,0.000000,15.000000,0.000000
0.024840,0.000000,15.000000,0.000000
0.024842,0.000000,15.000000,0.000000
0.024844,0.000000,15.000000,0.000000
0.024846,0.000000,15.000000,0.000000
0.024848,0.000000,15.000000,0.000000
0.024850,0.000000,15.000000,0.000000
0.024852,0.000000,15.000000,0.000000
0.024854,0.000000,15.000000,0.000000
0.024856,0.000000,15.000000,0.000000
0.024858,0.000000,15.000000,0.000000
0.024860,0.000000,15.000000,0.000000
0.024862,0.000000,15.000000,0.000000
0.024864,0.000000,15.000000,0.000000
0.024866,0.000000,15.000000,0.000000
0.024868,0.000000,15.000000,0.000000
0.024870,0.000000,15.000000,0.000000
0.024872,0.000000,15.000000,0.000000
0.024874,0.000000,15.000000,0.000000
0.024876,0.000000,15.000000,0.000000
0.024878,0.000000,15.000000,0.000000
0.024880,0.000000,15.000000,0.000000
0.024882,0.000000,15.000000,0.000000
0.024884,0.000000,15.000000,0.000000
0.024886,0.000000,15.000000,0.000000
0.024888,0.000000,15.000000,0.000000
0.024890,0.000000,15.000000,0.000000
0.024892,0.000000,15.000000,0.000000
0.024894,0.000000,15.000000,0.000000
0.024896,0.000000,15.000000,0.000000
0.024898,0.000000,15.000000,0.000000
0.024900,0.000000,15.000000,0.000000
0.024902,0.000000,15.000000,0.000000
0.024904,0.000000,15.000000,0.000000
0.024906,0.000000,15.000000,0.000000
0.024908,0.000000,15.000000,0.000000
0.024910,0.000000,15.000000,0.000000
0.024912,0.000000,15.000000,0.000000
0.024914,0.000000,15.000000,0.000000
0.024916,0.000000,15.000000,0.000000
0.024918,0.000000,15.000000,0.000000
0.024920,0.000000,15.000000,0.000000
0.024922,0.000000,15.000000,0.000000
0.024924,0.000000,15.000000,0.000000
0.024926,0.000000,15.000000,0.000000
0.024928,0.000000,15.000000,0.000000
0.024930,0.000000,15.000000,0.000000
0.024932,0.000000,15.000000,0.000000
0.024934,0.000000,15.000000,0.000000
0.024936,0.000000,15.000000,0.000000
0.024938,0.000000,15.000000,0.000000
0.024940,0.000000,15.000000,0.000000
0.024942,0.000000,15.000000,0.000000
0.024944,0.000000,15.000000,0.000000
0.024946,0.000000,15.000000,0.000000
0.024948,0.000000,15.000000,0.000000
0.024950,0.000000,15.000000,0.000000
0.024952,0.000000,15.000000,0.000000
0.024954,0.000000,15.000000,0.000000
0.024956,0.000000,15.000000,0.000000
0.024958,0.000000,15.000000,0.000000
0.024960,0.000000,15.000000,0.000000
0.024962,0.000000,15.000000,0.000000
0.024964,0.000000,15.000000,0.000000
0.024966,0.000000,15.000000,0.000000
0.024968,0.000000,15.000000,0.000000
0.024970,0.000000,15.000000,0.000000
0.024972,0.000000,15.000000,0.000000
0.024974,0.000000,15.000000,0.000000
0.024976,0.000000,15.000000,0.000000
0.024978,0.000000,15.000000,0.000000
0.024980,0.000000,15.000000,0.000000
0.024982,0.000000,15.000000,0.000000
0.024984,0.000000,15.000000,0.000000
0.024986,0.000000,15.000000,0.000000
0.024988,0.000000,15.000000,0.000000
0.024990,0.000000,15.000000,0.000000
0.024992,0.000000,15.000000,0.000000
0.024994,0.000000,15.000000,0.000000
0.024996,0.000000,15.000000,0.000000
0.024998,0.000000,15.000000,0.000000
