t_s,i_A,i_ref_A,active
0.000000,0.000000,15.000000,0.000000
0.000002,0.000000,15.000000,0.000000
0.000004,0.000000,15.000000,0.000000
0.000006,0.000000,15.000000,0.000000
0.000008,0.000000,15.000000,0.000000
0.000010,0.000000,15.000000,0.000000
0.000012,0.000000,15.000000,0.000000
0.000014,0.000000,15.000000,0.000000
0.000016,0.000000,15.000000,0.000000
0.000018,0.000000,15.000000,0.000000
0.000020,0.000000,15.000000,0.000000
0.000022,0.000000,15.000000,0.000000
0.000024,0.000000,15.000000,0.000000
0.000026,0.000000,15.000000,0.000000
0.000028,0.000000,15.000000,0.000000
0.000030,0.000000,15.000000,0.000000
0.000032,0.000000,15.000000,0.000000
0.000034,0.000000,15.000000,0.000000
0.000036,0.000000,15.000000,0.000000
0.000038,0.000000,15.000000,0.000000
0.000040,0.000000,15.000000,0.000000
0.000042,0.000000,15.000000,0.000000
0.000044,0.000000,15.000000,0.000000
0.000046,0.000000,15.000000,0.000000
0.000048,0.000000,15.000000,0.000000
0.000050,0.000000,15.000000,0.000000
0.000052,0.000000,15.000000,0.000000
0.000054,0.000000,15.000000,0.000000
0.000056,0.000000,15.000000,0.000000
0.000058,0.000000,15.000000,0.000000
0.000060,0.000000,15.000000,0.000000
0.000062,0.000000,15.000000,0.000000
0.000064,0.000000,15.000000,0.000000
0.000066,0.000000,15.000000,0.000000
0.000068,0.000000,15.000000,0.000000
0.000070,0.000000,15.000000,0.000000
0.000072,0.000000,15.000000,0.000000
0.000074,0.000000,15.000000,0.000000
0.000076,0.000000,15.000000,0.000000
0.000078,0.000000,15.000000,0.000000
0.000080,0.000000,15.000000,0.000000
0.000082,0.000000,15.000000,0.000000
0.000084,0.000000,15.000000,0.000000
0.000086,0.000000,15.000000,0.000000
0.000088,0.000000,15.000000,0.000000
0.000090,0.000000,15.000000,0.000000
0.000092,0.000000,15.000000,0.000000
0.000094,0.000000,15.000000,0.000000
0.000096,0.000000,15.000000,0.000000
0.000098,0.000000,15.000000,0.000000
0.000100,0.000000,15.000000,0.000000
0.000102,0.000000,15.000000,0.000000
0.000104,0.000000,15.000000,0.000000
0.000106,0.000000,15.000000,0.000000
0.000108,0.000000,15.000000,0.000000
0.000110,0.000000,15.000000,0.000000
0.000112,0.000000,15.000000,0.000000
0.000114,0.000000,15.000000,0.000000
0.000116,0.000000,15.000000,0.000000
0.000118,0.000000,15.000000,0.000000
0.000120,0.000000,15.000000,0.000000
0.000122,0.000000,15.000000,0.000000
0.000124,0.000000,15.000000,0.000000
0.000126,0.000000,15.000000,0.000000
0.000128,0.000000,15.000000,0.000000
0.000130,0.000000,15.000000,0.000000
0.000132,0.000000,15.000000,0.000000
0.000134,0.000000,15.000000,0.000000
0.000136,0.000000,15.000000,0.000000
0.000138,0.000000,15.000000,0.000000
0.000140,0.000000,15.000000,0.000000
0.000142,0.000000,15.000000,0.000000
0.000144,0.000000,15.000000,0.000000
0.000146,0.000000,15.000000,0.000000
0.000148,0.000000,15.000000,0.000000
0.000150,0.000000,15.000000,0.000000
0.000152,0.000000,15.000000,0.000000
0.000154,0.000000,15.000000,0.000000
0.000156,0.000000,15.000000,0.000000
0.000158,0.000000,15.000000,0.000000
0.000160,0.000000,15.000000,0.000000
0.000162,0.000000,15.000000,0.000000
0.000164,0.000000,15.000000,0.000000
0.000166,0.000000,15.000000,0.000000
0.000168,0.000000,15.000000,0.000000
0.000170,0.000000,15.000000,0.000000
0.000172,0.000000,15.000000,0.000000
0.000174,0.000000,15.000000,0.000000
0.000176,0.000000,15.000000,0.000000
0.000178,0.000000,15.000000,0.000000
0.000180,0.000000,15.000000,0.000000
0.000182,0.000000,15.000000,0.000000
0.000184,0.000000,15.000000,0.000000
0.000186,0.000000,15.000000,0.000000
0.000188,0.000000,15.000000,0.000000
0.000190,0.000000,15.000000,0.000000
0.000192,0.000000,15.000000,0.000000
0.000194,0.000000,15.000000,0.000000
0.000196,0.000000,15.000000,0.000000
0.000198,0.000000,15.000000,0.000000
0.000200,0.000000,15.000000,0.000000
0.000202,0.000000,15.000000,0.000000
0.000204,0.000000,15.000000,0.000000
0.000206,0.000000,15.000000,0.000000
0.000208,0.000000,15.000000,0.000000
0.000210,0.000000,15.000000,0.000000
0.000212,0.000000,15.000000,0.000000
0.000214,0.000000,15.000000,0.000000
0.000216,0.000000,15.000000,0.000000
0.000218,0.000000,15.000000,0.000000
0.000220,0.000000,15.000000,0.000000
0.000222,0.000000,15.000000,0.000000
0.000224,0.000000,15.000000,0.000000
0.000226,0.000000,15.000000,0.000000
0.000228,0.000000,15.000000,0.000000
0.000230,0.000000,15.000000,0.000000
0.000232,0.000000,15.000000,0.000000
0.000234,0.000000,15.000000,0.000000
0.000236,0.000000,15.000000,0.000000
0.000238,0.000000,15.000000,0.000000
0.000240,0.000000,15.000000,0.000000
0.000242,0.000000,15.000000,0.000000
0.000244,0.000000,15.000000,0.000000
0.000246,0.000000,15.000000,0.000000
0.000248,0.000000,15.000000,0.000000
0.000250,0.000000,15.000000,0.000000
0.000252,0.000000,15.000000,0.000000
0.000254,0.000000,15.000000,0.000000
0.000256,0.000000,15.000000,0.000000
0.000258,0.000000,15.000000,0.000000
0.000260,0.000000,15.000000,0.000000
0.000262,0.000000,15.000000,0.000000
0.000264,0.000000,15.000000,0.000000
0.000266,0.000000,15.000000,0.000000
0.000268,0.000000,15.000000,0.000000
0.000270,0.000000,15.000000,0.000000
0.000272,0.000000,15.000000,0.000000
0.000274,0.000000,15.000000,0.000000
0.000276,0.000000,15.000000,0.000000
0.000278,0.000000,15.000000,0.000000
0.000280,0.000000,15.000000,0.000000
0.000282,0.000000,15.000000,0.000000
0.000284,0.000000,15.000000,0.000000
0.000286,0.000000,15.000000,0.000000
0.000288,0.000000,15.000000,0.000000
0.000290,0.000000,15.000000,0.000000
0.000292,0.000000,15.000000,0.000000
0.000294,0.000000,15.000000,0.000000
0.000296,0.000000,15.000000,0.000000
0.000298,0.000000,15.000000,0.000000
0.000300,0.000000,15.000000,0.000000
0.000302,0.000000,15.000000,0.000000
0.000304,0.000000,15.000000,0.000000
0.000306,0.000000,15.000000,0.000000
0.000308,0.000000,15.000000,0.000000
0.000310,0.000000,15.000000,0.000000
0.000312,0.000000,15.000000,0.000000
0.000314,0.000000,15.000000,0.000000
0.000316,0.000000,15.000000,0.000000
0.000318,0.000000,15.000000,0.000000
0.000320,0.000000,15.000000,0.000000
0.000322,0.000000,15.000000,0.000000
0.000324,0.000000,15.000000,0.000000
0.000326,0.000000,15.000000,0.000000
0.000328,0.000000,15.000000,0.000000
0.000330,0.000000,15.000000,0.000000
0.000332,0.000000,15.000000,0.000000
0.000334,0.000000,15.000000,0.000000
0.000336,0.000000,15.000000,0.000000
0.000338,0.000000,15.000000,0.000000
0.000340,0.000000,15.000000,0.000000
0.000342,0.000000,15.000000,0.000000
0.000344,0.000000,15.000000,0.000000
0.000346,0.000000,15.000000,0.000000
0.000348,0.000000,15.000000,0.000000
0.000350,0.000000,15.000000,0.000000
0.000352,0.000000,15.000000,0.000000
0.000354,0.000000,15.000000,0.000000
0.000356,0.000000,15.000000,0.000000
0.000358,0.000000,15.000000,0.000000
0.000360,0.000000,15.000000,0.000000
0.000362,0.000000,15.000000,0.000000
0.000364,0.000000,15.000000,0.000000
0.000366,0.000000,15.000000,0.000000
0.000368,0.000000,15.000000,0.000000
0.000370,0.000000,15.000000,0.000000
0.000372,0.000000,15.000000,0.000000
0.000374,0.000000,15.000000,0.000000
0.000376,0.000000,15.000000,0.000000
0.000378,0.000000,15.000000,0.000000
0.000380,0.000000,15.000000,0.000000
0.000382,0.000000,15.000000,0.000000
0.000384,0.000000,15.000000,0.000000
0.000386,0.000000,15.000000,0.000000
0.000388,0.000000,15.000000,0.000000
0.000390,0.000000,15.000000,0.000000
0.000392,0.000000,15.000000,0.000000
0.000394,0.000000,15.000000,0.000000
0.000396,0.000000,15.000000,0.000000
0.000398,0.000000,15.000000,0.000000
0.000400,0.000000,15.000000,0.000000
0.000402,0.000000,15.000000,0.000000
0.000404,0.000000,15.000000,0.000000
0.000406,0.000000,15.000000,0.000000
0.000408,0.000000,15.000000,0.000000
0.000410,0.000000,15.000000,0.000000
0.000412,0.000000,15.000000,0.000000
0.000414,0.000000,15.000000,0.000000
0.000416,0.000000,15.000000,0.000000
0.000418,0.000000,15.000000,0.000000
0.000420,0.000000,15.000000,0.000000
0.000422,0.000000,15.000000,0.000000
0.000424,0.000000,15.000000,0.000000
0.000426,0.000000,15.000000,0.000000
0.000428,0.000000,15.000000,0.000000
0.000430,0.000000,15.000000,0.000000
0.000432,0.000000,15.000000,0.000000
0.000434,0.000000,15.000000,0.000000
0.000436,0.000000,15.000000,0.000000
0.000438,0.000000,15.000000,0.000000
0.000440,0.000000,15.000000,0.000000
0.000442,0.000000,15.000000,0.000000
0.000444,0.000000,15.000000,0.000000
0.000446,0.000000,15.000000,0.000000
0.000448,0.000000,15.000000,0.000000
0.000450,0.000000,15.000000,0.000000
0.000452,0.000000,15.000000,0.000000
0.000454,0.000000,15.000000,0.000000
0.000456,0.000000,15.000000,0.000000
0.000458,0.000000,15.000000,0.000000
0.000460,0.000000,15.000000,0.000000
0.000462,0.000000,15.000000,0.000000
0.000464,0.000000,15.000000,0.000000
0.000466,0.000000,15.000000,0.000000
0.000468,0.000000,15.000000,0.000000
0.000470,0.000000,15.000000,0.000000
0.000472,0.000000,15.000000,0.000000
0.000474,0.000000,15.000000,0.000000
0.000476,0.000000,15.000000,0.000000
0.000478,0.000000,15.000000,0.000000
0.000480,0.000000,15.000000,0.000000
0.000482,0.000000,15.000000,0.000000
0.000484,0.000000,15.000000,0.000000
0.000486,0.000000,15.000000,0.000000
0.000488,0.000000,15.000000,0.000000
0.000490,0.000000,15.000000,0.000000
0.000492,0.000000,15.000000,0.000000
0.000494,0.000000,15.000000,0.000000
0.000496,0.000000,15.000000,0.000000
0.000498,0.000000,15.000000,0.000000
0.000500,0.000000,15.000000,0.000000
0.000502,0.000000,15.000000,0.000000
0.000504,0.000000,15.000000,0.000000
0.000506,0.000000,15.000000,0.000000
0.000508,0.000000,15.000000,0.000000
0.000510,0.000000,15.000000,0.000000
0.000512,0.000000,15.000000,0.000000
0.000514,0.000000,15.000000,0.000000
0.000516,0.000000,15.000000,0.000000
0.000518,0.000000,15.000000,0.000000
0.000520,0.000000,15.000000,0.000000
0.000522,0.000000,15.000000,0.000000
0.000524,0.000000,15.000000,0.000000
0.000526,0.000000,15.000000,0.000000
0.000528,0.000000,15.000000,0.000000
0.000530,0.000000,15.000000,0.000000
0.000532,0.000000,15.000000,0.000000
0.000534,0.000000,15.000000,0.000000
0.000536,0.000000,15.000000,0.000000
0.000538,0.000000,15.000000,0.000000
0.000540,0.000000,15.000000,0.000000
0.000542,0.000000,15.000000,0.000000
0.000544,0.000000,15.000000,0.000000
0.000546,0.000000,15.000000,0.000000
0.000548,0.000000,15.000000,0.000000
0.000550,0.000000,15.000000,0.000000
0.000552,0.000000,15.000000,0.000000
0.000554,0.000000,15.000000,0.000000
0.000556,0.000000,15.000000,0.000000
0.000558,0.000000,15.000000,0.000000
0.000560,0.000000,15.000000,0.000000
0.000562,0.000000,15.000000,0.000000
0.000564,0.000000,15.000000,0.000000
0.000566,0.000000,15.000000,0.000000
0.000568,0.000000,15.000000,0.000000
0.000570,0.000000,15.000000,0.000000
0.000572,0.000000,15.000000,0.000000
0.000574,0.000000,15.000000,0.000000
0.000576,0.000000,15.000000,0.000000
0.000578,0.000000,15.000000,0.000000
0.000580,0.000000,15.000000,0.000000
0.000582,0.000000,15.000000,0.000000
0.000584,0.000000,15.000000,0.000000
0.000586,0.000000,15.000000,0.000000
0.000588,0.000000,15.000000,0.000000
0.000590,0.000000,15.000000,0.000000
0.000592,0.000000,15.000000,0.000000
0.000594,0.000000,15.000000,0.000000
0.000596,0.000000,15.000000,0.000000
0.000598,0.000000,15.000000,0.000000
0.000600,0.000000,15.000000,0.000000
0.000602,0.000000,15.000000,0.000000
0.000604,0.000000,15.000000,0.000000
0.000606,0.000000,15.000000,0.000000
0.000608,0.000000,15.000000,0.000000
0.000610,0.000000,15.000000,0.000000
0.000612,0.000000,15.000000,0.000000
0.000614,0.000000,15.000000,0.000000
0.000616,0.000000,15.000000,0.000000
0.000618,0.000000,15.000000,0.000000
0.000620,0.000000,15.000000,0.000000
0.000622,0.000000,15.000000,0.000000
0.000624,0.000000,15.000000,0.000000
0.000626,0.000000,15.000000,0.000000
0.000628,0.000000,15.000000,0.000000
0.000630,0.000000,15.000000,0.000000
0.000632,0.000000,15.000000,0.000000
0.000634,0.000000,15.000000,0.000000
0.000636,0.000000,15.000000,0.000000
0.000638,0.000000,15.000000,0.000000
0.000640,0.000000,15.000000,0.000000
0.000642,0.000000,15.000000,0.000000
0.000644,0.000000,15.000000,0.000000
0.000646,0.000000,15.000000,0.000000
0.000648,0.000000,15.000000,0.000000
0.000650,0.000000,15.000000,0.000000
0.000652,0.000000,15.000000,0.000000
0.000654,0.000000,15.000000,0.000000
0.000656,0.000000,15.000000,0.000000
0.000658,0.000000,15.000000,0.000000
0.000660,0.000000,15.000000,0.000000
0.000662,0.000000,15.000000,0.000000
0.000664,0.000000,15.000000,0.000000
0.000666,0.000000,15.000000,0.000000
0.000668,0.000000,15.000000,0.000000
0.000670,0.000000,15.000000,0.000000
0.000672,0.000000,15.000000,0.000000
0.000674,0.000000,15.000000,0.000000
0.000676,0.000000,15.000000,0.000000
0.000678,0.000000,15.000000,0.000000
0.000680,0.000000,15.000000,0.000000
0.000682,0.000000,15.000000,0.000000
0.000684,0.000000,15.000000,0.000000
0.000686,0.000000,15.000000,0.000000
0.000688,0.000000,15.000000,0.000000
0.000690,0.000000,15.000000,0.000000
0.000692,0.000000,15.000000,0.000000
0.000694,0.000000,15.000000,0.000000
0.000696,0.000000,15.000000,1.000000
0.000698,0.000000,15.000000,1.000000
0.000700,0.089951,15.000000,1.000000
0.000702,0.179893,15.000000,1.000000
0.000704,0.269825,15.000000,1.000000
0.000706,0.359747,15.000000,1.000000
0.000708,0.449659,15.000000,1.000000
0.000710,0.539562,15.000000,1.000000
0.000712,0.629455,15.000000,1.000000
0.000714,0.719339,15.000000,1.000000
0.000716,0.809212,15.000000,1.000000
0.000718,0.899076,15.000000,1.000000
0.000720,0.988931,15.000000,1.000000
0.000722,1.078775,15.000000,1.000000
0.000724,1.168610,15.000000,1.000000
0.000726,1.258436,15.000000,1.000000
0.000728,1.348251,15.000000,1.000000
0.000730,1.438057,15.000000,1.000000
0.000732,1.527853,15.000000,1.000000
0.000734,1.617639,15.000000,1.000000
0.000736,1.707416,15.000000,1.000000
0.000738,1.797183,15.000000,1.000000
0.000740,1.886940,15.000000,1.000000
0.000742,1.976687,15.000000,1.000000
0.000744,2.066425,15.000000,1.000000
0.000746,2.156153,15.000000,1.000000
0.000748,2.245871,15.000000,1.000000
0.000750,2.335579,15.000000,1.000000
0.000752,2.425278,15.000000,1.000000
0.000754,2.514967,15.000000,1.000000
0.000756,2.604646,15.000000,1.000000
0.000758,2.694316,15.000000,1.000000
0.000760,2.783976,15.000000,1.000000
0.000762,2.873625,15.000000,1.000000
0.000764,2.963266,15.000000,1.000000
0.000766,3.052896,15.000000,1.000000
0.000768,3.142517,15.000000,1.000000
0.000770,3.232128,15.000000,1.000000
0.000772,3.321729,15.000000,1.000000
0.000774,3.411320,15.000000,1.000000
0.000776,3.500902,15.000000,1.000000
0.000778,3.590474,15.000000,1.000000
0.000780,3.680036,15.000000,1.000000
0.000782,3.769588,15.000000,1.000000
0.000784,3.859130,15.000000,1.000000
0.000786,3.948663,15.000000,1.000000
0.000788,4.038186,15.000000,1.000000
0.000790,4.127699,15.000000,1.000000
0.000792,4.217202,15.000000,1.000000
0.000794,4.306696,15.000000,1.000000
0.000796,4.396180,15.000000,1.000000
0.000798,4.485654,15.000000,1.000000
0.000800,4.575118,15.000000,1.000000
0.000802,4.664572,15.000000,1.000000
0.000804,4.754016,15.000000,1.000000
0.000806,4.843451,15.000000,1.000000
0.000808,4.932876,15.000000,1.000000
0.000810,5.022291,15.000000,1.000000
0.000812,5.111696,15.000000,1.000000
0.000814,5.201092,15.000000,1.000000
0.000816,5.290477,15.000000,1.000000
0.000818,5.379853,15.000000,1.000000
0.000820,5.469219,15.000000,1.000000
0.000822,5.558575,15.000000,1.000000
0.000824,5.647921,15.000000,1.000000
0.000826,5.737258,15.000000,1.000000
0.000828,5.826584,15.000000,1.000000
0.000830,5.915901,15.000000,1.000000
0.000832,6.005208,15.000000,1.000000
0.000834,6.094505,15.000000,1.000000
0.000836,6.183792,15.000000,1.000000
0.000838,6.273070,15.000000,1.000000
0.000840,6.362337,15.000000,1.000000
0.000842,6.451595,15.000000,1.000000
0.000844,6.540842,15.000000,1.000000
0.000846,6.630080,15.000000,1.000000
0.000848,6.719308,15.000000,1.000000
0.000850,6.808527,15.000000,1.000000
0.000852,6.897735,15.000000,1.000000
0.000854,6.986933,15.000000,1.000000
0.000856,7.076122,15.000000,1.000000
0.000858,7.165300,15.000000,1.000000
0.000860,7.254469,15.000000,1.000000
0.000862,7.343628,15.000000,1.000000
0.000864,7.432777,15.000000,1.000000
0.000866,7.521916,15.000000,1.000000
0.000868,7.611045,15.000000,1.000000
0.000870,7.700165,15.000000,1.000000
0.000872,7.789274,15.000000,1.000000
0.000874,7.878374,15.000000,1.000000
0.000876,7.967463,15.000000,1.000000
0.000878,8.056543,15.000000,1.000000
0.000880,8.145613,15.000000,1.000000
0.000882,8.234673,15.000000,1.000000
0.000884,8.323723,15.000000,1.000000
0.000886,8.412763,15.000000,1.000000
0.000888,8.501793,15.000000,1.000000
0.000890,8.590813,15.000000,1.000000
0.000892,8.679823,15.000000,1.000000
0.000894,8.768824,15.000000,1.000000
0.000896,8.857814,15.000000,1.000000
0.000898,8.946795,15.000000,1.000000
0.000900,9.035765,15.000000,1.000000
0.000902,9.124726,15.000000,1.000000
0.000904,9.213676,15.000000,1.000000
0.000906,9.302617,15.000000,1.000000
0.000908,9.391548,15.000000,1.000000
0.000910,9.480469,15.000000,1.000000
0.000912,9.569380,15.000000,1.000000
0.000914,9.658281,15.000000,1.000000
0.000916,9.747171,15.000000,1.000000
0.000918,9.836052,15.000000,1.000000
0.000920,9.924923,15.000000,1.000000
0.000922,10.013785,15.000000,1.000000
0.000924,10.102636,15.000000,1.000000
0.000926,10.191477,15.000000,1.000000
0.000928,10.280308,15.000000,1.000000
0.000930,10.369129,15.000000,1.000000
0.000932,10.457940,15.000000,1.000000
0.000934,10.546741,15.000000,1.000000
0.000936,10.635532,15.000000,1.000000
0.000938,10.724314,15.000000,1.000000
0.000940,10.813085,15.000000,1.000000
0.000942,10.901846,15.000000,1.000000
0.000944,10.990597,15.000000,1.000000
0.000946,11.079338,15.000000,1.000000
0.000948,11.168070,15.000000,1.000000
0.000950,11.256791,15.000000,1.000000
0.000952,11.345502,15.000000,1.000000
0.000954,11.434203,15.000000,1.000000
0.000956,11.522894,15.000000,1.000000
0.000958,11.611575,15.000000,1.000000
0.000960,11.700246,15.000000,1.000000
0.000962,11.788907,15.000000,1.000000
0.000964,11.877558,15.000000,1.000000
0.000966,11.966199,15.000000,1.000000
0.000968,12.054830,15.000000,1.000000
0.000970,12.143451,15.000000,1.000000
0.000972,12.232062,15.000000,1.000000
0.000974,12.320663,15.000000,1.000000
0.000976,12.409254,15.000000,1.000000
0.000978,12.497834,15.000000,1.000000
0.000980,12.586405,15.000000,1.000000
0.000982,12.674966,15.000000,1.000000
0.000984,12.763516,15.000000,1.000000
0.000986,12.852057,15.000000,1.000000
0.000988,12.940587,15.000000,1.000000
0.000990,13.029107,15.000000,1.000000
0.000992,13.117618,15.000000,1.000000
0.000994,13.206118,15.000000,1.000000
0.000996,13.294608,15.000000,1.000000
0.000998,13.383088,15.000000,1.000000
0.001000,13.471558,15.000000,1.000000
0.001002,13.560018,15.000000,1.000000
0.001004,13.648467,15.000000,1.000000
0.001006,13.736907,15.000000,1.000000
0.001008,13.825336,15.000000,1.000000
0.001010,13.913756,15.000000,1.000000
0.001012,14.002165,15.000000,1.000000
0.001014,14.090564,15.000000,1.000000
0.001016,14.178953,15.000000,1.000000
0.001018,14.267332,15.000000,1.000000
0.001020,14.355701,15.000000,1.000000
0.001022,14.444060,15.000000,1.000000
0.001024,14.532408,15.000000,1.000000
0.001026,14.620747,15.000000,1.000000
0.001028,14.709075,15.000000,1.000000
0.001030,14.797393,15.000000,1.000000
0.001032,14.885701,15.000000,1.000000
0.001034,14.973999,15.000000,1.000000
0.001036,15.062287,15.000000,1.000000
0.001038,15.150565,15.000000,1.000000
0.001040,15.238832,15.000000,1.000000
0.001042,15.327089,15.000000,1.000000
0.001044,15.415336,15.000000,1.000000
0.001046,15.503573,15.000000,1.000000
0.001048,15.591800,15.000000,1.000000
0.001050,15.680017,15.000000,1.000000
0.001052,15.768223,15.000000,1.000000
0.001054,15.856419,15.000000,1.000000
0.001056,15.944605,15.000000,1.000000
0.001058,16.032781,15.000000,1.000000
0.001060,16.120947,15.000000,1.000000
0.001062,16.209102,15.000000,1.000000
0.001064,16.297248,15.000000,1.000000
0.001066,16.385383,15.000000,1.000000
0.001068,16.473508,15.000000,1.000000
0.001070,16.561622,15.000000,1.000000
0.001072,16.649727,15.000000,1.000000
0.001074,16.737821,15.000000,1.000000
0.001076,16.825905,15.000000,1.000000
0.001078,16.913979,15.000000,1.000000
0.001080,17.002042,15.000000,1.000000
0.001082,17.090095,15.000000,1.000000
0.001084,17.178139,15.000000,1.000000
0.001086,17.266171,15.000000,1.000000
0.001088,17.354194,15.000000,1.000000
0.001090,17.442206,15.000000,1.000000
0.001092,17.530208,15.000000,1.000000
0.001094,17.618200,15.000000,1.000000
0.001096,17.706182,15.000000,1.000000
0.001098,17.794153,15.000000,1.000000
0.001100,17.792167,15.000000,1.000000
0.001102,17.790179,15.000000,1.000000
0.001104,17.788191,15.000000,1.000000
0.001106,17.786202,15.000000,1.000000
0.001108,17.784212,15.000000,1.000000
0.001110,17.782221,15.000000,1.000000
0.001112,17.780229,15.000000,1.000000
0.001114,17.778235,15.000000,1.000000
0.001116,17.776241,15.000000,1.000000
0.001118,17.774246,15.000000,1.000000
0.001120,17.772250,15.000000,1.000000
0.001122,17.770253,15.000000,1.000000
0.001124,17.768255,15.000000,1.000000
0.001126,17.766256,15.000000,1.000000
0.001128,17.764256,15.000000,1.000000
0.001130,17.762255,15.000000,1.000000
0.001132,17.760253,15.000000,1.000000
0.001134,17.758250,15.000000,1.000000
0.001136,17.756246,15.000000,1.000000
0.001138,17.754241,15.000000,1.000000
0.001140,17.752235,15.000000,1.000000
0.001142,17.750227,15.000000,1.000000
0.001144,17.748219,15.000000,1.000000
0.001146,17.746210,15.000000,1.000000
0.001148,17.744200,15.000000,1.000000
0.001150,17.742188,15.000000,1.000000
0.001152,17.740176,15.000000,1.000000
0.001154,17.738162,15.000000,1.000000
0.001156,17.736148,15.000000,1.000000
0.001158,17.734132,15.000000,1.000000
0.001160,17.732115,15.000000,1.000000
0.001162,17.730098,15.000000,1.000000
0.001164,17.728079,15.000000,1.000000
0.001166,17.726059,15.000000,1.000000
0.001168,17.724038,15.000000,1.000000
0.001170,17.722015,15.000000,1.000000
0.001172,17.719992,15.000000,1.000000
0.001174,17.717968,15.000000,1.000000
0.001176,17.715942,15.000000,1.000000
0.001178,17.713916,15.000000,1.000000
0.001180,17.711888,15.000000,1.000000
0.001182,17.709859,15.000000,1.000000
0.001184,17.707829,15.000000,1.000000
0.001186,17.705798,15.000000,1.000000
0.001188,17.703766,15.000000,1.000000
0.001190,17.701732,15.000000,1.000000
0.001192,17.699698,15.000000,1.000000
0.001194,17.697662,15.000000,1.000000
0.001196,17.695625,15.000000,1.000000
0.001198,17.693587,15.000000,1.000000
0.001200,17.691548,15.000000,1.000000
0.001202,17.689508,15.000000,1.000000
0.001204,17.687466,15.000000,1.000000
0.001206,17.685423,15.000000,1.000000
0.001208,17.683379,15.000000,1.000000
0.001210,17.681334,15.000000,1.000000
0.001212,17.679288,15.000000,1.000000
0.001214,17.677241,15.000000,1.000000
0.001216,17.675192,15.000000,1.000000
0.001218,17.673142,15.000000,1.000000
0.001220,17.671091,15.000000,1.000000
0.001222,17.669038,15.000000,1.000000
0.001224,17.666985,15.000000,1.000000
0.001226,17.664930,15.000000,1.000000
0.001228,17.662874,15.000000,1.000000
0.001230,17.660817,15.000000,1.000000
0.001232,17.658758,15.000000,1.000000
0.001234,17.656698,15.000000,1.000000
0.001236,17.654637,15.000000,1.000000
0.001238,17.652575,15.000000,1.000000
0.001240,17.650512,15.000000,1.000000
0.001242,17.648447,15.000000,1.000000
0.001244,17.646381,15.000000,1.000000
0.001246,17.644313,15.000000,1.000000
0.001248,17.642245,15.000000,1.000000
0.001250,17.640175,15.000000,1.000000
0.001252,17.638104,15.000000,1.000000
0.001254,17.636031,15.000000,1.000000
0.001256,17.633957,15.000000,1.000000
0.001258,17.631882,15.000000,1.000000
0.001260,17.629806,15.000000,1.000000
0.001262,17.627728,15.000000,1.000000
0.001264,17.625649,15.000000,1.000000
0.001266,17.623568,15.000000,1.000000
0.001268,17.621487,15.000000,1.000000
0.001270,17.619404,15.000000,1.000000
0.001272,17.617319,15.000000,1.000000
0.001274,17.615233,15.000000,1.000000
0.001276,17.613146,15.000000,1.000000
0.001278,17.611058,15.000000,1.000000
0.001280,17.608968,15.000000,1.000000
0.001282,17.606877,15.000000,1.000000
0.001284,17.604784,15.000000,1.000000
0.001286,17.602690,15.000000,1.000000
0.001288,17.600595,15.000000,1.000000
0.001290,17.598498,15.000000,1.000000
0.001292,17.596400,15.000000,1.000000
0.001294,17.594301,15.000000,1.000000
0.001296,17.592200,15.000000,1.000000
0.001298,17.590098,15.000000,1.000000
0.001300,17.587994,15.000000,1.000000
0.001302,17.585889,15.000000,1.000000
0.001304,17.583782,15.000000,1.000000
0.001306,17.581674,15.000000,1.000000
0.001308,17.579565,15.000000,1.000000
0.001310,17.577454,15.000000,1.000000
0.001312,17.575342,15.000000,1.000000
0.001314,17.573228,15.000000,1.000000
0.001316,17.571113,15.000000,1.000000
0.001318,17.568996,15.000000,1.000000
0.001320,17.566878,15.000000,1.000000
0.001322,17.564758,15.000000,1.000000
0.001324,17.562637,15.000000,1.000000
0.001326,17.560515,15.000000,1.000000
0.001328,17.558391,15.000000,1.000000
0.001330,17.556265,15.000000,1.000000
0.001332,17.554138,15.000000,1.000000
0.001334,17.552010,15.000000,1.000000
0.001336,17.549880,15.000000,1.000000
0.001338,17.547748,15.000000,1.000000
0.001340,17.545615,15.000000,1.000000
0.001342,17.543480,15.000000,1.000000
0.001344,17.541344,15.000000,1.000000
0.001346,17.539207,15.000000,1.000000
0.001348,17.537068,15.000000,1.000000
0.001350,17.534927,15.000000,1.000000
0.001352,17.532785,15.000000,1.000000
0.001354,17.530641,15.000000,1.000000
0.001356,17.528495,15.000000,1.000000
0.001358,17.526348,15.000000,1.000000
0.001360,17.524200,15.000000,1.000000
0.001362,17.522050,15.000000,1.000000
0.001364,17.519898,15.000000,1.000000
0.001366,17.517745,15.000000,1.000000
0.001368,17.515590,15.000000,1.000000
0.001370,17.513434,15.000000,1.000000
0.001372,17.511276,15.000000,1.000000
0.001374,17.509116,15.000000,1.000000
0.001376,17.506955,15.000000,1.000000
0.001378,17.504792,15.000000,1.000000
0.001380,17.502628,15.000000,1.000000
0.001382,17.500461,15.000000,1.000000
0.001384,17.498294,15.000000,1.000000
0.001386,17.496124,15.000000,1.000000
0.001388,17.493953,15.000000,1.000000
0.001390,17.491781,15.000000,1.000000
0.001392,17.489606,15.000000,1.000000
0.001394,17.487430,15.000000,1.000000
0.001396,17.485253,15.000000,1.000000
0.001398,17.483073,15.000000,1.000000
0.001400,17.480892,15.000000,1.000000
0.001402,17.478709,15.000000,1.000000
0.001404,17.476525,15.000000,1.000000
0.001406,17.474339,15.000000,1.000000
0.001408,17.472151,15.000000,1.000000
0.001410,17.469962,15.000000,1.000000
0.001412,17.467770,15.000000,1.000000
0.001414,17.465578,15.000000,1.000000
0.001416,17.463383,15.000000,1.000000
0.001418,17.461187,15.000000,1.000000
0.001420,17.458988,15.000000,1.000000
0.001422,17.456789,15.000000,1.000000
0.001424,17.454587,15.000000,1.000000
0.001426,17.452384,15.000000,1.000000
0.001428,17.450178,15.000000,1.000000
0.001430,17.447972,15.000000,1.000000
0.001432,17.445763,15.000000,1.000000
0.001434,17.443553,15.000000,1.000000
0.001436,17.441340,15.000000,1.000000
0.001438,17.439126,15.000000,1.000000
0.001440,17.436911,15.000000,1.000000
0.001442,17.434693,15.000000,1.000000
0.001444,17.432474,15.000000,1.000000
0.001446,17.430252,15.000000,1.000000
0.001448,17.428029,15.000000,1.000000
0.001450,17.425805,15.000000,1.000000
0.001452,17.423578,15.000000,1.000000
0.001454,17.421349,15.000000,1.000000
0.001456,17.419119,15.000000,1.000000
0.001458,17.416887,15.000000,1.000000
0.001460,17.414653,15.000000,1.000000
0.001462,17.412417,15.000000,1.000000
0.001464,17.410179,15.000000,1.000000
0.001466,17.407940,15.000000,1.000000
0.001468,17.405698,15.000000,1.000000
0.001470,17.403455,15.000000,1.000000
0.001472,17.401210,15.000000,1.000000
0.001474,17.398963,15.000000,1.000000
0.001476,17.396714,15.000000,1.000000
0.001478,17.394463,15.000000,1.000000
0.001480,17.392210,15.000000,1.000000
0.001482,17.389955,15.000000,1.000000
0.001484,17.387698,15.000000,1.000000
0.001486,17.385440,15.000000,1.000000
0.001488,17.383179,15.000000,1.000000
0.001490,17.380917,15.000000,1.000000
0.001492,17.378652,15.000000,1.000000
0.001494,17.376386,15.000000,1.000000
0.001496,17.374118,15.000000,1.000000
0.001498,17.371847,15.000000,1.000000
0.001500,17.369575,15.000000,1.000000
0.001502,17.367301,15.000000,1.000000
0.001504,17.365025,15.000000,1.000000
0.001506,17.362747,15.000000,1.000000
0.001508,17.360466,15.000000,1.000000
0.001510,17.358184,15.000000,1.000000
0.001512,17.355900,15.000000,1.000000
0.001514,17.353614,15.000000,1.000000
0.001516,17.351326,15.000000,1.000000
0.001518,17.349035,15.000000,1.000000
0.001520,17.346743,15.000000,1.000000
0.001522,17.344449,15.000000,1.000000
0.001524,17.342153,15.000000,1.000000
0.001526,17.339854,15.000000,1.000000
0.001528,17.337554,15.000000,1.000000
0.001530,17.335251,15.000000,1.000000
0.001532,17.332947,15.000000,1.000000
0.001534,17.330640,15.000000,1.000000
0.001536,17.328331,15.000000,1.000000
0.001538,17.326021,15.000000,1.000000
0.001540,17.323708,15.000000,1.000000
0.001542,17.321393,15.000000,1.000000
0.001544,17.319076,15.000000,1.000000
0.001546,17.316756,15.000000,1.000000
0.001548,17.314435,15.000000,1.000000
0.001550,17.312112,15.000000,1.000000
0.001552,17.309786,15.000000,1.000000
0.001554,17.307458,15.000000,1.000000
0.001556,17.305129,15.000000,1.000000
0.001558,17.302797,15.000000,1.000000
0.001560,17.300462,15.000000,1.000000
0.001562,17.298126,15.000000,1.000000
0.001564,17.295788,15.000000,1.000000
0.001566,17.293447,15.000000,1.000000
0.001568,17.291104,15.000000,1.000000
0.001570,17.288759,15.000000,1.000000
0.001572,17.286412,15.000000,1.000000
0.001574,17.284063,15.000000,1.000000
0.001576,17.281711,15.000000,1.000000
0.001578,17.279357,15.000000,1.000000
0.001580,17.277001,15.000000,1.000000
0.001582,17.274643,15.000000,1.000000
0.001584,17.272283,15.000000,1.000000
0.001586,17.269920,15.000000,1.000000
0.001588,17.267555,15.000000,1.000000
0.001590,17.265188,15.000000,1.000000
0.001592,17.262818,15.000000,1.000000
0.001594,17.260447,15.000000,1.000000
0.001596,17.258073,15.000000,1.000000
0.001598,17.255696,15.000000,1.000000
0.001600,17.253318,15.000000,1.000000
0.001602,17.250937,15.000000,1.000000
0.001604,17.248554,15.000000,1.000000
0.001606,17.246168,15.000000,1.000000
0.001608,17.243781,15.000000,1.000000
0.001610,17.241391,15.000000,1.000000
0.001612,17.238998,15.000000,1.000000
0.001614,17.236604,15.000000,1.000000
0.001616,17.234207,15.000000,1.000000
0.001618,17.231807,15.000000,1.000000
0.001620,17.229406,15.000000,1.000000
0.001622,17.227001,15.000000,1.000000
0.001624,17.224595,15.000000,1.000000
0.001626,17.222186,15.000000,1.000000
0.001628,17.219775,15.000000,1.000000
0.001630,17.217362,15.000000,1.000000
0.001632,17.214946,15.000000,1.000000
0.001634,17.212527,15.000000,1.000000
0.001636,17.210107,15.000000,1.000000
0.001638,17.207684,15.000000,1.000000
0.001640,17.205258,15.000000,1.000000
0.001642,17.202830,15.000000,1.000000
0.001644,17.200400,15.000000,1.000000
0.001646,17.197967,15.000000,1.000000
0.001648,17.195532,15.000000,1.000000
0.001650,17.193094,15.000000,1.000000
0.001652,17.190654,15.000000,1.000000
0.001654,17.188211,15.000000,1.000000
0.001656,17.185766,15.000000,1.000000
0.001658,17.183319,15.000000,1.000000
0.001660,17.180869,15.000000,1.000000
0.001662,17.178416,15.000000,1.000000
0.001664,17.175961,15.000000,1.000000
0.001666,17.173504,15.000000,1.000000
0.001668,17.171044,15.000000,1.000000
0.001670,17.168581,15.000000,1.000000
0.001672,17.166116,15.000000,1.000000
0.001674,17.163648,15.000000,1.000000
0.001676,17.161178,15.000000,1.000000
0.001678,17.158706,15.000000,1.000000
0.001680,17.156231,15.000000,1.000000
0.001682,17.153753,15.000000,1.000000
0.001684,17.151273,15.000000,1.000000
0.001686,17.148790,15.000000,1.000000
0.001688,17.146304,15.000000,1.000000
0.001690,17.143816,15.000000,1.000000
0.001692,17.141326,15.000000,1.000000
0.001694,17.138832,15.000000,1.000000
0.001696,17.136337,15.000000,1.000000
0.001698,17.133838,15.000000,1.000000
0.001700,17.131337,15.000000,1.000000
0.001702,17.128833,15.000000,1.000000
0.001704,17.126327,15.000000,1.000000
0.001706,17.123818,15.000000,1.000000
0.001708,17.121307,15.000000,1.000000
0.001710,17.118792,15.000000,1.000000
0.001712,17.116275,15.000000,1.000000
0.001714,17.113756,15.000000,1.000000
0.001716,17.111234,15.000000,1.000000
0.001718,17.108709,15.000000,1.000000
0.001720,17.106181,15.000000,1.000000
0.001722,17.103651,15.000000,1.000000
0.001724,17.101118,15.000000,1.000000
0.001726,17.098582,15.000000,1.000000
0.001728,17.096044,15.000000,1.000000
0.001730,17.093503,15.000000,1.000000
0.001732,17.090959,15.000000,1.000000
0.001734,17.088412,15.000000,1.000000
0.001736,17.085863,15.000000,1.000000
0.001738,17.083311,15.000000,1.000000
0.001740,17.080756,15.000000,1.000000
0.001742,17.078198,15.000000,1.000000
0.001744,17.075638,15.000000,1.000000
0.001746,17.073075,15.000000,1.000000
0.001748,17.070509,15.000000,1.000000
0.001750,17.067940,15.000000,1.000000
0.001752,17.065369,15.000000,1.000000
0.001754,17.062794,15.000000,1.000000
0.001756,17.060217,15.000000,1.000000
0.001758,17.057637,15.000000,1.000000
0.001760,17.055054,15.000000,1.000000
0.001762,17.052469,15.000000,1.000000
0.001764,17.049880,15.000000,1.000000
0.001766,17.047289,15.000000,1.000000
0.001768,17.044695,15.000000,1.000000
0.001770,17.042098,15.000000,1.000000
0.001772,17.039498,15.000000,1.000000
0.001774,17.036895,15.000000,1.000000
0.001776,17.034289,15.000000,1.000000
0.001778,17.031681,15.000000,1.000000
0.001780,17.029069,15.000000,1.000000
0.001782,17.026455,15.000000,1.000000
0.001784,17.023837,15.000000,1.000000
0.001786,17.021217,15.000000,1.000000
0.001788,17.018594,15.000000,1.000000
0.001790,17.015968,15.000000,1.000000
0.001792,17.013339,15.000000,1.000000
0.001794,17.010707,15.000000,1.000000
0.001796,17.008072,15.000000,1.000000
0.001798,17.005434,15.000000,1.000000
0.001800,17.002793,15.000000,1.000000
0.001802,17.000149,15.000000,1.000000
0.001804,16.997502,15.000000,1.000000
0.001806,16.994852,15.000000,1.000000
0.001808,16.992199,15.000000,1.000000
0.001810,16.989543,15.000000,1.000000
0.001812,16.986884,15.000000,1.000000
0.001814,16.984222,15.000000,1.000000
0.001816,16.981558,15.000000,1.000000
0.001818,16.978889,15.000000,1.000000
0.001820,16.976218,15.000000,1.000000
0.001822,16.973544,15.000000,1.000000
0.001824,16.970867,15.000000,1.000000
0.001826,16.968187,15.000000,1.000000
0.001828,16.965503,15.000000,1.000000
0.001830,16.962817,15.000000,1.000000
0.001832,16.960128,15.000000,1.000000
0.001834,16.957435,15.000000,1.000000
0.001836,16.954739,15.000000,1.000000
0.001838,16.952040,15.000000,1.000000
0.001840,16.949338,15.000000,1.000000
0.001842,16.946633,15.000000,1.000000
0.001844,16.943925,15.000000,1.000000
0.001846,16.941214,15.000000,1.000000
0.001848,16.938499,15.000000,1.000000
0.001850,16.935781,15.000000,1.000000
0.001852,16.933060,15.000000,1.000000
0.001854,16.930336,15.000000,1.000000
0.001856,16.927609,15.000000,1.000000
0.001858,16.924879,15.000000,1.000000
0.001860,16.922145,15.000000,1.000000
0.001862,16.919408,15.000000,1.000000
0.001864,16.916668,15.000000,1.000000
0.001866,16.913925,15.000000,1.000000
0.001868,16.911178,15.000000,1.000000
0.001870,16.908428,15.000000,1.000000
0.001872,16.905675,15.000000,1.000000
0.001874,16.902919,15.000000,1.000000
0.001876,16.900160,15.000000,1.000000
0.001878,16.897397,15.000000,1.000000
0.001880,16.894631,15.000000,1.000000
0.001882,16.891861,15.000000,1.000000
0.001884,16.889089,15.000000,1.000000
0.001886,16.886313,15.000000,1.000000
0.001888,16.883534,15.000000,1.000000
0.001890,16.880751,15.000000,1.000000
0.001892,16.877965,15.000000,1.000000
0.001894,16.875176,15.000000,1.000000
0.001896,16.872383,15.000000,1.000000
0.001898,16.869587,15.000000,1.000000
0.001900,16.866788,15.000000,1.000000
0.001902,16.863986,15.000000,1.000000
0.001904,16.861180,15.000000,1.000000
0.001906,16.858370,15.000000,1.000000
0.001908,16.855557,15.000000,1.000000
0.001910,16.852741,15.000000,1.000000
0.001912,16.849922,15.000000,1.000000
0.001914,16.847099,15.000000,1.000000
0.001916,16.844272,15.000000,1.000000
0.001918,16.841442,15.000000,1.000000
0.001920,16.838609,15.000000,1.000000
0.001922,16.835772,15.000000,1.000000
0.001924,16.832932,15.000000,1.000000
0.001926,16.830089,15.000000,1.000000
0.001928,16.827242,15.000000,1.000000
0.001930,16.824391,15.000000,1.000000
0.001932,16.821537,15.000000,1.000000
0.001934,16.818680,15.000000,1.000000
0.001936,16.815819,15.000000,1.000000
0.001938,16.812954,15.000000,1.000000
0.001940,16.810086,15.000000,1.000000
0.001942,16.807214,15.000000,1.000000
0.001944,16.804339,15.000000,1.000000
0.001946,16.801461,15.000000,1.000000
0.001948,16.798579,15.000000,1.000000
0.001950,16.795693,15.000000,1.000000
0.001952,16.792804,15.000000,1.000000
0.001954,16.789911,15.000000,1.000000
0.001956,16.787014,15.000000,1.000000
0.001958,16.784114,15.000000,1.000000
0.001960,16.781211,15.000000,1.000000
0.001962,16.778303,15.000000,1.000000
0.001964,16.775393,15.000000,1.000000
0.001966,16.772478,15.000000,1.000000
0.001968,16.769560,15.000000,1.000000
0.001970,16.766638,15.000000,1.000000
0.001972,16.763713,15.000000,1.000000
0.001974,16.760784,15.000000,1.000000
0.001976,16.757851,15.000000,1.000000
0.001978,16.754915,15.000000,1.000000
0.001980,16.751975,15.000000,1.000000
0.001982,16.749031,15.000000,1.000000
0.001984,16.746084,15.000000,1.000000
0.001986,16.743133,15.000000,1.000000
0.001988,16.740178,15.000000,1.000000
0.001990,16.737220,15.000000,1.000000
0.001992,16.734258,15.000000,1.000000
0.001994,16.731292,15.000000,1.000000
0.001996,16.728322,15.000000,1.000000
0.001998,16.725349,15.000000,1.000000
0.002000,16.722371,15.000000,1.000000
0.002002,16.719390,15.000000,1.000000
0.002004,16.716406,15.000000,1.000000
0.002006,16.713417,15.000000,1.000000
0.002008,16.710425,15.000000,1.000000
0.002010,16.707429,15.000000,1.000000
0.002012,16.704429,15.000000,1.000000
0.002014,16.701425,15.000000,1.000000
0.002016,16.698418,15.000000,1.000000
0.002018,16.695406,15.000000,1.000000
0.002020,16.692391,15.000000,1.000000
0.002022,16.689372,15.000000,1.000000
0.002024,16.686349,15.000000,1.000000
0.002026,16.683322,15.000000,1.000000
0.002028,16.680292,15.000000,1.000000
0.002030,16.677257,15.000000,1.000000
0.002032,16.674219,15.000000,1.000000
0.002034,16.671176,15.000000,1.000000
0.002036,16.668130,15.000000,1.000000
0.002038,16.665080,15.000000,1.000000
0.002040,16.662026,15.000000,1.000000
0.002042,16.658968,15.000000,1.000000
0.002044,16.655906,15.000000,1.000000
0.002046,16.652840,15.000000,1.000000
0.002048,16.649771,15.000000,1.000000
0.002050,16.646697,15.000000,1.000000
0.002052,16.643619,15.000000,1.000000
0.002054,16.640537,15.000000,1.000000
0.002056,16.637452,15.000000,1.000000
0.002058,16.634362,15.000000,1.000000
0.002060,16.631268,15.000000,1.000000
0.002062,16.628170,15.000000,1.000000
0.002064,16.625069,15.000000,1.000000
0.002066,16.621963,15.000000,1.000000
0.002068,16.618853,15.000000,1.000000
0.002070,16.615739,15.000000,1.000000
0.002072,16.612621,15.000000,1.000000
0.002074,16.609499,15.000000,1.000000
0.002076,16.606373,15.000000,1.000000
0.002078,16.603243,15.000000,1.000000
0.002080,16.600109,15.000000,1.000000
0.002082,16.596970,15.000000,1.000000
0.002084,16.593828,15.000000,1.000000
0.002086,16.590681,15.000000,1.000000
0.002088,16.587530,15.000000,1.000000
0.002090,16.584376,15.000000,1.000000
0.002092,16.581217,15.000000,1.000000
0.002094,16.578054,15.000000,1.000000
0.002096,16.574886,15.000000,1.000000
0.002098,16.571715,15.000000,1.000000
0.002100,16.568539,15.000000,1.000000
0.002102,16.565359,15.000000,1.000000
0.002104,16.562175,15.000000,1.000000
0.002106,16.558987,15.000000,1.000000
0.002108,16.555795,15.000000,1.000000
0.002110,16.552598,15.000000,1.000000
0.002112,16.549397,15.000000,1.000000
0.002114,16.546192,15.000000,1.000000
0.002116,16.542983,15.000000,1.000000
0.002118,16.539769,15.000000,1.000000
0.002120,16.536551,15.000000,1.000000
0.002122,16.533329,15.000000,1.000000
0.002124,16.530103,15.000000,1.000000
0.002126,16.526872,15.000000,1.000000
0.002128,16.523637,15.000000,1.000000
0.002130,16.520398,15.000000,1.000000
0.002132,16.517154,15.000000,1.000000
0.002134,16.513906,15.000000,1.000000
0.002136,16.510654,15.000000,1.000000
0.002138,16.507397,15.000000,1.000000
0.002140,16.504136,15.000000,1.000000
0.002142,16.500871,15.000000,1.000000
0.002144,16.497601,15.000000,1.000000
0.002146,16.494327,15.000000,1.000000
0.002148,16.491049,15.000000,1.000000
0.002150,16.487766,15.000000,1.000000
0.002152,16.484479,15.000000,1.000000
0.002154,16.481187,15.000000,1.000000
0.002156,16.477891,15.000000,1.000000
0.002158,16.474590,15.000000,1.000000
0.002160,16.471285,15.000000,1.000000
0.002162,16.467976,15.000000,1.000000
0.002164,16.464662,15.000000,1.000000
0.002166,16.461344,15.000000,1.000000
0.002168,16.458021,15.000000,1.000000
0.002170,16.454694,15.000000,1.000000
0.002172,16.451362,15.000000,1.000000
0.002174,16.448026,15.000000,1.000000
0.002176,16.444685,15.000000,1.000000
0.002178,16.441340,15.000000,1.000000
0.002180,16.437990,15.000000,1.000000
0.002182,16.434636,15.000000,1.000000
0.002184,16.431277,15.000000,1.000000
0.002186,16.427914,15.000000,1.000000
0.002188,16.424546,15.000000,1.000000
0.002190,16.421173,15.000000,1.000000
0.002192,16.417796,15.000000,1.000000
0.002194,16.414414,15.000000,1.000000
0.002196,16.411028,15.000000,1.000000
0.002198,16.407637,15.000000,1.000000
0.002200,16.404242,15.000000,1.000000
0.002202,16.400842,15.000000,1.000000
0.002204,16.397437,15.000000,1.000000
0.002206,16.394028,15.000000,1.000000
0.002208,16.390614,15.000000,1.000000
0.002210,16.387195,15.000000,1.000000
0.002212,16.383771,15.000000,1.000000
0.002214,16.380343,15.000000,1.000000
0.002216,16.376911,15.000000,1.000000
0.002218,16.373473,15.000000,1.000000
0.002220,16.370031,15.000000,1.000000
0.002222,16.366584,15.000000,1.000000
0.002224,16.363133,15.000000,1.000000
0.002226,16.359677,15.000000,1.000000
0.002228,16.356216,15.000000,1.000000
0.002230,16.352750,15.000000,1.000000
0.002232,16.349279,15.000000,1.000000
0.002234,16.345804,15.000000,1.000000
0.002236,16.342324,15.000000,1.000000
0.002238,16.338839,15.000000,1.000000
0.002240,16.335350,15.000000,1.000000
0.002242,16.331855,15.000000,1.000000
0.002244,16.328356,15.000000,1.000000
0.002246,16.324852,15.000000,1.000000
0.002248,16.321343,15.000000,1.000000
0.002250,16.317830,15.000000,1.000000
0.002252,16.314311,15.000000,1.000000
0.002254,16.310788,15.000000,1.000000
0.002256,16.307259,15.000000,1.000000
0.002258,16.303726,15.000000,1.000000
0.002260,16.300188,15.000000,1.000000
0.002262,16.296645,15.000000,1.000000
0.002264,16.293098,15.000000,1.000000
0.002266,16.289545,15.000000,1.000000
0.002268,16.285987,15.000000,1.000000
0.002270,16.282425,15.000000,1.000000
0.002272,16.278857,15.000000,1.000000
0.002274,16.275285,15.000000,1.000000
0.002276,16.271708,15.000000,1.000000
0.002278,16.268125,15.000000,1.000000
0.002280,16.264538,15.000000,1.000000
0.002282,16.260946,15.000000,1.000000
0.002284,16.257349,15.000000,1.000000
0.002286,16.253746,15.000000,1.000000
0.002288,16.250139,15.000000,1.000000
0.002290,16.246527,15.000000,1.000000
0.002292,16.242910,15.000000,1.000000
0.002294,16.239287,15.000000,1.000000
0.002296,16.235660,15.000000,1.000000
0.002298,16.232027,15.000000,1.000000
0.002300,16.228390,15.000000,1.000000
0.002302,16.224747,15.000000,1.000000
0.002304,16.221100,15.000000,1.000000
0.002306,16.217447,15.000000,1.000000
0.002308,16.213789,15.000000,1.000000
0.002310,16.210126,15.000000,1.000000
0.002312,16.206458,15.000000,1.000000
0.002314,16.202785,15.000000,1.000000
0.002316,16.199107,15.000000,1.000000
0.002318,16.195424,15.000000,1.000000
0.002320,16.191735,15.000000,1.000000
0.002322,16.188041,15.000000,1.000000
0.002324,16.184342,15.000000,1.000000
0.002326,16.180638,15.000000,1.000000
0.002328,16.176929,15.000000,1.000000
0.002330,16.173215,15.000000,1.000000
0.002332,16.169495,15.000000,1.000000
0.002334,16.165770,15.000000,1.000000
0.002336,16.162040,15.000000,1.000000
0.002338,16.158305,15.000000,1.000000
0.002340,16.154564,15.000000,1.000000
0.002342,16.150818,15.000000,1.000000
0.002344,16.147067,15.000000,1.000000
0.002346,16.143311,15.000000,1.000000
0.002348,16.139549,15.000000,1.000000
0.002350,16.135782,15.000000,1.000000
0.002352,16.132010,15.000000,1.000000
0.002354,16.128233,15.000000,1.000000
0.002356,16.124450,15.000000,1.000000
0.002358,16.120662,15.000000,1.000000
0.002360,16.116868,15.000000,1.000000
0.002362,16.113069,15.000000,1.000000
0.002364,16.109265,15.000000,1.000000
0.002366,16.105456,15.000000,1.000000
0.002368,16.101641,15.000000,1.000000
0.002370,16.097820,15.000000,1.000000
0.002372,16.093995,15.000000,1.000000
0.002374,16.090164,15.000000,1.000000
0.002376,16.086327,15.000000,1.000000
0.002378,16.082485,15.000000,1.000000
0.002380,16.078638,15.000000,1.000000
0.002382,16.074785,15.000000,1.000000
0.002384,16.070927,15.000000,1.000000
0.002386,16.067063,15.000000,1.000000
0.002388,16.063194,15.000000,1.000000
0.002390,16.059320,15.000000,1.000000
0.002392,16.055440,15.000000,1.000000
0.002394,16.051554,15.000000,1.000000
0.002396,16.047663,15.000000,1.000000
0.002398,16.043767,15.000000,1.000000
0.002400,16.039864,15.000000,1.000000
0.002402,16.035957,15.000000,1.000000
0.002404,16.032044,15.000000,1.000000
0.002406,16.028125,15.000000,1.000000
0.002408,16.024201,15.000000,1.000000
0.002410,16.020271,15.000000,1.000000
0.002412,16.016336,15.000000,1.000000
0.002414,16.012395,15.000000,1.000000
0.002416,16.008448,15.000000,1.000000
0.002418,16.004496,15.000000,1.000000
0.002420,16.000539,15.000000,1.000000
0.002422,15.996575,15.000000,1.000000
0.002424,15.992606,15.000000,1.000000
0.002426,15.988632,15.000000,1.000000
0.002428,15.984652,15.000000,1.000000
0.002430,15.980666,15.000000,1.000000
0.002432,15.976674,15.000000,1.000000
0.002434,15.972677,15.000000,1.000000
0.002436,15.968674,15.000000,1.000000
0.002438,15.964666,15.000000,1.000000
0.002440,15.960651,15.000000,1.000000
0.002442,15.956631,15.000000,1.000000
0.002444,15.952606,15.000000,1.000000
0.002446,15.948574,15.000000,1.000000
0.002448,15.944537,15.000000,1.000000
0.002450,15.940494,15.000000,1.000000
0.002452,15.936446,15.000000,1.000000
0.002454,15.932391,15.000000,1.000000
0.002456,15.928331,15.000000,1.000000
0.002458,15.924265,15.000000,1.000000
0.002460,15.920193,15.000000,1.000000
0.002462,15.916116,15.000000,1.000000
0.002464,15.912032,15.000000,1.000000
0.002466,15.907943,15.000000,1.000000
0.002468,15.903848,15.000000,1.000000
0.002470,15.899747,15.000000,1.000000
0.002472,15.895641,15.000000,1.000000
0.002474,15.891528,15.000000,1.000000
0.002476,15.887410,15.000000,1.000000
0.002478,15.883286,15.000000,1.000000
0.002480,15.879155,15.000000,1.000000
0.002482,15.875019,15.000000,1.000000
0.002484,15.870878,15.000000,1.000000
0.002486,15.866730,15.000000,1.000000
0.002488,15.862576,15.000000,1.000000
0.002490,15.858416,15.000000,1.000000
0.002492,15.854251,15.000000,1.000000
0.002494,15.850079,15.000000,1.000000
0.002496,15.845902,15.000000,1.000000
0.002498,15.841718,15.000000,1.000000
0.002500,15.837529,15.000000,1.000000
0.002502,15.833333,15.000000,1.000000
0.002504,15.829132,15.000000,1.000000
0.002506,15.824925,15.000000,1.000000
0.002508,15.820711,15.000000,1.000000
0.002510,15.816492,15.000000,1.000000
0.002512,15.812266,15.000000,1.000000
0.002514,15.808035,15.000000,1.000000
0.002516,15.803797,15.000000,1.000000
0.002518,15.799554,15.000000,1.000000
0.002520,15.795304,15.000000,1.000000
0.002522,15.791048,15.000000,1.000000
0.002524,15.786787,15.000000,1.000000
0.002526,15.782519,15.000000,1.000000
0.002528,15.778245,15.000000,1.000000
0.002530,15.773965,15.000000,1.000000
0.002532,15.769679,15.000000,1.000000
0.002534,15.765386,15.000000,1.000000
0.002536,15.761088,15.000000,1.000000
0.002538,15.756783,15.000000,1.000000
0.002540,15.752472,15.000000,1.000000
0.002542,15.748156,15.000000,1.000000
0.002544,15.743832,15.000000,1.000000
0.002546,15.739503,15.000000,1.000000
0.002548,15.735168,15.000000,1.000000
0.002550,15.730826,15.000000,1.000000
0.002552,15.726478,15.000000,1.000000
0.002554,15.722124,15.000000,1.000000
0.002556,15.717764,15.000000,1.000000
0.002558,15.713397,15.000000,1.000000
0.002560,15.709025,15.000000,1.000000
0.002562,15.704646,15.000000,1.000000
0.002564,15.700260,15.000000,1.000000
0.002566,15.695869,15.000000,1.000000
0.002568,15.691471,15.000000,1.000000
0.002570,15.687067,15.000000,1.000000
0.002572,15.682657,15.000000,1.000000
0.002574,15.678240,15.000000,1.000000
0.002576,15.673817,15.000000,1.000000
0.002578,15.669388,15.000000,1.000000
0.002580,15.664952,15.000000,1.000000
0.002582,15.660510,15.000000,1.000000
0.002584,15.656062,15.000000,1.000000
0.002586,15.651607,15.000000,1.000000
0.002588,15.647146,15.000000,1.000000
0.002590,15.642679,15.000000,1.000000
0.002592,15.638205,15.000000,1.000000
0.002594,15.633725,15.000000,1.000000
0.002596,15.629238,15.000000,1.000000
0.002598,15.624745,15.000000,1.000000
0.002600,15.620245,15.000000,1.000000
0.002602,15.615740,15.000000,1.000000
0.002604,15.611227,15.000000,1.000000
0.002606,15.606709,15.000000,1.000000
0.002608,15.602183,15.000000,1.000000
0.002610,15.597652,15.000000,1.000000
0.002612,15.593114,15.000000,1.000000
0.002614,15.588569,15.000000,1.000000
0.002616,15.584018,15.000000,1.000000
0.002618,15.579460,15.000000,1.000000
0.002620,15.574896,15.000000,1.000000
0.002622,15.570325,15.000000,1.000000
0.002624,15.565748,15.000000,1.000000
0.002626,15.561165,15.000000,1.000000
0.002628,15.556574,15.000000,1.000000
0.002630,15.551978,15.000000,1.000000
0.002632,15.547374,15.000000,1.000000
0.002634,15.542764,15.000000,1.000000
0.002636,15.538148,15.000000,1.000000
0.002638,15.533525,15.000000,1.000000
0.002640,15.528895,15.000000,1.000000
0.002642,15.524259,15.000000,1.000000
0.002644,15.519616,15.000000,1.000000
0.002646,15.514967,15.000000,1.000000
0.002648,15.510310,15.000000,1.000000
0.002650,15.505648,15.000000,1.000000
0.002652,15.500978,15.000000,1.000000
0.002654,15.496302,15.000000,1.000000
0.002656,15.491620,15.000000,1.000000
0.002658,15.486930,15.000000,1.000000
0.002660,15.482234,15.000000,1.000000
0.002662,15.477531,15.000000,1.000000
0.002664,15.472822,15.000000,1.000000
0.002666,15.468106,15.000000,1.000000
0.002668,15.463383,15.000000,1.000000
0.002670,15.458653,15.000000,1.000000
0.002672,15.453917,15.000000,1.000000
0.002674,15.449174,15.000000,1.000000
0.002676,15.444424,15.000000,1.000000
0.002678,15.439667,15.000000,1.000000
0.002680,15.434904,15.000000,1.000000
0.002682,15.430134,15.000000,1.000000
0.002684,15.425357,15.000000,1.000000
0.002686,15.420573,15.000000,1.000000
0.002688,15.415783,15.000000,1.000000
0.002690,15.410986,15.000000,1.000000
0.002692,15.406182,15.000000,1.000000
0.002694,15.401371,15.000000,1.000000
0.002696,15.396553,15.000000,1.000000
0.002698,15.391728,15.000000,1.000000
0.002700,15.386897,15.000000,1.000000
0.002702,15.382058,15.000000,1.000000
0.002704,15.377213,15.000000,1.000000
0.002706,15.372361,15.000000,1.000000
0.002708,15.367502,15.000000,1.000000
0.002710,15.362637,15.000000,1.000000
0.002712,15.357764,15.000000,1.000000
0.002714,15.352884,15.000000,1.000000
0.002716,15.347998,15.000000,1.000000
0.002718,15.343104,15.000000,1.000000
0.002720,15.338204,15.000000,1.000000
0.002722,15.333296,15.000000,1.000000
0.002724,15.328382,15.000000,1.000000
0.002726,15.323461,15.000000,1.000000
0.002728,15.318533,15.000000,1.000000
0.002730,15.313597,15.000000,1.000000
0.002732,15.308655,15.000000,1.000000
0.002734,15.303706,15.000000,1.000000
0.002736,15.298750,15.000000,1.000000
0.002738,15.293787,15.000000,1.000000
0.002740,15.288817,15.000000,1.000000
0.002742,15.283839,15.000000,1.000000
0.002744,15.278855,15.000000,1.000000
0.002746,15.273864,15.000000,1.000000
0.002748,15.268866,15.000000,1.000000
0.002750,15.263860,15.000000,1.000000
0.002752,15.258848,15.000000,1.000000
0.002754,15.253828,15.000000,1.000000
0.002756,15.248802,15.000000,1.000000
0.002758,15.243768,15.000000,1.000000
0.002760,15.238727,15.000000,1.000000
0.002762,15.233679,15.000000,1.000000
0.002764,15.228625,15.000000,1.000000
0.002766,15.223562,15.000000,1.000000
0.002768,15.218493,15.000000,1.000000
0.002770,15.213417,15.000000,1.000000
0.002772,15.208333,15.000000,1.000000
0.002774,15.203243,15.000000,1.000000
0.002776,15.198145,15.000000,1.000000
0.002778,15.193040,15.000000,1.000000
0.002780,15.187928,15.000000,1.000000
0.002782,15.182809,15.000000,1.000000
0.002784,15.177682,15.000000,1.000000
0.002786,15.172548,15.000000,1.000000
0.002788,15.167407,15.000000,1.000000
0.002790,15.162259,15.000000,1.000000
0.002792,15.157104,15.000000,1.000000
0.002794,15.151941,15.000000,1.000000
0.002796,15.146772,15.000000,1.000000
0.002798,15.141595,15.000000,1.000000
0.002800,15.136410,15.000000,1.000000
0.002802,15.131219,15.000000,1.000000
0.002804,15.126020,15.000000,1.000000
0.002806,15.120814,15.000000,1.000000
0.002808,15.115601,15.000000,1.000000
0.002810,15.110380,15.000000,1.000000
0.002812,15.105152,15.000000,1.000000
0.002814,15.099917,15.000000,1.000000
0.002816,15.094674,15.000000,1.000000
0.002818,15.089424,15.000000,1.000000
0.002820,15.084167,15.000000,1.000000
0.002822,15.078903,15.000000,1.000000
0.002824,15.073631,15.000000,1.000000
0.002826,15.068352,15.000000,1.000000
0.002828,15.063065,15.000000,1.000000
0.002830,15.057771,15.000000,1.000000
0.002832,15.052470,15.000000,1.000000
0.002834,15.047161,15.000000,1.000000
0.002836,15.041845,15.000000,1.000000
0.002838,15.036522,15.000000,1.000000
0.002840,15.031191,15.000000,1.000000
0.002842,15.025852,15.000000,1.000000
0.002844,15.020507,15.000000,1.000000
0.002846,15.015154,15.000000,1.000000
0.002848,15.009793,15.000000,1.000000
0.002850,15.004425,15.000000,1.000000
0.002852,14.999050,15.000000,1.000000
0.002854,14.993667,15.000000,1.000000
0.002856,14.988277,15.000000,1.000000
0.002858,14.982879,15.000000,1.000000
0.002860,14.977474,15.000000,1.000000
0.002862,14.972061,15.000000,1.000000
0.002864,14.966641,15.000000,1.000000
0.002866,14.961213,15.000000,1.000000
0.002868,14.955778,15.000000,1.000000
0.002870,14.950335,15.000000,1.000000
0.002872,14.944885,15.000000,1.000000
0.002874,14.939427,15.000000,1.000000
0.002876,14.933962,15.000000,1.000000
0.002878,14.928489,15.000000,1.000000
0.002880,14.923009,15.000000,1.000000
0.002882,14.917521,15.000000,1.000000
0.002884,14.912026,15.000000,1.000000
0.002886,14.906523,15.000000,1.000000
0.002888,14.901012,15.000000,1.000000
0.002890,14.895494,15.000000,1.000000
0.002892,14.889969,15.000000,1.000000
0.002894,14.884435,15.000000,1.000000
0.002896,14.878894,15.000000,1.000000
0.002898,14.873346,15.000000,1.000000
0.002900,14.954066,15.000000,1.000000
0.002902,15.034775,15.000000,1.000000
0.002904,15.115473,15.000000,1.000000
0.002906,15.196160,15.000000,1.000000
0.002908,15.276836,15.000000,1.000000
0.002910,15.357502,15.000000,1.000000
0.002912,15.438156,15.000000,1.000000
0.002914,15.518800,15.000000,1.000000
0.002916,15.599432,15.000000,1.000000
0.002918,15.680053,15.000000,1.000000
0.002920,15.760662,15.000000,1.000000
0.002922,15.841260,15.000000,1.000000
0.002924,15.921847,15.000000,1.000000
0.002926,16.002423,15.000000,1.000000
0.002928,16.082986,15.000000,1.000000
0.002930,16.163538,15.000000,1.000000
0.002932,16.244079,15.000000,1.000000
0.002934,16.324608,15.000000,1.000000
0.002936,16.405124,15.000000,1.000000
0.002938,16.485629,15.000000,1.000000
0.002940,16.566122,15.000000,1.000000
0.002942,16.646603,15.000000,1.000000
0.002944,16.727072,15.000000,1.000000
0.002946,16.807529,15.000000,1.000000
0.002948,16.887974,15.000000,1.000000
0.002950,16.968406,15.000000,1.000000
0.002952,17.048826,15.000000,1.000000
0.002954,17.129234,15.000000,1.000000
0.002956,17.209629,15.000000,1.000000
0.002958,17.290012,15.000000,1.000000
0.002960,17.370382,15.000000,1.000000
0.002962,17.450739,15.000000,1.000000
0.002964,17.531084,15.000000,1.000000
0.002966,17.611416,15.000000,1.000000
0.002968,17.691735,15.000000,1.000000
0.002970,17.772042,15.000000,1.000000
0.002972,17.852335,15.000000,1.000000
0.002974,17.932615,15.000000,1.000000
0.002976,18.012883,15.000000,1.000000
0.002978,18.093137,15.000000,1.000000
0.002980,18.173378,15.000000,1.000000
0.002982,18.253605,15.000000,1.000000
0.002984,18.333820,15.000000,1.000000
0.002986,18.414021,15.000000,1.000000
0.002988,18.494208,15.000000,1.000000
0.002990,18.574382,15.000000,1.000000
0.002992,18.654542,15.000000,1.000000
0.002994,18.734689,15.000000,1.000000
0.002996,18.814822,15.000000,1.000000
0.002998,18.894942,15.000000,1.000000
0.003000,18.887977,15.000000,1.000000
0.003002,18.881003,15.000000,1.000000
0.003004,18.874019,15.000000,1.000000
0.003006,18.867025,15.000000,1.000000
0.003008,18.860023,15.000000,1.000000
0.003010,18.853010,15.000000,1.000000
0.003012,18.845988,15.000000,1.000000
0.003014,18.838957,15.000000,1.000000
0.003016,18.831916,15.000000,1.000000
0.003018,18.824865,15.000000,1.000000
0.003020,18.817805,15.000000,1.000000
0.003022,18.810735,15.000000,1.000000
0.003024,18.803656,15.000000,1.000000
0.003026,18.796567,15.000000,1.000000
0.003028,18.789468,15.000000,1.000000
0.003030,18.782360,15.000000,1.000000
0.003032,18.775242,15.000000,1.000000
0.003034,18.768115,15.000000,1.000000
0.003036,18.760978,15.000000,1.000000
0.003038,18.753831,15.000000,1.000000
0.003040,18.746675,15.000000,1.000000
0.003042,18.739508,15.000000,1.000000
0.003044,18.732333,15.000000,1.000000
0.003046,18.725147,15.000000,1.000000
0.003048,18.717952,15.000000,1.000000
0.003050,18.710747,15.000000,1.000000
0.003052,18.703533,15.000000,1.000000
0.003054,18.696309,15.000000,1.000000
0.003056,18.689075,15.000000,1.000000
0.003058,18.681831,15.000000,1.000000
0.003060,18.674577,15.000000,1.000000
0.003062,18.667314,15.000000,1.000000
0.003064,18.660041,15.000000,1.000000
0.003066,18.652758,15.000000,1.000000
0.003068,18.645466,15.000000,1.000000
0.003070,18.638163,15.000000,1.000000
0.003072,18.630851,15.000000,1.000000
0.003074,18.623529,15.000000,1.000000
0.003076,18.616198,15.000000,1.000000
0.003078,18.608856,15.000000,1.000000
0.003080,18.601505,15.000000,1.000000
0.003082,18.594144,15.000000,1.000000
0.003084,18.586772,15.000000,1.000000
0.003086,18.579392,15.000000,1.000000
0.003088,18.572001,15.000000,1.000000
0.003090,18.564600,15.000000,1.000000
0.003092,18.557190,15.000000,1.000000
0.003094,18.549769,15.000000,1.000000
0.003096,18.542339,15.000000,1.000000
0.003098,18.534899,15.000000,1.000000
0.003100,18.527449,15.000000,1.000000
0.003102,18.519989,15.000000,1.000000
0.003104,18.512519,15.000000,1.000000
0.003106,18.505039,15.000000,1.000000
0.003108,18.497549,15.000000,1.000000
0.003110,18.490049,15.000000,1.000000
0.003112,18.482539,15.000000,1.000000
0.003114,18.475020,15.000000,1.000000
0.003116,18.467490,15.000000,1.000000
0.003118,18.459950,15.000000,1.000000
0.003120,18.452401,15.000000,1.000000
0.003122,18.444841,15.000000,1.000000
0.003124,18.437272,15.000000,1.000000
0.003126,18.429692,15.000000,1.000000
0.003128,18.422102,15.000000,1.000000
0.003130,18.414503,15.000000,1.000000
0.003132,18.406893,15.000000,1.000000
0.003134,18.399273,15.000000,1.000000
0.003136,18.391644,15.000000,1.000000
0.003138,18.384004,15.000000,1.000000
0.003140,18.376354,15.000000,1.000000
0.003142,18.368694,15.000000,1.000000
0.003144,18.361024,15.000000,1.000000
0.003146,18.353344,15.000000,1.000000
0.003148,18.345654,15.000000,1.000000
0.003150,18.337954,15.000000,1.000000
0.003152,18.330244,15.000000,1.000000
0.003154,18.322523,15.000000,1.000000
0.003156,18.314793,15.000000,1.000000
0.003158,18.307052,15.000000,1.000000
0.003160,18.299301,15.000000,1.000000
0.003162,18.291540,15.000000,1.000000
0.003164,18.283769,15.000000,1.000000
0.003166,18.275988,15.000000,1.000000
0.003168,18.268197,15.000000,1.000000
0.003170,18.260395,15.000000,1.000000
0.003172,18.252584,15.000000,1.000000
0.003174,18.244762,15.000000,1.000000
0.003176,18.236930,15.000000,1.000000
0.003178,18.229088,15.000000,1.000000
0.003180,18.221235,15.000000,1.000000
0.003182,18.213373,15.000000,1.000000
0.003184,18.205500,15.000000,1.000000
0.003186,18.197617,15.000000,1.000000
0.003188,18.189724,15.000000,1.000000
0.003190,18.181821,15.000000,1.000000
0.003192,18.173907,15.000000,1.000000
0.003194,18.165983,15.000000,1.000000
0.003196,18.158049,15.000000,1.000000
0.003198,18.150105,15.000000,1.000000
0.003200,18.142150,15.000000,1.000000
0.003202,18.134186,15.000000,1.000000
0.003204,18.126210,15.000000,1.000000
0.003206,18.118225,15.000000,1.000000
0.003208,18.110230,15.000000,1.000000
0.003210,18.102224,15.000000,1.000000
0.003212,18.094208,15.000000,1.000000
0.003214,18.086181,15.000000,1.000000
0.003216,18.078144,15.000000,1.000000
0.003218,18.070097,15.000000,1.000000
0.003220,18.062040,15.000000,1.000000
0.003222,18.053972,15.000000,1.000000
0.003224,18.045894,15.000000,1.000000
0.003226,18.037806,15.000000,1.000000
0.003228,18.029708,15.000000,1.000000
0.003230,18.021599,15.000000,1.000000
0.003232,18.013479,15.000000,1.000000
0.003234,18.005350,15.000000,1.000000
0.003236,17.997210,15.000000,1.000000
0.003238,17.989059,15.000000,1.000000
0.003240,17.980899,15.000000,1.000000
0.003242,17.972728,15.000000,1.000000
0.003244,17.964546,15.000000,1.000000
0.003246,17.956355,15.000000,1.000000
0.003248,17.948153,15.000000,1.000000
0.003250,17.939940,15.000000,1.000000
0.003252,17.931717,15.000000,1.000000
0.003254,17.923484,15.000000,1.000000
0.003256,17.915240,15.000000,1.000000
0.003258,17.906986,15.000000,1.000000
0.003260,17.898722,15.000000,1.000000
0.003262,17.890447,15.000000,1.000000
0.003264,17.882162,15.000000,1.000000
0.003266,17.873866,15.000000,1.000000
0.003268,17.865560,15.000000,1.000000
0.003270,17.857244,15.000000,1.000000
0.003272,17.848917,15.000000,1.000000
0.003274,17.840579,15.000000,1.000000
0.003276,17.832232,15.000000,1.000000
0.003278,17.823874,15.000000,1.000000
0.003280,17.815505,15.000000,1.000000
0.003282,17.807126,15.000000,1.000000
0.003284,17.798736,15.000000,1.000000
0.003286,17.790336,15.000000,1.000000
0.003288,17.781926,15.000000,1.000000
0.003290,17.773505,15.000000,1.000000
0.003292,17.765074,15.000000,1.000000
0.003294,17.756632,15.000000,1.000000
0.003296,17.748179,15.000000,1.000000
0.003298,17.739717,15.000000,1.000000
0.003300,17.731244,15.000000,1.000000
0.003302,17.722760,15.000000,1.000000
0.003304,17.714266,15.000000,1.000000
0.003306,17.705761,15.000000,1.000000
0.003308,17.697246,15.000000,1.000000
0.003310,17.688720,15.000000,1.000000
0.003312,17.680184,15.000000,1.000000
0.003314,17.671637,15.000000,1.000000
0.003316,17.663080,15.000000,1.000000
0.003318,17.654513,15.000000,1.000000
0.003320,17.645934,15.000000,1.000000
0.003322,17.637346,15.000000,1.000000
0.003324,17.628747,15.000000,1.000000
0.003326,17.620137,15.000000,1.000000
0.003328,17.611517,15.000000,1.000000
0.003330,17.602886,15.000000,1.000000
0.003332,17.594245,15.000000,1.000000
0.003334,17.585593,15.000000,1.000000
0.003336,17.576931,15.000000,1.000000
0.003338,17.568258,15.000000,1.000000
0.003340,17.559575,15.000000,1.000000
0.003342,17.550881,15.000000,1.000000
0.003344,17.542177,15.000000,1.000000
0.003346,17.533462,15.000000,1.000000
0.003348,17.524736,15.000000,1.000000
0.003350,17.516000,15.000000,1.000000
0.003352,17.507254,15.000000,1.000000
0.003354,17.498497,15.000000,1.000000
0.003356,17.489729,15.000000,1.000000
0.003358,17.480951,15.000000,1.000000
0.003360,17.472163,15.000000,1.000000
0.003362,17.463363,15.000000,1.000000
0.003364,17.454554,15.000000,1.000000
0.003366,17.445733,15.000000,1.000000
0.003368,17.436902,15.000000,1.000000
0.003370,17.428061,15.000000,1.000000
0.003372,17.419209,15.000000,1.000000
0.003374,17.410347,15.000000,1.000000
0.003376,17.401474,15.000000,1.000000
0.003378,17.392590,15.000000,1.000000
0.003380,17.383696,15.000000,1.000000
0.003382,17.374791,15.000000,1.000000
0.003384,17.365876,15.000000,1.000000
0.003386,17.356950,15.000000,1.000000
0.003388,17.348014,15.000000,1.000000
0.003390,17.339067,15.000000,1.000000
0.003392,17.330109,15.000000,1.000000
0.003394,17.321141,15.000000,1.000000
0.003396,17.312162,15.000000,1.000000
0.003398,17.303173,15.000000,1.000000
0.003400,17.294174,15.000000,1.000000
0.003402,17.285163,15.000000,1.000000
0.003404,17.276142,15.000000,1.000000
0.003406,17.267111,15.000000,1.000000
0.003408,17.258069,15.000000,1.000000
0.003410,17.249017,15.000000,1.000000
0.003412,17.239953,15.000000,1.000000
0.003414,17.230880,15.000000,1.000000
0.003416,17.221796,15.000000,1.000000
0.003418,17.212701,15.000000,1.000000
0.003420,17.203596,15.000000,1.000000
0.003422,17.194480,15.000000,1.000000
0.003424,17.185353,15.000000,1.000000
0.003426,17.176216,15.000000,1.000000
0.003428,17.167069,15.000000,1.000000
0.003430,17.157911,15.000000,1.000000
0.003432,17.148742,15.000000,1.000000
0.003434,17.139563,15.000000,1.000000
0.003436,17.130373,15.000000,1.000000
0.003438,17.121173,15.000000,1.000000
0.003440,17.111962,15.000000,1.000000
0.003442,17.102741,15.000000,1.000000
0.003444,17.093509,15.000000,1.000000
0.003446,17.084267,15.000000,1.000000
0.003448,17.075014,15.000000,1.000000
0.003450,17.065750,15.000000,1.000000
0.003452,17.056476,15.000000,1.000000
0.003454,17.047192,15.000000,1.000000
0.003456,17.037897,15.000000,1.000000
0.003458,17.028591,15.000000,1.000000
0.003460,17.019275,15.000000,1.000000
0.003462,17.009948,15.000000,1.000000
0.003464,17.000611,15.000000,1.000000
0.003466,16.991263,15.000000,1.000000
0.003468,16.981905,15.000000,1.000000
0.003470,16.972536,15.000000,1.000000
0.003472,16.963157,15.000000,1.000000
0.003474,16.953767,15.000000,1.000000
0.003476,16.944367,15.000000,1.000000
0.003478,16.934956,15.000000,1.000000
0.003480,16.925535,15.000000,1.000000
0.003482,16.916103,15.000000,1.000000
0.003484,16.906661,15.000000,1.000000
0.003486,16.897208,15.000000,1.000000
0.003488,16.887745,15.000000,1.000000
0.003490,16.878271,15.000000,1.000000
0.003492,16.868787,15.000000,1.000000
0.003494,16.859293,15.000000,1.000000
0.003496,16.849787,15.000000,1.000000
0.003498,16.840272,15.000000,1.000000
0.003500,16.830746,15.000000,1.000000
0.003502,16.821209,15.000000,1.000000
0.003504,16.811662,15.000000,1.000000
0.003506,16.802105,15.000000,1.000000
0.003508,16.792537,15.000000,1.000000
0.003510,16.782958,15.000000,1.000000
0.003512,16.773370,15.000000,1.000000
0.003514,16.763770,15.000000,1.000000
0.003516,16.754161,15.000000,1.000000
0.003518,16.744541,15.000000,1.000000
0.003520,16.734910,15.000000,1.000000
0.003522,16.725269,15.000000,1.000000
0.003524,16.715618,15.000000,1.000000
0.003526,16.705956,15.000000,1.000000
0.003528,16.696284,15.000000,1.000000
0.003530,16.686601,15.000000,1.000000
0.003532,16.676908,15.000000,1.000000
0.003534,16.667205,15.000000,1.000000
0.003536,16.657491,15.000000,1.000000
0.003538,16.647767,15.000000,1.000000
0.003540,16.638033,15.000000,1.000000
0.003542,16.628288,15.000000,1.000000
0.003544,16.618533,15.000000,1.000000
0.003546,16.608767,15.000000,1.000000
0.003548,16.598991,15.000000,1.000000
0.003550,16.589205,15.000000,1.000000
0.003552,16.579408,15.000000,1.000000
0.003554,16.569601,15.000000,1.000000
0.003556,16.559784,15.000000,1.000000
0.003558,16.549956,15.000000,1.000000
0.003560,16.540118,15.000000,1.000000
0.003562,16.530270,15.000000,1.000000
0.003564,16.520412,15.000000,1.000000
0.003566,16.510543,15.000000,1.000000
0.003568,16.500664,15.000000,1.000000
0.003570,16.490774,15.000000,1.000000
0.003572,16.480875,15.000000,1.000000
0.003574,16.470965,15.000000,1.000000
0.003576,16.461045,15.000000,1.000000
0.003578,16.451114,15.000000,1.000000
0.003580,16.441174,15.000000,1.000000
0.003582,16.431223,15.000000,1.000000
0.003584,16.421262,15.000000,1.000000
0.003586,16.411290,15.000000,1.000000
0.003588,16.401309,15.000000,1.000000
0.003590,16.391317,15.000000,1.000000
0.003592,16.381315,15.000000,1.000000
0.003594,16.371303,15.000000,1.000000
0.003596,16.361281,15.000000,1.000000
0.003598,16.351248,15.000000,1.000000
0.003600,16.341205,15.000000,1.000000
0.003602,16.331152,15.000000,1.000000
0.003604,16.321089,15.000000,1.000000
0.003606,16.311016,15.000000,1.000000
0.003608,16.300933,15.000000,1.000000
0.003610,16.290840,15.000000,1.000000
0.003612,16.280736,15.000000,1.000000
0.003614,16.270623,15.000000,1.000000
0.003616,16.260499,15.000000,1.000000
0.003618,16.250365,15.000000,1.000000
0.003620,16.240221,15.000000,1.000000
0.003622,16.230067,15.000000,1.000000
0.003624,16.219903,15.000000,1.000000
0.003626,16.209729,15.000000,1.000000
0.003628,16.199545,15.000000,1.000000
0.003630,16.189351,15.000000,1.000000
0.003632,16.179147,15.000000,1.000000
0.003634,16.168933,15.000000,1.000000
0.003636,16.158708,15.000000,1.000000
0.003638,16.148474,15.000000,1.000000
0.003640,16.138230,15.000000,1.000000
0.003642,16.127976,15.000000,1.000000
0.003644,16.117712,15.000000,1.000000
0.003646,16.107438,15.000000,1.000000
0.003648,16.097154,15.000000,1.000000
0.003650,16.086860,15.000000,1.000000
0.003652,16.076556,15.000000,1.000000
0.003654,16.066243,15.000000,1.000000
0.003656,16.055919,15.000000,1.000000
0.003658,16.045586,15.000000,1.000000
0.003660,16.035242,15.000000,1.000000
0.003662,16.024889,15.000000,1.000000
0.003664,16.014526,15.000000,1.000000
0.003666,16.004153,15.000000,1.000000
0.003668,15.993770,15.000000,1.000000
0.003670,15.983378,15.000000,1.000000
0.003672,15.972975,15.000000,1.000000
0.003674,15.962563,15.000000,1.000000
0.003676,15.952141,15.000000,1.000000
0.003678,15.941710,15.000000,1.000000
0.003680,15.931268,15.000000,1.000000
0.003682,15.920817,15.000000,1.000000
0.003684,15.910356,15.000000,1.000000
0.003686,15.899885,15.000000,1.000000
0.003688,15.889405,15.000000,1.000000
0.003690,15.878915,15.000000,1.000000
0.003692,15.868415,15.000000,1.000000
0.003694,15.857906,15.000000,1.000000
0.003696,15.847387,15.000000,1.000000
0.003698,15.836858,15.000000,1.000000
0.003700,15.826320,15.000000,1.000000
0.003702,15.815772,15.000000,1.000000
0.003704,15.805214,15.000000,1.000000
0.003706,15.794647,15.000000,1.000000
0.003708,15.784070,15.000000,1.000000
0.003710,15.773484,15.000000,1.000000
0.003712,15.762888,15.000000,1.000000
0.003714,15.752283,15.000000,1.000000
0.003716,15.741668,15.000000,1.000000
0.003718,15.731044,15.000000,1.000000
0.003720,15.720410,15.000000,1.000000
0.003722,15.709767,15.000000,1.000000
0.003724,15.699114,15.000000,1.000000
0.003726,15.688452,15.000000,1.000000
0.003728,15.677780,15.000000,1.000000
0.003730,15.667099,15.000000,1.000000
0.003732,15.656409,15.000000,1.000000
0.003734,15.645709,15.000000,1.000000
0.003736,15.635000,15.000000,1.000000
0.003738,15.624281,15.000000,1.000000
0.003740,15.613553,15.000000,1.000000
0.003742,15.602816,15.000000,1.000000
0.003744,15.592069,15.000000,1.000000
0.003746,15.581314,15.000000,1.000000
0.003748,15.570549,15.000000,1.000000
0.003750,15.559774,15.000000,1.000000
0.003752,15.548991,15.000000,1.000000
0.003754,15.538198,15.000000,1.000000
0.003756,15.527396,15.000000,1.000000
0.003758,15.516584,15.000000,1.000000
0.003760,15.505764,15.000000,1.000000
0.003762,15.494935,15.000000,1.000000
0.003764,15.484096,15.000000,1.000000
0.003766,15.473248,15.000000,1.000000
0.003768,15.462391,15.000000,1.000000
0.003770,15.451525,15.000000,1.000000
0.003772,15.440650,15.000000,1.000000
0.003774,15.429766,15.000000,1.000000
0.003776,15.418872,15.000000,1.000000
0.003778,15.407970,15.000000,1.000000
0.003780,15.397059,15.000000,1.000000
0.003782,15.386139,15.000000,1.000000
0.003784,15.375210,15.000000,1.000000
0.003786,15.364271,15.000000,1.000000
0.003788,15.353324,15.000000,1.000000
0.003790,15.342368,15.000000,1.000000
0.003792,15.331403,15.000000,1.000000
0.003794,15.320430,15.000000,1.000000
0.003796,15.309447,15.000000,1.000000
0.003798,15.298455,15.000000,1.000000
0.003800,15.287455,15.000000,1.000000
0.003802,15.276446,15.000000,1.000000
0.003804,15.265428,15.000000,1.000000
0.003806,15.254401,15.000000,1.000000
0.003808,15.243366,15.000000,1.000000
0.003810,15.232322,15.000000,1.000000
0.003812,15.221269,15.000000,1.000000
0.003814,15.210208,15.000000,1.000000
0.003816,15.199137,15.000000,1.000000
0.003818,15.188058,15.000000,1.000000
0.003820,15.176971,15.000000,1.000000
0.003822,15.165875,15.000000,1.000000
0.003824,15.154770,15.000000,1.000000
0.003826,15.143657,15.000000,1.000000
0.003828,15.132535,15.000000,1.000000
0.003830,15.121405,15.000000,1.000000
0.003832,15.110266,15.000000,1.000000
0.003834,15.099119,15.000000,1.000000
0.003836,15.087963,15.000000,1.000000
0.003838,15.076799,15.000000,1.000000
0.003840,15.065626,15.000000,1.000000
0.003842,15.054445,15.000000,1.000000
0.003844,15.043256,15.000000,1.000000
0.003846,15.032058,15.000000,1.000000
0.003848,15.020852,15.000000,1.000000
0.003850,15.009637,15.000000,1.000000
0.003852,14.998415,15.000000,1.000000
0.003854,14.987184,15.000000,1.000000
0.003856,14.975944,15.000000,1.000000
0.003858,14.964697,15.000000,1.000000
0.003860,14.953441,15.000000,1.000000
0.003862,14.942177,15.000000,1.000000
0.003864,14.930905,15.000000,1.000000
0.003866,14.919625,15.000000,1.000000
0.003868,14.908337,15.000000,1.000000
0.003870,14.897040,15.000000,1.000000
0.003872,14.885736,15.000000,1.000000
0.003874,14.874423,15.000000,1.000000
0.003876,14.863103,15.000000,1.000000
0.003878,14.851774,15.000000,1.000000
0.003880,14.840438,15.000000,1.000000
0.003882,14.829093,15.000000,1.000000
0.003884,14.817741,15.000000,1.000000
0.003886,14.806381,15.000000,1.000000
0.003888,14.795013,15.000000,1.000000
0.003890,14.783637,15.000000,1.000000
0.003892,14.772253,15.000000,1.000000
0.003894,14.760861,15.000000,1.000000
0.003896,14.749462,15.000000,1.000000
0.003898,14.738054,15.000000,1.000000
0.003900,14.804343,15.000000,1.000000
0.003902,14.870626,15.000000,1.000000
0.003904,14.936904,15.000000,1.000000
0.003906,15.003177,15.000000,1.000000
0.003908,15.069445,15.000000,1.000000
0.003910,15.135707,15.000000,1.000000
0.003912,15.201964,15.000000,1.000000
0.003914,15.268215,15.000000,1.000000
0.003916,15.334460,15.000000,1.000000
0.003918,15.400700,15.000000,1.000000
0.003920,15.466933,15.000000,1.000000
0.003922,15.533160,15.000000,1.000000
0.003924,15.599382,15.000000,1.000000
0.003926,15.665596,15.000000,1.000000
0.003928,15.731805,15.000000,1.000000
0.003930,15.798007,15.000000,1.000000
0.003932,15.864202,15.000000,1.000000
0.003934,15.930390,15.000000,1.000000
0.003936,15.996571,15.000000,1.000000
0.003938,16.062745,15.000000,1.000000
0.003940,16.128913,15.000000,1.000000
0.003942,16.195072,15.000000,1.000000
0.003944,16.261225,15.000000,1.000000
0.003946,16.327370,15.000000,1.000000
0.003948,16.393507,15.000000,1.000000
0.003950,16.459636,15.000000,1.000000
0.003952,16.525758,15.000000,1.000000
0.003954,16.591872,15.000000,1.000000
0.003956,16.657977,15.000000,1.000000
0.003958,16.724075,15.000000,1.000000
0.003960,16.790164,15.000000,1.000000
0.003962,16.856244,15.000000,1.000000
0.003964,16.922317,15.000000,1.000000
0.003966,16.988380,15.000000,1.000000
0.003968,17.054435,15.000000,1.000000
0.003970,17.120480,15.000000,1.000000
0.003972,17.186517,15.000000,1.000000
0.003974,17.252544,15.000000,1.000000
0.003976,17.318563,15.000000,1.000000
0.003978,17.384572,15.000000,1.000000
0.003980,17.450571,15.000000,1.000000
0.003982,17.516561,15.000000,1.000000
0.003984,17.582541,15.000000,1.000000
0.003986,17.648512,15.000000,1.000000
0.003988,17.714472,15.000000,1.000000
0.003990,17.780422,15.000000,1.000000
0.003992,17.846363,15.000000,1.000000
0.003994,17.912293,15.000000,1.000000
0.003996,17.978212,15.000000,1.000000
0.003998,18.044121,15.000000,1.000000
0.004000,18.030217,15.000000,1.000000
0.004002,18.016302,15.000000,1.000000
0.004004,18.002377,15.000000,1.000000
0.004006,17.988442,15.000000,1.000000
0.004008,17.974497,15.000000,1.000000
0.004010,17.960542,15.000000,1.000000
0.004012,17.946577,15.000000,1.000000
0.004014,17.932602,15.000000,1.000000
0.004016,17.918616,15.000000,1.000000
0.004018,17.904621,15.000000,1.000000
0.004020,17.890616,15.000000,1.000000
0.004022,17.876601,15.000000,1.000000
0.004024,17.862576,15.000000,1.000000
0.004026,17.848541,15.000000,1.000000
0.004028,17.834497,15.000000,1.000000
0.004030,17.820442,15.000000,1.000000
0.004032,17.806378,15.000000,1.000000
0.004034,17.792304,15.000000,1.000000
0.004036,17.778221,15.000000,1.000000
0.004038,17.764128,15.000000,1.000000
0.004040,17.750025,15.000000,1.000000
0.004042,17.735912,15.000000,1.000000
0.004044,17.721790,15.000000,1.000000
0.004046,17.707659,15.000000,1.000000
0.004048,17.693518,15.000000,1.000000
0.004050,17.679367,15.000000,1.000000
0.004052,17.665207,15.000000,1.000000
0.004054,17.651038,15.000000,1.000000
0.004056,17.636859,15.000000,1.000000
0.004058,17.622671,15.000000,1.000000
0.004060,17.608473,15.000000,1.000000
0.004062,17.594266,15.000000,1.000000
0.004064,17.580050,15.000000,1.000000
0.004066,17.565825,15.000000,1.000000
0.004068,17.551590,15.000000,1.000000
0.004070,17.537347,15.000000,1.000000
0.004072,17.523094,15.000000,1.000000
0.004074,17.508832,15.000000,1.000000
0.004076,17.494561,15.000000,1.000000
0.004078,17.480281,15.000000,1.000000
0.004080,17.465992,15.000000,1.000000
0.004082,17.451694,15.000000,1.000000
0.004084,17.437387,15.000000,1.000000
0.004086,17.423072,15.000000,1.000000
0.004088,17.408747,15.000000,1.000000
0.004090,17.394414,15.000000,1.000000
0.004092,17.380071,15.000000,1.000000
0.004094,17.365720,15.000000,1.000000
0.004096,17.351361,15.000000,1.000000
0.004098,17.336992,15.000000,1.000000
0.004100,17.322615,15.000000,1.000000
0.004102,17.308230,15.000000,1.000000
0.004104,17.293835,15.000000,1.000000
0.004106,17.279433,15.000000,1.000000
0.004108,17.265021,15.000000,1.000000
0.004110,17.250601,15.000000,1.000000
0.004112,17.236173,15.000000,1.000000
0.004114,17.221737,15.000000,1.000000
0.004116,17.207292,15.000000,1.000000
0.004118,17.192838,15.000000,1.000000
0.004120,17.178377,15.000000,1.000000
0.004122,17.163907,15.000000,1.000000
0.004124,17.149429,15.000000,1.000000
0.004126,17.134942,15.000000,1.000000
0.004128,17.120448,15.000000,1.000000
0.004130,17.105945,15.000000,1.000000
0.004132,17.091435,15.000000,1.000000
0.004134,17.076916,15.000000,1.000000
0.004136,17.062389,15.000000,1.000000
0.004138,17.047855,15.000000,1.000000
0.004140,17.033312,15.000000,1.000000
0.004142,17.018762,15.000000,1.000000
0.004144,17.004204,15.000000,1.000000
0.004146,16.989638,15.000000,1.000000
0.004148,16.975064,15.000000,1.000000
0.004150,16.960482,15.000000,1.000000
0.004152,16.945893,15.000000,1.000000
0.004154,16.931296,15.000000,1.000000
0.004156,16.916691,15.000000,1.000000
0.004158,16.902079,15.000000,1.000000
0.004160,16.887460,15.000000,1.000000
0.004162,16.872833,15.000000,1.000000
0.004164,16.858198,15.000000,1.000000
0.004166,16.843556,15.000000,1.000000
0.004168,16.828907,15.000000,1.000000
0.004170,16.814250,15.000000,1.000000
0.004172,16.799586,15.000000,1.000000
0.004174,16.784915,15.000000,1.000000
0.004176,16.770236,15.000000,1.000000
0.004178,16.755550,15.000000,1.000000
0.004180,16.740858,15.000000,1.000000
0.004182,16.726158,15.000000,1.000000
0.004184,16.711451,15.000000,1.000000
0.004186,16.696737,15.000000,1.000000
0.004188,16.682016,15.000000,1.000000
0.004190,16.667288,15.000000,1.000000
0.004192,16.652554,15.000000,1.000000
0.004194,16.637812,15.000000,1.000000
0.004196,16.623064,15.000000,1.000000
0.004198,16.608309,15.000000,1.000000
0.004200,16.593547,15.000000,1.000000
0.004202,16.578778,15.000000,1.000000
0.004204,16.564003,15.000000,1.000000
0.004206,16.549221,15.000000,1.000000
0.004208,16.534433,15.000000,1.000000
0.004210,16.519638,15.000000,1.000000
0.004212,16.504837,15.000000,1.000000
0.004214,16.490029,15.000000,1.000000
0.004216,16.475215,15.000000,1.000000
0.004218,16.460395,15.000000,1.000000
0.004220,16.445569,15.000000,1.000000
0.004222,16.430736,15.000000,1.000000
0.004224,16.415897,15.000000,1.000000
0.004226,16.401051,15.000000,1.000000
0.004228,16.386200,15.000000,1.000000
0.004230,16.371343,15.000000,1.000000
0.004232,16.356479,15.000000,1.000000
0.004234,16.341610,15.000000,1.000000
0.004236,16.326735,15.000000,1.000000
0.004238,16.311853,15.000000,1.000000
0.004240,16.296966,15.000000,1.000000
0.004242,16.282073,15.000000,1.000000
0.004244,16.267175,15.000000,1.000000
0.004246,16.252271,15.000000,1.000000
0.004248,16.237361,15.000000,1.000000
0.004250,16.222445,15.000000,1.000000
0.004252,16.207524,15.000000,1.000000
0.004254,16.192597,15.000000,1.000000
0.004256,16.177665,15.000000,1.000000
0.004258,16.162727,15.000000,1.000000
0.004260,16.147785,15.000000,1.000000
0.004262,16.132836,15.000000,1.000000
0.004264,16.117883,15.000000,1.000000
0.004266,16.102924,15.000000,1.000000
0.004268,16.087960,15.000000,1.000000
0.004270,16.072991,15.000000,1.000000
0.004272,16.058016,15.000000,1.000000
0.004274,16.043037,15.000000,1.000000
0.004276,16.028053,15.000000,1.000000
0.004278,16.013063,15.000000,1.000000
0.004280,15.998069,15.000000,1.000000
0.004282,15.983070,15.000000,1.000000
0.004284,15.968066,15.000000,1.000000
0.004286,15.953057,15.000000,1.000000
0.004288,15.938044,15.000000,1.000000
0.004290,15.923026,15.000000,1.000000
0.004292,15.908003,15.000000,1.000000
0.004294,15.892976,15.000000,1.000000
0.004296,15.877944,15.000000,1.000000
0.004298,15.862908,15.000000,1.000000
0.004300,15.847867,15.000000,1.000000
0.004302,15.832822,15.000000,1.000000
0.004304,15.817772,15.000000,1.000000
0.004306,15.802718,15.000000,1.000000
0.004308,15.787660,15.000000,1.000000
0.004310,15.772598,15.000000,1.000000
0.004312,15.757532,15.000000,1.000000
0.004314,15.742461,15.000000,1.000000
0.004316,15.727387,15.000000,1.000000
0.004318,15.712308,15.000000,1.000000
0.004320,15.697226,15.000000,1.000000
0.004322,15.682140,15.000000,1.000000
0.004324,15.667050,15.000000,1.000000
0.004326,15.651956,15.000000,1.000000
0.004328,15.636858,15.000000,1.000000
0.004330,15.621757,15.000000,1.000000
0.004332,15.606652,15.000000,1.000000
0.004334,15.591543,15.000000,1.000000
0.004336,15.576431,15.000000,1.000000
0.004338,15.561315,15.000000,1.000000
0.004340,15.546196,15.000000,1.000000
0.004342,15.531074,15.000000,1.000000
0.004344,15.515948,15.000000,1.000000
0.004346,15.500819,15.000000,1.000000
0.004348,15.485687,15.000000,1.000000
0.004350,15.470551,15.000000,1.000000
0.004352,15.455412,15.000000,1.000000
0.004354,15.440271,15.000000,1.000000
0.004356,15.425126,15.000000,1.000000
0.004358,15.409978,15.000000,1.000000
0.004360,15.394828,15.000000,1.000000
0.004362,15.379674,15.000000,1.000000
0.004364,15.364518,15.000000,1.000000
0.004366,15.349359,15.000000,1.000000
0.004368,15.334197,15.000000,1.000000
0.004370,15.319032,15.000000,1.000000
0.004372,15.303865,15.000000,1.000000
0.004374,15.288695,15.000000,1.000000
0.004376,15.273523,15.000000,1.000000
0.004378,15.258349,15.000000,1.000000
0.004380,15.243172,15.000000,1.000000
0.004382,15.227992,15.000000,1.000000
0.004384,15.212810,15.000000,1.000000
0.004386,15.197626,15.000000,1.000000
0.004388,15.182440,15.000000,1.000000
0.004390,15.167252,15.000000,1.000000
0.004392,15.152062,15.000000,1.000000
0.004394,15.136869,15.000000,1.000000
0.004396,15.121675,15.000000,1.000000
0.004398,15.106479,15.000000,1.000000
0.004400,15.091280,15.000000,1.000000
0.004402,15.076080,15.000000,1.000000
0.004404,15.060879,15.000000,1.000000
0.004406,15.045675,15.000000,1.000000
0.004408,15.030470,15.000000,1.000000
0.004410,15.015263,15.000000,1.000000
0.004412,15.000055,15.000000,1.000000
0.004414,14.984845,15.000000,1.000000
0.004416,14.969634,15.000000,1.000000
0.004418,14.954421,15.000000,1.000000
0.004420,14.939207,15.000000,1.000000
0.004422,14.923992,15.000000,1.000000
0.004424,14.908775,15.000000,1.000000
0.004426,14.893558,15.000000,1.000000
0.004428,14.878339,15.000000,1.000000
0.004430,14.863119,15.000000,1.000000
0.004432,14.847898,15.000000,1.000000
0.004434,14.832676,15.000000,1.000000
0.004436,14.817454,15.000000,1.000000
0.004438,14.802230,15.000000,1.000000
0.004440,14.787006,15.000000,1.000000
0.004442,14.771781,15.000000,1.000000
0.004444,14.756555,15.000000,1.000000
0.004446,14.741328,15.000000,1.000000
0.004448,14.726101,15.000000,1.000000
0.004450,14.710874,15.000000,1.000000
0.004452,14.695646,15.000000,1.000000
0.004454,14.680417,15.000000,1.000000
0.004456,14.665189,15.000000,1.000000
0.004458,14.649960,15.000000,1.000000
0.004460,14.634730,15.000000,1.000000
0.004462,14.619501,15.000000,1.000000
0.004464,14.604271,15.000000,1.000000
0.004466,14.589042,15.000000,1.000000
0.004468,14.573812,15.000000,1.000000
0.004470,14.558582,15.000000,1.000000
0.004472,14.543353,15.000000,1.000000
0.004474,14.528123,15.000000,1.000000
0.004476,14.512894,15.000000,1.000000
0.004478,14.497665,15.000000,1.000000
0.004480,14.482436,15.000000,1.000000
0.004482,14.467208,15.000000,1.000000
0.004484,14.451980,15.000000,1.000000
0.004486,14.436753,15.000000,1.000000
0.004488,14.421526,15.000000,1.000000
0.004490,14.406299,15.000000,1.000000
0.004492,14.391074,15.000000,1.000000
0.004494,14.375849,15.000000,1.000000
0.004496,14.360625,15.000000,1.000000
0.004498,14.345401,15.000000,1.000000
0.004500,14.399062,15.000000,1.000000
0.004502,14.452718,15.000000,1.000000
0.004504,14.506368,15.000000,1.000000
0.004506,14.560012,15.000000,1.000000
0.004508,14.613651,15.000000,1.000000
0.004510,14.667285,15.000000,1.000000
0.004512,14.720912,15.000000,1.000000
0.004514,14.774534,15.000000,1.000000
0.004516,14.828149,15.000000,1.000000
0.004518,14.881759,15.000000,1.000000
0.004520,14.935363,15.000000,1.000000
0.004522,14.988960,15.000000,1.000000
0.004524,15.042551,15.000000,1.000000
0.004526,15.096136,15.000000,1.000000
0.004528,15.149714,15.000000,1.000000
0.004530,15.203285,15.000000,1.000000
0.004532,15.256850,15.000000,1.000000
0.004534,15.310409,15.000000,1.000000
0.004536,15.363960,15.000000,1.000000
0.004538,15.417504,15.000000,1.000000
0.004540,15.471042,15.000000,1.000000
0.004542,15.524572,15.000000,1.000000
0.004544,15.578095,15.000000,1.000000
0.004546,15.631611,15.000000,1.000000
0.004548,15.685120,15.000000,1.000000
0.004550,15.738621,15.000000,1.000000
0.004552,15.792114,15.000000,1.000000
0.004554,15.845600,15.000000,1.000000
0.004556,15.899079,15.000000,1.000000
0.004558,15.952549,15.000000,1.000000
0.004560,16.006012,15.000000,1.000000
0.004562,16.059466,15.000000,1.000000
0.004564,16.112913,15.000000,1.000000
0.004566,16.166351,15.000000,1.000000
0.004568,16.219781,15.000000,1.000000
0.004570,16.273203,15.000000,1.000000
0.004572,16.326617,15.000000,1.000000
0.004574,16.380022,15.000000,1.000000
0.004576,16.433418,15.000000,1.000000
0.004578,16.486806,15.000000,1.000000
0.004580,16.540185,15.000000,1.000000
0.004582,16.593555,15.000000,1.000000
0.004584,16.646916,15.000000,1.000000
0.004586,16.700268,15.000000,1.000000
0.004588,16.753611,15.000000,1.000000
0.004590,16.806945,15.000000,1.000000
0.004592,16.860270,15.000000,1.000000
0.004594,16.913585,15.000000,1.000000
0.004596,16.966891,15.000000,1.000000
0.004598,17.020187,15.000000,1.000000
0.004600,17.001995,15.000000,1.000000
0.004602,16.983803,15.000000,1.000000
0.004604,16.965611,15.000000,1.000000
0.004606,16.947419,15.000000,1.000000
0.004608,16.929228,15.000000,1.000000
0.004610,16.911037,15.000000,1.000000
0.004612,16.892847,15.000000,1.000000
0.004614,16.874657,15.000000,1.000000
0.004616,16.856468,15.000000,1.000000
0.004618,16.838280,15.000000,1.000000
0.004620,16.820092,15.000000,1.000000
0.004622,16.801906,15.000000,1.000000
0.004624,16.783720,15.000000,1.000000
0.004626,16.765536,15.000000,1.000000
0.004628,16.747352,15.000000,1.000000
0.004630,16.729170,15.000000,1.000000
0.004632,16.710989,15.000000,1.000000
0.004634,16.692809,15.000000,1.000000
0.004636,16.674631,15.000000,1.000000
0.004638,16.656454,15.000000,1.000000
0.004640,16.638278,15.000000,1.000000
0.004642,16.620105,15.000000,1.000000
0.004644,16.601933,15.000000,1.000000
0.004646,16.583762,15.000000,1.000000
0.004648,16.565593,15.000000,1.000000
0.004650,16.547427,15.000000,1.000000
0.004652,16.529262,15.000000,1.000000
0.004654,16.511099,15.000000,1.000000
0.004656,16.492938,15.000000,1.000000
0.004658,16.474780,15.000000,1.000000
0.004660,16.456624,15.000000,1.000000
0.004662,16.438469,15.000000,1.000000
0.004664,16.420318,15.000000,1.000000
0.004666,16.402169,15.000000,1.000000
0.004668,16.384022,15.000000,1.000000
0.004670,16.365878,15.000000,1.000000
0.004672,16.347736,15.000000,1.000000
0.004674,16.329597,15.000000,1.000000
0.004676,16.311461,15.000000,1.000000
0.004678,16.293328,15.000000,1.000000
0.004680,16.275198,15.000000,1.000000
0.004682,16.257071,15.000000,1.000000
0.004684,16.238947,15.000000,1.000000
0.004686,16.220825,15.000000,1.000000
0.004688,16.202708,15.000000,1.000000
0.004690,16.184593,15.000000,1.000000
0.004692,16.166482,15.000000,1.000000
0.004694,16.148374,15.000000,1.000000
0.004696,16.130270,15.000000,1.000000
0.004698,16.112169,15.000000,1.000000
0.004700,16.094072,15.000000,1.000000
0.004702,16.075979,15.000000,1.000000
0.004704,16.057889,15.000000,1.000000
0.004706,16.039804,15.000000,1.000000
0.004708,16.021722,15.000000,1.000000
0.004710,16.003644,15.000000,1.000000
0.004712,15.985570,15.000000,1.000000
0.004714,15.967501,15.000000,1.000000
0.004716,15.949435,15.000000,1.000000
0.004718,15.931374,15.000000,1.000000
0.004720,15.913317,15.000000,1.000000
0.004722,15.895265,15.000000,1.000000
0.004724,15.877217,15.000000,1.000000
0.004726,15.859173,15.000000,1.000000
0.004728,15.841135,15.000000,1.000000
0.004730,15.823101,15.000000,1.000000
0.004732,15.805071,15.000000,1.000000
0.004734,15.787047,15.000000,1.000000
0.004736,15.769027,15.000000,1.000000
0.004738,15.751013,15.000000,1.000000
0.004740,15.733003,15.000000,1.000000
0.004742,15.714999,15.000000,1.000000
0.004744,15.696999,15.000000,1.000000
0.004746,15.679005,15.000000,1.000000
0.004748,15.661017,15.000000,1.000000
0.004750,15.643033,15.000000,1.000000
0.004752,15.625056,15.000000,1.000000
0.004754,15.607083,15.000000,1.000000
0.004756,15.589117,15.000000,1.000000
0.004758,15.571156,15.000000,1.000000
0.004760,15.553200,15.000000,1.000000
0.004762,15.535251,15.000000,1.000000
0.004764,15.517307,15.000000,1.000000
0.004766,15.499370,15.000000,1.000000
0.004768,15.481438,15.000000,1.000000
0.004770,15.463513,15.000000,1.000000
0.004772,15.445593,15.000000,1.000000
0.004774,15.427680,15.000000,1.000000
0.004776,15.409773,15.000000,1.000000
0.004778,15.391873,15.000000,1.000000
0.004780,15.373979,15.000000,1.000000
0.004782,15.356091,15.000000,1.000000
0.004784,15.338210,15.000000,1.000000
0.004786,15.320336,15.000000,1.000000
0.004788,15.302468,15.000000,1.000000
0.004790,15.284608,15.000000,1.000000
0.004792,15.266754,15.000000,1.000000
0.004794,15.248906,15.000000,1.000000
0.004796,15.231066,15.000000,1.000000
0.004798,15.213233,15.000000,1.000000
0.004800,15.195407,15.000000,1.000000
0.004802,15.177589,15.000000,1.000000
0.004804,15.159777,15.000000,1.000000
0.004806,15.141973,15.000000,1.000000
0.004808,15.124176,15.000000,1.000000
0.004810,15.106387,15.000000,1.000000
0.004812,15.088605,15.000000,1.000000
0.004814,15.070831,15.000000,1.000000
0.004816,15.053065,15.000000,1.000000
0.004818,15.035306,15.000000,1.000000
0.004820,15.017555,15.000000,1.000000
0.004822,14.999812,15.000000,1.000000
0.004824,14.982076,15.000000,1.000000
0.004826,14.964349,15.000000,1.000000
0.004828,14.946630,15.000000,1.000000
0.004830,14.928919,15.000000,1.000000
0.004832,14.911216,15.000000,1.000000
0.004834,14.893522,15.000000,1.000000
0.004836,14.875835,15.000000,1.000000
0.004838,14.858158,15.000000,1.000000
0.004840,14.840488,15.000000,1.000000
0.004842,14.822827,15.000000,1.000000
0.004844,14.805175,15.000000,1.000000
0.004846,14.787532,15.000000,1.000000
0.004848,14.769897,15.000000,1.000000
0.004850,14.752271,15.000000,1.000000
0.004852,14.734653,15.000000,1.000000
0.004854,14.717045,15.000000,1.000000
0.004856,14.699446,15.000000,1.000000
0.004858,14.681856,15.000000,1.000000
0.004860,14.664274,15.000000,1.000000
0.004862,14.646702,15.000000,1.000000
0.004864,14.629140,15.000000,1.000000
0.004866,14.611586,15.000000,1.000000
0.004868,14.594042,15.000000,1.000000
0.004870,14.576508,15.000000,1.000000
0.004872,14.558983,15.000000,1.000000
0.004874,14.541467,15.000000,1.000000
0.004876,14.523961,15.000000,1.000000
0.004878,14.506465,15.000000,1.000000
0.004880,14.488978,15.000000,1.000000
0.004882,14.471502,15.000000,1.000000
0.004884,14.454035,15.000000,1.000000
0.004886,14.436578,15.000000,1.000000
0.004888,14.419131,15.000000,1.000000
0.004890,14.401695,15.000000,1.000000
0.004892,14.384268,15.000000,1.000000
0.004894,14.366852,15.000000,1.000000
0.004896,14.349445,15.000000,1.000000
0.004898,14.332050,15.000000,1.000000
0.004900,14.377124,15.000000,1.000000
0.004902,14.422191,15.000000,1.000000
0.004904,14.467250,15.000000,1.000000
0.004906,14.512303,15.000000,1.000000
0.004908,14.557348,15.000000,1.000000
0.004910,14.602385,15.000000,1.000000
0.004912,14.647415,15.000000,1.000000
0.004914,14.692437,15.000000,1.000000
0.004916,14.737452,15.000000,1.000000
0.004918,14.782459,15.000000,1.000000
0.004920,14.827458,15.000000,1.000000
0.004922,14.872450,15.000000,1.000000
0.004924,14.917434,15.000000,1.000000
0.004926,14.962410,15.000000,1.000000
0.004928,15.007378,15.000000,1.000000
0.004930,15.052338,15.000000,1.000000
0.004932,15.097290,15.000000,1.000000
0.004934,15.142234,15.000000,1.000000
0.004936,15.187170,15.000000,1.000000
0.004938,15.232098,15.000000,1.000000
0.004940,15.277017,15.000000,1.000000
0.004942,15.321929,15.000000,1.000000
0.004944,15.366832,15.000000,1.000000
0.004946,15.411726,15.000000,1.000000
0.004948,15.456613,15.000000,1.000000
0.004950,15.501491,15.000000,1.000000
0.004952,15.546360,15.000000,1.000000
0.004954,15.591221,15.000000,1.000000
0.004956,15.636073,15.000000,1.000000
0.004958,15.680917,15.000000,1.000000
0.004960,15.725752,15.000000,1.000000
0.004962,15.770578,15.000000,1.000000
0.004964,15.815395,15.000000,1.000000
0.004966,15.860204,15.000000,1.000000
0.004968,15.905004,15.000000,1.000000
0.004970,15.949794,15.000000,1.000000
0.004972,15.994576,15.000000,1.000000
0.004974,16.039349,15.000000,1.000000
0.004976,16.084113,15.000000,1.000000
0.004978,16.128867,15.000000,1.000000
0.004980,16.173613,15.000000,1.000000
0.004982,16.218349,15.000000,1.000000
0.004984,16.263076,15.000000,1.000000
0.004986,16.307794,15.000000,1.000000
0.004988,16.352502,15.000000,1.000000
0.004990,16.397201,15.000000,1.000000
0.004992,16.441891,15.000000,1.000000
0.004994,16.486571,15.000000,1.000000
0.004996,16.531242,15.000000,1.000000
0.004998,16.575903,15.000000,1.000000
0.005000,16.555562,15.000000,1.000000
0.005002,16.535234,15.000000,1.000000
0.005004,16.514917,15.000000,1.000000
0.005006,16.494613,15.000000,1.000000
0.005008,16.474320,15.000000,1.000000
0.005010,16.454040,15.000000,1.000000
0.005012,16.433771,15.000000,1.000000
0.005014,16.413515,15.000000,1.000000
0.005016,16.393271,15.000000,1.000000
0.005018,16.373040,15.000000,1.000000
0.005020,16.352821,15.000000,1.000000
0.005022,16.332615,15.000000,1.000000
0.005024,16.312422,15.000000,1.000000
0.005026,16.292241,15.000000,1.000000
0.005028,16.272073,15.000000,1.000000
0.005030,16.251917,15.000000,1.000000
0.005032,16.231775,15.000000,1.000000
0.005034,16.211646,15.000000,1.000000
0.005036,16.191530,15.000000,1.000000
0.005038,16.171427,15.000000,1.000000
0.005040,16.151337,15.000000,1.000000
0.005042,16.131261,15.000000,1.000000
0.005044,16.111198,15.000000,1.000000
0.005046,16.091148,15.000000,1.000000
0.005048,16.071112,15.000000,1.000000
0.005050,16.051090,15.000000,1.000000
0.005052,16.031081,15.000000,1.000000
0.005054,16.011086,15.000000,1.000000
0.005056,15.991105,15.000000,1.000000
0.005058,15.971138,15.000000,1.000000
0.005060,15.951185,15.000000,1.000000
0.005062,15.931246,15.000000,1.000000
0.005064,15.911321,15.000000,1.000000
0.005066,15.891410,15.000000,1.000000
0.005068,15.871514,15.000000,1.000000
0.005070,15.851631,15.000000,1.000000
0.005072,15.831764,15.000000,1.000000
0.005074,15.811910,15.000000,1.000000
0.005076,15.792072,15.000000,1.000000
0.005078,15.772247,15.000000,1.000000
0.005080,15.752438,15.000000,1.000000
0.005082,15.732643,15.000000,1.000000
0.005084,15.712863,15.000000,1.000000
0.005086,15.693098,15.000000,1.000000
0.005088,15.673348,15.000000,1.000000
0.005090,15.653613,15.000000,1.000000
0.005092,15.633894,15.000000,1.000000
0.005094,15.614189,15.000000,1.000000
0.005096,15.594499,15.000000,1.000000
0.005098,15.574825,15.000000,1.000000
0.005100,15.555167,15.000000,1.000000
0.005102,15.535523,15.000000,1.000000
0.005104,15.515895,15.000000,1.000000
0.005106,15.496283,15.000000,1.000000
0.005108,15.476687,15.000000,1.000000
0.005110,15.457106,15.000000,1.000000
0.005112,15.437541,15.000000,1.000000
0.005114,15.417991,15.000000,1.000000
0.005116,15.398458,15.000000,1.000000
0.005118,15.378940,15.000000,1.000000
0.005120,15.359439,15.000000,1.000000
0.005122,15.339954,15.000000,1.000000
0.005124,15.320485,15.000000,1.000000
0.005126,15.301032,15.000000,1.000000
0.005128,15.281595,15.000000,1.000000
0.005130,15.262175,15.000000,1.000000
0.005132,15.242771,15.000000,1.000000
0.005134,15.223384,15.000000,1.000000
0.005136,15.204013,15.000000,1.000000
0.005138,15.184659,15.000000,1.000000
0.005140,15.165321,15.000000,1.000000
0.005142,15.146000,15.000000,1.000000
0.005144,15.126696,15.000000,1.000000
0.005146,15.107409,15.000000,1.000000
0.005148,15.088139,15.000000,1.000000
0.005150,15.068885,15.000000,1.000000
0.005152,15.049649,15.000000,1.000000
0.005154,15.030430,15.000000,1.000000
0.005156,15.011228,15.000000,1.000000
0.005158,14.992043,15.000000,1.000000
0.005160,14.972876,15.000000,1.000000
0.005162,14.953725,15.000000,1.000000
0.005164,14.934592,15.000000,1.000000
0.005166,14.915477,15.000000,1.000000
0.005168,14.896379,15.000000,1.000000
0.005170,14.877299,15.000000,1.000000
0.005172,14.858236,15.000000,1.000000
0.005174,14.839191,15.000000,1.000000
0.005176,14.820164,15.000000,1.000000
0.005178,14.801154,15.000000,1.000000
0.005180,14.782163,15.000000,1.000000
0.005182,14.763189,15.000000,1.000000
0.005184,14.744233,15.000000,1.000000
0.005186,14.725295,15.000000,1.000000
0.005188,14.706375,15.000000,1.000000
0.005190,14.687474,15.000000,1.000000
0.005192,14.668590,15.000000,1.000000
0.005194,14.649725,15.000000,1.000000
0.005196,14.630878,15.000000,1.000000
0.005198,14.612050,15.000000,1.000000
0.005200,14.651387,15.000000,1.000000
0.005202,14.690717,15.000000,1.000000
0.005204,14.730039,15.000000,1.000000
0.005206,14.769353,15.000000,1.000000
0.005208,14.808659,15.000000,1.000000
0.005210,14.847958,15.000000,1.000000
0.005212,14.887248,15.000000,1.000000
0.005214,14.926531,15.000000,1.000000
0.005216,14.965806,15.000000,1.000000
0.005218,15.005073,15.000000,1.000000
0.005220,15.044332,15.000000,1.000000
0.005222,15.083583,15.000000,1.000000
0.005224,15.122826,15.000000,1.000000
0.005226,15.162061,15.000000,1.000000
0.005228,15.201288,15.000000,1.000000
0.005230,15.240507,15.000000,1.000000
0.005232,15.279718,15.000000,1.000000
0.005234,15.318921,15.000000,1.000000
0.005236,15.358116,15.000000,1.000000
0.005238,15.397303,15.000000,1.000000
0.005240,15.436481,15.000000,1.000000
0.005242,15.475652,15.000000,1.000000
0.005244,15.514814,15.000000,1.000000
0.005246,15.553968,15.000000,1.000000
0.005248,15.593114,15.000000,1.000000
0.005250,15.632252,15.000000,1.000000
0.005252,15.671382,15.000000,1.000000
0.005254,15.710503,15.000000,1.000000
0.005256,15.749616,15.000000,1.000000
0.005258,15.788721,15.000000,1.000000
0.005260,15.827817,15.000000,1.000000
0.005262,15.866906,15.000000,1.000000
0.005264,15.905985,15.000000,1.000000
0.005266,15.945057,15.000000,1.000000
0.005268,15.984120,15.000000,1.000000
0.005270,16.023175,15.000000,1.000000
0.005272,16.062221,15.000000,1.000000
0.005274,16.101259,15.000000,1.000000
0.005276,16.140289,15.000000,1.000000
0.005278,16.179310,15.000000,1.000000
0.005280,16.218323,15.000000,1.000000
0.005282,16.257327,15.000000,1.000000
0.005284,16.296323,15.000000,1.000000
0.005286,16.335310,15.000000,1.000000
0.005288,16.374289,15.000000,1.000000
0.005290,16.413259,15.000000,1.000000
0.005292,16.452221,15.000000,1.000000
0.005294,16.491174,15.000000,1.000000
0.005296,16.530119,15.000000,1.000000
0.005298,16.569055,15.000000,1.000000
0.005300,16.547494,15.000000,1.000000
0.005302,16.525954,15.000000,1.000000
0.005304,16.504436,15.000000,1.000000
0.005306,16.482939,15.000000,1.000000
0.005308,16.461463,15.000000,1.000000
0.005310,16.440009,15.000000,1.000000
0.005312,16.418577,15.000000,1.000000
0.005314,16.397166,15.000000,1.000000
0.005316,16.375776,15.000000,1.000000
0.005318,16.354409,15.000000,1.000000
0.005320,16.333063,15.000000,1.000000
0.005322,16.311739,15.000000,1.000000
0.005324,16.290437,15.000000,1.000000
0.005326,16.269157,15.000000,1.000000
0.005328,16.247898,15.000000,1.000000
0.005330,16.226662,15.000000,1.000000
0.005332,16.205449,15.000000,1.000000
0.005334,16.184257,15.000000,1.000000
0.005336,16.163087,15.000000,1.000000
0.005338,16.141940,15.000000,1.000000
0.005340,16.120816,15.000000,1.000000
0.005342,16.099714,15.000000,1.000000
0.005344,16.078634,15.000000,1.000000
0.005346,16.057577,15.000000,1.000000
0.005348,16.036542,15.000000,1.000000
0.005350,16.015530,15.000000,1.000000
0.005352,15.994541,15.000000,1.000000
0.005354,15.973575,15.000000,1.000000
0.005356,15.952632,15.000000,1.000000
0.005358,15.931711,15.000000,1.000000
0.005360,15.910813,15.000000,1.000000
0.005362,15.889939,15.000000,1.000000
0.005364,15.869087,15.000000,1.000000
0.005366,15.848259,15.000000,1.000000
0.005368,15.827454,15.000000,1.000000
0.005370,15.806672,15.000000,1.000000
0.005372,15.785913,15.000000,1.000000
0.005374,15.765178,15.000000,1.000000
0.005376,15.744466,15.000000,1.000000
0.005378,15.723778,15.000000,1.000000
0.005380,15.703113,15.000000,1.000000
0.005382,15.682471,15.000000,1.000000
0.005384,15.661853,15.000000,1.000000
0.005386,15.641259,15.000000,1.000000
0.005388,15.620689,15.000000,1.000000
0.005390,15.600142,15.000000,1.000000
0.005392,15.579619,15.000000,1.000000
0.005394,15.559120,15.000000,1.000000
0.005396,15.538645,15.000000,1.000000
0.005398,15.518193,15.000000,1.000000
0.005400,15.497766,15.000000,1.000000
0.005402,15.477363,15.000000,1.000000
0.005404,15.456984,15.000000,1.000000
0.005406,15.436629,15.000000,1.000000
0.005408,15.416298,15.000000,1.000000
0.005410,15.395991,15.000000,1.000000
0.005412,15.375709,15.000000,1.000000
0.005414,15.355451,15.000000,1.000000
0.005416,15.335217,15.000000,1.000000
0.005418,15.315008,15.000000,1.000000
0.005420,15.294823,15.000000,1.000000
0.005422,15.274662,15.000000,1.000000
0.005424,15.254527,15.000000,1.000000
0.005426,15.234415,15.000000,1.000000
0.005428,15.214329,15.000000,1.000000
0.005430,15.194267,15.000000,1.000000
0.005432,15.174229,15.000000,1.000000
0.005434,15.154217,15.000000,1.000000
0.005436,15.134229,15.000000,1.000000
0.005438,15.114266,15.000000,1.000000
0.005440,15.094328,15.000000,1.000000
0.005442,15.074414,15.000000,1.000000
0.005444,15.054526,15.000000,1.000000
0.005446,15.034663,15.000000,1.000000
0.005448,15.014824,15.000000,1.000000
0.005450,14.995011,15.000000,1.000000
0.005452,14.975223,15.000000,1.000000
0.005454,14.955460,15.000000,1.000000
0.005456,14.935722,15.000000,1.000000
0.005458,14.916009,15.000000,1.000000
0.005460,14.896322,15.000000,1.000000
0.005462,14.876659,15.000000,1.000000
0.005464,14.857022,15.000000,1.000000
0.005466,14.837411,15.000000,1.000000
0.005468,14.817824,15.000000,1.000000
0.005470,14.798264,15.000000,1.000000
0.005472,14.778728,15.000000,1.000000
0.005474,14.759218,15.000000,1.000000
0.005476,14.739734,15.000000,1.000000
0.005478,14.720275,15.000000,1.000000
0.005480,14.700841,15.000000,1.000000
0.005482,14.681434,15.000000,1.000000
0.005484,14.662051,15.000000,1.000000
0.005486,14.642695,15.000000,1.000000
0.005488,14.623364,15.000000,1.000000
0.005490,14.604059,15.000000,1.000000
0.005492,14.584780,15.000000,1.000000
0.005494,14.565526,15.000000,1.000000
0.005496,14.546298,15.000000,1.000000
0.005498,14.527096,15.000000,1.000000
0.005500,14.561205,15.000000,1.000000
0.005502,14.595307,15.000000,1.000000
0.005504,14.629403,15.000000,1.000000
0.005506,14.663493,15.000000,1.000000
0.005508,14.697578,15.000000,1.000000
0.005510,14.731656,15.000000,1.000000
0.005512,14.765728,15.000000,1.000000
0.005514,14.799794,15.000000,1.000000
0.005516,14.833854,15.000000,1.000000
0.005518,14.867908,15.000000,1.000000
0.005520,14.901956,15.000000,1.000000
0.005522,14.935998,15.000000,1.000000
0.005524,14.970034,15.000000,1.000000
0.005526,15.004064,15.000000,1.000000
0.005528,15.038088,15.000000,1.000000
0.005530,15.072106,15.000000,1.000000
0.005532,15.106118,15.000000,1.000000
0.005534,15.140124,15.000000,1.000000
0.005536,15.174125,15.000000,1.000000
0.005538,15.208119,15.000000,1.000000
0.005540,15.242108,15.000000,1.000000
0.005542,15.276091,15.000000,1.000000
0.005544,15.310067,15.000000,1.000000
0.005546,15.344038,15.000000,1.000000
0.005548,15.378004,15.000000,1.000000
0.005550,15.411963,15.000000,1.000000
0.005552,15.445917,15.000000,1.000000
0.005554,15.479864,15.000000,1.000000
0.005556,15.513806,15.000000,1.000000
0.005558,15.547742,15.000000,1.000000
0.005560,15.581673,15.000000,1.000000
0.005562,15.615598,15.000000,1.000000
0.005564,15.649517,15.000000,1.000000
0.005566,15.683430,15.000000,1.000000
0.005568,15.717337,15.000000,1.000000
0.005570,15.751239,15.000000,1.000000
0.005572,15.785135,15.000000,1.000000
0.005574,15.819026,15.000000,1.000000
0.005576,15.852911,15.000000,1.000000
0.005578,15.886790,15.000000,1.000000
0.005580,15.920664,15.000000,1.000000
0.005582,15.954532,15.000000,1.000000
0.005584,15.988394,15.000000,1.000000
0.005586,16.022251,15.000000,1.000000
0.005588,16.056103,15.000000,1.000000
0.005590,16.089948,15.000000,1.000000
0.005592,16.123789,15.000000,1.000000
0.005594,16.157623,15.000000,1.000000
0.005596,16.191453,15.000000,1.000000
0.005598,16.225276,15.000000,1.000000
0.005600,16.203696,15.000000,1.000000
0.005602,16.182146,15.000000,1.000000
0.005604,16.160625,15.000000,1.000000
0.005606,16.139134,15.000000,1.000000
0.005608,16.117673,15.000000,1.000000
0.005610,16.096241,15.000000,1.000000
0.005612,16.074839,15.000000,1.000000
0.005614,16.053467,15.000000,1.000000
0.005616,16.032125,15.000000,1.000000
0.005618,16.010813,15.000000,1.000000
0.005620,15.989530,15.000000,1.000000
0.005622,15.968278,15.000000,1.000000
0.005624,15.947055,15.000000,1.000000
0.005626,15.925863,15.000000,1.000000
0.005628,15.904700,15.000000,1.000000
0.005630,15.883568,15.000000,1.000000
0.005632,15.862466,15.000000,1.000000
0.005634,15.841394,15.000000,1.000000
0.005636,15.820351,15.000000,1.000000
0.005638,15.799340,15.000000,1.000000
0.005640,15.778358,15.000000,1.000000
0.005642,15.757406,15.000000,1.000000
0.005644,15.736485,15.000000,1.000000
0.005646,15.715594,15.000000,1.000000
0.005648,15.694733,15.000000,1.000000
0.005650,15.673903,15.000000,1.000000
0.005652,15.653103,15.000000,1.000000
0.005654,15.632333,15.000000,1.000000
0.005656,15.611594,15.000000,1.000000
0.005658,15.590885,15.000000,1.000000
0.005660,15.570206,15.000000,1.000000
0.005662,15.549558,15.000000,1.000000
0.005664,15.528940,15.000000,1.000000
0.005666,15.508353,15.000000,1.000000
0.005668,15.487797,15.000000,1.000000
0.005670,15.467271,15.000000,1.000000
0.005672,15.446775,15.000000,1.000000
0.005674,15.426310,15.000000,1.000000
0.005676,15.405875,15.000000,1.000000
0.005678,15.385472,15.000000,1.000000
0.005680,15.365098,15.000000,1.000000
0.005682,15.344756,15.000000,1.000000
0.005684,15.324444,15.000000,1.000000
0.005686,15.304162,15.000000,1.000000
0.005688,15.283912,15.000000,1.000000
0.005690,15.263692,15.000000,1.000000
0.005692,15.243503,15.000000,1.000000
0.005694,15.223344,15.000000,1.000000
0.005696,15.203216,15.000000,1.000000
0.005698,15.183119,15.000000,1.000000
0.005700,15.163053,15.000000,1.000000
0.005702,15.143017,15.000000,1.000000
0.005704,15.123013,15.000000,1.000000
0.005706,15.103039,15.000000,1.000000
0.005708,15.083095,15.000000,1.000000
0.005710,15.063183,15.000000,1.000000
0.005712,15.043302,15.000000,1.000000
0.005714,15.023451,15.000000,1.000000
0.005716,15.003631,15.000000,1.000000
0.005718,14.983842,15.000000,1.000000
0.005720,14.964084,15.000000,1.000000
0.005722,14.944357,15.000000,1.000000
0.005724,14.924660,15.000000,1.000000
0.005726,14.904995,15.000000,1.000000
0.005728,14.885360,15.000000,1.000000
0.005730,14.865756,15.000000,1.000000
0.005732,14.846184,15.000000,1.000000
0.005734,14.826642,15.000000,1.000000
0.005736,14.807131,15.000000,1.000000
0.005738,14.787651,15.000000,1.000000
0.005740,14.768202,15.000000,1.000000
0.005742,14.748783,15.000000,1.000000
0.005744,14.729396,15.000000,1.000000
0.005746,14.710040,15.000000,1.000000
0.005748,14.690714,15.000000,1.000000
0.005750,14.671420,15.000000,1.000000
0.005752,14.652156,15.000000,1.000000
0.005754,14.632924,15.000000,1.000000
0.005756,14.613722,15.000000,1.000000
0.005758,14.594552,15.000000,1.000000
0.005760,14.575412,15.000000,1.000000
0.005762,14.556303,15.000000,1.000000
0.005764,14.537226,15.000000,1.000000
0.005766,14.518179,15.000000,1.000000
0.005768,14.499163,15.000000,1.000000
0.005770,14.480178,15.000000,1.000000
0.005772,14.461224,15.000000,1.000000
0.005774,14.442301,15.000000,1.000000
0.005776,14.423409,15.000000,1.000000
0.005778,14.404548,15.000000,1.000000
0.005780,14.385718,15.000000,1.000000
0.005782,14.366918,15.000000,1.000000
0.005784,14.348150,15.000000,1.000000
0.005786,14.329413,15.000000,1.000000
0.005788,14.310706,15.000000,1.000000
0.005790,14.292031,15.000000,1.000000
0.005792,14.273386,15.000000,1.000000
0.005794,14.254772,15.000000,1.000000
0.005796,14.236190,15.000000,1.000000
0.005798,14.217638,15.000000,1.000000
0.005800,14.247363,15.000000,1.000000
0.005802,14.277086,15.000000,1.000000
0.005804,14.306807,15.000000,1.000000
0.005806,14.336525,15.000000,1.000000
0.005808,14.366241,15.000000,1.000000
0.005810,14.395954,15.000000,1.000000
0.005812,14.425665,15.000000,1.000000
0.005814,14.455374,15.000000,1.000000
0.005816,14.485080,15.000000,1.000000
0.005818,14.514784,15.000000,1.000000
0.005820,14.544487,15.000000,1.000000
0.005822,14.574186,15.000000,1.000000
0.005824,14.603884,15.000000,1.000000
0.005826,14.633580,15.000000,1.000000
0.005828,14.663274,15.000000,1.000000
0.005830,14.692965,15.000000,1.000000
0.005832,14.722655,15.000000,1.000000
0.005834,14.752343,15.000000,1.000000
0.005836,14.782028,15.000000,1.000000
0.005838,14.811712,15.000000,1.000000
0.005840,14.841395,15.000000,1.000000
0.005842,14.871075,15.000000,1.000000
0.005844,14.900754,15.000000,1.000000
0.005846,14.930430,15.000000,1.000000
0.005848,14.960106,15.000000,1.000000
0.005850,14.989779,15.000000,1.000000
0.005852,15.019451,15.000000,1.000000
0.005854,15.049121,15.000000,1.000000
0.005856,15.078790,15.000000,1.000000
0.005858,15.108458,15.000000,1.000000
0.005860,15.138123,15.000000,1.000000
0.005862,15.167788,15.000000,1.000000
0.005864,15.197451,15.000000,1.000000
0.005866,15.227113,15.000000,1.000000
0.005868,15.256773,15.000000,1.000000
0.005870,15.286432,15.000000,1.000000
0.005872,15.316090,15.000000,1.000000
0.005874,15.345747,15.000000,1.000000
0.005876,15.375403,15.000000,1.000000
0.005878,15.405057,15.000000,1.000000
0.005880,15.434711,15.000000,1.000000
0.005882,15.464363,15.000000,1.000000
0.005884,15.494015,15.000000,1.000000
0.005886,15.523665,15.000000,1.000000
0.005888,15.553315,15.000000,1.000000
0.005890,15.582963,15.000000,1.000000
0.005892,15.612611,15.000000,1.000000
0.005894,15.642258,15.000000,1.000000
0.005896,15.671905,15.000000,1.000000
0.005898,15.701550,15.000000,1.000000
0.005900,15.681053,15.000000,1.000000
0.005902,15.660590,15.000000,1.000000
0.005904,15.640162,15.000000,1.000000
0.005906,15.619769,15.000000,1.000000
0.005908,15.599410,15.000000,1.000000
0.005910,15.579087,15.000000,1.000000
0.005912,15.558799,15.000000,1.000000
0.005914,15.538545,15.000000,1.000000
0.005916,15.518326,15.000000,1.000000
0.005918,15.498142,15.000000,1.000000
0.005920,15.477993,15.000000,1.000000
0.005922,15.457879,15.000000,1.000000
0.005924,15.437799,15.000000,1.000000
0.005926,15.417755,15.000000,1.000000
0.005928,15.397745,15.000000,1.000000
0.005930,15.377770,15.000000,1.000000
0.005932,15.357829,15.000000,1.000000
0.005934,15.337924,15.000000,1.000000
0.005936,15.318053,15.000000,1.000000
0.005938,15.298216,15.000000,1.000000
0.005940,15.278415,15.000000,1.000000
0.005942,15.258648,15.000000,1.000000
0.005944,15.238916,15.000000,1.000000
0.005946,15.219219,15.000000,1.000000
0.005948,15.199556,15.000000,1.000000
0.005950,15.179928,15.000000,1.000000
0.005952,15.160334,15.000000,1.000000
0.005954,15.140775,15.000000,1.000000
0.005956,15.121251,15.000000,1.000000
0.005958,15.101761,15.000000,1.000000
0.005960,15.082306,15.000000,1.000000
0.005962,15.062885,15.000000,1.000000
0.005964,15.043499,15.000000,1.000000
0.005966,15.024147,15.000000,1.000000
0.005968,15.004830,15.000000,1.000000
0.005970,14.985547,15.000000,1.000000
0.005972,14.966299,15.000000,1.000000
0.005974,14.947085,15.000000,1.000000
0.005976,14.927905,15.000000,1.000000
0.005978,14.908760,15.000000,1.000000
0.005980,14.889650,15.000000,1.000000
0.005982,14.870573,15.000000,1.000000
0.005984,14.851531,15.000000,1.000000
0.005986,14.832523,15.000000,1.000000
0.005988,14.813550,15.000000,1.000000
0.005990,14.794610,15.000000,1.000000
0.005992,14.775705,15.000000,1.000000
0.005994,14.756835,15.000000,1.000000
0.005996,14.737998,15.000000,1.000000
0.005998,14.719195,15.000000,1.000000
0.006000,14.747117,15.000000,1.000000
0.006002,14.775040,15.000000,1.000000
0.006004,14.802964,15.000000,1.000000
0.006006,14.830889,15.000000,1.000000
0.006008,14.858815,15.000000,1.000000
0.006010,14.886742,15.000000,1.000000
0.006012,14.914671,15.000000,1.000000
0.006014,14.942600,15.000000,1.000000
0.006016,14.970531,15.000000,1.000000
0.006018,14.998463,15.000000,1.000000
0.006020,15.026397,15.000000,1.000000
0.006022,15.054332,15.000000,1.000000
0.006024,15.082268,15.000000,1.000000
0.006026,15.110206,15.000000,1.000000
0.006028,15.138146,15.000000,1.000000
0.006030,15.166087,15.000000,1.000000
0.006032,15.194030,15.000000,1.000000
0.006034,15.221975,15.000000,1.000000
0.006036,15.249921,15.000000,1.000000
0.006038,15.277869,15.000000,1.000000
0.006040,15.305819,15.000000,1.000000
0.006042,15.333771,15.000000,1.000000
0.006044,15.361725,15.000000,1.000000
0.006046,15.389681,15.000000,1.000000
0.006048,15.417639,15.000000,1.000000
0.006050,15.445599,15.000000,1.000000
0.006052,15.473561,15.000000,1.000000
0.006054,15.501525,15.000000,1.000000
0.006056,15.529492,15.000000,1.000000
0.006058,15.557461,15.000000,1.000000
0.006060,15.585432,15.000000,1.000000
0.006062,15.613406,15.000000,1.000000
0.006064,15.641383,15.000000,1.000000
0.006066,15.669361,15.000000,1.000000
0.006068,15.697343,15.000000,1.000000
0.006070,15.725327,15.000000,1.000000
0.006072,15.753313,15.000000,1.000000
0.006074,15.781303,15.000000,1.000000
0.006076,15.809295,15.000000,1.000000
0.006078,15.837290,15.000000,1.000000
0.006080,15.865288,15.000000,1.000000
0.006082,15.893289,15.000000,1.000000
0.006084,15.921293,15.000000,1.000000
0.006086,15.949300,15.000000,1.000000
0.006088,15.977310,15.000000,1.000000
0.006090,16.005323,15.000000,1.000000
0.006092,16.033339,15.000000,1.000000
0.006094,16.061359,15.000000,1.000000
0.006096,16.089382,15.000000,1.000000
0.006098,16.117408,15.000000,1.000000
0.006100,16.096913,15.000000,1.000000
0.006102,16.076456,15.000000,1.000000
0.006104,16.056036,15.000000,1.000000
0.006106,16.035655,15.000000,1.000000
0.006108,16.015311,15.000000,1.000000
0.006110,15.995005,15.000000,1.000000
0.006112,15.974737,15.000000,1.000000
0.006114,15.954507,15.000000,1.000000
0.006116,15.934315,15.000000,1.000000
0.006118,15.914160,15.000000,1.000000
0.006120,15.894043,15.000000,1.000000
0.006122,15.873964,15.000000,1.000000
0.006124,15.853922,15.000000,1.000000
0.006126,15.833918,15.000000,1.000000
0.006128,15.813951,15.000000,1.000000
0.006130,15.794022,15.000000,1.000000
0.006132,15.774131,15.000000,1.000000
0.006134,15.754277,15.000000,1.000000
0.006136,15.734460,15.000000,1.000000
0.006138,15.714681,15.000000,1.000000
0.006140,15.694939,15.000000,1.000000
0.006142,15.675235,15.000000,1.000000
0.006144,15.655568,15.000000,1.000000
0.006146,15.635938,15.000000,1.000000
0.006148,15.616345,15.000000,1.000000
0.006150,15.596790,15.000000,1.000000
0.006152,15.577272,15.000000,1.000000
0.006154,15.557791,15.000000,1.000000
0.006156,15.538347,15.000000,1.000000
0.006158,15.518940,15.000000,1.000000
0.006160,15.499570,15.000000,1.000000
0.006162,15.480237,15.000000,1.000000
0.006164,15.460942,15.000000,1.000000
0.006166,15.441683,15.000000,1.000000
0.006168,15.422461,15.000000,1.000000
0.006170,15.403276,15.000000,1.000000
0.006172,15.384127,15.000000,1.000000
0.006174,15.365016,15.000000,1.000000
0.006176,15.345941,15.000000,1.000000
0.006178,15.326903,15.000000,1.000000
0.006180,15.307902,15.000000,1.000000
0.006182,15.288937,15.000000,1.000000
0.006184,15.270009,15.000000,1.000000
0.006186,15.251117,15.000000,1.000000
0.006188,15.232262,15.000000,1.000000
0.006190,15.213444,15.000000,1.000000
0.006192,15.194661,15.000000,1.000000
0.006194,15.175916,15.000000,1.000000
0.006196,15.157206,15.000000,1.000000
0.006198,15.138533,15.000000,1.000000
0.006200,15.119897,15.000000,1.000000
0.006202,15.101296,15.000000,1.000000
0.006204,15.082732,15.000000,1.000000
0.006206,15.064204,15.000000,1.000000
0.006208,15.045712,15.000000,1.000000
0.006210,15.027256,15.000000,1.000000
0.006212,15.008836,15.000000,1.000000
0.006214,14.990452,15.000000,1.000000
0.006216,14.972104,15.000000,1.000000
0.006218,14.953792,15.000000,1.000000
0.006220,14.935516,15.000000,1.000000
0.006222,14.917276,15.000000,1.000000
0.006224,14.899071,15.000000,1.000000
0.006226,14.880902,15.000000,1.000000
0.006228,14.862769,15.000000,1.000000
0.006230,14.844672,15.000000,1.000000
0.006232,14.826610,15.000000,1.000000
0.006234,14.808584,15.000000,1.000000
0.006236,14.790593,15.000000,1.000000
0.006238,14.772638,15.000000,1.000000
0.006240,14.754718,15.000000,1.000000
0.006242,14.736834,15.000000,1.000000
0.006244,14.718985,15.000000,1.000000
0.006246,14.701171,15.000000,1.000000
0.006248,14.683393,15.000000,1.000000
0.006250,14.665649,15.000000,1.000000
0.006252,14.647941,15.000000,1.000000
0.006254,14.630268,15.000000,1.000000
0.006256,14.612630,15.000000,1.000000
0.006258,14.595028,15.000000,1.000000
0.006260,14.577460,15.000000,1.000000
0.006262,14.559927,15.000000,1.000000
0.006264,14.542429,15.000000,1.000000
0.006266,14.524966,15.000000,1.000000
0.006268,14.507537,15.000000,1.000000
0.006270,14.490144,15.000000,1.000000
0.006272,14.472785,15.000000,1.000000
0.006274,14.455460,15.000000,1.000000
0.006276,14.438171,15.000000,1.000000
0.006278,14.420916,15.000000,1.000000
0.006280,14.403695,15.000000,1.000000
0.006282,14.386509,15.000000,1.000000
0.006284,14.369357,15.000000,1.000000
0.006286,14.352240,15.000000,1.000000
0.006288,14.335157,15.000000,1.000000
0.006290,14.318108,15.000000,1.000000
0.006292,14.301094,15.000000,1.000000
0.006294,14.284114,15.000000,1.000000
0.006296,14.267168,15.000000,1.000000
0.006298,14.250255,15.000000,1.000000
0.006300,14.275471,15.000000,1.000000
0.006302,14.300692,15.000000,1.000000
0.006304,14.325920,15.000000,1.000000
0.006306,14.351155,15.000000,1.000000
0.006308,14.376397,15.000000,1.000000
0.006310,14.401645,15.000000,1.000000
0.006312,14.426900,15.000000,1.000000
0.006314,14.452161,15.000000,1.000000
0.006316,14.477430,15.000000,1.000000
0.006318,14.502705,15.000000,1.000000
0.006320,14.527988,15.000000,1.000000
0.006322,14.553277,15.000000,1.000000
0.006324,14.578574,15.000000,1.000000
0.006326,14.603878,15.000000,1.000000
0.006328,14.629189,15.000000,1.000000
0.006330,14.654508,15.000000,1.000000
0.006332,14.679833,15.000000,1.000000
0.006334,14.705167,15.000000,1.000000
0.006336,14.730508,15.000000,1.000000
0.006338,14.755856,15.000000,1.000000
0.006340,14.781212,15.000000,1.000000
0.006342,14.806576,15.000000,1.000000
0.006344,14.831947,15.000000,1.000000
0.006346,14.857327,15.000000,1.000000
0.006348,14.882714,15.000000,1.000000
0.006350,14.908109,15.000000,1.000000
0.006352,14.933512,15.000000,1.000000
0.006354,14.958923,15.000000,1.000000
0.006356,14.984343,15.000000,1.000000
0.006358,15.009770,15.000000,1.000000
0.006360,15.035206,15.000000,1.000000
0.006362,15.060651,15.000000,1.000000
0.006364,15.086103,15.000000,1.000000
0.006366,15.111564,15.000000,1.000000
0.006368,15.137034,15.000000,1.000000
0.006370,15.162512,15.000000,1.000000
0.006372,15.187999,15.000000,1.000000
0.006374,15.213495,15.000000,1.000000
0.006376,15.239000,15.000000,1.000000
0.006378,15.264513,15.000000,1.000000
0.006380,15.290035,15.000000,1.000000
0.006382,15.315566,15.000000,1.000000
0.006384,15.341107,15.000000,1.000000
0.006386,15.366656,15.000000,1.000000
0.006388,15.392215,15.000000,1.000000
0.006390,15.417783,15.000000,1.000000
0.006392,15.443360,15.000000,1.000000
0.006394,15.468947,15.000000,1.000000
0.006396,15.494543,15.000000,1.000000
0.006398,15.520149,15.000000,1.000000
0.006400,15.501945,15.000000,1.000000
0.006402,15.483778,15.000000,1.000000
0.006404,15.465649,15.000000,1.000000
0.006406,15.447556,15.000000,1.000000
0.006408,15.429501,15.000000,1.000000
0.006410,15.411483,15.000000,1.000000
0.006412,15.393502,15.000000,1.000000
0.006414,15.375558,15.000000,1.000000
0.006416,15.357650,15.000000,1.000000
0.006418,15.339780,15.000000,1.000000
0.006420,15.321946,15.000000,1.000000
0.006422,15.304149,15.000000,1.000000
0.006424,15.286388,15.000000,1.000000
0.006426,15.268664,15.000000,1.000000
0.006428,15.250977,15.000000,1.000000
0.006430,15.233326,15.000000,1.000000
0.006432,15.215711,15.000000,1.000000
0.006434,15.198133,15.000000,1.000000
0.006436,15.180592,15.000000,1.000000
0.006438,15.163086,15.000000,1.000000
0.006440,15.145617,15.000000,1.000000
0.006442,15.128183,15.000000,1.000000
0.006444,15.110786,15.000000,1.000000
0.006446,15.093425,15.000000,1.000000
0.006448,15.076100,15.000000,1.000000
0.006450,15.058811,15.000000,1.000000
0.006452,15.041557,15.000000,1.000000
0.006454,15.024340,15.000000,1.000000
0.006456,15.007158,15.000000,1.000000
0.006458,14.990012,15.000000,1.000000
0.006460,14.972901,15.000000,1.000000
0.006462,14.955826,15.000000,1.000000
0.006464,14.938787,15.000000,1.000000
0.006466,14.921783,15.000000,1.000000
0.006468,14.904814,15.000000,1.000000
0.006470,14.887881,15.000000,1.000000
0.006472,14.870983,15.000000,1.000000
0.006474,14.854120,15.000000,1.000000
0.006476,14.837293,15.000000,1.000000
0.006478,14.820500,15.000000,1.000000
0.006480,14.803743,15.000000,1.000000
0.006482,14.787020,15.000000,1.000000
0.006484,14.770333,15.000000,1.000000
0.006486,14.753680,15.000000,1.000000
0.006488,14.737062,15.000000,1.000000
0.006490,14.720479,15.000000,1.000000
0.006492,14.703930,15.000000,1.000000
0.006494,14.687416,15.000000,1.000000
0.006496,14.670937,15.000000,1.000000
0.006498,14.654492,15.000000,1.000000
0.006500,14.678982,15.000000,1.000000
0.006502,14.703482,15.000000,1.000000
0.006504,14.727994,15.000000,1.000000
0.006506,14.752516,15.000000,1.000000
0.006508,14.777050,15.000000,1.000000
0.006510,14.801595,15.000000,1.000000
0.006512,14.826151,15.000000,1.000000
0.006514,14.850719,15.000000,1.000000
0.006516,14.875298,15.000000,1.000000
0.006518,14.899888,15.000000,1.000000
0.006520,14.924490,15.000000,1.000000
0.006522,14.949104,15.000000,1.000000
0.006524,14.973729,15.000000,1.000000
0.006526,14.998367,15.000000,1.000000
0.006528,15.023016,15.000000,1.000000
0.006530,15.047677,15.000000,1.000000
0.006532,15.072350,15.000000,1.000000
0.006534,15.097035,15.000000,1.000000
0.006536,15.121732,15.000000,1.000000
0.006538,15.146441,15.000000,1.000000
0.006540,15.171163,15.000000,1.000000
0.006542,15.195897,15.000000,1.000000
0.006544,15.220643,15.000000,1.000000
0.006546,15.245402,15.000000,1.000000
0.006548,15.270173,15.000000,1.000000
0.006550,15.294957,15.000000,1.000000
0.006552,15.319754,15.000000,1.000000
0.006554,15.344564,15.000000,1.000000
0.006556,15.369386,15.000000,1.000000
0.006558,15.394221,15.000000,1.000000
0.006560,15.419070,15.000000,1.000000
0.006562,15.443931,15.000000,1.000000
0.006564,15.468806,15.000000,1.000000
0.006566,15.493694,15.000000,1.000000
0.006568,15.518595,15.000000,1.000000
0.006570,15.543509,15.000000,1.000000
0.006572,15.568437,15.000000,1.000000
0.006574,15.593378,15.000000,1.000000
0.006576,15.618333,15.000000,1.000000
0.006578,15.643302,15.000000,1.000000
0.006580,15.668284,15.000000,1.000000
0.006582,15.693281,15.000000,1.000000
0.006584,15.718291,15.000000,1.000000
0.006586,15.743315,15.000000,1.000000
0.006588,15.768353,15.000000,1.000000
0.006590,15.793405,15.000000,1.000000
0.006592,15.818471,15.000000,1.000000
0.006594,15.843552,15.000000,1.000000
0.006596,15.868647,15.000000,1.000000
0.006598,15.893756,15.000000,1.000000
0.006600,15.876217,15.000000,1.000000
0.006602,15.858714,15.000000,1.000000
0.006604,15.841249,15.000000,1.000000
0.006606,15.823821,15.000000,1.000000
0.006608,15.806431,15.000000,1.000000
0.006610,15.789077,15.000000,1.000000
0.006612,15.771760,15.000000,1.000000
0.006614,15.754479,15.000000,1.000000
0.006616,15.737236,15.000000,1.000000
0.006618,15.720029,15.000000,1.000000
0.006620,15.702859,15.000000,1.000000
0.006622,15.685726,15.000000,1.000000
0.006624,15.668629,15.000000,1.000000
0.006626,15.651568,15.000000,1.000000
0.006628,15.634544,15.000000,1.000000
0.006630,15.617556,15.000000,1.000000
0.006632,15.600605,15.000000,1.000000
0.006634,15.583689,15.000000,1.000000
0.006636,15.566810,15.000000,1.000000
0.006638,15.549967,15.000000,1.000000
0.006640,15.533160,15.000000,1.000000
0.006642,15.516389,15.000000,1.000000
0.006644,15.499653,15.000000,1.000000
0.006646,15.482954,15.000000,1.000000
0.006648,15.466290,15.000000,1.000000
0.006650,15.449662,15.000000,1.000000
0.006652,15.433069,15.000000,1.000000
0.006654,15.416512,15.000000,1.000000
0.006656,15.399990,15.000000,1.000000
0.006658,15.383504,15.000000,1.000000
0.006660,15.367053,15.000000,1.000000
0.006662,15.350638,15.000000,1.000000
0.006664,15.334258,15.000000,1.000000
0.006666,15.317912,15.000000,1.000000
0.006668,15.301602,15.000000,1.000000
0.006670,15.285327,15.000000,1.000000
0.006672,15.269087,15.000000,1.000000
0.006674,15.252882,15.000000,1.000000
0.006676,15.236711,15.000000,1.000000
0.006678,15.220575,15.000000,1.000000
0.006680,15.204474,15.000000,1.000000
0.006682,15.188408,15.000000,1.000000
0.006684,15.172376,15.000000,1.000000
0.006686,15.156379,15.000000,1.000000
0.006688,15.140416,15.000000,1.000000
0.006690,15.124487,15.000000,1.000000
0.006692,15.108593,15.000000,1.000000
0.006694,15.092733,15.000000,1.000000
0.006696,15.076907,15.000000,1.000000
0.006698,15.061115,15.000000,1.000000
0.006700,15.045357,15.000000,1.000000
0.006702,15.029633,15.000000,1.000000
0.006704,15.013944,15.000000,1.000000
0.006706,14.998287,15.000000,1.000000
0.006708,14.982665,15.000000,1.000000
0.006710,14.967076,15.000000,1.000000
0.006712,14.951521,15.000000,1.000000
0.006714,14.936000,15.000000,1.000000
0.006716,14.920512,15.000000,1.000000
0.006718,14.905058,15.000000,1.000000
0.006720,14.889636,15.000000,1.000000
0.006722,14.874249,15.000000,1.000000
0.006724,14.858894,15.000000,1.000000
0.006726,14.843573,15.000000,1.000000
0.006728,14.828284,15.000000,1.000000
0.006730,14.813029,15.000000,1.000000
0.006732,14.797807,15.000000,1.000000
0.006734,14.782618,15.000000,1.000000
0.006736,14.767461,15.000000,1.000000
0.006738,14.752337,15.000000,1.000000
0.006740,14.737246,15.000000,1.000000
0.006742,14.722188,15.000000,1.000000
0.006744,14.707162,15.000000,1.000000
0.006746,14.692169,15.000000,1.000000
0.006748,14.677208,15.000000,1.000000
0.006750,14.662280,15.000000,1.000000
0.006752,14.647384,15.000000,1.000000
0.006754,14.632520,15.000000,1.000000
0.006756,14.617689,15.000000,1.000000
0.006758,14.602889,15.000000,1.000000
0.006760,14.588122,15.000000,1.000000
0.006762,14.573387,15.000000,1.000000
0.006764,14.558683,15.000000,1.000000
0.006766,14.544012,15.000000,1.000000
0.006768,14.529372,15.000000,1.000000
0.006770,14.514764,15.000000,1.000000
0.006772,14.500188,15.000000,1.000000
0.006774,14.485643,15.000000,1.000000
0.006776,14.471130,15.000000,1.000000
0.006778,14.456649,15.000000,1.000000
0.006780,14.442199,15.000000,1.000000
0.006782,14.427780,15.000000,1.000000
0.006784,14.413392,15.000000,1.000000
0.006786,14.399036,15.000000,1.000000
0.006788,14.384711,15.000000,1.000000
0.006790,14.370417,15.000000,1.000000
0.006792,14.356154,15.000000,1.000000
0.006794,14.341922,15.000000,1.000000
0.006796,14.327721,15.000000,1.000000
0.006798,14.313551,15.000000,1.000000
0.006800,14.336886,15.000000,1.000000
0.006802,14.360237,15.000000,1.000000
0.006804,14.383605,15.000000,1.000000
0.006806,14.406989,15.000000,1.000000
0.006808,14.430390,15.000000,1.000000
0.006810,14.453808,15.000000,1.000000
0.006812,14.477244,15.000000,1.000000
0.006814,14.500696,15.000000,1.000000
0.006816,14.524165,15.000000,1.000000
0.006818,14.547651,15.000000,1.000000
0.006820,14.571155,15.000000,1.000000
0.006822,14.594676,15.000000,1.000000
0.006824,14.618215,15.000000,1.000000
0.006826,14.641771,15.000000,1.000000
0.006828,14.665344,15.000000,1.000000
0.006830,14.688935,15.000000,1.000000
0.006832,14.712544,15.000000,1.000000
0.006834,14.736171,15.000000,1.000000
0.006836,14.759816,15.000000,1.000000
0.006838,14.783478,15.000000,1.000000
0.006840,14.807159,15.000000,1.000000
0.006842,14.830857,15.000000,1.000000
0.006844,14.854574,15.000000,1.000000
0.006846,14.878310,15.000000,1.000000
0.006848,14.902063,15.000000,1.000000
0.006850,14.925835,15.000000,1.000000
0.006852,14.949626,15.000000,1.000000
0.006854,14.973435,15.000000,1.000000
0.006856,14.997263,15.000000,1.000000
0.006858,15.021109,15.000000,1.000000
0.006860,15.044975,15.000000,1.000000
0.006862,15.068859,15.000000,1.000000
0.006864,15.092763,15.000000,1.000000
0.006866,15.116685,15.000000,1.000000
0.006868,15.140627,15.000000,1.000000
0.006870,15.164588,15.000000,1.000000
0.006872,15.188568,15.000000,1.000000
0.006874,15.212567,15.000000,1.000000
0.006876,15.236587,15.000000,1.000000
0.006878,15.260625,15.000000,1.000000
0.006880,15.284684,15.000000,1.000000
0.006882,15.308762,15.000000,1.000000
0.006884,15.332860,15.000000,1.000000
0.006886,15.356977,15.000000,1.000000
0.006888,15.381115,15.000000,1.000000
0.006890,15.405273,15.000000,1.000000
0.006892,15.429451,15.000000,1.000000
0.006894,15.453649,15.000000,1.000000
0.006896,15.477868,15.000000,1.000000
0.006898,15.502107,15.000000,1.000000
0.006900,15.487114,15.000000,1.000000
0.006902,15.472155,15.000000,1.000000
0.006904,15.457228,15.000000,1.000000
0.006906,15.442334,15.000000,1.000000
0.006908,15.427472,15.000000,1.000000
0.006910,15.412644,15.000000,1.000000
0.006912,15.397848,15.000000,1.000000
0.006914,15.383084,15.000000,1.000000
0.006916,15.368353,15.000000,1.000000
0.006918,15.353654,15.000000,1.000000
0.006920,15.338987,15.000000,1.000000
0.006922,15.324353,15.000000,1.000000
0.006924,15.309750,15.000000,1.000000
0.006926,15.295180,15.000000,1.000000
0.006928,15.280642,15.000000,1.000000
0.006930,15.266136,15.000000,1.000000
0.006932,15.251661,15.000000,1.000000
0.006934,15.237219,15.000000,1.000000
0.006936,15.222808,15.000000,1.000000
0.006938,15.208429,15.000000,1.000000
0.006940,15.194081,15.000000,1.000000
0.006942,15.179765,15.000000,1.000000
0.006944,15.165481,15.000000,1.000000
0.006946,15.151227,15.000000,1.000000
0.006948,15.137006,15.000000,1.000000
0.006950,15.122815,15.000000,1.000000
0.006952,15.108656,15.000000,1.000000
0.006954,15.094528,15.000000,1.000000
0.006956,15.080430,15.000000,1.000000
0.006958,15.066364,15.000000,1.000000
0.006960,15.052329,15.000000,1.000000
0.006962,15.038325,15.000000,1.000000
0.006964,15.024351,15.000000,1.000000
0.006966,15.010408,15.000000,1.000000
0.006968,14.996496,15.000000,1.000000
0.006970,14.982615,15.000000,1.000000
0.006972,14.968764,15.000000,1.000000
0.006974,14.954943,15.000000,1.000000
0.006976,14.941153,15.000000,1.000000
0.006978,14.927393,15.000000,1.000000
0.006980,14.913664,15.000000,1.000000
0.006982,14.899965,15.000000,1.000000
0.006984,14.886296,15.000000,1.000000
0.006986,14.872657,15.000000,1.000000
0.006988,14.859048,15.000000,1.000000
0.006990,14.845469,15.000000,1.000000
0.006992,14.831919,15.000000,1.000000
0.006994,14.818400,15.000000,1.000000
0.006996,14.804910,15.000000,1.000000
0.006998,14.791450,15.000000,1.000000
0.007000,14.815000,15.000000,1.000000
0.007002,14.838570,15.000000,1.000000
0.007004,14.862162,15.000000,1.000000
0.007006,14.885775,15.000000,1.000000
0.007008,14.909410,15.000000,1.000000
0.007010,14.933066,15.000000,1.000000
0.007012,14.956744,15.000000,1.000000
0.007014,14.980444,15.000000,1.000000
0.007016,15.004166,15.000000,1.000000
0.007018,15.027909,15.000000,1.000000
0.007020,15.051675,15.000000,1.000000
0.007022,15.075463,15.000000,1.000000
0.007024,15.099273,15.000000,1.000000
0.007026,15.123106,15.000000,1.000000
0.007028,15.146960,15.000000,1.000000
0.007030,15.170838,15.000000,1.000000
0.007032,15.194738,15.000000,1.000000
0.007034,15.218660,15.000000,1.000000
0.007036,15.242605,15.000000,1.000000
0.007038,15.266573,15.000000,1.000000
0.007040,15.290564,15.000000,1.000000
0.007042,15.314578,15.000000,1.000000
0.007044,15.338615,15.000000,1.000000
0.007046,15.362675,15.000000,1.000000
0.007048,15.386759,15.000000,1.000000
0.007050,15.410866,15.000000,1.000000
0.007052,15.434996,15.000000,1.000000
0.007054,15.459150,15.000000,1.000000
0.007056,15.483327,15.000000,1.000000
0.007058,15.507528,15.000000,1.000000
0.007060,15.531753,15.000000,1.000000
0.007062,15.556001,15.000000,1.000000
0.007064,15.580274,15.000000,1.000000
0.007066,15.604570,15.000000,1.000000
0.007068,15.628891,15.000000,1.000000
0.007070,15.653236,15.000000,1.000000
0.007072,15.677605,15.000000,1.000000
0.007074,15.701999,15.000000,1.000000
0.007076,15.726417,15.000000,1.000000
0.007078,15.750860,15.000000,1.000000
0.007080,15.775327,15.000000,1.000000
0.007082,15.799819,15.000000,1.000000
0.007084,15.824336,15.000000,1.000000
0.007086,15.848878,15.000000,1.000000
0.007088,15.873445,15.000000,1.000000
0.007090,15.898037,15.000000,1.000000
0.007092,15.922654,15.000000,1.000000
0.007094,15.947297,15.000000,1.000000
0.007096,15.971964,15.000000,1.000000
0.007098,15.996658,15.000000,1.000000
0.007100,15.982494,15.000000,1.000000
0.007102,15.968361,15.000000,1.000000
0.007104,15.954260,15.000000,1.000000
0.007106,15.940190,15.000000,1.000000
0.007108,15.926151,15.000000,1.000000
0.007110,15.912144,15.000000,1.000000
0.007112,15.898167,15.000000,1.000000
0.007114,15.884221,15.000000,1.000000
0.007116,15.870306,15.000000,1.000000
0.007118,15.856422,15.000000,1.000000
0.007120,15.842569,15.000000,1.000000
0.007122,15.828747,15.000000,1.000000
0.007124,15.814955,15.000000,1.000000
0.007126,15.801194,15.000000,1.000000
0.007128,15.787463,15.000000,1.000000
0.007130,15.773762,15.000000,1.000000
0.007132,15.760092,15.000000,1.000000
0.007134,15.746453,15.000000,1.000000
0.007136,15.732843,15.000000,1.000000
0.007138,15.719264,15.000000,1.000000
0.007140,15.705715,15.000000,1.000000
0.007142,15.692196,15.000000,1.000000
0.007144,15.678706,15.000000,1.000000
0.007146,15.665247,15.000000,1.000000
0.007148,15.651818,15.000000,1.000000
0.007150,15.638418,15.000000,1.000000
0.007152,15.625048,15.000000,1.000000
0.007154,15.611707,15.000000,1.000000
0.007156,15.598397,15.000000,1.000000
0.007158,15.585115,15.000000,1.000000
0.007160,15.571863,15.000000,1.000000
0.007162,15.558641,15.000000,1.000000
0.007164,15.545447,15.000000,1.000000
0.007166,15.532283,15.000000,1.000000
0.007168,15.519149,15.000000,1.000000
0.007170,15.506043,15.000000,1.000000
0.007172,15.492966,15.000000,1.000000
0.007174,15.479918,15.000000,1.000000
0.007176,15.466900,15.000000,1.000000
0.007178,15.453910,15.000000,1.000000
0.007180,15.440949,15.000000,1.000000
0.007182,15.428016,15.000000,1.000000
0.007184,15.415112,15.000000,1.000000
0.007186,15.402237,15.000000,1.000000
0.007188,15.389390,15.000000,1.000000
0.007190,15.376572,15.000000,1.000000
0.007192,15.363782,15.000000,1.000000
0.007194,15.351021,15.000000,1.000000
0.007196,15.338287,15.000000,1.000000
0.007198,15.325582,15.000000,1.000000
0.007200,15.312905,15.000000,1.000000
0.007202,15.300257,15.000000,1.000000
0.007204,15.287636,15.000000,1.000000
0.007206,15.275043,15.000000,1.000000
0.007208,15.262478,15.000000,1.000000
0.007210,15.249941,15.000000,1.000000
0.007212,15.237431,15.000000,1.000000
0.007214,15.224950,15.000000,1.000000
0.007216,15.212495,15.000000,1.000000
0.007218,15.200069,15.000000,1.000000
0.007220,15.187670,15.000000,1.000000
0.007222,15.175298,15.000000,1.000000
0.007224,15.162954,15.000000,1.000000
0.007226,15.150637,15.000000,1.000000
0.007228,15.138348,15.000000,1.000000
0.007230,15.126085,15.000000,1.000000
0.007232,15.113850,15.000000,1.000000
0.007234,15.101642,15.000000,1.000000
0.007236,15.089461,15.000000,1.000000
0.007238,15.077307,15.000000,1.000000
0.007240,15.065179,15.000000,1.000000
0.007242,15.053079,15.000000,1.000000
0.007244,15.041005,15.000000,1.000000
0.007246,15.028958,15.000000,1.000000
0.007248,15.016938,15.000000,1.000000
0.007250,15.004944,15.000000,1.000000
0.007252,14.992977,15.000000,1.000000
0.007254,14.981036,15.000000,1.000000
0.007256,14.969122,15.000000,1.000000
0.007258,14.957234,15.000000,1.000000
0.007260,14.945372,15.000000,1.000000
0.007262,14.933536,15.000000,1.000000
0.007264,14.921727,15.000000,1.000000
0.007266,14.909944,15.000000,1.000000
0.007268,14.898187,15.000000,1.000000
0.007270,14.886455,15.000000,1.000000
0.007272,14.874750,15.000000,1.000000
0.007274,14.863071,15.000000,1.000000
0.007276,14.851417,15.000000,1.000000
0.007278,14.839789,15.000000,1.000000
0.007280,14.828187,15.000000,1.000000
0.007282,14.816611,15.000000,1.000000
0.007284,14.805060,15.000000,1.000000
0.007286,14.793534,15.000000,1.000000
0.007288,14.782034,15.000000,1.000000
0.007290,14.770560,15.000000,1.000000
0.007292,14.759110,15.000000,1.000000
0.007294,14.747687,15.000000,1.000000
0.007296,14.736288,15.000000,1.000000
0.007298,14.724914,15.000000,1.000000
0.007300,14.748491,15.000000,1.000000
0.007302,14.772094,15.000000,1.000000
0.007304,14.795724,15.000000,1.000000
0.007306,14.819381,15.000000,1.000000
0.007308,14.843064,15.000000,1.000000
0.007310,14.866775,15.000000,1.000000
0.007312,14.890513,15.000000,1.000000
0.007314,14.914278,15.000000,1.000000
0.007316,14.938070,15.000000,1.000000
0.007318,14.961889,15.000000,1.000000
0.007320,14.985737,15.000000,1.000000
0.007322,15.009611,15.000000,1.000000
0.007324,15.033513,15.000000,1.000000
0.007326,15.057444,15.000000,1.000000
0.007328,15.081401,15.000000,1.000000
0.007330,15.105387,15.000000,1.000000
0.007332,15.129401,15.000000,1.000000
0.007334,15.153443,15.000000,1.000000
0.007336,15.177513,15.000000,1.000000
0.007338,15.201612,15.000000,1.000000
0.007340,15.225738,15.000000,1.000000
0.007342,15.249894,15.000000,1.000000
0.007344,15.274078,15.000000,1.000000
0.007346,15.298290,15.000000,1.000000
0.007348,15.322532,15.000000,1.000000
0.007350,15.346802,15.000000,1.000000
0.007352,15.371101,15.000000,1.000000
0.007354,15.395430,15.000000,1.000000
0.007356,15.419787,15.000000,1.000000
0.007358,15.444174,15.000000,1.000000
0.007360,15.468590,15.000000,1.000000
0.007362,15.493035,15.000000,1.000000
0.007364,15.517510,15.000000,1.000000
0.007366,15.542015,15.000000,1.000000
0.007368,15.566549,15.000000,1.000000
0.007370,15.591114,15.000000,1.000000
0.007372,15.615708,15.000000,1.000000
0.007374,15.640332,15.000000,1.000000
0.007376,15.664986,15.000000,1.000000
0.007378,15.689671,15.000000,1.000000
0.007380,15.714385,15.000000,1.000000
0.007382,15.739131,15.000000,1.000000
0.007384,15.763906,15.000000,1.000000
0.007386,15.788713,15.000000,1.000000
0.007388,15.813550,15.000000,1.000000
0.007390,15.838418,15.000000,1.000000
0.007392,15.863317,15.000000,1.000000
0.007394,15.888246,15.000000,1.000000
0.007396,15.913207,15.000000,1.000000
0.007398,15.938199,15.000000,1.000000
0.007400,15.926281,15.000000,1.000000
0.007402,15.914388,15.000000,1.000000
0.007404,15.902523,15.000000,1.000000
0.007406,15.890683,15.000000,1.000000
0.007408,15.878870,15.000000,1.000000
0.007410,15.867083,15.000000,1.000000
0.007412,15.855322,15.000000,1.000000
0.007414,15.843587,15.000000,1.000000
0.007416,15.831878,15.000000,1.000000
0.007418,15.820195,15.000000,1.000000
0.007420,15.808538,15.000000,1.000000
0.007422,15.796906,15.000000,1.000000
0.007424,15.785301,15.000000,1.000000
0.007426,15.773721,15.000000,1.000000
0.007428,15.762167,15.000000,1.000000
0.007430,15.750638,15.000000,1.000000
0.007432,15.739135,15.000000,1.000000
0.007434,15.727658,15.000000,1.000000
0.007436,15.716206,15.000000,1.000000
0.007438,15.704779,15.000000,1.000000
0.007440,15.693377,15.000000,1.000000
0.007442,15.682001,15.000000,1.000000
0.007444,15.670650,15.000000,1.000000
0.007446,15.659324,15.000000,1.000000
0.007448,15.648023,15.000000,1.000000
0.007450,15.636747,15.000000,1.000000
0.007452,15.625496,15.000000,1.000000
0.007454,15.614270,15.000000,1.000000
0.007456,15.603069,15.000000,1.000000
0.007458,15.591892,15.000000,1.000000
0.007460,15.580741,15.000000,1.000000
0.007462,15.569614,15.000000,1.000000
0.007464,15.558511,15.000000,1.000000
0.007466,15.547433,15.000000,1.000000
0.007468,15.536380,15.000000,1.000000
0.007470,15.525351,15.000000,1.000000
0.007472,15.514346,15.000000,1.000000
0.007474,15.503366,15.000000,1.000000
0.007476,15.492410,15.000000,1.000000
0.007478,15.481478,15.000000,1.000000
0.007480,15.470570,15.000000,1.000000
0.007482,15.459686,15.000000,1.000000
0.007484,15.448827,15.000000,1.000000
0.007486,15.437991,15.000000,1.000000
0.007488,15.427179,15.000000,1.000000
0.007490,15.416392,15.000000,1.000000
0.007492,15.405628,15.000000,1.000000
0.007494,15.394887,15.000000,1.000000
0.007496,15.384171,15.000000,1.000000
0.007498,15.373478,15.000000,1.000000
0.007500,15.362809,15.000000,1.000000
0.007502,15.352163,15.000000,1.000000
0.007504,15.341541,15.000000,1.000000
0.007506,15.330942,15.000000,1.000000
0.007508,15.320366,15.000000,1.000000
0.007510,15.309814,15.000000,1.000000
0.007512,15.299285,15.000000,1.000000
0.007514,15.288780,15.000000,1.000000
0.007516,15.278297,15.000000,1.000000
0.007518,15.267838,15.000000,1.000000
0.007520,15.257401,15.000000,1.000000
0.007522,15.246988,15.000000,1.000000
0.007524,15.236598,15.000000,1.000000
0.007526,15.226230,15.000000,1.000000
0.007528,15.215886,15.000000,1.000000
0.007530,15.205564,15.000000,1.000000
0.007532,15.195265,15.000000,1.000000
0.007534,15.184988,15.000000,1.000000
0.007536,15.174734,15.000000,1.000000
0.007538,15.164503,15.000000,1.000000
0.007540,15.154294,15.000000,1.000000
0.007542,15.144108,15.000000,1.000000
0.007544,15.133944,15.000000,1.000000
0.007546,15.123803,15.000000,1.000000
0.007548,15.113684,15.000000,1.000000
0.007550,15.103587,15.000000,1.000000
0.007552,15.093512,15.000000,1.000000
0.007554,15.083460,15.000000,1.000000
0.007556,15.073429,15.000000,1.000000
0.007558,15.063421,15.000000,1.000000
0.007560,15.053435,15.000000,1.000000
0.007562,15.043470,15.000000,1.000000
0.007564,15.033528,15.000000,1.000000
0.007566,15.023607,15.000000,1.000000
0.007568,15.013708,15.000000,1.000000
0.007570,15.003831,15.000000,1.000000
0.007572,14.993976,15.000000,1.000000
0.007574,14.984142,15.000000,1.000000
0.007576,14.974330,15.000000,1.000000
0.007578,14.964539,15.000000,1.000000
0.007580,14.954770,15.000000,1.000000
0.007582,14.945023,15.000000,1.000000
0.007584,14.935296,15.000000,1.000000
0.007586,14.925592,15.000000,1.000000
0.007588,14.915908,15.000000,1.000000
0.007590,14.906246,15.000000,1.000000
0.007592,14.896604,15.000000,1.000000
0.007594,14.886985,15.000000,1.000000
0.007596,14.877386,15.000000,1.000000
0.007598,14.867808,15.000000,1.000000
0.007600,14.891952,15.000000,1.000000
0.007602,14.916128,15.000000,1.000000
0.007604,14.940336,15.000000,1.000000
0.007606,14.964576,15.000000,1.000000
0.007608,14.988849,15.000000,1.000000
0.007610,15.013153,15.000000,1.000000
0.007612,15.037491,15.000000,1.000000
0.007614,15.061860,15.000000,1.000000
0.007616,15.086263,15.000000,1.000000
0.007618,15.110698,15.000000,1.000000
0.007620,15.135166,15.000000,1.000000
0.007622,15.159667,15.000000,1.000000
0.007624,15.184201,15.000000,1.000000
0.007626,15.208768,15.000000,1.000000
0.007628,15.233368,15.000000,1.000000
0.007630,15.258002,15.000000,1.000000
0.007632,15.282669,15.000000,1.000000
0.007634,15.307370,15.000000,1.000000
0.007636,15.332104,15.000000,1.000000
0.007638,15.356872,15.000000,1.000000
0.007640,15.381674,15.000000,1.000000
0.007642,15.406510,15.000000,1.000000
0.007644,15.431380,15.000000,1.000000
0.007646,15.456285,15.000000,1.000000
0.007648,15.481223,15.000000,1.000000
0.007650,15.506196,15.000000,1.000000
0.007652,15.531203,15.000000,1.000000
0.007654,15.556245,15.000000,1.000000
0.007656,15.581322,15.000000,1.000000
0.007658,15.606433,15.000000,1.000000
0.007660,15.631580,15.000000,1.000000
0.007662,15.656761,15.000000,1.000000
0.007664,15.681978,15.000000,1.000000
0.007666,15.707229,15.000000,1.000000
0.007668,15.732516,15.000000,1.000000
0.007670,15.757839,15.000000,1.000000
0.007672,15.783197,15.000000,1.000000
0.007674,15.808591,15.000000,1.000000
0.007676,15.834020,15.000000,1.000000
0.007678,15.859486,15.000000,1.000000
0.007680,15.884987,15.000000,1.000000
0.007682,15.910524,15.000000,1.000000
0.007684,15.936098,15.000000,1.000000
0.007686,15.961708,15.000000,1.000000
0.007688,15.987354,15.000000,1.000000
0.007690,16.013037,15.000000,1.000000
0.007692,16.038756,15.000000,1.000000
0.007694,16.064513,15.000000,1.000000
0.007696,16.090306,15.000000,1.000000
0.007698,16.116136,15.000000,1.000000
0.007700,16.106124,15.000000,1.000000
0.007702,16.096134,15.000000,1.000000
0.007704,16.086167,15.000000,1.000000
0.007706,16.076221,15.000000,1.000000
0.007708,16.066297,15.000000,1.000000
0.007710,16.056395,15.000000,1.000000
0.007712,16.046515,15.000000,1.000000
0.007714,16.036657,15.000000,1.000000
0.007716,16.026820,15.000000,1.000000
0.007718,16.017004,15.000000,1.000000
0.007720,16.007211,15.000000,1.000000
0.007722,15.997438,15.000000,1.000000
0.007724,15.987688,15.000000,1.000000
0.007726,15.977958,15.000000,1.000000
0.007728,15.968250,15.000000,1.000000
0.007730,15.958564,15.000000,1.000000
0.007732,15.948898,15.000000,1.000000
0.007734,15.939254,15.000000,1.000000
0.007736,15.929631,15.000000,1.000000
0.007738,15.920029,15.000000,1.000000
0.007740,15.910448,15.000000,1.000000
0.007742,15.900888,15.000000,1.000000
0.007744,15.891349,15.000000,1.000000
0.007746,15.881831,15.000000,1.000000
0.007748,15.872334,15.000000,1.000000
0.007750,15.862857,15.000000,1.000000
0.007752,15.853402,15.000000,1.000000
0.007754,15.843967,15.000000,1.000000
0.007756,15.834553,15.000000,1.000000
0.007758,15.825159,15.000000,1.000000
0.007760,15.815786,15.000000,1.000000
0.007762,15.806434,15.000000,1.000000
0.007764,15.797102,15.000000,1.000000
0.007766,15.787790,15.000000,1.000000
0.007768,15.778499,15.000000,1.000000
0.007770,15.769228,15.000000,1.000000
0.007772,15.759978,15.000000,1.000000
0.007774,15.750747,15.000000,1.000000
0.007776,15.741537,15.000000,1.000000
0.007778,15.732347,15.000000,1.000000
0.007780,15.723177,15.000000,1.000000
0.007782,15.714028,15.000000,1.000000
0.007784,15.704898,15.000000,1.000000
0.007786,15.695788,15.000000,1.000000
0.007788,15.686698,15.000000,1.000000
0.007790,15.677628,15.000000,1.000000
0.007792,15.668578,15.000000,1.000000
0.007794,15.659547,15.000000,1.000000
0.007796,15.650537,15.000000,1.000000
0.007798,15.641545,15.000000,1.000000
0.007800,15.632574,15.000000,1.000000
0.007802,15.623622,15.000000,1.000000
0.007804,15.614690,15.000000,1.000000
0.007806,15.605777,15.000000,1.000000
0.007808,15.596884,15.000000,1.000000
0.007810,15.588010,15.000000,1.000000
0.007812,15.579156,15.000000,1.000000
0.007814,15.570320,15.000000,1.000000
0.007816,15.561504,15.000000,1.000000
0.007818,15.552708,15.000000,1.000000
0.007820,15.543930,15.000000,1.000000
0.007822,15.535172,15.000000,1.000000
0.007824,15.526433,15.000000,1.000000
0.007826,15.517712,15.000000,1.000000
0.007828,15.509011,15.000000,1.000000
0.007830,15.500329,15.000000,1.000000
0.007832,15.491666,15.000000,1.000000
0.007834,15.483021,15.000000,1.000000
0.007836,15.474396,15.000000,1.000000
0.007838,15.465789,15.000000,1.000000
0.007840,15.457201,15.000000,1.000000
0.007842,15.448632,15.000000,1.000000
0.007844,15.440081,15.000000,1.000000
0.007846,15.431549,15.000000,1.000000
0.007848,15.423035,15.000000,1.000000
0.007850,15.414541,15.000000,1.000000
0.007852,15.406064,15.000000,1.000000
0.007854,15.397606,15.000000,1.000000
0.007856,15.389166,15.000000,1.000000
0.007858,15.380745,15.000000,1.000000
0.007860,15.372342,15.000000,1.000000
0.007862,15.363958,15.000000,1.000000
0.007864,15.355591,15.000000,1.000000
0.007866,15.347243,15.000000,1.000000
0.007868,15.338913,15.000000,1.000000
0.007870,15.330601,15.000000,1.000000
0.007872,15.322307,15.000000,1.000000
0.007874,15.314031,15.000000,1.000000
0.007876,15.305773,15.000000,1.000000
0.007878,15.297533,15.000000,1.000000
0.007880,15.289311,15.000000,1.000000
0.007882,15.281107,15.000000,1.000000
0.007884,15.272921,15.000000,1.000000
0.007886,15.264752,15.000000,1.000000
0.007888,15.256601,15.000000,1.000000
0.007890,15.248468,15.000000,1.000000
0.007892,15.240353,15.000000,1.000000
0.007894,15.232255,15.000000,1.000000
0.007896,15.224174,15.000000,1.000000
0.007898,15.216111,15.000000,1.000000
0.007900,15.208066,15.000000,1.000000
0.007902,15.200038,15.000000,1.000000
0.007904,15.192028,15.000000,1.000000
0.007906,15.184035,15.000000,1.000000
0.007908,15.176059,15.000000,1.000000
0.007910,15.168100,15.000000,1.000000
0.007912,15.160159,15.000000,1.000000
0.007914,15.152235,15.000000,1.000000
0.007916,15.144328,15.000000,1.000000
0.007918,15.136439,15.000000,1.000000
0.007920,15.128566,15.000000,1.000000
0.007922,15.120710,15.000000,1.000000
0.007924,15.112872,15.000000,1.000000
0.007926,15.105050,15.000000,1.000000
0.007928,15.097246,15.000000,1.000000
0.007930,15.089458,15.000000,1.000000
0.007932,15.081687,15.000000,1.000000
0.007934,15.073933,15.000000,1.000000
0.007936,15.066195,15.000000,1.000000
0.007938,15.058475,15.000000,1.000000
0.007940,15.050771,15.000000,1.000000
0.007942,15.043084,15.000000,1.000000
0.007944,15.035413,15.000000,1.000000
0.007946,15.027759,15.000000,1.000000
0.007948,15.020122,15.000000,1.000000
0.007950,15.012501,15.000000,1.000000
0.007952,15.004896,15.000000,1.000000
0.007954,14.997308,15.000000,1.000000
0.007956,14.989736,15.000000,1.000000
0.007958,14.982181,15.000000,1.000000
0.007960,14.974642,15.000000,1.000000
0.007962,14.967119,15.000000,1.000000
0.007964,14.959613,15.000000,1.000000
0.007966,14.952123,15.000000,1.000000
0.007968,14.944649,15.000000,1.000000
0.007970,14.937191,15.000000,1.000000
0.007972,14.929749,15.000000,1.000000
0.007974,14.922323,15.000000,1.000000
0.007976,14.914913,15.000000,1.000000
0.007978,14.907519,15.000000,1.000000
0.007980,14.900142,15.000000,1.000000
0.007982,14.892780,15.000000,1.000000
0.007984,14.885434,15.000000,1.000000
0.007986,14.878103,15.000000,1.000000
0.007988,14.870789,15.000000,1.000000
0.007990,14.863490,15.000000,1.000000
0.007992,14.856207,15.000000,1.000000
0.007994,14.848940,15.000000,1.000000
0.007996,14.841689,15.000000,1.000000
0.007998,14.834453,15.000000,1.000000
0.008000,14.859338,15.000000,1.000000
0.008002,14.884261,15.000000,1.000000
0.008004,14.909222,15.000000,1.000000
0.008006,14.934221,15.000000,1.000000
0.008008,14.959257,15.000000,1.000000
0.008010,14.984331,15.000000,1.000000
0.008012,15.009443,15.000000,1.000000
0.008014,15.034594,15.000000,1.000000
0.008016,15.059782,15.000000,1.000000
0.008018,15.085009,15.000000,1.000000
0.008020,15.110275,15.000000,1.000000
0.008022,15.135579,15.000000,1.000000
0.008024,15.160922,15.000000,1.000000
0.008026,15.186303,15.000000,1.000000
0.008028,15.211724,15.000000,1.000000
0.008030,15.237184,15.000000,1.000000
0.008032,15.262682,15.000000,1.000000
0.008034,15.288220,15.000000,1.000000
0.008036,15.313798,15.000000,1.000000
0.008038,15.339415,15.000000,1.000000
0.008040,15.365071,15.000000,1.000000
0.008042,15.390768,15.000000,1.000000
0.008044,15.416504,15.000000,1.000000
0.008046,15.442280,15.000000,1.000000
0.008048,15.468096,15.000000,1.000000
0.008050,15.493953,15.000000,1.000000
0.008052,15.519849,15.000000,1.000000
0.008054,15.545786,15.000000,1.000000
0.008056,15.571764,15.000000,1.000000
0.008058,15.597783,15.000000,1.000000
0.008060,15.623842,15.000000,1.000000
0.008062,15.649942,15.000000,1.000000
0.008064,15.676083,15.000000,1.000000
0.008066,15.702265,15.000000,1.000000
0.008068,15.728489,15.000000,1.000000
0.008070,15.754753,15.000000,1.000000
0.008072,15.781060,15.000000,1.000000
0.008074,15.807408,15.000000,1.000000
0.008076,15.833797,15.000000,1.000000
0.008078,15.860229,15.000000,1.000000
0.008080,15.886703,15.000000,1.000000
0.008082,15.913218,15.000000,1.000000
0.008084,15.939776,15.000000,1.000000
0.008086,15.966376,15.000000,1.000000
0.008088,15.993019,15.000000,1.000000
0.008090,16.019704,15.000000,1.000000
0.008092,16.046432,15.000000,1.000000
0.008094,16.073203,15.000000,1.000000
0.008096,16.100017,15.000000,1.000000
0.008098,16.126873,15.000000,1.000000
0.008100,16.119317,15.000000,1.000000
0.008102,16.111776,15.000000,1.000000
0.008104,16.104252,15.000000,1.000000
0.008106,16.096744,15.000000,1.000000
0.008108,16.089253,15.000000,1.000000
0.008110,16.081777,15.000000,1.000000
0.008112,16.074318,15.000000,1.000000
0.008114,16.066875,15.000000,1.000000
0.008116,16.059447,15.000000,1.000000
0.008118,16.052036,15.000000,1.000000
0.008120,16.044641,15.000000,1.000000
0.008122,16.037261,15.000000,1.000000
0.008124,16.029898,15.000000,1.000000
0.008126,16.022550,15.000000,1.000000
0.008128,16.015218,15.000000,1.000000
0.008130,16.007902,15.000000,1.000000
0.008132,16.000602,15.000000,1.000000
0.008134,15.993317,15.000000,1.000000
0.008136,15.986048,15.000000,1.000000
0.008138,15.978795,15.000000,1.000000
0.008140,15.971557,15.000000,1.000000
0.008142,15.964335,15.000000,1.000000
0.008144,15.957128,15.000000,1.000000
0.008146,15.949937,15.000000,1.000000
0.008148,15.942762,15.000000,1.000000
0.008150,15.935601,15.000000,1.000000
0.008152,15.928456,15.000000,1.000000
0.008154,15.921327,15.000000,1.000000
0.008156,15.914213,15.000000,1.000000
0.008158,15.907114,15.000000,1.000000
0.008160,15.900030,15.000000,1.000000
0.008162,15.892962,15.000000,1.000000
0.008164,15.885908,15.000000,1.000000
0.008166,15.878870,15.000000,1.000000
0.008168,15.871847,15.000000,1.000000
0.008170,15.864839,15.000000,1.000000
0.008172,15.857846,15.000000,1.000000
0.008174,15.850869,15.000000,1.000000
0.008176,15.843906,15.000000,1.000000
0.008178,15.836958,15.000000,1.000000
0.008180,15.830025,15.000000,1.000000
0.008182,15.823106,15.000000,1.000000
0.008184,15.816203,15.000000,1.000000
0.008186,15.809314,15.000000,1.000000
0.008188,15.802441,15.000000,1.000000
0.008190,15.795582,15.000000,1.000000
0.008192,15.788737,15.000000,1.000000
0.008194,15.781907,15.000000,1.000000
0.008196,15.775092,15.000000,1.000000
0.008198,15.768292,15.000000,1.000000
0.008200,15.761506,15.000000,1.000000
0.008202,15.754735,15.000000,1.000000
0.008204,15.747978,15.000000,1.000000
0.008206,15.741235,15.000000,1.000000
0.008208,15.734507,15.000000,1.000000
0.008210,15.727794,15.000000,1.000000
0.008212,15.721095,15.000000,1.000000
0.008214,15.714410,15.000000,1.000000
0.008216,15.707739,15.000000,1.000000
0.008218,15.701083,15.000000,1.000000
0.008220,15.694441,15.000000,1.000000
0.008222,15.687813,15.000000,1.000000
0.008224,15.681200,15.000000,1.000000
0.008226,15.674600,15.000000,1.000000
0.008228,15.668015,15.000000,1.000000
0.008230,15.661443,15.000000,1.000000
0.008232,15.654886,15.000000,1.000000
0.008234,15.648343,15.000000,1.000000
0.008236,15.641814,15.000000,1.000000
0.008238,15.635298,15.000000,1.000000
0.008240,15.628797,15.000000,1.000000
0.008242,15.622309,15.000000,1.000000
0.008244,15.615836,15.000000,1.000000
0.008246,15.609376,15.000000,1.000000
0.008248,15.602930,15.000000,1.000000
0.008250,15.596498,15.000000,1.000000
0.008252,15.590079,15.000000,1.000000
0.008254,15.583674,15.000000,1.000000
0.008256,15.577283,15.000000,1.000000
0.008258,15.570905,15.000000,1.000000
0.008260,15.564542,15.000000,1.000000
0.008262,15.558191,15.000000,1.000000
0.008264,15.551854,15.000000,1.000000
0.008266,15.545531,15.000000,1.000000
0.008268,15.539221,15.000000,1.000000
0.008270,15.532925,15.000000,1.000000
0.008272,15.526642,15.000000,1.000000
0.008274,15.520372,15.000000,1.000000
0.008276,15.514116,15.000000,1.000000
0.008278,15.507873,15.000000,1.000000
0.008280,15.501644,15.000000,1.000000
0.008282,15.495428,15.000000,1.000000
0.008284,15.489225,15.000000,1.000000
0.008286,15.483035,15.000000,1.000000
0.008288,15.476858,15.000000,1.000000
0.008290,15.470695,15.000000,1.000000
0.008292,15.464545,15.000000,1.000000
0.008294,15.458407,15.000000,1.000000
0.008296,15.452283,15.000000,1.000000
0.008298,15.446172,15.000000,1.000000
0.008300,15.440074,15.000000,1.000000
0.008302,15.433989,15.000000,1.000000
0.008304,15.427916,15.000000,1.000000
0.008306,15.421857,15.000000,1.000000
0.008308,15.415811,15.000000,1.000000
0.008310,15.409777,15.000000,1.000000
0.008312,15.403756,15.000000,1.000000
0.008314,15.397749,15.000000,1.000000
0.008316,15.391753,15.000000,1.000000
0.008318,15.385771,15.000000,1.000000
0.008320,15.379801,15.000000,1.000000
0.008322,15.373844,15.000000,1.000000
0.008324,15.367900,15.000000,1.000000
0.008326,15.361968,15.000000,1.000000
0.008328,15.356049,15.000000,1.000000
0.008330,15.350143,15.000000,1.000000
0.008332,15.344249,15.000000,1.000000
0.008334,15.338367,15.000000,1.000000
0.008336,15.332498,15.000000,1.000000
0.008338,15.326642,15.000000,1.000000
0.008340,15.320798,15.000000,1.000000
0.008342,15.314966,15.000000,1.000000
0.008344,15.309147,15.000000,1.000000
0.008346,15.303340,15.000000,1.000000
0.008348,15.297545,15.000000,1.000000
0.008350,15.291763,15.000000,1.000000
0.008352,15.285993,15.000000,1.000000
0.008354,15.280235,15.000000,1.000000
0.008356,15.274489,15.000000,1.000000
0.008358,15.268756,15.000000,1.000000
0.008360,15.263035,15.000000,1.000000
0.008362,15.257325,15.000000,1.000000
0.008364,15.251628,15.000000,1.000000
0.008366,15.245943,15.000000,1.000000
0.008368,15.240271,15.000000,1.000000
0.008370,15.234610,15.000000,1.000000
0.008372,15.228961,15.000000,1.000000
0.008374,15.223324,15.000000,1.000000
0.008376,15.217699,15.000000,1.000000
0.008378,15.212086,15.000000,1.000000
0.008380,15.206484,15.000000,1.000000
0.008382,15.200895,15.000000,1.000000
0.008384,15.195318,15.000000,1.000000
0.008386,15.189752,15.000000,1.000000
0.008388,15.184198,15.000000,1.000000
0.008390,15.178656,15.000000,1.000000
0.008392,15.173125,15.000000,1.000000
0.008394,15.167607,15.000000,1.000000
0.008396,15.162100,15.000000,1.000000
0.008398,15.156604,15.000000,1.000000
0.008400,15.151120,15.000000,1.000000
0.008402,15.145648,15.000000,1.000000
0.008404,15.140188,15.000000,1.000000
0.008406,15.134738,15.000000,1.000000
0.008408,15.129301,15.000000,1.000000
0.008410,15.123875,15.000000,1.000000
0.008412,15.118460,15.000000,1.000000
0.008414,15.113057,15.000000,1.000000
0.008416,15.107665,15.000000,1.000000
0.008418,15.102285,15.000000,1.000000
0.008420,15.096916,15.000000,1.000000
0.008422,15.091558,15.000000,1.000000
0.008424,15.086212,15.000000,1.000000
0.008426,15.080877,15.000000,1.000000
0.008428,15.075553,15.000000,1.000000
0.008430,15.070241,15.000000,1.000000
0.008432,15.064940,15.000000,1.000000
0.008434,15.059649,15.000000,1.000000
0.008436,15.054370,15.000000,1.000000
0.008438,15.049103,15.000000,1.000000
0.008440,15.043846,15.000000,1.000000
0.008442,15.038600,15.000000,1.000000
0.008444,15.033366,15.000000,1.000000
0.008446,15.028142,15.000000,1.000000
0.008448,15.022930,15.000000,1.000000
0.008450,15.017728,15.000000,1.000000
0.008452,15.012538,15.000000,1.000000
0.008454,15.007358,15.000000,1.000000
0.008456,15.002190,15.000000,1.000000
0.008458,14.997032,15.000000,1.000000
0.008460,14.991885,15.000000,1.000000
0.008462,14.986749,15.000000,1.000000
0.008464,14.981624,15.000000,1.000000
0.008466,14.976509,15.000000,1.000000
0.008468,14.971406,15.000000,1.000000
0.008470,14.966313,15.000000,1.000000
0.008472,14.961231,15.000000,1.000000
0.008474,14.956159,15.000000,1.000000
0.008476,14.951098,15.000000,1.000000
0.008478,14.946048,15.000000,1.000000
0.008480,14.941009,15.000000,1.000000
0.008482,14.935980,15.000000,1.000000
0.008484,14.930961,15.000000,1.000000
0.008486,14.925954,15.000000,1.000000
0.008488,14.920957,15.000000,1.000000
0.008490,14.915970,15.000000,1.000000
0.008492,14.910994,15.000000,1.000000
0.008494,14.906028,15.000000,1.000000
0.008496,14.901073,15.000000,1.000000
0.008498,14.896128,15.000000,1.000000
0.008500,14.922138,15.000000,1.000000
0.008502,14.948192,15.000000,1.000000
0.008504,14.974290,15.000000,1.000000
0.008506,15.000431,15.000000,1.000000
0.008508,15.026615,15.000000,1.000000
0.008510,15.052844,15.000000,1.000000
0.008512,15.079116,15.000000,1.000000
0.008514,15.105432,15.000000,1.000000
0.008516,15.131793,15.000000,1.000000
0.008518,15.158198,15.000000,1.000000
0.008520,15.184647,15.000000,1.000000
0.008522,15.211141,15.000000,1.000000
0.008524,15.237680,15.000000,1.000000
0.008526,15.264263,15.000000,1.000000
0.008528,15.290891,15.000000,1.000000
0.008530,15.317565,15.000000,1.000000
0.008532,15.344283,15.000000,1.000000
0.008534,15.371047,15.000000,1.000000
0.008536,15.397856,15.000000,1.000000
0.008538,15.424711,15.000000,1.000000
0.008540,15.451612,15.000000,1.000000
0.008542,15.478559,15.000000,1.000000
0.008544,15.505551,15.000000,1.000000
0.008546,15.532590,15.000000,1.000000
0.008548,15.559674,15.000000,1.000000
0.008550,15.586806,15.000000,1.000000
0.008552,15.613983,15.000000,1.000000
0.008554,15.641208,15.000000,1.000000
0.008556,15.668479,15.000000,1.000000
0.008558,15.695797,15.000000,1.000000
0.008560,15.723162,15.000000,1.000000
0.008562,15.750574,15.000000,1.000000
0.008564,15.778033,15.000000,1.000000
0.008566,15.805540,15.000000,1.000000
0.008568,15.833095,15.000000,1.000000
0.008570,15.860697,15.000000,1.000000
0.008572,15.888347,15.000000,1.000000
0.008574,15.916045,15.000000,1.000000
0.008576,15.943791,15.000000,1.000000
0.008578,15.971585,15.000000,1.000000
0.008580,15.999428,15.000000,1.000000
0.008582,16.027319,15.000000,1.000000
0.008584,16.055259,15.000000,1.000000
0.008586,16.083247,15.000000,1.000000
0.008588,16.111285,15.000000,1.000000
0.008590,16.139372,15.000000,1.000000
0.008592,16.167507,15.000000,1.000000
0.008594,16.195692,15.000000,1.000000
0.008596,16.223927,15.000000,1.000000
0.008598,16.252211,15.000000,1.000000
0.008600,16.247042,15.000000,1.000000
0.008602,16.241883,15.000000,1.000000
0.008604,16.236735,15.000000,1.000000
0.008606,16.231598,15.000000,1.000000
0.008608,16.226471,15.000000,1.000000
0.008610,16.221356,15.000000,1.000000
0.008612,16.216251,15.000000,1.000000
0.008614,16.211156,15.000000,1.000000
0.008616,16.206073,15.000000,1.000000
0.008618,16.201000,15.000000,1.000000
0.008620,16.195938,15.000000,1.000000
0.008622,16.190886,15.000000,1.000000
0.008624,16.185845,15.000000,1.000000
0.008626,16.180815,15.000000,1.000000
0.008628,16.175795,15.000000,1.000000
0.008630,16.170786,15.000000,1.000000
0.008632,16.165787,15.000000,1.000000
0.008634,16.160799,15.000000,1.000000
0.008636,16.155821,15.000000,1.000000
0.008638,16.150854,15.000000,1.000000
0.008640,16.145897,15.000000,1.000000
0.008642,16.140950,15.000000,1.000000
0.008644,16.136014,15.000000,1.000000
0.008646,16.131088,15.000000,1.000000
0.008648,16.126172,15.000000,1.000000
0.008650,16.121267,15.000000,1.000000
0.008652,16.116372,15.000000,1.000000
0.008654,16.111487,15.000000,1.000000
0.008656,16.106613,15.000000,1.000000
0.008658,16.101749,15.000000,1.000000
0.008660,16.096894,15.000000,1.000000
0.008662,16.092050,15.000000,1.000000
0.008664,16.087217,15.000000,1.000000
0.008666,16.082393,15.000000,1.000000
0.008668,16.077579,15.000000,1.000000
0.008670,16.072776,15.000000,1.000000
0.008672,16.067982,15.000000,1.000000
0.008674,16.063199,15.000000,1.000000
0.008676,16.058425,15.000000,1.000000
0.008678,16.053662,15.000000,1.000000
0.008680,16.048908,15.000000,1.000000
0.008682,16.044165,15.000000,1.000000
0.008684,16.039431,15.000000,1.000000
0.008686,16.034708,15.000000,1.000000
0.008688,16.029994,15.000000,1.000000
0.008690,16.025290,15.000000,1.000000
0.008692,16.020595,15.000000,1.000000
0.008694,16.015911,15.000000,1.000000
0.008696,16.011237,15.000000,1.000000
0.008698,16.006572,15.000000,1.000000
0.008700,16.001917,15.000000,1.000000
0.008702,15.997271,15.000000,1.000000
0.008704,15.992636,15.000000,1.000000
0.008706,15.988010,15.000000,1.000000
0.008708,15.983393,15.000000,1.000000
0.008710,15.978787,15.000000,1.000000
0.008712,15.974190,15.000000,1.000000
0.008714,15.969602,15.000000,1.000000
0.008716,15.965024,15.000000,1.000000
0.008718,15.960456,15.000000,1.000000
0.008720,15.955897,15.000000,1.000000
0.008722,15.951348,15.000000,1.000000
0.008724,15.946808,15.000000,1.000000
0.008726,15.942278,15.000000,1.000000
0.008728,15.937757,15.000000,1.000000
0.008730,15.933246,15.000000,1.000000
0.008732,15.928744,15.000000,1.000000
0.008734,15.924251,15.000000,1.000000
0.008736,15.919768,15.000000,1.000000
0.008738,15.915294,15.000000,1.000000
0.008740,15.910829,15.000000,1.000000
0.008742,15.906374,15.000000,1.000000
0.008744,15.901928,15.000000,1.000000
0.008746,15.897491,15.000000,1.000000
0.008748,15.893064,15.000000,1.000000
0.008750,15.888646,15.000000,1.000000
0.008752,15.884236,15.000000,1.000000
0.008754,15.879837,15.000000,1.000000
0.008756,15.875446,15.000000,1.000000
0.008758,15.871064,15.000000,1.000000
0.008760,15.866692,15.000000,1.000000
0.008762,15.862328,15.000000,1.000000
0.008764,15.857974,15.000000,1.000000
0.008766,15.853629,15.000000,1.000000
0.008768,15.849293,15.000000,1.000000
0.008770,15.844966,15.000000,1.000000
0.008772,15.840648,15.000000,1.000000
0.008774,15.836338,15.000000,1.000000
0.008776,15.832038,15.000000,1.000000
0.008778,15.827747,15.000000,1.000000
0.008780,15.823465,15.000000,1.000000
0.008782,15.819191,15.000000,1.000000
0.008784,15.814927,15.000000,1.000000
0.008786,15.810671,15.000000,1.000000
0.008788,15.806424,15.000000,1.000000
0.008790,15.802186,15.000000,1.000000
0.008792,15.797957,15.000000,1.000000
0.008794,15.793737,15.000000,1.000000
0.008796,15.789525,15.000000,1.000000
0.008798,15.785322,15.000000,1.000000
0.008800,15.781128,15.000000,1.000000
0.008802,15.776943,15.000000,1.000000
0.008804,15.772766,15.000000,1.000000
0.008806,15.768598,15.000000,1.000000
0.008808,15.764439,15.000000,1.000000
0.008810,15.760288,15.000000,1.000000
0.008812,15.756146,15.000000,1.000000
0.008814,15.752012,15.000000,1.000000
0.008816,15.747888,15.000000,1.000000
0.008818,15.743771,15.000000,1.000000
0.008820,15.739663,15.000000,1.000000
0.008822,15.735564,15.000000,1.000000
0.008824,15.731473,15.000000,1.000000
0.008826,15.727391,15.000000,1.000000
0.008828,15.723317,15.000000,1.000000
0.008830,15.719252,15.000000,1.000000
0.008832,15.715195,15.000000,1.000000
0.008834,15.711146,15.000000,1.000000
0.008836,15.707106,15.000000,1.000000
0.008838,15.703074,15.000000,1.000000
0.008840,15.699051,15.000000,1.000000
0.008842,15.695036,15.000000,1.000000
0.008844,15.691029,15.000000,1.000000
0.008846,15.687031,15.000000,1.000000
0.008848,15.683040,15.000000,1.000000
0.008850,15.679058,15.000000,1.000000
0.008852,15.675085,15.000000,1.000000
0.008854,15.671119,15.000000,1.000000
0.008856,15.667162,15.000000,1.000000
0.008858,15.663213,15.000000,1.000000
0.008860,15.659272,15.000000,1.000000
0.008862,15.655340,15.000000,1.000000
0.008864,15.651415,15.000000,1.000000
0.008866,15.647499,15.000000,1.000000
0.008868,15.643591,15.000000,1.000000
0.008870,15.639690,15.000000,1.000000
0.008872,15.635798,15.000000,1.000000
0.008874,15.631914,15.000000,1.000000
0.008876,15.628038,15.000000,1.000000
0.008878,15.624170,15.000000,1.000000
0.008880,15.620310,15.000000,1.000000
0.008882,15.616458,15.000000,1.000000
0.008884,15.612614,15.000000,1.000000
0.008886,15.608778,15.000000,1.000000
0.008888,15.604950,15.000000,1.000000
0.008890,15.601130,15.000000,1.000000
0.008892,15.597317,15.000000,1.000000
0.008894,15.593513,15.000000,1.000000
0.008896,15.589716,15.000000,1.000000
0.008898,15.585927,15.000000,1.000000
0.008900,15.582146,15.000000,1.000000
0.008902,15.578373,15.000000,1.000000
0.008904,15.574608,15.000000,1.000000
0.008906,15.570850,15.000000,1.000000
0.008908,15.567101,15.000000,1.000000
0.008910,15.563359,15.000000,1.000000
0.008912,15.559624,15.000000,1.000000
0.008914,15.555898,15.000000,1.000000
0.008916,15.552179,15.000000,1.000000
0.008918,15.548468,15.000000,1.000000
0.008920,15.544764,15.000000,1.000000
0.008922,15.541068,15.000000,1.000000
0.008924,15.537380,15.000000,1.000000
0.008926,15.533699,15.000000,1.000000
0.008928,15.530026,15.000000,1.000000
0.008930,15.526361,15.000000,1.000000
0.008932,15.522703,15.000000,1.000000
0.008934,15.519052,15.000000,1.000000
0.008936,15.515409,15.000000,1.000000
0.008938,15.511774,15.000000,1.000000
0.008940,15.508146,15.000000,1.000000
0.008942,15.504526,15.000000,1.000000
0.008944,15.500913,15.000000,1.000000
0.008946,15.497307,15.000000,1.000000
0.008948,15.493709,15.000000,1.000000
0.008950,15.490119,15.000000,1.000000
0.008952,15.486536,15.000000,1.000000
0.008954,15.482960,15.000000,1.000000
0.008956,15.479391,15.000000,1.000000
0.008958,15.475830,15.000000,1.000000
0.008960,15.472276,15.000000,1.000000
0.008962,15.468730,15.000000,1.000000
0.008964,15.465191,15.000000,1.000000
0.008966,15.461659,15.000000,1.000000
0.008968,15.458134,15.000000,1.000000
0.008970,15.454617,15.000000,1.000000
0.008972,15.451107,15.000000,1.000000
0.008974,15.447604,15.000000,1.000000
0.008976,15.444108,15.000000,1.000000
0.008978,15.440620,15.000000,1.000000
0.008980,15.437139,15.000000,1.000000
0.008982,15.433665,15.000000,1.000000
0.008984,15.430198,15.000000,1.000000
0.008986,15.426738,15.000000,1.000000
0.008988,15.423285,15.000000,1.000000
0.008990,15.419840,15.000000,1.000000
0.008992,15.416401,15.000000,1.000000
0.008994,15.412970,15.000000,1.000000
0.008996,15.409545,15.000000,1.000000
0.008998,15.406128,15.000000,1.000000
0.009000,15.402718,15.000000,1.000000
0.009002,15.399314,15.000000,1.000000
0.009004,15.395918,15.000000,1.000000
0.009006,15.392529,15.000000,1.000000
0.009008,15.389146,15.000000,1.000000
0.009010,15.385771,15.000000,1.000000
0.009012,15.382402,15.000000,1.000000
0.009014,15.379041,15.000000,1.000000
0.009016,15.375686,15.000000,1.000000
0.009018,15.372338,15.000000,1.000000
0.009020,15.368997,15.000000,1.000000
0.009022,15.365663,15.000000,1.000000
0.009024,15.362336,15.000000,1.000000
0.009026,15.359016,15.000000,1.000000
0.009028,15.355702,15.000000,1.000000
0.009030,15.352395,15.000000,1.000000
0.009032,15.349095,15.000000,1.000000
0.009034,15.345802,15.000000,1.000000
0.009036,15.342516,15.000000,1.000000
0.009038,15.339236,15.000000,1.000000
0.009040,15.335963,15.000000,1.000000
0.009042,15.332697,15.000000,1.000000
0.009044,15.329437,15.000000,1.000000
0.009046,15.326185,15.000000,1.000000
0.009048,15.322938,15.000000,1.000000
0.009050,15.319699,15.000000,1.000000
0.009052,15.316466,15.000000,1.000000
0.009054,15.313240,15.000000,1.000000
0.009056,15.310020,15.000000,1.000000
0.009058,15.306807,15.000000,1.000000
0.009060,15.303600,15.000000,1.000000
0.009062,15.300401,15.000000,1.000000
0.009064,15.297207,15.000000,1.000000
0.009066,15.294020,15.000000,1.000000
0.009068,15.290840,15.000000,1.000000
0.009070,15.287666,15.000000,1.000000
0.009072,15.284499,15.000000,1.000000
0.009074,15.281338,15.000000,1.000000
0.009076,15.278184,15.000000,1.000000
0.009078,15.275036,15.000000,1.000000
0.009080,15.271895,15.000000,1.000000
0.009082,15.268760,15.000000,1.000000
0.009084,15.265631,15.000000,1.000000
0.009086,15.262509,15.000000,1.000000
0.009088,15.259393,15.000000,1.000000
0.009090,15.256284,15.000000,1.000000
0.009092,15.253181,15.000000,1.000000
0.009094,15.250084,15.000000,1.000000
0.009096,15.246994,15.000000,1.000000
0.009098,15.243910,15.000000,1.000000
0.009100,15.240832,15.000000,1.000000
0.009102,15.237761,15.000000,1.000000
0.009104,15.234696,15.000000,1.000000
0.009106,15.231637,15.000000,1.000000
0.009108,15.228584,15.000000,1.000000
0.009110,15.225538,15.000000,1.000000
0.009112,15.222497,15.000000,1.000000
0.009114,15.219464,15.000000,1.000000
0.009116,15.216436,15.000000,1.000000
0.009118,15.213414,15.000000,1.000000
0.009120,15.210399,15.000000,1.000000
0.009122,15.207390,15.000000,1.000000
0.009124,15.204386,15.000000,1.000000
0.009126,15.201390,15.000000,1.000000
0.009128,15.198399,15.000000,1.000000
0.009130,15.195414,15.000000,1.000000
0.009132,15.192435,15.000000,1.000000
0.009134,15.189463,15.000000,1.000000
0.009136,15.186496,15.000000,1.000000
0.009138,15.183536,15.000000,1.000000
0.009140,15.180581,15.000000,1.000000
0.009142,15.177633,15.000000,1.000000
0.009144,15.174691,15.000000,1.000000
0.009146,15.171754,15.000000,1.000000
0.009148,15.168824,15.000000,1.000000
0.009150,15.165899,15.000000,1.000000
0.009152,15.162981,15.000000,1.000000
0.009154,15.160069,15.000000,1.000000
0.009156,15.157162,15.000000,1.000000
0.009158,15.154261,15.000000,1.000000
0.009160,15.151367,15.000000,1.000000
0.009162,15.148478,15.000000,1.000000
0.009164,15.145595,15.000000,1.000000
0.009166,15.142718,15.000000,1.000000
0.009168,15.139847,15.000000,1.000000
0.009170,15.136981,15.000000,1.000000
0.009172,15.134122,15.000000,1.000000
0.009174,15.131268,15.000000,1.000000
0.009176,15.128420,15.000000,1.000000
0.009178,15.125578,15.000000,1.000000
0.009180,15.122742,15.000000,1.000000
0.009182,15.119911,15.000000,1.000000
0.009184,15.117087,15.000000,1.000000
0.009186,15.114268,15.000000,1.000000
0.009188,15.111454,15.000000,1.000000
0.009190,15.108647,15.000000,1.000000
0.009192,15.105845,15.000000,1.000000
0.009194,15.103049,15.000000,1.000000
0.009196,15.100258,15.000000,1.000000
0.009198,15.097474,15.000000,1.000000
0.009200,15.094695,15.000000,1.000000
0.009202,15.091921,15.000000,1.000000
0.009204,15.089153,15.000000,1.000000
0.009206,15.086391,15.000000,1.000000
0.009208,15.083635,15.000000,1.000000
0.009210,15.080884,15.000000,1.000000
0.009212,15.078138,15.000000,1.000000
0.009214,15.075398,15.000000,1.000000
0.009216,15.072664,15.000000,1.000000
0.009218,15.069936,15.000000,1.000000
0.009220,15.067212,15.000000,1.000000
0.009222,15.064495,15.000000,1.000000
0.009224,15.061783,15.000000,1.000000
0.009226,15.059076,15.000000,1.000000
0.009228,15.056375,15.000000,1.000000
0.009230,15.053679,15.000000,1.000000
0.009232,15.050989,15.000000,1.000000
0.009234,15.048305,15.000000,1.000000
0.009236,15.045625,15.000000,1.000000
0.009238,15.042952,15.000000,1.000000
0.009240,15.040283,15.000000,1.000000
0.009242,15.037620,15.000000,1.000000
0.009244,15.034963,15.000000,1.000000
0.009246,15.032311,15.000000,1.000000
0.009248,15.029664,15.000000,1.000000
0.009250,15.027022,15.000000,1.000000
0.009252,15.024386,15.000000,1.000000
0.009254,15.021756,15.000000,1.000000
0.009256,15.019130,15.000000,1.000000
0.009258,15.016510,15.000000,1.000000
0.009260,15.013895,15.000000,1.000000
0.009262,15.011286,15.000000,1.000000
0.009264,15.008682,15.000000,1.000000
0.009266,15.006083,15.000000,1.000000
0.009268,15.003489,15.000000,1.000000
0.009270,15.000901,15.000000,1.000000
0.009272,14.998318,15.000000,1.000000
0.009274,14.995740,15.000000,1.000000
0.009276,14.993167,15.000000,1.000000
0.009278,14.990600,15.000000,1.000000
0.009280,14.988037,15.000000,1.000000
0.009282,14.985480,15.000000,1.000000
0.009284,14.982928,15.000000,1.000000
0.009286,14.980382,15.000000,1.000000
0.009288,14.977840,15.000000,1.000000
0.009290,14.975303,15.000000,1.000000
0.009292,14.972772,15.000000,1.000000
0.009294,14.970246,15.000000,1.000000
0.009296,14.967725,15.000000,1.000000
0.009298,14.965209,15.000000,1.000000
0.009300,14.992671,15.000000,1.000000
0.009302,15.020183,15.000000,1.000000
0.009304,15.047744,15.000000,1.000000
0.009306,15.075355,15.000000,1.000000
0.009308,15.103017,15.000000,1.000000
0.009310,15.130728,15.000000,1.000000
0.009312,15.158490,15.000000,1.000000
0.009314,15.186302,15.000000,1.000000
0.009316,15.214165,15.000000,1.000000
0.009318,15.242078,15.000000,1.000000
0.009320,15.270043,15.000000,1.000000
0.009322,15.298058,15.000000,1.000000
0.009324,15.326125,15.000000,1.000000
0.009326,15.354243,15.000000,1.000000
0.009328,15.382412,15.000000,1.000000
0.009330,15.410633,15.000000,1.000000
0.009332,15.438906,15.000000,1.000000
0.009334,15.467230,15.000000,1.000000
0.009336,15.495607,15.000000,1.000000
0.009338,15.524036,15.000000,1.000000
0.009340,15.552517,15.000000,1.000000
0.009342,15.581050,15.000000,1.000000
0.009344,15.609636,15.000000,1.000000
0.009346,15.638275,15.000000,1.000000
0.009348,15.666967,15.000000,1.000000
0.009350,15.695712,15.000000,1.000000
0.009352,15.724511,15.000000,1.000000
0.009354,15.753362,15.000000,1.000000
0.009356,15.782267,15.000000,1.000000
0.009358,15.811226,15.000000,1.000000
0.009360,15.840239,15.000000,1.000000
0.009362,15.869305,15.000000,1.000000
0.009364,15.898426,15.000000,1.000000
0.009366,15.927601,15.000000,1.000000
0.009368,15.956831,15.000000,1.000000
0.009370,15.986115,15.000000,1.000000
0.009372,16.015454,15.000000,1.000000
0.009374,16.044847,15.000000,1.000000
0.009376,16.074296,15.000000,1.000000
0.009378,16.103800,15.000000,1.000000
0.009380,16.133360,15.000000,1.000000
0.009382,16.162974,15.000000,1.000000
0.009384,16.192645,15.000000,1.000000
0.009386,16.222371,15.000000,1.000000
0.009388,16.252154,15.000000,1.000000
0.009390,16.281992,15.000000,1.000000
0.009392,16.311887,15.000000,1.000000
0.009394,16.341839,15.000000,1.000000
0.009396,16.371847,15.000000,1.000000
0.009398,16.401911,15.000000,1.000000
0.009400,16.399262,15.000000,1.000000
0.009402,16.396617,15.000000,1.000000
0.009404,16.393978,15.000000,1.000000
0.009406,16.391344,15.000000,1.000000
0.009408,16.388716,15.000000,1.000000
0.009410,16.386092,15.000000,1.000000
0.009412,16.383474,15.000000,1.000000
0.009414,16.380861,15.000000,1.000000
0.009416,16.378254,15.000000,1.000000
0.009418,16.375651,15.000000,1.000000
0.009420,16.373054,15.000000,1.000000
0.009422,16.370462,15.000000,1.000000
0.009424,16.367875,15.000000,1.000000
0.009426,16.365294,15.000000,1.000000
0.009428,16.362717,15.000000,1.000000
0.009430,16.360146,15.000000,1.000000
0.009432,16.357579,15.000000,1.000000
0.009434,16.355018,15.000000,1.000000
0.009436,16.352462,15.000000,1.000000
0.009438,16.349911,15.000000,1.000000
0.009440,16.347365,15.000000,1.000000
0.009442,16.344824,15.000000,1.000000
0.009444,16.342289,15.000000,1.000000
0.009446,16.339758,15.000000,1.000000
0.009448,16.337232,15.000000,1.000000
0.009450,16.334712,15.000000,1.000000
0.009452,16.332196,15.000000,1.000000
0.009454,16.329686,15.000000,1.000000
0.009456,16.327180,15.000000,1.000000
0.009458,16.324680,15.000000,1.000000
0.009460,16.322184,15.000000,1.000000
0.009462,16.319693,15.000000,1.000000
0.009464,16.317208,15.000000,1.000000
0.009466,16.314727,15.000000,1.000000
0.009468,16.312251,15.000000,1.000000
0.009470,16.309780,15.000000,1.000000
0.009472,16.307314,15.000000,1.000000
0.009474,16.304853,15.000000,1.000000
0.009476,16.302397,15.000000,1.000000
0.009478,16.299946,15.000000,1.000000
0.009480,16.297499,15.000000,1.000000
0.009482,16.295058,15.000000,1.000000
0.009484,16.292621,15.000000,1.000000
0.009486,16.290189,15.000000,1.000000
0.009488,16.287762,15.000000,1.000000
0.009490,16.285340,15.000000,1.000000
0.009492,16.282922,15.000000,1.000000
0.009494,16.280510,15.000000,1.000000
0.009496,16.278102,15.000000,1.000000
0.009498,16.275699,15.000000,1.000000
0.009500,16.273300,15.000000,1.000000
0.009502,16.270907,15.000000,1.000000
0.009504,16.268518,15.000000,1.000000
0.009506,16.266134,15.000000,1.000000
0.009508,16.263755,15.000000,1.000000
0.009510,16.261380,15.000000,1.000000
0.009512,16.259010,15.000000,1.000000
0.009514,16.256645,15.000000,1.000000
0.009516,16.254284,15.000000,1.000000
0.009518,16.251929,15.000000,1.000000
0.009520,16.249577,15.000000,1.000000
0.009522,16.247231,15.000000,1.000000
0.009524,16.244889,15.000000,1.000000
0.009526,16.242552,15.000000,1.000000
0.009528,16.240219,15.000000,1.000000
0.009530,16.237891,15.000000,1.000000
0.009532,16.235567,15.000000,1.000000
0.009534,16.233249,15.000000,1.000000
0.009536,16.230934,15.000000,1.000000
0.009538,16.228625,15.000000,1.000000
0.009540,16.226320,15.000000,1.000000
0.009542,16.224019,15.000000,1.000000
0.009544,16.221723,15.000000,1.000000
0.009546,16.219431,15.000000,1.000000
0.009548,16.217144,15.000000,1.000000
0.009550,16.214862,15.000000,1.000000
0.009552,16.212584,15.000000,1.000000
0.009554,16.210311,15.000000,1.000000
0.009556,16.208042,15.000000,1.000000
0.009558,16.205777,15.000000,1.000000
0.009560,16.203517,15.000000,1.000000
0.009562,16.201261,15.000000,1.000000
0.009564,16.199010,15.000000,1.000000
0.009566,16.196764,15.000000,1.000000
0.009568,16.194521,15.000000,1.000000
0.009570,16.192283,15.000000,1.000000
0.009572,16.190050,15.000000,1.000000
0.009574,16.187821,15.000000,1.000000
0.009576,16.185596,15.000000,1.000000
0.009578,16.183376,15.000000,1.000000
0.009580,16.181160,15.000000,1.000000
0.009582,16.178949,15.000000,1.000000
0.009584,16.176741,15.000000,1.000000
0.009586,16.174538,15.000000,1.000000
0.009588,16.172340,15.000000,1.000000
0.009590,16.170146,15.000000,1.000000
0.009592,16.167956,15.000000,1.000000
0.009594,16.165770,15.000000,1.000000
0.009596,16.163589,15.000000,1.000000
0.009598,16.161412,15.000000,1.000000
0.009600,16.159239,15.000000,1.000000
0.009602,16.157071,15.000000,1.000000
0.009604,16.154906,15.000000,1.000000
0.009606,16.152746,15.000000,1.000000
0.009608,16.150591,15.000000,1.000000
0.009610,16.148439,15.000000,1.000000
0.009612,16.146292,15.000000,1.000000
0.009614,16.144149,15.000000,1.000000
0.009616,16.142010,15.000000,1.000000
0.009618,16.139875,15.000000,1.000000
0.009620,16.137745,15.000000,1.000000
0.009622,16.135618,15.000000,1.000000
0.009624,16.133496,15.000000,1.000000
0.009626,16.131378,15.000000,1.000000
0.009628,16.129264,15.000000,1.000000
0.009630,16.127155,15.000000,1.000000
0.009632,16.125049,15.000000,1.000000
0.009634,16.122948,15.000000,1.000000
0.009636,16.120850,15.000000,1.000000
0.009638,16.118757,15.000000,1.000000
0.009640,16.116668,15.000000,1.000000
0.009642,16.114583,15.000000,1.000000
0.009644,16.112502,15.000000,1.000000
0.009646,16.110425,15.000000,1.000000
0.009648,16.108352,15.000000,1.000000
0.009650,16.106283,15.000000,1.000000
0.009652,16.104218,15.000000,1.000000
0.009654,16.102157,15.000000,1.000000
0.009656,16.100101,15.000000,1.000000
0.009658,16.098048,15.000000,1.000000
0.009660,16.095999,15.000000,1.000000
0.009662,16.093954,15.000000,1.000000
0.009664,16.091914,15.000000,1.000000
0.009666,16.089877,15.000000,1.000000
0.009668,16.087844,15.000000,1.000000
0.009670,16.085815,15.000000,1.000000
0.009672,16.083790,15.000000,1.000000
0.009674,16.081769,15.000000,1.000000
0.009676,16.079752,15.000000,1.000000
0.009678,16.077739,15.000000,1.000000
0.009680,16.075730,15.000000,1.000000
0.009682,16.073725,15.000000,1.000000
0.009684,16.071723,15.000000,1.000000
0.009686,16.069726,15.000000,1.000000
0.009688,16.067732,15.000000,1.000000
0.009690,16.065742,15.000000,1.000000
0.009692,16.063757,15.000000,1.000000
0.009694,16.061775,15.000000,1.000000
0.009696,16.059796,15.000000,1.000000
0.009698,16.057822,15.000000,1.000000
0.009700,16.055852,15.000000,1.000000
0.009702,16.053885,15.000000,1.000000
0.009704,16.051922,15.000000,1.000000
0.009706,16.049963,15.000000,1.000000
0.009708,16.048008,15.000000,1.000000
0.009710,16.046056,15.000000,1.000000
0.009712,16.044109,15.000000,1.000000
0.009714,16.042165,15.000000,1.000000
0.009716,16.040225,15.000000,1.000000
0.009718,16.038288,15.000000,1.000000
0.009720,16.036356,15.000000,1.000000
0.009722,16.034427,15.000000,1.000000
0.009724,16.032502,15.000000,1.000000
0.009726,16.030580,15.000000,1.000000
0.009728,16.028663,15.000000,1.000000
0.009730,16.026749,15.000000,1.000000
0.009732,16.024838,15.000000,1.000000
0.009734,16.022932,15.000000,1.000000
0.009736,16.021029,15.000000,1.000000
0.009738,16.019130,15.000000,1.000000
0.009740,16.017234,15.000000,1.000000
0.009742,16.015342,15.000000,1.000000
0.009744,16.013454,15.000000,1.000000
0.009746,16.011569,15.000000,1.000000
0.009748,16.009688,15.000000,1.000000
0.009750,16.007811,15.000000,1.000000
0.009752,16.005937,15.000000,1.000000
0.009754,16.004067,15.000000,1.000000
0.009756,16.002201,15.000000,1.000000
0.009758,16.000338,15.000000,1.000000
0.009760,15.998478,15.000000,1.000000
0.009762,15.996623,15.000000,1.000000
0.009764,15.994770,15.000000,1.000000
0.009766,15.992922,15.000000,1.000000
0.009768,15.991077,15.000000,1.000000
0.009770,15.989235,15.000000,1.000000
0.009772,15.987397,15.000000,1.000000
0.009774,15.985563,15.000000,1.000000
0.009776,15.983732,15.000000,1.000000
0.009778,15.981905,15.000000,1.000000
0.009780,15.980081,15.000000,1.000000
0.009782,15.978260,15.000000,1.000000
0.009784,15.976443,15.000000,1.000000
0.009786,15.974630,15.000000,1.000000
0.009788,15.972820,15.000000,1.000000
0.009790,15.971014,15.000000,1.000000
0.009792,15.969211,15.000000,1.000000
0.009794,15.967411,15.000000,1.000000
0.009796,15.965615,15.000000,1.000000
0.009798,15.963822,15.000000,1.000000
0.009800,15.962033,15.000000,1.000000
0.009802,15.960247,15.000000,1.000000
0.009804,15.958465,15.000000,1.000000
0.009806,15.956686,15.000000,1.000000
0.009808,15.954911,15.000000,1.000000
0.009810,15.953138,15.000000,1.000000
0.009812,15.951370,15.000000,1.000000
0.009814,15.949604,15.000000,1.000000
0.009816,15.947842,15.000000,1.000000
0.009818,15.946084,15.000000,1.000000
0.009820,15.944328,15.000000,1.000000
0.009822,15.942576,15.000000,1.000000
0.009824,15.940828,15.000000,1.000000
0.009826,15.939083,15.000000,1.000000
0.009828,15.937341,15.000000,1.000000
0.009830,15.935602,15.000000,1.000000
0.009832,15.933867,15.000000,1.000000
0.009834,15.932135,15.000000,1.000000
0.009836,15.930406,15.000000,1.000000
0.009838,15.928681,15.000000,1.000000
0.009840,15.926959,15.000000,1.000000
0.009842,15.925240,15.000000,1.000000
0.009844,15.923524,15.000000,1.000000
0.009846,15.921812,15.000000,1.000000
0.009848,15.920103,15.000000,1.000000
0.009850,15.918397,15.000000,1.000000
0.009852,15.916694,15.000000,1.000000
0.009854,15.914995,15.000000,1.000000
0.009856,15.913299,15.000000,1.000000
0.009858,15.911606,15.000000,1.000000
0.009860,15.909916,15.000000,1.000000
0.009862,15.908230,15.000000,1.000000
0.009864,15.906547,15.000000,1.000000
0.009866,15.904867,15.000000,1.000000
0.009868,15.903190,15.000000,1.000000
0.009870,15.901516,15.000000,1.000000
0.009872,15.899846,15.000000,1.000000
0.009874,15.898178,15.000000,1.000000
0.009876,15.896514,15.000000,1.000000
0.009878,15.894853,15.000000,1.000000
0.009880,15.893195,15.000000,1.000000
0.009882,15.891540,15.000000,1.000000
0.009884,15.889889,15.000000,1.000000
0.009886,15.888240,15.000000,1.000000
0.009888,15.886595,15.000000,1.000000
0.009890,15.884952,15.000000,1.000000
0.009892,15.883313,15.000000,1.000000
0.009894,15.881677,15.000000,1.000000
0.009896,15.880044,15.000000,1.000000
0.009898,15.878414,15.000000,1.000000
0.009900,15.876787,15.000000,1.000000
0.009902,15.875163,15.000000,1.000000
0.009904,15.873542,15.000000,1.000000
0.009906,15.871925,15.000000,1.000000
0.009908,15.870310,15.000000,1.000000
0.009910,15.868699,15.000000,1.000000
0.009912,15.867090,15.000000,1.000000
0.009914,15.865484,15.000000,1.000000
0.009916,15.863882,15.000000,1.000000
0.009918,15.862282,15.000000,1.000000
0.009920,15.860686,15.000000,1.000000
0.009922,15.859092,15.000000,1.000000
0.009924,15.857502,15.000000,1.000000
0.009926,15.855914,15.000000,1.000000
0.009928,15.854330,15.000000,1.000000
0.009930,15.852748,15.000000,1.000000
0.009932,15.851169,15.000000,1.000000
0.009934,15.849594,15.000000,1.000000
0.009936,15.848021,15.000000,1.000000
0.009938,15.846451,15.000000,1.000000
0.009940,15.844884,15.000000,1.000000
0.009942,15.843320,15.000000,1.000000
0.009944,15.841759,15.000000,1.000000
0.009946,15.840201,15.000000,1.000000
0.009948,15.838646,15.000000,1.000000
0.009950,15.837094,15.000000,1.000000
0.009952,15.835544,15.000000,1.000000
0.009954,15.833998,15.000000,1.000000
0.009956,15.832454,15.000000,1.000000
0.009958,15.830914,15.000000,1.000000
0.009960,15.829376,15.000000,1.000000
0.009962,15.827841,15.000000,1.000000
0.009964,15.826309,15.000000,1.000000
0.009966,15.824780,15.000000,1.000000
0.009968,15.823253,15.000000,1.000000
0.009970,15.821730,15.000000,1.000000
0.009972,15.820209,15.000000,1.000000
0.009974,15.818691,15.000000,1.000000
0.009976,15.817176,15.000000,1.000000
0.009978,15.815664,15.000000,1.000000
0.009980,15.814154,15.000000,1.000000
0.009982,15.812648,15.000000,1.000000
0.009984,15.811144,15.000000,1.000000
0.009986,15.809643,15.000000,1.000000
0.009988,15.808145,15.000000,1.000000
0.009990,15.806649,15.000000,1.000000
0.009992,15.805156,15.000000,1.000000
0.009994,15.803666,15.000000,1.000000
0.009996,15.802179,15.000000,1.000000
0.009998,15.800695,15.000000,1.000000
0.010000,15.799213,15.000000,1.000000
0.010002,15.797734,15.000000,1.000000
0.010004,15.796258,15.000000,1.000000
0.010006,15.794784,15.000000,1.000000
0.010008,15.793314,15.000000,1.000000
0.010010,15.791846,15.000000,1.000000
0.010012,15.790380,15.000000,1.000000
0.010014,15.788918,15.000000,1.000000
0.010016,15.787458,15.000000,1.000000
0.010018,15.786000,15.000000,1.000000
0.010020,15.784546,15.000000,1.000000
0.010022,15.783094,15.000000,1.000000
0.010024,15.781645,15.000000,1.000000
0.010026,15.780198,15.000000,1.000000
0.010028,15.778754,15.000000,1.000000
0.010030,15.777313,15.000000,1.000000
0.010032,15.775875,15.000000,1.000000
0.010034,15.774439,15.000000,1.000000
0.010036,15.773005,15.000000,1.000000
0.010038,15.771575,15.000000,1.000000
0.010040,15.770147,15.000000,1.000000
0.010042,15.768721,15.000000,1.000000
0.010044,15.767298,15.000000,1.000000
0.010046,15.765878,15.000000,1.000000
0.010048,15.764461,15.000000,1.000000
0.010050,15.763046,15.000000,1.000000
0.010052,15.761633,15.000000,1.000000
0.010054,15.760223,15.000000,1.000000
0.010056,15.758816,15.000000,1.000000
0.010058,15.757411,15.000000,1.000000
0.010060,15.756009,15.000000,1.000000
0.010062,15.754610,15.000000,1.000000
0.010064,15.753213,15.000000,1.000000
0.010066,15.751818,15.000000,1.000000
0.010068,15.750426,15.000000,1.000000
0.010070,15.749037,15.000000,1.000000
0.010072,15.747650,15.000000,1.000000
0.010074,15.746266,15.000000,1.000000
0.010076,15.744884,15.000000,1.000000
0.010078,15.743505,15.000000,1.000000
0.010080,15.742128,15.000000,1.000000
0.010082,15.740754,15.000000,1.000000
0.010084,15.739382,15.000000,1.000000
0.010086,15.738013,15.000000,1.000000
0.010088,15.736646,15.000000,1.000000
0.010090,15.735282,15.000000,1.000000
0.010092,15.733920,15.000000,1.000000
0.010094,15.732560,15.000000,1.000000
0.010096,15.731203,15.000000,1.000000
0.010098,15.729849,15.000000,1.000000
0.010100,15.728497,15.000000,1.000000
0.010102,15.727147,15.000000,1.000000
0.010104,15.725800,15.000000,1.000000
0.010106,15.724456,15.000000,1.000000
0.010108,15.723113,15.000000,1.000000
0.010110,15.721774,15.000000,1.000000
0.010112,15.720436,15.000000,1.000000
0.010114,15.719101,15.000000,1.000000
0.010116,15.717769,15.000000,1.000000
0.010118,15.716438,15.000000,1.000000
0.010120,15.715111,15.000000,1.000000
0.010122,15.713785,15.000000,1.000000
0.010124,15.712462,15.000000,1.000000
0.010126,15.711142,15.000000,1.000000
0.010128,15.709823,15.000000,1.000000
0.010130,15.708507,15.000000,1.000000
0.010132,15.707194,15.000000,1.000000
0.010134,15.705883,15.000000,1.000000
0.010136,15.704574,15.000000,1.000000
0.010138,15.703267,15.000000,1.000000
0.010140,15.701963,15.000000,1.000000
0.010142,15.700662,15.000000,1.000000
0.010144,15.699362,15.000000,1.000000
0.010146,15.698065,15.000000,1.000000
0.010148,15.696770,15.000000,1.000000
0.010150,15.695478,15.000000,1.000000
0.010152,15.694187,15.000000,1.000000
0.010154,15.692900,15.000000,1.000000
0.010156,15.691614,15.000000,1.000000
0.010158,15.690331,15.000000,1.000000
0.010160,15.689050,15.000000,1.000000
0.010162,15.687771,15.000000,1.000000
0.010164,15.686495,15.000000,1.000000
0.010166,15.685220,15.000000,1.000000
0.010168,15.683949,15.000000,1.000000
0.010170,15.682679,15.000000,1.000000
0.010172,15.681411,15.000000,1.000000
0.010174,15.680146,15.000000,1.000000
0.010176,15.678883,15.000000,1.000000
0.010178,15.677623,15.000000,1.000000
0.010180,15.676364,15.000000,1.000000
0.010182,15.675108,15.000000,1.000000
0.010184,15.673854,15.000000,1.000000
0.010186,15.672603,15.000000,1.000000
0.010188,15.671353,15.000000,1.000000
0.010190,15.670106,15.000000,1.000000
0.010192,15.668861,15.000000,1.000000
0.010194,15.667618,15.000000,1.000000
0.010196,15.666377,15.000000,1.000000
0.010198,15.665138,15.000000,1.000000
0.010200,15.663902,15.000000,1.000000
0.010202,15.662668,15.000000,1.000000
0.010204,15.661436,15.000000,1.000000
0.010206,15.660206,15.000000,1.000000
0.010208,15.658979,15.000000,1.000000
0.010210,15.657753,15.000000,1.000000
0.010212,15.656530,15.000000,1.000000
0.010214,15.655309,15.000000,1.000000
0.010216,15.654090,15.000000,1.000000
0.010218,15.652873,15.000000,1.000000
0.010220,15.651658,15.000000,1.000000
0.010222,15.650445,15.000000,1.000000
0.010224,15.649235,15.000000,1.000000
0.010226,15.648026,15.000000,1.000000
0.010228,15.646820,15.000000,1.000000
0.010230,15.645616,15.000000,1.000000
0.010232,15.644414,15.000000,1.000000
0.010234,15.643214,15.000000,1.000000
0.010236,15.642016,15.000000,1.000000
0.010238,15.640820,15.000000,1.000000
0.010240,15.639627,15.000000,1.000000
0.010242,15.638435,15.000000,1.000000
0.010244,15.637245,15.000000,1.000000
0.010246,15.636058,15.000000,1.000000
0.010248,15.634872,15.000000,1.000000
0.010250,15.633689,15.000000,1.000000
0.010252,15.632508,15.000000,1.000000
0.010254,15.631329,15.000000,1.000000
0.010256,15.630151,15.000000,1.000000
0.010258,15.628976,15.000000,1.000000
0.010260,15.627803,15.000000,1.000000
0.010262,15.626632,15.000000,1.000000
0.010264,15.625463,15.000000,1.000000
0.010266,15.624296,15.000000,1.000000
0.010268,15.623131,15.000000,1.000000
0.010270,15.621968,15.000000,1.000000
0.010272,15.620807,15.000000,1.000000
0.010274,15.619648,15.000000,1.000000
0.010276,15.618491,15.000000,1.000000
0.010278,15.617336,15.000000,1.000000
0.010280,15.616183,15.000000,1.000000
0.010282,15.615032,15.000000,1.000000
0.010284,15.613883,15.000000,1.000000
0.010286,15.612736,15.000000,1.000000
0.010288,15.611591,15.000000,1.000000
0.010290,15.610448,15.000000,1.000000
0.010292,15.609306,15.000000,1.000000
0.010294,15.608167,15.000000,1.000000
0.010296,15.607030,15.000000,1.000000
0.010298,15.605895,15.000000,1.000000
0.010300,15.604761,15.000000,1.000000
0.010302,15.603630,15.000000,1.000000
0.010304,15.602500,15.000000,1.000000
0.010306,15.601373,15.000000,1.000000
0.010308,15.600247,15.000000,1.000000
0.010310,15.599123,15.000000,1.000000
0.010312,15.598002,15.000000,1.000000
0.010314,15.596882,15.000000,1.000000
0.010316,15.595764,15.000000,1.000000
0.010318,15.594647,15.000000,1.000000
0.010320,15.593533,15.000000,1.000000
0.010322,15.592421,15.000000,1.000000
0.010324,15.591311,15.000000,1.000000
0.010326,15.590202,15.000000,1.000000
0.010328,15.589095,15.000000,1.000000
0.010330,15.587991,15.000000,1.000000
0.010332,15.586888,15.000000,1.000000
0.010334,15.585787,15.000000,1.000000
0.010336,15.584687,15.000000,1.000000
0.010338,15.583590,15.000000,1.000000
0.010340,15.582495,15.000000,1.000000
0.010342,15.581401,15.000000,1.000000
0.010344,15.580309,15.000000,1.000000
0.010346,15.579219,15.000000,1.000000
0.010348,15.578131,15.000000,1.000000
0.010350,15.577045,15.000000,1.000000
0.010352,15.575960,15.000000,1.000000
0.010354,15.574878,15.000000,1.000000
0.010356,15.573797,15.000000,1.000000
0.010358,15.572718,15.000000,1.000000
0.010360,15.571641,15.000000,1.000000
0.010362,15.570565,15.000000,1.000000
0.010364,15.569492,15.000000,1.000000
0.010366,15.568420,15.000000,1.000000
0.010368,15.567350,15.000000,1.000000
0.010370,15.566282,15.000000,1.000000
0.010372,15.565215,15.000000,1.000000
0.010374,15.564150,15.000000,1.000000
0.010376,15.563088,15.000000,1.000000
0.010378,15.562026,15.000000,1.000000
0.010380,15.560967,15.000000,1.000000
0.010382,15.559909,15.000000,1.000000
0.010384,15.558854,15.000000,1.000000
0.010386,15.557800,15.000000,1.000000
0.010388,15.556747,15.000000,1.000000
0.010390,15.555697,15.000000,1.000000
0.010392,15.554648,15.000000,1.000000
0.010394,15.553601,15.000000,1.000000
0.010396,15.552555,15.000000,1.000000
0.010398,15.551512,15.000000,1.000000
0.010400,15.550470,15.000000,1.000000
0.010402,15.549429,15.000000,1.000000
0.010404,15.548391,15.000000,1.000000
0.010406,15.547354,15.000000,1.000000
0.010408,15.546319,15.000000,1.000000
0.010410,15.545286,15.000000,1.000000
0.010412,15.544254,15.000000,1.000000
0.010414,15.543224,15.000000,1.000000
0.010416,15.542196,15.000000,1.000000
0.010418,15.541169,15.000000,0.000000
0.010420,15.540144,15.000000,0.000000
0.010422,15.539121,15.000000,0.000000
0.010424,15.538099,15.000000,0.000000
0.010426,15.537079,15.000000,0.000000
0.010428,15.536061,15.000000,0.000000
0.010430,15.535044,15.000000,0.000000
0.010432,15.534029,15.000000,0.000000
0.010434,15.533016,15.000000,0.000000
0.010436,15.532004,15.000000,0.000000
0.010438,15.530994,15.000000,0.000000
0.010440,15.529986,15.000000,0.000000
0.010442,15.528979,15.000000,0.000000
0.010444,15.527974,15.000000,0.000000
0.010446,15.526971,15.000000,0.000000
0.010448,15.525969,15.000000,0.000000
0.010450,15.524969,15.000000,0.000000
0.010452,15.523970,15.000000,0.000000
0.010454,15.522973,15.000000,0.000000
0.010456,15.521978,15.000000,0.000000
0.010458,15.520984,15.000000,0.000000
0.010460,15.519992,15.000000,0.000000
0.010462,15.519001,15.000000,0.000000
0.010464,15.518012,15.000000,0.000000
0.010466,15.517025,15.000000,0.000000
0.010468,15.516039,15.000000,0.000000
0.010470,15.515055,15.000000,0.000000
0.010472,15.514072,15.000000,0.000000
0.010474,15.513091,15.000000,0.000000
0.010476,15.512112,15.000000,0.000000
0.010478,15.511134,15.000000,0.000000
0.010480,15.510158,15.000000,0.000000
0.010482,15.509183,15.000000,0.000000
0.010484,15.508210,15.000000,0.000000
0.010486,15.507238,15.000000,0.000000
0.010488,15.506268,15.000000,0.000000
0.010490,15.505299,15.000000,0.000000
0.010492,15.504332,15.000000,0.000000
0.010494,15.503366,15.000000,0.000000
0.010496,15.502402,15.000000,0.000000
0.010498,15.501440,15.000000,0.000000
0.010500,15.470065,15.000000,0.000000
0.010502,15.438757,15.000000,0.000000
0.010504,15.407516,15.000000,0.000000
0.010506,15.376342,15.000000,0.000000
0.010508,15.345234,15.000000,0.000000
0.010510,15.314192,15.000000,0.000000
0.010512,15.283216,15.000000,0.000000
0.010514,15.252306,15.000000,0.000000
0.010516,15.221462,15.000000,0.000000
0.010518,15.190683,15.000000,0.000000
0.010520,15.159969,15.000000,0.000000
0.010522,15.129320,15.000000,0.000000
0.010524,15.098736,15.000000,0.000000
0.010526,15.068216,15.000000,0.000000
0.010528,15.037760,15.000000,0.000000
0.010530,15.007369,15.000000,0.000000
0.010532,14.977041,15.000000,0.000000
0.010534,14.946777,15.000000,0.000000
0.010536,14.916577,15.000000,0.000000
0.010538,14.886439,15.000000,0.000000
0.010540,14.856365,15.000000,0.000000
0.010542,14.826354,15.000000,0.000000
0.010544,14.796405,15.000000,0.000000
0.010546,14.766518,15.000000,0.000000
0.010548,14.736694,15.000000,0.000000
0.010550,14.706932,15.000000,0.000000
0.010552,14.677231,15.000000,0.000000
0.010554,14.647592,15.000000,0.000000
0.010556,14.618015,15.000000,0.000000
0.010558,14.588498,15.000000,0.000000
0.010560,14.559043,15.000000,0.000000
0.010562,14.529648,15.000000,0.000000
0.010564,14.500314,15.000000,0.000000
0.010566,14.471041,15.000000,0.000000
0.010568,14.441827,15.000000,0.000000
0.010570,14.412674,15.000000,0.000000
0.010572,14.383580,15.000000,0.000000
0.010574,14.354546,15.000000,0.000000
0.010576,14.325571,15.000000,0.000000
0.010578,14.296656,15.000000,0.000000
0.010580,14.267800,15.000000,0.000000
0.010582,14.239002,15.000000,0.000000
0.010584,14.210263,15.000000,0.000000
0.010586,14.181583,15.000000,0.000000
0.010588,14.152960,15.000000,0.000000
0.010590,14.124396,15.000000,0.000000
0.010592,14.095890,15.000000,0.000000
0.010594,14.067441,15.000000,0.000000
0.010596,14.039050,15.000000,0.000000
0.010598,14.010716,15.000000,0.000000
0.010600,13.982440,15.000000,0.000000
0.010602,13.954220,15.000000,0.000000
0.010604,13.926057,15.000000,0.000000
0.010606,13.897951,15.000000,0.000000
0.010608,13.869901,15.000000,0.000000
0.010610,13.841907,15.000000,0.000000
0.010612,13.813969,15.000000,0.000000
0.010614,13.786087,15.000000,0.000000
0.010616,13.758261,15.000000,0.000000
0.010618,13.730490,15.000000,0.000000
0.010620,13.702775,15.000000,0.000000
0.010622,13.675115,15.000000,0.000000
0.010624,13.647509,15.000000,0.000000
0.010626,13.619959,15.000000,0.000000
0.010628,13.592463,15.000000,0.000000
0.010630,13.565021,15.000000,0.000000
0.010632,13.537634,15.000000,0.000000
0.010634,13.510301,15.000000,0.000000
0.010636,13.483022,15.000000,0.000000
0.010638,13.455796,15.000000,0.000000
0.010640,13.428624,15.000000,0.000000
0.010642,13.401505,15.000000,0.000000
0.010644,13.374440,15.000000,0.000000
0.010646,13.347427,15.000000,0.000000
0.010648,13.320468,15.000000,0.000000
0.010650,13.293561,15.000000,0.000000
0.010652,13.266707,15.000000,0.000000
0.010654,13.239905,15.000000,0.000000
0.010656,13.213155,15.000000,0.000000
0.010658,13.186458,15.000000,0.000000
0.010660,13.159812,15.000000,0.000000
0.010662,13.133218,15.000000,0.000000
0.010664,13.106675,15.000000,0.000000
0.010666,13.080184,15.000000,0.000000
0.010668,13.053744,15.000000,0.000000
0.010670,13.027355,15.000000,0.000000
0.010672,13.001017,15.000000,0.000000
0.010674,12.974729,15.000000,0.000000
0.010676,12.948493,15.000000,0.000000
0.010678,12.922306,15.000000,0.000000
0.010680,12.896170,15.000000,0.000000
0.010682,12.870084,15.000000,0.000000
0.010684,12.844048,15.000000,0.000000
0.010686,12.818062,15.000000,0.000000
0.010688,12.792125,15.000000,0.000000
0.010690,12.766238,15.000000,0.000000
0.010692,12.740400,15.000000,0.000000
0.010694,12.714611,15.000000,0.000000
0.010696,12.688871,15.000000,0.000000
0.010698,12.663180,15.000000,0.000000
0.010700,12.637537,15.000000,0.000000
0.010702,12.611944,15.000000,0.000000
0.010704,12.586398,15.000000,0.000000
0.010706,12.560901,15.000000,0.000000
0.010708,12.535452,15.000000,0.000000
0.010710,12.510050,15.000000,0.000000
0.010712,12.484697,15.000000,0.000000
0.010714,12.459391,15.000000,0.000000
0.010716,12.434133,15.000000,0.000000
0.010718,12.408922,15.000000,0.000000
0.010720,12.383758,15.000000,0.000000
0.010722,12.358641,15.000000,0.000000
0.010724,12.333571,15.000000,0.000000
0.010726,12.308548,15.000000,0.000000
0.010728,12.283571,15.000000,0.000000
0.010730,12.258641,15.000000,0.000000
0.010732,12.233757,15.000000,0.000000
0.010734,12.208919,15.000000,0.000000
0.010736,12.184127,15.000000,0.000000
0.010738,12.159381,15.000000,0.000000
0.010740,12.134681,15.000000,0.000000
0.010742,12.110026,15.000000,0.000000
0.010744,12.085417,15.000000,0.000000
0.010746,12.060853,15.000000,0.000000
0.010748,12.036335,15.000000,0.000000
0.010750,12.011861,15.000000,0.000000
0.010752,11.987432,15.000000,0.000000
0.010754,11.963048,15.000000,0.000000
0.010756,11.938708,15.000000,0.000000
0.010758,11.914413,15.000000,0.000000
0.010760,11.890163,15.000000,0.000000
0.010762,11.865956,15.000000,0.000000
0.010764,11.841794,15.000000,0.000000
0.010766,11.817675,15.000000,0.000000
0.010768,11.793601,15.000000,0.000000
0.010770,11.769570,15.000000,0.000000
0.010772,11.745582,15.000000,0.000000
0.010774,11.721638,15.000000,0.000000
0.010776,11.697737,15.000000,0.000000
0.010778,11.673879,15.000000,0.000000
0.010780,11.650065,15.000000,0.000000
0.010782,11.626293,15.000000,0.000000
0.010784,11.602563,15.000000,0.000000
0.010786,11.578877,15.000000,0.000000
0.010788,11.555233,15.000000,0.000000
0.010790,11.531631,15.000000,0.000000
0.010792,11.508071,15.000000,0.000000
0.010794,11.484554,15.000000,0.000000
0.010796,11.461078,15.000000,0.000000
0.010798,11.437645,15.000000,0.000000
0.010800,11.414252,15.000000,0.000000
0.010802,11.390902,15.000000,0.000000
0.010804,11.367593,15.000000,0.000000
0.010806,11.344325,15.000000,0.000000
0.010808,11.321099,15.000000,0.000000
0.010810,11.297913,15.000000,0.000000
0.010812,11.274769,15.000000,0.000000
0.010814,11.251665,15.000000,0.000000
0.010816,11.228602,15.000000,0.000000
0.010818,11.205580,15.000000,0.000000
0.010820,11.182598,15.000000,0.000000
0.010822,11.159656,15.000000,0.000000
0.010824,11.136755,15.000000,0.000000
0.010826,11.113894,15.000000,0.000000
0.010828,11.091072,15.000000,0.000000
0.010830,11.068291,15.000000,0.000000
0.010832,11.045549,15.000000,0.000000
0.010834,11.022847,15.000000,0.000000
0.010836,11.000185,15.000000,0.000000
0.010838,10.977561,15.000000,0.000000
0.010840,10.954977,15.000000,0.000000
0.010842,10.932433,15.000000,0.000000
0.010844,10.909927,15.000000,0.000000
0.010846,10.887460,15.000000,0.000000
0.010848,10.865032,15.000000,0.000000
0.010850,10.842642,15.000000,0.000000
0.010852,10.820291,15.000000,0.000000
0.010854,10.797979,15.000000,0.000000
0.010856,10.775705,15.000000,0.000000
0.010858,10.753469,15.000000,0.000000
0.010860,10.731271,15.000000,0.000000
0.010862,10.709112,15.000000,0.000000
0.010864,10.686990,15.000000,0.000000
0.010866,10.664906,15.000000,0.000000
0.010868,10.642859,15.000000,0.000000
0.010870,10.620851,15.000000,0.000000
0.010872,10.598879,15.000000,0.000000
0.010874,10.576945,15.000000,0.000000
0.010876,10.555048,15.000000,0.000000
0.010878,10.533188,15.000000,0.000000
0.010880,10.511366,15.000000,0.000000
0.010882,10.489580,15.000000,0.000000
0.010884,10.467831,15.000000,0.000000
0.010886,10.446118,15.000000,0.000000
0.010888,10.424443,15.000000,0.000000
0.010890,10.402803,15.000000,0.000000
0.010892,10.381200,15.000000,0.000000
0.010894,10.359633,15.000000,0.000000
0.010896,10.338103,15.000000,0.000000
0.010898,10.316608,15.000000,0.000000
0.010900,10.295150,15.000000,0.000000
0.010902,10.273727,15.000000,0.000000
0.010904,10.252340,15.000000,0.000000
0.010906,10.230988,15.000000,0.000000
0.010908,10.209672,15.000000,0.000000
0.010910,10.188392,15.000000,0.000000
0.010912,10.167147,15.000000,0.000000
0.010914,10.145937,15.000000,0.000000
0.010916,10.124762,15.000000,0.000000
0.010918,10.103622,15.000000,0.000000
0.010920,10.082517,15.000000,0.000000
0.010922,10.061447,15.000000,0.000000
0.010924,10.040412,15.000000,0.000000
0.010926,10.019411,15.000000,0.000000
0.010928,9.998444,15.000000,0.000000
0.010930,9.977513,15.000000,0.000000
0.010932,9.956615,15.000000,0.000000
0.010934,9.935752,15.000000,0.000000
0.010936,9.914922,15.000000,0.000000
0.010938,9.894127,15.000000,0.000000
0.010940,9.873366,15.000000,0.000000
0.010942,9.852638,15.000000,0.000000
0.010944,9.831945,15.000000,0.000000
0.010946,9.811284,15.000000,0.000000
0.010948,9.790658,15.000000,0.000000
0.010950,9.770065,15.000000,0.000000
0.010952,9.749505,15.000000,0.000000
0.010954,9.728978,15.000000,0.000000
0.010956,9.708485,15.000000,0.000000
0.010958,9.688025,15.000000,0.000000
0.010960,9.667597,15.000000,0.000000
0.010962,9.647203,15.000000,0.000000
0.010964,9.626841,15.000000,0.000000
0.010966,9.606512,15.000000,0.000000
0.010968,9.586216,15.000000,0.000000
0.010970,9.565952,15.000000,0.000000
0.010972,9.545720,15.000000,0.000000
0.010974,9.525521,15.000000,0.000000
0.010976,9.505354,15.000000,0.000000
0.010978,9.485219,15.000000,0.000000
0.010980,9.465117,15.000000,0.000000
0.010982,9.445046,15.000000,0.000000
0.010984,9.425007,15.000000,0.000000
0.010986,9.405000,15.000000,0.000000
0.010988,9.385024,15.000000,0.000000
0.010990,9.365080,15.000000,0.000000
0.010992,9.345168,15.000000,0.000000
0.010994,9.325287,15.000000,0.000000
0.010996,9.305438,15.000000,0.000000
0.010998,9.285619,15.000000,0.000000
0.011000,9.265832,15.000000,0.000000
0.011002,9.246076,15.000000,0.000000
0.011004,9.226351,15.000000,0.000000
0.011006,9.206657,15.000000,0.000000
0.011008,9.186994,15.000000,0.000000
0.011010,9.167361,15.000000,0.000000
0.011012,9.147759,15.000000,0.000000
0.011014,9.128188,15.000000,0.000000
0.011016,9.108647,15.000000,0.000000
0.011018,9.089136,15.000000,0.000000
0.011020,9.069656,15.000000,0.000000
0.011022,9.050206,15.000000,0.000000
0.011024,9.030786,15.000000,0.000000
0.011026,9.011397,15.000000,0.000000
0.011028,8.992037,15.000000,0.000000
0.011030,8.972707,15.000000,0.000000
0.011032,8.953407,15.000000,0.000000
0.011034,8.934137,15.000000,0.000000
0.011036,8.914896,15.000000,0.000000
0.011038,8.895685,15.000000,0.000000
0.011040,8.876504,15.000000,0.000000
0.011042,8.857352,15.000000,0.000000
0.011044,8.838229,15.000000,0.000000
0.011046,8.819135,15.000000,0.000000
0.011048,8.800071,15.000000,0.000000
0.011050,8.781035,15.000000,0.000000
0.011052,8.762029,15.000000,0.000000
0.011054,8.743052,15.000000,0.000000
0.011056,8.724103,15.000000,0.000000
0.011058,8.705184,15.000000,0.000000
0.011060,8.686293,15.000000,0.000000
0.011062,8.667430,15.000000,0.000000
0.011064,8.648597,15.000000,0.000000
0.011066,8.629791,15.000000,0.000000
0.011068,8.611014,15.000000,0.000000
0.011070,8.592266,15.000000,0.000000
0.011072,8.573545,15.000000,0.000000
0.011074,8.554853,15.000000,0.000000
0.011076,8.536189,15.000000,0.000000
0.011078,8.517553,15.000000,0.000000
0.011080,8.498945,15.000000,0.000000
0.011082,8.480364,15.000000,0.000000
0.011084,8.461812,15.000000,0.000000
0.011086,8.443287,15.000000,0.000000
0.011088,8.424790,15.000000,0.000000
0.011090,8.406320,15.000000,0.000000
0.011092,8.387878,15.000000,0.000000
0.011094,8.369463,15.000000,0.000000
0.011096,8.351076,15.000000,0.000000
0.011098,8.332716,15.000000,0.000000
0.011100,8.314383,15.000000,0.000000
0.011102,8.296077,15.000000,0.000000
0.011104,8.277799,15.000000,0.000000
0.011106,8.259547,15.000000,0.000000
0.011108,8.241322,15.000000,0.000000
0.011110,8.223124,15.000000,0.000000
0.011112,8.204953,15.000000,0.000000
0.011114,8.186809,15.000000,0.000000
0.011116,8.168691,15.000000,0.000000
0.011118,8.150600,15.000000,0.000000
0.011120,8.132535,15.000000,0.000000
0.011122,8.114497,15.000000,0.000000
0.011124,8.096485,15.000000,0.000000
0.011126,8.078499,15.000000,0.000000
0.011128,8.060539,15.000000,0.000000
0.011130,8.042606,15.000000,0.000000
0.011132,8.024699,15.000000,0.000000
0.011134,8.006818,15.000000,0.000000
0.011136,7.988962,15.000000,0.000000
0.011138,7.971133,15.000000,0.000000
0.011140,7.953329,15.000000,0.000000
0.011142,7.935551,15.000000,0.000000
0.011144,7.917799,15.000000,0.000000
0.011146,7.900073,15.000000,0.000000
0.011148,7.882371,15.000000,0.000000
0.011150,7.864696,15.000000,0.000000
0.011152,7.847046,15.000000,0.000000
0.011154,7.829421,15.000000,0.000000
0.011156,7.811821,15.000000,0.000000
0.011158,7.794247,15.000000,0.000000
0.011160,7.776698,15.000000,0.000000
0.011162,7.759174,15.000000,0.000000
0.011164,7.741675,15.000000,0.000000
0.011166,7.724200,15.000000,0.000000
0.011168,7.706751,15.000000,0.000000
0.011170,7.689327,15.000000,0.000000
0.011172,7.671927,15.000000,0.000000
0.011174,7.654552,15.000000,0.000000
0.011176,7.637202,15.000000,0.000000
0.011178,7.619876,15.000000,0.000000
0.011180,7.602575,15.000000,0.000000
0.011182,7.585298,15.000000,0.000000
0.011184,7.568045,15.000000,0.000000
0.011186,7.550817,15.000000,0.000000
0.011188,7.533613,15.000000,0.000000
0.011190,7.516434,15.000000,0.000000
0.011192,7.499278,15.000000,0.000000
0.011194,7.482147,15.000000,0.000000
0.011196,7.465039,15.000000,0.000000
0.011198,7.447956,15.000000,0.000000
0.011200,7.430896,15.000000,0.000000
0.011202,7.413860,15.000000,0.000000
0.011204,7.396848,15.000000,0.000000
0.011206,7.379860,15.000000,0.000000
0.011208,7.362895,15.000000,0.000000
0.011210,7.345954,15.000000,0.000000
0.011212,7.329037,15.000000,0.000000
0.011214,7.312143,15.000000,0.000000
0.011216,7.295272,15.000000,0.000000
0.011218,7.278425,15.000000,0.000000
0.011220,7.261601,15.000000,0.000000
0.011222,7.244800,15.000000,0.000000
0.011224,7.228022,15.000000,0.000000
0.011226,7.211268,15.000000,0.000000
0.011228,7.194537,15.000000,0.000000
0.011230,7.177828,15.000000,0.000000
0.011232,7.161143,15.000000,0.000000
0.011234,7.144480,15.000000,0.000000
0.011236,7.127840,15.000000,0.000000
0.011238,7.111224,15.000000,0.000000
0.011240,7.094629,15.000000,0.000000
0.011242,7.078058,15.000000,0.000000
0.011244,7.061509,15.000000,0.000000
0.011246,7.044982,15.000000,0.000000
0.011248,7.028478,15.000000,0.000000
0.011250,7.011997,15.000000,0.000000
0.011252,6.995538,15.000000,0.000000
0.011254,6.979101,15.000000,0.000000
0.011256,6.962687,15.000000,0.000000
0.011258,6.946294,15.000000,0.000000
0.011260,6.929924,15.000000,0.000000
0.011262,6.913576,15.000000,0.000000
0.011264,6.897250,15.000000,0.000000
0.011266,6.880946,15.000000,0.000000
0.011268,6.864664,15.000000,0.000000
0.011270,6.848404,15.000000,0.000000
0.011272,6.832166,15.000000,0.000000
0.011274,6.815950,15.000000,0.000000
0.011276,6.799755,15.000000,0.000000
0.011278,6.783582,15.000000,0.000000
0.011280,6.767430,15.000000,0.000000
0.011282,6.751300,15.000000,0.000000
0.011284,6.735192,15.000000,0.000000
0.011286,6.719105,15.000000,0.000000
0.011288,6.703040,15.000000,0.000000
0.011290,6.686996,15.000000,0.000000
0.011292,6.670973,15.000000,0.000000
0.011294,6.654971,15.000000,0.000000
0.011296,6.638991,15.000000,0.000000
0.011298,6.623032,15.000000,0.000000
0.011300,6.607094,15.000000,0.000000
0.011302,6.591177,15.000000,0.000000
0.011304,6.575281,15.000000,0.000000
0.011306,6.559406,15.000000,0.000000
0.011308,6.543552,15.000000,0.000000
0.011310,6.527718,15.000000,0.000000
0.011312,6.511906,15.000000,0.000000
0.011314,6.496114,15.000000,0.000000
0.011316,6.480343,15.000000,0.000000
0.011318,6.464593,15.000000,0.000000
0.011320,6.448863,15.000000,0.000000
0.011322,6.433154,15.000000,0.000000
0.011324,6.417465,15.000000,0.000000
0.011326,6.401797,15.000000,0.000000
0.011328,6.386149,15.000000,0.000000
0.011330,6.370522,15.000000,0.000000
0.011332,6.354915,15.000000,0.000000
0.011334,6.339328,15.000000,0.000000
0.011336,6.323761,15.000000,0.000000
0.011338,6.308214,15.000000,0.000000
0.011340,6.292688,15.000000,0.000000
0.011342,6.277182,15.000000,0.000000
0.011344,6.261695,15.000000,0.000000
0.011346,6.246229,15.000000,0.000000
0.011348,6.230783,15.000000,0.000000
0.011350,6.215356,15.000000,0.000000
0.011352,6.199949,15.000000,0.000000
0.011354,6.184563,15.000000,0.000000
0.011356,6.169195,15.000000,0.000000
0.011358,6.153848,15.000000,0.000000
0.011360,6.138520,15.000000,0.000000
0.011362,6.123212,15.000000,0.000000
0.011364,6.107923,15.000000,0.000000
0.011366,6.092654,15.000000,0.000000
0.011368,6.077404,15.000000,0.000000
0.011370,6.062174,15.000000,0.000000
0.011372,6.046963,15.000000,0.000000
0.011374,6.031772,15.000000,0.000000
0.011376,6.016599,15.000000,0.000000
0.011378,6.001446,15.000000,0.000000
0.011380,5.986313,15.000000,0.000000
0.011382,5.971198,15.000000,0.000000
0.011384,5.956102,15.000000,0.000000
0.011386,5.941026,15.000000,0.000000
0.011388,5.925968,15.000000,0.000000
0.011390,5.910930,15.000000,0.000000
0.011392,5.895910,15.000000,0.000000
0.011394,5.880909,15.000000,0.000000
0.011396,5.865927,15.000000,0.000000
0.011398,5.850964,15.000000,0.000000
0.011400,5.836020,15.000000,0.000000
0.011402,5.821094,15.000000,0.000000
0.011404,5.806187,15.000000,0.000000
0.011406,5.791299,15.000000,0.000000
0.011408,5.776429,15.000000,0.000000
0.011410,5.761578,15.000000,0.000000
0.011412,5.746745,15.000000,0.000000
0.011414,5.731931,15.000000,0.000000
0.011416,5.717135,15.000000,0.000000
0.011418,5.702358,15.000000,0.000000
0.011420,5.687599,15.000000,0.000000
0.011422,5.672858,15.000000,0.000000
0.011424,5.658135,15.000000,0.000000
0.011426,5.643431,15.000000,0.000000
0.011428,5.628744,15.000000,0.000000
0.011430,5.614076,15.000000,0.000000
0.011432,5.599426,15.000000,0.000000
0.011434,5.584794,15.000000,0.000000
0.011436,5.570180,15.000000,0.000000
0.011438,5.555584,15.000000,0.000000
0.011440,5.541006,15.000000,0.000000
0.011442,5.526445,15.000000,0.000000
0.011444,5.511903,15.000000,0.000000
0.011446,5.497378,15.000000,0.000000
0.011448,5.482871,15.000000,0.000000
0.011450,5.468382,15.000000,0.000000
0.011452,5.453911,15.000000,0.000000
0.011454,5.439457,15.000000,0.000000
0.011456,5.425020,15.000000,0.000000
0.011458,5.410602,15.000000,0.000000
0.011460,5.396200,15.000000,0.000000
0.011462,5.381817,15.000000,0.000000
0.011464,5.367450,15.000000,0.000000
0.011466,5.353101,15.000000,0.000000
0.011468,5.338770,15.000000,0.000000
0.011470,5.324455,15.000000,0.000000
0.011472,5.310158,15.000000,0.000000
0.011474,5.295879,15.000000,0.000000
0.011476,5.281616,15.000000,0.000000
0.011478,5.267371,15.000000,0.000000
0.011480,5.253143,15.000000,0.000000
0.011482,5.238931,15.000000,0.000000
0.011484,5.224737,15.000000,0.000000
0.011486,5.210560,15.000000,0.000000
0.011488,5.196400,15.000000,0.000000
0.011490,5.182257,15.000000,0.000000
0.011492,5.168131,15.000000,0.000000
0.011494,5.154021,15.000000,0.000000
0.011496,5.139929,15.000000,0.000000
0.011498,5.125853,15.000000,0.000000
0.011500,5.111794,15.000000,0.000000
0.011502,5.097751,15.000000,0.000000
0.011504,5.083726,15.000000,0.000000
0.011506,5.069717,15.000000,0.000000
0.011508,5.055724,15.000000,0.000000
0.011510,5.041748,15.000000,0.000000
0.011512,5.027789,15.000000,0.000000
0.011514,5.013846,15.000000,0.000000
0.011516,4.999920,15.000000,0.000000
0.011518,4.986010,15.000000,0.000000
0.011520,4.972116,15.000000,0.000000
0.011522,4.958239,15.000000,0.000000
0.011524,4.944378,15.000000,0.000000
0.011526,4.930534,15.000000,0.000000
0.011528,4.916705,15.000000,0.000000
0.011530,4.902893,15.000000,0.000000
0.011532,4.889097,15.000000,0.000000
0.011534,4.875317,15.000000,0.000000
0.011536,4.861554,15.000000,0.000000
0.011538,4.847806,15.000000,0.000000
0.011540,4.834074,15.000000,0.000000
0.011542,4.820359,15.000000,0.000000
0.011544,4.806659,15.000000,0.000000
0.011546,4.792975,15.000000,0.000000
0.011548,4.779307,15.000000,0.000000
0.011550,4.765656,15.000000,0.000000
0.011552,4.752019,15.000000,0.000000
0.011554,4.738399,15.000000,0.000000
0.011556,4.724794,15.000000,0.000000
0.011558,4.711206,15.000000,0.000000
0.011560,4.697632,15.000000,0.000000
0.011562,4.684075,15.000000,0.000000
0.011564,4.670533,15.000000,0.000000
0.011566,4.657007,15.000000,0.000000
0.011568,4.643496,15.000000,0.000000
0.011570,4.630001,15.000000,0.000000
0.011572,4.616521,15.000000,0.000000
0.011574,4.603057,15.000000,0.000000
0.011576,4.589608,15.000000,0.000000
0.011578,4.576174,15.000000,0.000000
0.011580,4.562756,15.000000,0.000000
0.011582,4.549354,15.000000,0.000000
0.011584,4.535966,15.000000,0.000000
0.011586,4.522594,15.000000,0.000000
0.011588,4.509237,15.000000,0.000000
0.011590,4.495895,15.000000,0.000000
0.011592,4.482569,15.000000,0.000000
0.011594,4.469257,15.000000,0.000000
0.011596,4.455961,15.000000,0.000000
0.011598,4.442679,15.000000,0.000000
0.011600,4.429413,15.000000,0.000000
0.011602,4.416162,15.000000,0.000000
0.011604,4.402926,15.000000,0.000000
0.011606,4.389704,15.000000,0.000000
0.011608,4.376498,15.000000,0.000000
0.011610,4.363306,15.000000,0.000000
0.011612,4.350130,15.000000,0.000000
0.011614,4.336968,15.000000,0.000000
0.011616,4.323821,15.000000,0.000000
0.011618,4.310688,15.000000,0.000000
0.011620,4.297571,15.000000,0.000000
0.011622,4.284468,15.000000,0.000000
0.011624,4.271380,15.000000,0.000000
0.011626,4.258306,15.000000,0.000000
0.011628,4.245247,15.000000,0.000000
0.011630,4.232203,15.000000,0.000000
0.011632,4.219173,15.000000,0.000000
0.011634,4.206157,15.000000,0.000000
0.011636,4.193157,15.000000,0.000000
0.011638,4.180170,15.000000,0.000000
0.011640,4.167198,15.000000,0.000000
0.011642,4.154241,15.000000,0.000000
0.011644,4.141297,15.000000,0.000000
0.011646,4.128368,15.000000,0.000000
0.011648,4.115454,15.000000,0.000000
0.011650,4.102553,15.000000,0.000000
0.011652,4.089667,15.000000,0.000000
0.011654,4.076795,15.000000,0.000000
0.011656,4.063938,15.000000,0.000000
0.011658,4.051094,15.000000,0.000000
0.011660,4.038265,15.000000,0.000000
0.011662,4.025449,15.000000,0.000000
0.011664,4.012648,15.000000,0.000000
0.011666,3.999861,15.000000,0.000000
0.011668,3.987088,15.000000,0.000000
0.011670,3.974329,15.000000,0.000000
0.011672,3.961583,15.000000,0.000000
0.011674,3.948852,15.000000,0.000000
0.011676,3.936135,15.000000,0.000000
0.011678,3.923431,15.000000,0.000000
0.011680,3.910741,15.000000,0.000000
0.011682,3.898066,15.000000,0.000000
0.011684,3.885403,15.000000,0.000000
0.011686,3.872755,15.000000,0.000000
0.011688,3.860121,15.000000,0.000000
0.011690,3.847500,15.000000,0.000000
0.011692,3.834892,15.000000,0.000000
0.011694,3.822299,15.000000,0.000000
0.011696,3.809719,15.000000,0.000000
0.011698,3.797152,15.000000,0.000000
0.011700,3.784600,15.000000,0.000000
0.011702,3.772060,15.000000,0.000000
0.011704,3.759535,15.000000,0.000000
0.011706,3.747022,15.000000,0.000000
0.011708,3.734524,15.000000,0.000000
0.011710,3.722038,15.000000,0.000000
0.011712,3.709566,15.000000,0.000000
0.011714,3.697107,15.000000,0.000000
0.011716,3.684662,15.000000,0.000000
0.011718,3.672230,15.000000,0.000000
0.011720,3.659812,15.000000,0.000000
0.011722,3.647406,15.000000,0.000000
0.011724,3.635014,15.000000,0.000000
0.011726,3.622635,15.000000,0.000000
0.011728,3.610269,15.000000,0.000000
0.011730,3.597917,15.000000,0.000000
0.011732,3.585577,15.000000,0.000000
0.011734,3.573251,15.000000,0.000000
0.011736,3.560938,15.000000,0.000000
0.011738,3.548638,15.000000,0.000000
0.011740,3.536351,15.000000,0.000000
0.011742,3.524076,15.000000,0.000000
0.011744,3.511815,15.000000,0.000000
0.011746,3.499567,15.000000,0.000000
0.011748,3.487332,15.000000,0.000000
0.011750,3.475109,15.000000,0.000000
0.011752,3.462900,15.000000,0.000000
0.011754,3.450703,15.000000,0.000000
0.011756,3.438519,15.000000,0.000000
0.011758,3.426348,15.000000,0.000000
0.011760,3.414190,15.000000,0.000000
0.011762,3.402045,15.000000,0.000000
0.011764,3.389912,15.000000,0.000000
0.011766,3.377792,15.000000,0.000000
0.011768,3.365685,15.000000,0.000000
0.011770,3.353590,15.000000,0.000000
0.011772,3.341508,15.000000,0.000000
0.011774,3.329438,15.000000,0.000000
0.011776,3.317381,15.000000,0.000000
0.011778,3.305337,15.000000,0.000000
0.011780,3.293305,15.000000,0.000000
0.011782,3.281286,15.000000,0.000000
0.011784,3.269279,15.000000,0.000000
0.011786,3.257285,15.000000,0.000000
0.011788,3.245303,15.000000,0.000000
0.011790,3.233333,15.000000,0.000000
0.011792,3.221376,15.000000,0.000000
0.011794,3.209431,15.000000,0.000000
0.011796,3.197499,15.000000,0.000000
0.011798,3.185579,15.000000,0.000000
0.011800,3.173671,15.000000,0.000000
0.011802,3.161775,15.000000,0.000000
0.011804,3.149892,15.000000,0.000000
0.011806,3.138021,15.000000,0.000000
0.011808,3.126162,15.000000,0.000000
0.011810,3.114315,15.000000,0.000000
0.011812,3.102481,15.000000,0.000000
0.011814,3.090658,15.000000,0.000000
0.011816,3.078848,15.000000,0.000000
0.011818,3.067050,15.000000,0.000000
0.011820,3.055263,15.000000,0.000000
0.011822,3.043489,15.000000,0.000000
0.011824,3.031727,15.000000,0.000000
0.011826,3.019977,15.000000,0.000000
0.011828,3.008238,15.000000,0.000000
0.011830,2.996512,15.000000,0.000000
0.011832,2.984798,15.000000,0.000000
0.011834,2.973095,15.000000,0.000000
0.011836,2.961405,15.000000,0.000000
0.011838,2.949726,15.000000,0.000000
0.011840,2.938059,15.000000,0.000000
0.011842,2.926404,15.000000,0.000000
0.011844,2.914760,15.000000,0.000000
0.011846,2.903129,15.000000,0.000000
0.011848,2.891509,15.000000,0.000000
0.011850,2.879901,15.000000,0.000000
0.011852,2.868304,15.000000,0.000000
0.011854,2.856720,15.000000,0.000000
0.011856,2.845147,15.000000,0.000000
0.011858,2.833585,15.000000,0.000000
0.011860,2.822035,15.000000,0.000000
0.011862,2.810497,15.000000,0.000000
0.011864,2.798970,15.000000,0.000000
0.011866,2.787455,15.000000,0.000000
0.011868,2.775951,15.000000,0.000000
0.011870,2.764459,15.000000,0.000000
0.011872,2.752978,15.000000,0.000000
0.011874,2.741509,15.000000,0.000000
0.011876,2.730051,15.000000,0.000000
0.011878,2.718605,15.000000,0.000000
0.011880,2.707170,15.000000,0.000000
0.011882,2.695746,15.000000,0.000000
0.011884,2.684334,15.000000,0.000000
0.011886,2.672933,15.000000,0.000000
0.011888,2.661543,15.000000,0.000000
0.011890,2.650165,15.000000,0.000000
0.011892,2.638798,15.000000,0.000000
0.011894,2.627442,15.000000,0.000000
0.011896,2.616097,15.000000,0.000000
0.011898,2.604764,15.000000,0.000000
0.011900,2.593441,15.000000,0.000000
0.011902,2.582130,15.000000,0.000000
0.011904,2.570830,15.000000,0.000000
0.011906,2.559541,15.000000,0.000000
0.011908,2.548264,15.000000,0.000000
0.011910,2.536997,15.000000,0.000000
0.011912,2.525741,15.000000,0.000000
0.011914,2.514497,15.000000,0.000000
0.011916,2.503263,15.000000,0.000000
0.011918,2.492041,15.000000,0.000000
0.011920,2.480829,15.000000,0.000000
0.011922,2.469628,15.000000,0.000000
0.011924,2.458439,15.000000,0.000000
0.011926,2.447260,15.000000,0.000000
0.011928,2.436092,15.000000,0.000000
0.011930,2.424935,15.000000,0.000000
0.011932,2.413789,15.000000,0.000000
0.011934,2.402653,15.000000,0.000000
0.011936,2.391529,15.000000,0.000000
0.011938,2.380415,15.000000,0.000000
0.011940,2.369312,15.000000,0.000000
0.011942,2.358220,15.000000,0.000000
0.011944,2.347139,15.000000,0.000000
0.011946,2.336068,15.000000,0.000000
0.011948,2.325008,15.000000,0.000000
0.011950,2.313958,15.000000,0.000000
0.011952,2.302920,15.000000,0.000000
0.011954,2.291892,15.000000,0.000000
0.011956,2.280874,15.000000,0.000000
0.011958,2.269867,15.000000,0.000000
0.011960,2.258871,15.000000,0.000000
0.011962,2.247885,15.000000,0.000000
0.011964,2.236910,15.000000,0.000000
0.011966,2.225946,15.000000,0.000000
0.011968,2.214992,15.000000,0.000000
0.011970,2.204048,15.000000,0.000000
0.011972,2.193115,15.000000,0.000000
0.011974,2.182192,15.000000,0.000000
0.011976,2.171280,15.000000,0.000000
0.011978,2.160378,15.000000,0.000000
0.011980,2.149486,15.000000,0.000000
0.011982,2.138605,15.000000,0.000000
0.011984,2.127735,15.000000,0.000000
0.011986,2.116874,15.000000,0.000000
0.011988,2.106024,15.000000,0.000000
0.011990,2.095184,15.000000,0.000000
0.011992,2.084355,15.000000,0.000000
0.011994,2.073536,15.000000,0.000000
0.011996,2.062727,15.000000,0.000000
0.011998,2.051928,15.000000,0.000000
0.012000,2.041139,15.000000,0.000000
0.012002,2.030361,15.000000,0.000000
0.012004,2.019593,15.000000,0.000000
0.012006,2.008835,15.000000,0.000000
0.012008,1.998087,15.000000,0.000000
0.012010,1.987349,15.000000,0.000000
0.012012,1.976622,15.000000,0.000000
0.012014,1.965904,15.000000,0.000000
0.012016,1.955196,15.000000,0.000000
0.012018,1.944499,15.000000,0.000000
0.012020,1.933812,15.000000,0.000000
0.012022,1.923134,15.000000,0.000000
0.012024,1.912467,15.000000,0.000000
0.012026,1.901809,15.000000,0.000000
0.012028,1.891162,15.000000,0.000000
0.012030,1.880524,15.000000,0.000000
0.012032,1.869897,15.000000,0.000000
0.012034,1.859279,15.000000,0.000000
0.012036,1.848671,15.000000,0.000000
0.012038,1.838073,15.000000,0.000000
0.012040,1.827485,15.000000,0.000000
0.012042,1.816907,15.000000,0.000000
0.012044,1.806338,15.000000,0.000000
0.012046,1.795780,15.000000,0.000000
0.012048,1.785231,15.000000,0.000000
0.012050,1.774692,15.000000,0.000000
0.012052,1.764162,15.000000,0.000000
0.012054,1.753643,15.000000,0.000000
0.012056,1.743133,15.000000,0.000000
0.012058,1.732633,15.000000,0.000000
0.012060,1.722142,15.000000,0.000000
0.012062,1.711662,15.000000,0.000000
0.012064,1.701190,15.000000,0.000000
0.012066,1.690729,15.000000,0.000000
0.012068,1.680277,15.000000,0.000000
0.012070,1.669835,15.000000,0.000000
0.012072,1.659402,15.000000,0.000000
0.012074,1.648979,15.000000,0.000000
0.012076,1.638565,15.000000,0.000000
0.012078,1.628161,15.000000,0.000000
0.012080,1.617767,15.000000,0.000000
0.012082,1.607382,15.000000,0.000000
0.012084,1.597006,15.000000,0.000000
0.012086,1.586640,15.000000,0.000000
0.012088,1.576283,15.000000,0.000000
0.012090,1.565936,15.000000,0.000000
0.012092,1.555598,15.000000,0.000000
0.012094,1.545270,15.000000,0.000000
0.012096,1.534951,15.000000,0.000000
0.012098,1.524642,15.000000,0.000000
0.012100,1.514341,15.000000,0.000000
0.012102,1.504050,15.000000,0.000000
0.012104,1.493769,15.000000,0.000000
0.012106,1.483497,15.000000,0.000000
0.012108,1.473234,15.000000,0.000000
0.012110,1.462980,15.000000,0.000000
0.012112,1.452736,15.000000,0.000000
0.012114,1.442500,15.000000,0.000000
0.012116,1.432274,15.000000,0.000000
0.012118,1.422058,15.000000,0.000000
0.012120,1.411850,15.000000,0.000000
0.012122,1.401652,15.000000,0.000000
0.012124,1.391463,15.000000,0.000000
0.012126,1.381283,15.000000,0.000000
0.012128,1.371112,15.000000,0.000000
0.012130,1.360950,15.000000,0.000000
0.012132,1.350797,15.000000,0.000000
0.012134,1.340654,15.000000,0.000000
0.012136,1.330519,15.000000,0.000000
0.012138,1.320394,15.000000,0.000000
0.012140,1.310277,15.000000,0.000000
0.012142,1.300170,15.000000,0.000000
0.012144,1.290072,15.000000,0.000000
0.012146,1.279982,15.000000,0.000000
0.012148,1.269902,15.000000,0.000000
0.012150,1.259831,15.000000,0.000000
0.012152,1.249768,15.000000,0.000000
0.012154,1.239715,15.000000,0.000000
0.012156,1.229670,15.000000,0.000000
0.012158,1.219634,15.000000,0.000000
0.012160,1.209608,15.000000,0.000000
0.012162,1.199590,15.000000,0.000000
0.012164,1.189581,15.000000,0.000000
0.012166,1.179581,15.000000,0.000000
0.012168,1.169589,15.000000,0.000000
0.012170,1.159607,15.000000,0.000000
0.012172,1.149633,15.000000,0.000000
0.012174,1.139668,15.000000,0.000000
0.012176,1.129712,15.000000,0.000000
0.012178,1.119765,15.000000,0.000000
0.012180,1.109826,15.000000,0.000000
0.012182,1.099896,15.000000,0.000000
0.012184,1.089975,15.000000,0.000000
0.012186,1.080062,15.000000,0.000000
0.012188,1.070159,15.000000,0.000000
0.012190,1.060263,15.000000,0.000000
0.012192,1.050377,15.000000,0.000000
0.012194,1.040499,15.000000,0.000000
0.012196,1.030630,15.000000,0.000000
0.012198,1.020769,15.000000,0.000000
0.012200,1.010918,15.000000,0.000000
0.012202,1.001074,15.000000,0.000000
0.012204,0.991239,15.000000,0.000000
0.012206,0.981413,15.000000,0.000000
0.012208,0.971595,15.000000,0.000000
0.012210,0.961786,15.000000,0.000000
0.012212,0.951986,15.000000,0.000000
0.012214,0.942194,15.000000,0.000000
0.012216,0.932410,15.000000,0.000000
0.012218,0.922635,15.000000,0.000000
0.012220,0.912868,15.000000,0.000000
0.012222,0.903110,15.000000,0.000000
0.012224,0.893360,15.000000,0.000000
0.012226,0.883619,15.000000,0.000000
0.012228,0.873886,15.000000,0.000000
0.012230,0.864161,15.000000,0.000000
0.012232,0.854445,15.000000,0.000000
0.012234,0.844737,15.000000,0.000000
0.012236,0.835038,15.000000,0.000000
0.012238,0.825347,15.000000,0.000000
0.012240,0.815664,15.000000,0.000000
0.012242,0.805990,15.000000,0.000000
0.012244,0.796323,15.000000,0.000000
0.012246,0.786665,15.000000,0.000000
0.012248,0.777016,15.000000,0.000000
0.012250,0.767375,15.000000,0.000000
0.012252,0.757741,15.000000,0.000000
0.012254,0.748117,15.000000,0.000000
0.012256,0.738500,15.000000,0.000000
0.012258,0.728891,15.000000,0.000000
0.012260,0.719291,15.000000,0.000000
0.012262,0.709699,15.000000,0.000000
0.012264,0.700115,15.000000,0.000000
0.012266,0.690540,15.000000,0.000000
0.012268,0.680972,15.000000,0.000000
0.012270,0.671412,15.000000,0.000000
0.012272,0.661861,15.000000,0.000000
0.012274,0.652318,15.000000,0.000000
0.012276,0.642783,15.000000,0.000000
0.012278,0.633256,15.000000,0.000000
0.012280,0.623737,15.000000,0.000000
0.012282,0.614226,15.000000,0.000000
0.012284,0.604723,15.000000,0.000000
0.012286,0.595228,15.000000,0.000000
0.012288,0.585741,15.000000,0.000000
0.012290,0.576262,15.000000,0.000000
0.012292,0.566791,15.000000,0.000000
0.012294,0.557328,15.000000,0.000000
0.012296,0.547873,15.000000,0.000000
0.012298,0.538426,15.000000,0.000000
0.012300,0.528987,15.000000,0.000000
0.012302,0.519556,15.000000,0.000000
0.012304,0.510133,15.000000,0.000000
0.012306,0.500717,15.000000,0.000000
0.012308,0.491310,15.000000,0.000000
0.012310,0.481910,15.000000,0.000000
0.012312,0.472519,15.000000,0.000000
0.012314,0.463135,15.000000,0.000000
0.012316,0.453759,15.000000,0.000000
0.012318,0.444390,15.000000,0.000000
0.012320,0.435030,15.000000,0.000000
0.012322,0.425677,15.000000,0.000000
0.012324,0.416333,15.000000,0.000000
0.012326,0.406996,15.000000,0.000000
0.012328,0.397666,15.000000,0.000000
0.012330,0.388345,15.000000,0.000000
0.012332,0.379031,15.000000,0.000000
0.012334,0.369725,15.000000,0.000000
0.012336,0.360427,15.000000,0.000000
0.012338,0.351136,15.000000,0.000000
0.012340,0.341853,15.000000,0.000000
0.012342,0.332578,15.000000,0.000000
0.012344,0.323310,15.000000,0.000000
0.012346,0.314050,15.000000,0.000000
0.012348,0.304798,15.000000,0.000000
0.012350,0.295553,15.000000,0.000000
0.012352,0.286316,15.000000,0.000000
0.012354,0.277087,15.000000,0.000000
0.012356,0.267865,15.000000,0.000000
0.012358,0.258650,15.000000,0.000000
0.012360,0.249444,15.000000,0.000000
0.012362,0.240245,15.000000,0.000000
0.012364,0.231053,15.000000,0.000000
0.012366,0.221869,15.000000,0.000000
0.012368,0.212692,15.000000,0.000000
0.012370,0.203523,15.000000,0.000000
0.012372,0.194362,15.000000,0.000000
0.012374,0.185208,15.000000,0.000000
0.012376,0.176061,15.000000,0.000000
0.012378,0.166922,15.000000,0.000000
0.012380,0.157791,15.000000,0.000000
0.012382,0.148666,15.000000,0.000000
0.012384,0.139550,15.000000,0.000000
0.012386,0.130440,15.000000,0.000000
0.012388,0.121338,15.000000,0.000000
0.012390,0.112244,15.000000,0.000000
0.012392,0.103157,15.000000,0.000000
0.012394,0.094077,15.000000,0.000000
0.012396,0.085004,15.000000,0.000000
0.012398,0.075939,15.000000,0.000000
0.012400,0.066882,15.000000,0.000000
0.012402,0.057831,15.000000,0.000000
0.012404,0.048788,15.000000,0.000000
0.012406,0.039752,15.000000,0.000000
0.012408,0.030724,15.000000,0.000000
0.012410,0.021703,15.000000,0.000000
0.012412,0.012689,15.000000,0.000000
0.012414,0.003682,15.000000,0.000000
0.012416,0.000000,15.000000,0.000000
0.012418,0.000000,15.000000,0.000000
0.012420,0.000000,15.000000,0.000000
0.012422,0.000000,15.000000,0.000000
0.012424,0.000000,15.000000,0.000000
0.012426,0.000000,15.000000,0.000000
0.012428,0.000000,15.000000,0.000000
0.012430,0.000000,15.000000,0.000000
0.012432,0.000000,15.000000,0.000000
0.012434,0.000000,15.000000,0.000000
0.012436,0.000000,15.000000,0.000000
0.012438,0.000000,15.000000,0.000000
0.012440,0.000000,15.000000,0.000000
0.012442,0.000000,15.000000,0.000000
0.012444,0.000000,15.000000,0.000000
0.012446,0.000000,15.000000,0.000000
0.012448,0.000000,15.000000,0.000000
0.012450,0.000000,15.000000,0.000000
0.012452,0.000000,15.000000,0.000000
0.012454,0.000000,15.000000,0.000000
0.012456,0.000000,15.000000,0.000000
0.012458,0.000000,15.000000,0.000000
0.012460,0.000000,15.000000,0.000000
0.012462,0.000000,15.000000,0.000000
0.012464,0.000000,15.000000,0.000000
0.012466,0.000000,15.000000,0.000000
0.012468,0.000000,15.000000,0.000000
0.012470,0.000000,15.000000,0.000000
0.012472,0.000000,15.000000,0.000000
0.012474,0.000000,15.000000,0.000000
0.012476,0.000000,15.000000,0.000000
0.012478,0.000000,15.000000,0.000000
0.012480,0.000000,15.000000,0.000000
0.012482,0.000000,15.000000,0.000000
0.012484,0.000000,15.000000,0.000000
0.012486,0.000000,15.000000,0.000000
0.012488,0.000000,15.000000,0.000000
0.012490,0.000000,15.000000,0.000000
0.012492,0.000000,15.000000,0.000000
0.012494,0.000000,15.000000,0.000000
0.012496,0.000000,15.000000,0.000000
0.012498,0.000000,15.000000,0.000000
0.012500,0.000000,15.000000,0.000000
0.012502,0.000000,15.000000,0.000000
0.012504,0.000000,15.000000,0.000000
0.012506,0.000000,15.000000,0.000000
0.012508,0.000000,15.000000,0.000000
0.012510,0.000000,15.000000,0.000000
0.012512,0.000000,15.000000,0.000000
0.012514,0.000000,15.000000,0.000000
0.012516,0.000000,15.000000,0.000000
0.012518,0.000000,15.000000,0.000000
0.012520,0.000000,15.000000,0.000000
0.012522,0.000000,15.000000,0.000000
0.012524,0.000000,15.000000,0.000000
0.012526,0.000000,15.000000,0.000000
0.012528,0.000000,15.000000,0.000000
0.012530,0.000000,15.000000,0.000000
0.012532,0.000000,15.000000,0.000000
0.012534,0.000000,15.000000,0.000000
0.012536,0.000000,15.000000,0.000000
0.012538,0.000000,15.000000,0.000000
0.012540,0.000000,15.000000,0.000000
0.012542,0.000000,15.000000,0.000000
0.012544,0.000000,15.000000,0.000000
0.012546,0.000000,15.000000,0.000000
0.012548,0.000000,15.000000,0.000000
0.012550,0.000000,15.000000,0.000000
0.012552,0.000000,15.000000,0.000000
0.012554,0.000000,15.000000,0.000000
0.012556,0.000000,15.000000,0.000000
0.012558,0.000000,15.000000,0.000000
0.012560,0.000000,15.000000,0.000000
0.012562,0.000000,15.000000,0.000000
0.012564,0.000000,15.000000,0.000000
0.012566,0.000000,15.000000,0.000000
0.012568,0.000000,15.000000,0.000000
0.012570,0.000000,15.000000,0.000000
0.012572,0.000000,15.000000,0.000000
0.012574,0.000000,15.000000,0.000000
0.012576,0.000000,15.000000,0.000000
0.012578,0.000000,15.000000,0.000000
0.012580,0.000000,15.000000,0.000000
0.012582,0.000000,15.000000,0.000000
0.012584,0.000000,15.000000,0.000000
0.012586,0.000000,15.000000,0.000000
0.012588,0.000000,15.000000,0.000000
0.012590,0.000000,15.000000,0.000000
0.012592,0.000000,15.000000,0.000000
0.012594,0.000000,15.000000,0.000000
0.012596,0.000000,15.000000,0.000000
0.012598,0.000000,15.000000,0.000000
0.012600,0.000000,15.000000,0.000000
0.012602,0.000000,15.000000,0.000000
0.012604,0.000000,15.000000,0.000000
0.012606,0.000000,15.000000,0.000000
0.012608,0.000000,15.000000,0.000000
0.012610,0.000000,15.000000,0.000000
0.012612,0.000000,15.000000,0.000000
0.012614,0.000000,15.000000,0.000000
0.012616,0.000000,15.000000,0.000000
0.012618,0.000000,15.000000,0.000000
0.012620,0.000000,15.000000,0.000000
0.012622,0.000000,15.000000,0.000000
0.012624,0.000000,15.000000,0.000000
0.012626,0.000000,15.000000,0.000000
0.012628,0.000000,15.000000,0.000000
0.012630,0.000000,15.000000,0.000000
0.012632,0.000000,15.000000,0.000000
0.012634,0.000000,15.000000,0.000000
0.012636,0.000000,15.000000,0.000000
0.012638,0.000000,15.000000,0.000000
0.012640,0.000000,15.000000,0.000000
0.012642,0.000000,15.000000,0.000000
0.012644,0.000000,15.000000,0.000000
0.012646,0.000000,15.000000,0.000000
0.012648,0.000000,15.000000,0.000000
0.012650,0.000000,15.000000,0.000000
0.012652,0.000000,15.000000,0.000000
0.012654,0.000000,15.000000,0.000000
0.012656,0.000000,15.000000,0.000000
0.012658,0.000000,15.000000,0.000000
0.012660,0.000000,15.000000,0.000000
0.012662,0.000000,15.000000,0.000000
0.012664,0.000000,15.000000,0.000000
0.012666,0.000000,15.000000,0.000000
0.012668,0.000000,15.000000,0.000000
0.012670,0.000000,15.000000,0.000000
0.012672,0.000000,15.000000,0.000000
0.012674,0.000000,15.000000,0.000000
0.012676,0.000000,15.000000,0.000000
0.012678,0.000000,15.000000,0.000000
0.012680,0.000000,15.000000,0.000000
0.012682,0.000000,15.000000,0.000000
0.012684,0.000000,15.000000,0.000000
0.012686,0.000000,15.000000,0.000000
0.012688,0.000000,15.000000,0.000000
0.012690,0.000000,15.000000,0.000000
0.012692,0.000000,15.000000,0.000000
0.012694,0.000000,15.000000,0.000000
0.012696,0.000000,15.000000,0.000000
0.012698,0.000000,15.000000,0.000000
0.012700,0.000000,15.000000,0.000000
0.012702,0.000000,15.000000,0.000000
0.012704,0.000000,15.000000,0.000000
0.012706,0.000000,15.000000,0.000000
0.012708,0.000000,15.000000,0.000000
0.012710,0.000000,15.000000,0.000000
0.012712,0.000000,15.000000,0.000000
0.012714,0.000000,15.000000,0.000000
0.012716,0.000000,15.000000,0.000000
0.012718,0.000000,15.000000,0.000000
0.012720,0.000000,15.000000,0.000000
0.012722,0.000000,15.000000,0.000000
0.012724,0.000000,15.000000,0.000000
0.012726,0.000000,15.000000,0.000000
0.012728,0.000000,15.000000,0.000000
0.012730,0.000000,15.000000,0.000000
0.012732,0.000000,15.000000,0.000000
0.012734,0.000000,15.000000,0.000000
0.012736,0.000000,15.000000,0.000000
0.012738,0.000000,15.000000,0.000000
0.012740,0.000000,15.000000,0.000000
0.012742,0.000000,15.000000,0.000000
0.012744,0.000000,15.000000,0.000000
0.012746,0.000000,15.000000,0.000000
0.012748,0.000000,15.000000,0.000000
0.012750,0.000000,15.000000,0.000000
0.012752,0.000000,15.000000,0.000000
0.012754,0.000000,15.000000,0.000000
0.012756,0.000000,15.000000,0.000000
0.012758,0.000000,15.000000,0.000000
0.012760,0.000000,15.000000,0.000000
0.012762,0.000000,15.000000,0.000000
0.012764,0.000000,15.000000,0.000000
0.012766,0.000000,15.000000,0.000000
0.012768,0.000000,15.000000,0.000000
0.012770,0.000000,15.000000,0.000000
0.012772,0.000000,15.000000,0.000000
0.012774,0.000000,15.000000,0.000000
0.012776,0.000000,15.000000,0.000000
0.012778,0.000000,15.000000,0.000000
0.012780,0.000000,15.000000,0.000000
0.012782,0.000000,15.000000,0.000000
0.012784,0.000000,15.000000,0.000000
0.012786,0.000000,15.000000,0.000000
0.012788,0.000000,15.000000,0.000000
0.012790,0.000000,15.000000,0.000000
0.012792,0.000000,15.000000,0.000000
0.012794,0.000000,15.000000,0.000000
0.012796,0.000000,15.000000,0.000000
0.012798,0.000000,15.000000,0.000000
0.012800,0.000000,15.000000,0.000000
0.012802,0.000000,15.000000,0.000000
0.012804,0.000000,15.000000,0.000000
0.012806,0.000000,15.000000,0.000000
0.012808,0.000000,15.000000,0.000000
0.012810,0.000000,15.000000,0.000000
0.012812,0.000000,15.000000,0.000000
0.012814,0.000000,15.000000,0.000000
0.012816,0.000000,15.000000,0.000000
0.012818,0.000000,15.000000,0.000000
0.012820,0.000000,15.000000,0.000000
0.012822,0.000000,15.000000,0.000000
0.012824,0.000000,15.000000,0.000000
0.012826,0.000000,15.000000,0.000000
0.012828,0.000000,15.000000,0.000000
0.012830,0.000000,15.000000,0.000000
0.012832,0.000000,15.000000,0.000000
0.012834,0.000000,15.000000,0.000000
0.012836,0.000000,15.000000,0.000000
0.012838,0.000000,15.000000,0.000000
0.012840,0.000000,15.000000,0.000000
0.012842,0.000000,15.000000,0.000000
0.012844,0.000000,15.000000,0.000000
0.012846,0.000000,15.000000,0.000000
0.012848,0.000000,15.000000,0.000000
0.012850,0.000000,15.000000,0.000000
0.012852,0.000000,15.000000,0.000000
0.012854,0.000000,15.000000,0.000000
0.012856,0.000000,15.000000,0.000000
0.012858,0.000000,15.000000,0.000000
0.012860,0.000000,15.000000,0.000000
0.012862,0.000000,15.000000,0.000000
0.012864,0.000000,15.000000,0.000000
0.012866,0.000000,15.000000,0.000000
0.012868,0.000000,15.000000,0.000000
0.012870,0.000000,15.000000,0.000000
0.012872,0.000000,15.000000,0.000000
0.012874,0.000000,15.000000,0.000000
0.012876,0.000000,15.000000,0.000000
0.012878,0.000000,15.000000,0.000000
0.012880,0.000000,15.000000,0.000000
0.012882,0.000000,15.000000,0.000000
0.012884,0.000000,15.000000,0.000000
0.012886,0.000000,15.000000,0.000000
0.012888,0.000000,15.000000,0.000000
0.012890,0.000000,15.000000,0.000000
0.012892,0.000000,15.000000,0.000000
0.012894,0.000000,15.000000,0.000000
0.012896,0.000000,15.000000,0.000000
0.012898,0.000000,15.000000,0.000000
0.012900,0.000000,15.000000,0.000000
0.012902,0.000000,15.000000,0.000000
0.012904,0.000000,15.000000,0.000000
0.012906,0.000000,15.000000,0.000000
0.012908,0.000000,15.000000,0.000000
0.012910,0.000000,15.000000,0.000000
0.012912,0.000000,15.000000,0.000000
0.012914,0.000000,15.000000,0.000000
0.012916,0.000000,15.000000,0.000000
0.012918,0.000000,15.000000,0.000000
0.012920,0.000000,15.000000,0.000000
0.012922,0.000000,15.000000,0.000000
0.012924,0.000000,15.000000,0.000000
0.012926,0.000000,15.000000,0.000000
0.012928,0.000000,15.000000,0.000000
0.012930,0.000000,15.000000,0.000000
0.012932,0.000000,15.000000,0.000000
0.012934,0.000000,15.000000,0.000000
0.012936,0.000000,15.000000,0.000000
0.012938,0.000000,15.000000,0.000000
0.012940,0.000000,15.000000,0.000000
0.012942,0.000000,15.000000,0.000000
0.012944,0.000000,15.000000,0.000000
0.012946,0.000000,15.000000,0.000000
0.012948,0.000000,15.000000,0.000000
0.012950,0.000000,15.000000,0.000000
0.012952,0.000000,15.000000,0.000000
0.012954,0.000000,15.000000,0.000000
0.012956,0.000000,15.000000,0.000000
0.012958,0.000000,15.000000,0.000000
0.012960,0.000000,15.000000,0.000000
0.012962,0.000000,15.000000,0.000000
0.012964,0.000000,15.000000,0.000000
0.012966,0.000000,15.000000,0.000000
0.012968,0.000000,15.000000,0.000000
0.012970,0.000000,15.000000,0.000000
0.012972,0.000000,15.000000,0.000000
0.012974,0.000000,15.000000,0.000000
0.012976,0.000000,15.000000,0.000000
0.012978,0.000000,15.000000,0.000000
0.012980,0.000000,15.000000,0.000000
0.012982,0.000000,15.000000,0.000000
0.012984,0.000000,15.000000,0.000000
0.012986,0.000000,15.000000,0.000000
0.012988,0.000000,15.000000,0.000000
0.012990,0.000000,15.000000,0.000000
0.012992,0.000000,15.000000,0.000000
0.012994,0.000000,15.000000,0.000000
0.012996,0.000000,15.000000,0.000000
0.012998,0.000000,15.000000,0.000000
0.013000,0.000000,15.000000,0.000000
0.013002,0.000000,15.000000,0.000000
0.013004,0.000000,15.000000,0.000000
0.013006,0.000000,15.000000,0.000000
0.013008,0.000000,15.000000,0.000000
0.013010,0.000000,15.000000,0.000000
0.013012,0.000000,15.000000,0.000000
0.013014,0.000000,15.000000,0.000000
0.013016,0.000000,15.000000,0.000000
0.013018,0.000000,15.000000,0.000000
0.013020,0.000000,15.000000,0.000000
0.013022,0.000000,15.000000,0.000000
0.013024,0.000000,15.000000,0.000000
0.013026,0.000000,15.000000,0.000000
0.013028,0.000000,15.000000,0.000000
0.013030,0.000000,15.000000,0.000000
0.013032,0.000000,15.000000,0.000000
0.013034,0.000000,15.000000,0.000000
0.013036,0.000000,15.000000,0.000000
0.013038,0.000000,15.000000,0.000000
0.013040,0.000000,15.000000,0.000000
0.013042,0.000000,15.000000,0.000000
0.013044,0.000000,15.000000,0.000000
0.013046,0.000000,15.000000,0.000000
0.013048,0.000000,15.000000,0.000000
0.013050,0.000000,15.000000,0.000000
0.013052,0.000000,15.000000,0.000000
0.013054,0.000000,15.000000,0.000000
0.013056,0.000000,15.000000,0.000000
0.013058,0.000000,15.000000,0.000000
0.013060,0.000000,15.000000,0.000000
0.013062,0.000000,15.000000,0.000000
0.013064,0.000000,15.000000,0.000000
0.013066,0.000000,15.000000,0.000000
0.013068,0.000000,15.000000,0.000000
0.013070,0.000000,15.000000,0.000000
0.013072,0.000000,15.000000,0.000000
0.013074,0.000000,15.000000,0.000000
0.013076,0.000000,15.000000,0.000000
0.013078,0.000000,15.000000,0.000000
0.013080,0.000000,15.000000,0.000000
0.013082,0.000000,15.000000,0.000000
0.013084,0.000000,15.000000,0.000000
0.013086,0.000000,15.000000,0.000000
0.013088,0.000000,15.000000,0.000000
0.013090,0.000000,15.000000,0.000000
0.013092,0.000000,15.000000,0.000000
0.013094,0.000000,15.000000,0.000000
0.013096,0.000000,15.000000,0.000000
0.013098,0.000000,15.000000,0.000000
0.013100,0.000000,15.000000,0.000000
0.013102,0.000000,15.000000,0.000000
0.013104,0.000000,15.000000,0.000000
0.013106,0.000000,15.000000,0.000000
0.013108,0.000000,15.000000,0.000000
0.013110,0.000000,15.000000,0.000000
0.013112,0.000000,15.000000,0.000000
0.013114,0.000000,15.000000,0.000000
0.013116,0.000000,15.000000,0.000000
0.013118,0.000000,15.000000,0.000000
0.013120,0.000000,15.000000,0.000000
0.013122,0.000000,15.000000,0.000000
0.013124,0.000000,15.000000,0.000000
0.013126,0.000000,15.000000,0.000000
0.013128,0.000000,15.000000,0.000000
0.013130,0.000000,15.000000,0.000000
0.013132,0.000000,15.000000,0.000000
0.013134,0.000000,15.000000,0.000000
0.013136,0.000000,15.000000,0.000000
0.013138,0.000000,15.000000,0.000000
0.013140,0.000000,15.000000,0.000000
0.013142,0.000000,15.000000,0.000000
0.013144,0.000000,15.000000,0.000000
0.013146,0.000000,15.000000,0.000000
0.013148,0.000000,15.000000,0.000000
0.013150,0.000000,15.000000,0.000000
0.013152,0.000000,15.000000,0.000000
0.013154,0.000000,15.000000,0.000000
0.013156,0.000000,15.000000,0.000000
0.013158,0.000000,15.000000,0.000000
0.013160,0.000000,15.000000,0.000000
0.013162,0.000000,15.000000,0.000000
0.013164,0.000000,15.000000,0.000000
0.013166,0.000000,15.000000,0.000000
0.013168,0.000000,15.000000,0.000000
0.013170,0.000000,15.000000,0.000000
0.013172,0.000000,15.000000,0.000000
0.013174,0.000000,15.000000,0.000000
0.013176,0.000000,15.000000,0.000000
0.013178,0.000000,15.000000,0.000000
0.013180,0.000000,15.000000,0.000000
0.013182,0.000000,15.000000,0.000000
0.013184,0.000000,15.000000,0.000000
0.013186,0.000000,15.000000,0.000000
0.013188,0.000000,15.000000,0.000000
0.013190,0.000000,15.000000,0.000000
0.013192,0.000000,15.000000,0.000000
0.013194,0.000000,15.000000,0.000000
0.013196,0.000000,15.000000,0.000000
0.013198,0.000000,15.000000,0.000000
0.013200,0.000000,15.000000,0.000000
0.013202,0.000000,15.000000,0.000000
0.013204,0.000000,15.000000,0.000000
0.013206,0.000000,15.000000,0.000000
0.013208,0.000000,15.000000,0.000000
0.013210,0.000000,15.000000,0.000000
0.013212,0.000000,15.000000,0.000000
0.013214,0.000000,15.000000,0.000000
0.013216,0.000000,15.000000,0.000000
0.013218,0.000000,15.000000,0.000000
0.013220,0.000000,15.000000,0.000000
0.013222,0.000000,15.000000,0.000000
0.013224,0.000000,15.000000,0.000000
0.013226,0.000000,15.000000,0.000000
0.013228,0.000000,15.000000,0.000000
0.013230,0.000000,15.000000,0.000000
0.013232,0.000000,15.000000,0.000000
0.013234,0.000000,15.000000,0.000000
0.013236,0.000000,15.000000,0.000000
0.013238,0.000000,15.000000,0.000000
0.013240,0.000000,15.000000,0.000000
0.013242,0.000000,15.000000,0.000000
0.013244,0.000000,15.000000,0.000000
0.013246,0.000000,15.000000,0.000000
0.013248,0.000000,15.000000,0.000000
0.013250,0.000000,15.000000,0.000000
0.013252,0.000000,15.000000,0.000000
0.013254,0.000000,15.000000,0.000000
0.013256,0.000000,15.000000,0.000000
0.013258,0.000000,15.000000,0.000000
0.013260,0.000000,15.000000,0.000000
0.013262,0.000000,15.000000,0.000000
0.013264,0.000000,15.000000,0.000000
0.013266,0.000000,15.000000,0.000000
0.013268,0.000000,15.000000,0.000000
0.013270,0.000000,15.000000,0.000000
0.013272,0.000000,15.000000,0.000000
0.013274,0.000000,15.000000,0.000000
0.013276,0.000000,15.000000,0.000000
0.013278,0.000000,15.000000,0.000000
0.013280,0.000000,15.000000,0.000000
0.013282,0.000000,15.000000,0.000000
0.013284,0.000000,15.000000,0.000000
0.013286,0.000000,15.000000,0.000000
0.013288,0.000000,15.000000,0.000000
0.013290,0.000000,15.000000,0.000000
0.013292,0.000000,15.000000,0.000000
0.013294,0.000000,15.000000,0.000000
0.013296,0.000000,15.000000,0.000000
0.013298,0.000000,15.000000,0.000000
0.013300,0.000000,15.000000,0.000000
0.013302,0.000000,15.000000,0.000000
0.013304,0.000000,15.000000,0.000000
0.013306,0.000000,15.000000,0.000000
0.013308,0.000000,15.000000,0.000000
0.013310,0.000000,15.000000,0.000000
0.013312,0.000000,15.000000,0.000000
0.013314,0.000000,15.000000,0.000000
0.013316,0.000000,15.000000,0.000000
0.013318,0.000000,15.000000,0.000000
0.013320,0.000000,15.000000,0.000000
0.013322,0.000000,15.000000,0.000000
0.013324,0.000000,15.000000,0.000000
0.013326,0.000000,15.000000,0.000000
0.013328,0.000000,15.000000,0.000000
0.013330,0.000000,15.000000,0.000000
0.013332,0.000000,15.000000,0.000000
0.013334,0.000000,15.000000,0.000000
0.013336,0.000000,15.000000,0.000000
0.013338,0.000000,15.000000,0.000000
0.013340,0.000000,15.000000,0.000000
0.013342,0.000000,15.000000,0.000000
0.013344,0.000000,15.000000,0.000000
0.013346,0.000000,15.000000,0.000000
0.013348,0.000000,15.000000,0.000000
0.013350,0.000000,15.000000,0.000000
0.013352,0.000000,15.000000,0.000000
0.013354,0.000000,15.000000,0.000000
0.013356,0.000000,15.000000,0.000000
0.013358,0.000000,15.000000,0.000000
0.013360,0.000000,15.000000,0.000000
0.013362,0.000000,15.000000,0.000000
0.013364,0.000000,15.000000,0.000000
0.013366,0.000000,15.000000,0.000000
0.013368,0.000000,15.000000,0.000000
0.013370,0.000000,15.000000,0.000000
0.013372,0.000000,15.000000,0.000000
0.013374,0.000000,15.000000,0.000000
0.013376,0.000000,15.000000,0.000000
0.013378,0.000000,15.000000,0.000000
0.013380,0.000000,15.000000,0.000000
0.013382,0.000000,15.000000,0.000000
0.013384,0.000000,15.000000,0.000000
0.013386,0.000000,15.000000,0.000000
0.013388,0.000000,15.000000,0.000000
0.013390,0.000000,15.000000,0.000000
0.013392,0.000000,15.000000,0.000000
0.013394,0.000000,15.000000,0.000000
0.013396,0.000000,15.000000,0.000000
0.013398,0.000000,15.000000,0.000000
0.013400,0.000000,15.000000,0.000000
0.013402,0.000000,15.000000,0.000000
0.013404,0.000000,15.000000,0.000000
0.013406,0.000000,15.000000,0.000000
0.013408,0.000000,15.000000,0.000000
0.013410,0.000000,15.000000,0.000000
0.013412,0.000000,15.000000,0.000000
0.013414,0.000000,15.000000,0.000000
0.013416,0.000000,15.000000,0.000000
0.013418,0.000000,15.000000,0.000000
0.013420,0.000000,15.000000,0.000000
0.013422,0.000000,15.000000,0.000000
0.013424,0.000000,15.000000,0.000000
0.013426,0.000000,15.000000,0.000000
0.013428,0.000000,15.000000,0.000000
0.013430,0.000000,15.000000,0.000000
0.013432,0.000000,15.000000,0.000000
0.013434,0.000000,15.000000,0.000000
0.013436,0.000000,15.000000,0.000000
0.013438,0.000000,15.000000,0.000000
0.013440,0.000000,15.000000,0.000000
0.013442,0.000000,15.000000,0.000000
0.013444,0.000000,15.000000,0.000000
0.013446,0.000000,15.000000,0.000000
0.013448,0.000000,15.000000,0.000000
0.013450,0.000000,15.000000,0.000000
0.013452,0.000000,15.000000,0.000000
0.013454,0.000000,15.000000,0.000000
0.013456,0.000000,15.000000,0.000000
0.013458,0.000000,15.000000,0.000000
0.013460,0.000000,15.000000,0.000000
0.013462,0.000000,15.000000,0.000000
0.013464,0.000000,15.000000,0.000000
0.013466,0.000000,15.000000,0.000000
0.013468,0.000000,15.000000,0.000000
0.013470,0.000000,15.000000,0.000000
0.013472,0.000000,15.000000,0.000000
0.013474,0.000000,15.000000,0.000000
0.013476,0.000000,15.000000,0.000000
0.013478,0.000000,15.000000,0.000000
0.013480,0.000000,15.000000,0.000000
0.013482,0.000000,15.000000,0.000000
0.013484,0.000000,15.000000,0.000000
0.013486,0.000000,15.000000,0.000000
0.013488,0.000000,15.000000,0.000000
0.013490,0.000000,15.000000,0.000000
0.013492,0.000000,15.000000,0.000000
0.013494,0.000000,15.000000,0.000000
0.013496,0.000000,15.000000,0.000000
0.013498,0.000000,15.000000,0.000000
0.013500,0.000000,15.000000,0.000000
0.013502,0.000000,15.000000,0.000000
0.013504,0.000000,15.000000,0.000000
0.013506,0.000000,15.000000,0.000000
0.013508,0.000000,15.000000,0.000000
0.013510,0.000000,15.000000,0.000000
0.013512,0.000000,15.000000,0.000000
0.013514,0.000000,15.000000,0.000000
0.013516,0.000000,15.000000,0.000000
0.013518,0.000000,15.000000,0.000000
0.013520,0.000000,15.000000,0.000000
0.013522,0.000000,15.000000,0.000000
0.013524,0.000000,15.000000,0.000000
0.013526,0.000000,15.000000,0.000000
0.013528,0.000000,15.000000,0.000000
0.013530,0.000000,15.000000,0.000000
0.013532,0.000000,15.000000,0.000000
0.013534,0.000000,15.000000,0.000000
0.013536,0.000000,15.000000,0.000000
0.013538,0.000000,15.000000,0.000000
0.013540,0.000000,15.000000,0.000000
0.013542,0.000000,15.000000,0.000000
0.013544,0.000000,15.000000,0.000000
0.013546,0.000000,15.000000,0.000000
0.013548,0.000000,15.000000,0.000000
0.013550,0.000000,15.000000,0.000000
0.013552,0.000000,15.000000,0.000000
0.013554,0.000000,15.000000,0.000000
0.013556,0.000000,15.000000,0.000000
0.013558,0.000000,15.000000,0.000000
0.013560,0.000000,15.000000,0.000000
0.013562,0.000000,15.000000,0.000000
0.013564,0.000000,15.000000,0.000000
0.013566,0.000000,15.000000,0.000000
0.013568,0.000000,15.000000,0.000000
0.013570,0.000000,15.000000,0.000000
0.013572,0.000000,15.000000,0.000000
0.013574,0.000000,15.000000,0.000000
0.013576,0.000000,15.000000,0.000000
0.013578,0.000000,15.000000,0.000000
0.013580,0.000000,15.000000,0.000000
0.013582,0.000000,15.000000,0.000000
0.013584,0.000000,15.000000,0.000000
0.013586,0.000000,15.000000,0.000000
0.013588,0.000000,15.000000,0.000000
0.013590,0.000000,15.000000,0.000000
0.013592,0.000000,15.000000,0.000000
0.013594,0.000000,15.000000,0.000000
0.013596,0.000000,15.000000,0.000000
0.013598,0.000000,15.000000,0.000000
0.013600,0.000000,15.000000,0.000000
0.013602,0.000000,15.000000,0.000000
0.013604,0.000000,15.000000,0.000000
0.013606,0.000000,15.000000,0.000000
0.013608,0.000000,15.000000,0.000000
0.013610,0.000000,15.000000,0.000000
0.013612,0.000000,15.000000,0.000000
0.013614,0.000000,15.000000,0.000000
0.013616,0.000000,15.000000,0.000000
0.013618,0.000000,15.000000,0.000000
0.013620,0.000000,15.000000,0.000000
0.013622,0.000000,15.000000,0.000000
0.013624,0.000000,15.000000,0.000000
0.013626,0.000000,15.000000,0.000000
0.013628,0.000000,15.000000,0.000000
0.013630,0.000000,15.000000,0.000000
0.013632,0.000000,15.000000,0.000000
0.013634,0.000000,15.000000,0.000000
0.013636,0.000000,15.000000,0.000000
0.013638,0.000000,15.000000,0.000000
0.013640,0.000000,15.000000,0.000000
0.013642,0.000000,15.000000,0.000000
0.013644,0.000000,15.000000,0.000000
0.013646,0.000000,15.000000,0.000000
0.013648,0.000000,15.000000,0.000000
0.013650,0.000000,15.000000,0.000000
0.013652,0.000000,15.000000,0.000000
0.013654,0.000000,15.000000,0.000000
0.013656,0.000000,15.000000,0.000000
0.013658,0.000000,15.000000,0.000000
0.013660,0.000000,15.000000,0.000000
0.013662,0.000000,15.000000,0.000000
0.013664,0.000000,15.000000,0.000000
0.013666,0.000000,15.000000,0.000000
0.013668,0.000000,15.000000,0.000000
0.013670,0.000000,15.000000,0.000000
0.013672,0.000000,15.000000,0.000000
0.013674,0.000000,15.000000,0.000000
0.013676,0.000000,15.000000,0.000000
0.013678,0.000000,15.000000,0.000000
0.013680,0.000000,15.000000,0.000000
0.013682,0.000000,15.000000,0.000000
0.013684,0.000000,15.000000,0.000000
0.013686,0.000000,15.000000,0.000000
0.013688,0.000000,15.000000,0.000000
0.013690,0.000000,15.000000,0.000000
0.013692,0.000000,15.000000,0.000000
0.013694,0.000000,15.000000,0.000000
0.013696,0.000000,15.000000,0.000000
0.013698,0.000000,15.000000,0.000000
0.013700,0.000000,15.000000,0.000000
0.013702,0.000000,15.000000,0.000000
0.013704,0.000000,15.000000,0.000000
0.013706,0.000000,15.000000,0.000000
0.013708,0.000000,15.000000,0.000000
0.013710,0.000000,15.000000,0.000000
0.013712,0.000000,15.000000,0.000000
0.013714,0.000000,15.000000,0.000000
0.013716,0.000000,15.000000,0.000000
0.013718,0.000000,15.000000,0.000000
0.013720,0.000000,15.000000,0.000000
0.013722,0.000000,15.000000,0.000000
0.013724,0.000000,15.000000,0.000000
0.013726,0.000000,15.000000,0.000000
0.013728,0.000000,15.000000,0.000000
0.013730,0.000000,15.000000,0.000000
0.013732,0.000000,15.000000,0.000000
0.013734,0.000000,15.000000,0.000000
0.013736,0.000000,15.000000,0.000000
0.013738,0.000000,15.000000,0.000000
0.013740,0.000000,15.000000,0.000000
0.013742,0.000000,15.000000,0.000000
0.013744,0.000000,15.000000,0.000000
0.013746,0.000000,15.000000,0.000000
0.013748,0.000000,15.000000,0.000000
0.013750,0.000000,15.000000,0.000000
0.013752,0.000000,15.000000,0.000000
0.013754,0.000000,15.000000,0.000000
0.013756,0.000000,15.000000,0.000000
0.013758,0.000000,15.000000,0.000000
0.013760,0.000000,15.000000,0.000000
0.013762,0.000000,15.000000,0.000000
0.013764,0.000000,15.000000,0.000000
0.013766,0.000000,15.000000,0.000000
0.013768,0.000000,15.000000,0.000000
0.013770,0.000000,15.000000,0.000000
0.013772,0.000000,15.000000,0.000000
0.013774,0.000000,15.000000,0.000000
0.013776,0.000000,15.000000,0.000000
0.013778,0.000000,15.000000,0.000000
0.013780,0.000000,15.000000,0.000000
0.013782,0.000000,15.000000,0.000000
0.013784,0.000000,15.000000,0.000000
0.013786,0.000000,15.000000,0.000000
0.013788,0.000000,15.000000,0.000000
0.013790,0.000000,15.000000,0.000000
0.013792,0.000000,15.000000,0.000000
0.013794,0.000000,15.000000,0.000000
0.013796,0.000000,15.000000,0.000000
0.013798,0.000000,15.000000,0.000000
0.013800,0.000000,15.000000,0.000000
0.013802,0.000000,15.000000,0.000000
0.013804,0.000000,15.000000,0.000000
0.013806,0.000000,15.000000,0.000000
0.013808,0.000000,15.000000,0.000000
0.013810,0.000000,15.000000,0.000000
0.013812,0.000000,15.000000,0.000000
0.013814,0.000000,15.000000,0.000000
0.013816,0.000000,15.000000,0.000000
0.013818,0.000000,15.000000,0.000000
0.013820,0.000000,15.000000,0.000000
0.013822,0.000000,15.000000,0.000000
0.013824,0.000000,15.000000,0.000000
0.013826,0.000000,15.000000,0.000000
0.013828,0.000000,15.000000,0.000000
0.013830,0.000000,15.000000,0.000000
0.013832,0.000000,15.000000,0.000000
0.013834,0.000000,15.000000,0.000000
0.013836,0.000000,15.000000,0.000000
0.013838,0.000000,15.000000,0.000000
0.013840,0.000000,15.000000,0.000000
0.013842,0.000000,15.000000,0.000000
0.013844,0.000000,15.000000,0.000000
0.013846,0.000000,15.000000,0.000000
0.013848,0.000000,15.000000,0.000000
0.013850,0.000000,15.000000,0.000000
0.013852,0.000000,15.000000,0.000000
0.013854,0.000000,15.000000,0.000000
0.013856,0.000000,15.000000,0.000000
0.013858,0.000000,15.000000,0.000000
0.013860,0.000000,15.000000,0.000000
0.013862,0.000000,15.000000,0.000000
0.013864,0.000000,15.000000,0.000000
0.013866,0.000000,15.000000,0.000000
0.013868,0.000000,15.000000,0.000000
0.013870,0.000000,15.000000,0.000000
0.013872,0.000000,15.000000,0.000000
0.013874,0.000000,15.000000,0.000000
0.013876,0.000000,15.000000,0.000000
0.013878,0.000000,15.000000,0.000000
0.013880,0.000000,15.000000,0.000000
0.013882,0.000000,15.000000,0.000000
0.013884,0.000000,15.000000,0.000000
0.013886,0.000000,15.000000,0.000000
0.013888,0.000000,15.000000,0.000000
0.013890,0.000000,15.000000,0.000000
0.013892,0.000000,15.000000,0.000000
0.013894,0.000000,15.000000,0.000000
0.013896,0.000000,15.000000,0.000000
0.013898,0.000000,15.000000,0.000000
0.013900,0.000000,15.000000,0.000000
0.013902,0.000000,15.000000,0.000000
0.013904,0.000000,15.000000,0.000000
0.013906,0.000000,15.000000,0.000000
0.013908,0.000000,15.000000,0.000000
0.013910,0.000000,15.000000,0.000000
0.013912,0.000000,15.000000,0.000000
0.013914,0.000000,15.000000,0.000000
0.013916,0.000000,15.000000,0.000000
0.013918,0.000000,15.000000,0.000000
0.013920,0.000000,15.000000,0.000000
0.013922,0.000000,15.000000,0.000000
0.013924,0.000000,15.000000,0.000000
0.013926,0.000000,15.000000,0.000000
0.013928,0.000000,15.000000,0.000000
0.013930,0.000000,15.000000,0.000000
0.013932,0.000000,15.000000,0.000000
0.013934,0.000000,15.000000,0.000000
0.013936,0.000000,15.000000,0.000000
0.013938,0.000000,15.000000,0.000000
0.013940,0.000000,15.000000,0.000000
0.013942,0.000000,15.000000,0.000000
0.013944,0.000000,15.000000,0.000000
0.013946,0.000000,15.000000,0.000000
0.013948,0.000000,15.000000,0.000000
0.013950,0.000000,15.000000,0.000000
0.013952,0.000000,15.000000,0.000000
0.013954,0.000000,15.000000,0.000000
0.013956,0.000000,15.000000,0.000000
0.013958,0.000000,15.000000,0.000000
0.013960,0.000000,15.000000,0.000000
0.013962,0.000000,15.000000,0.000000
0.013964,0.000000,15.000000,0.000000
0.013966,0.000000,15.000000,0.000000
0.013968,0.000000,15.000000,0.000000
0.013970,0.000000,15.000000,0.000000
0.013972,0.000000,15.000000,0.000000
0.013974,0.000000,15.000000,0.000000
0.013976,0.000000,15.000000,0.000000
0.013978,0.000000,15.000000,0.000000
0.013980,0.000000,15.000000,0.000000
0.013982,0.000000,15.000000,0.000000
0.013984,0.000000,15.000000,0.000000
0.013986,0.000000,15.000000,0.000000
0.013988,0.000000,15.000000,0.000000
0.013990,0.000000,15.000000,0.000000
0.013992,0.000000,15.000000,0.000000
0.013994,0.000000,15.000000,0.000000
0.013996,0.000000,15.000000,0.000000
0.013998,0.000000,15.000000,0.000000
0.014000,0.000000,15.000000,0.000000
0.014002,0.000000,15.000000,0.000000
0.014004,0.000000,15.000000,0.000000
0.014006,0.000000,15.000000,0.000000
0.014008,0.000000,15.000000,0.000000
0.014010,0.000000,15.000000,0.000000
0.014012,0.000000,15.000000,0.000000
0.014014,0.000000,15.000000,0.000000
0.014016,0.000000,15.000000,0.000000
0.014018,0.000000,15.000000,0.000000
0.014020,0.000000,15.000000,0.000000
0.014022,0.000000,15.000000,0.000000
0.014024,0.000000,15.000000,0.000000
0.014026,0.000000,15.000000,0.000000
0.014028,0.000000,15.000000,0.000000
0.014030,0.000000,15.000000,0.000000
0.014032,0.000000,15.000000,0.000000
0.014034,0.000000,15.000000,0.000000
0.014036,0.000000,15.000000,0.000000
0.014038,0.000000,15.000000,0.000000
0.014040,0.000000,15.000000,0.000000
0.014042,0.000000,15.000000,0.000000
0.014044,0.000000,15.000000,0.000000
0.014046,0.000000,15.000000,0.000000
0.014048,0.000000,15.000000,0.000000
0.014050,0.000000,15.000000,0.000000
0.014052,0.000000,15.000000,0.000000
0.014054,0.000000,15.000000,0.000000
0.014056,0.000000,15.000000,0.000000
0.014058,0.000000,15.000000,0.000000
0.014060,0.000000,15.000000,0.000000
0.014062,0.000000,15.000000,0.000000
0.014064,0.000000,15.000000,0.000000
0.014066,0.000000,15.000000,0.000000
0.014068,0.000000,15.000000,0.000000
0.014070,0.000000,15.000000,0.000000
0.014072,0.000000,15.000000,0.000000
0.014074,0.000000,15.000000,0.000000
0.014076,0.000000,15.000000,0.000000
0.014078,0.000000,15.000000,0.000000
0.014080,0.000000,15.000000,0.000000
0.014082,0.000000,15.000000,0.000000
0.014084,0.000000,15.000000,0.000000
0.014086,0.000000,15.000000,0.000000
0.014088,0.000000,15.000000,0.000000
0.014090,0.000000,15.000000,0.000000
0.014092,0.000000,15.000000,0.000000
0.014094,0.000000,15.000000,0.000000
0.014096,0.000000,15.000000,0.000000
0.014098,0.000000,15.000000,0.000000
0.014100,0.000000,15.000000,0.000000
0.014102,0.000000,15.000000,0.000000
0.014104,0.000000,15.000000,0.000000
0.014106,0.000000,15.000000,0.000000
0.014108,0.000000,15.000000,0.000000
0.014110,0.000000,15.000000,0.000000
0.014112,0.000000,15.000000,0.000000
0.014114,0.000000,15.000000,0.000000
0.014116,0.000000,15.000000,0.000000
0.014118,0.000000,15.000000,0.000000
0.014120,0.000000,15.000000,0.000000
0.014122,0.000000,15.000000,0.000000
0.014124,0.000000,15.000000,0.000000
0.014126,0.000000,15.000000,0.000000
0.014128,0.000000,15.000000,0.000000
0.014130,0.000000,15.000000,0.000000
0.014132,0.000000,15.000000,0.000000
0.014134,0.000000,15.000000,0.000000
0.014136,0.000000,15.000000,0.000000
0.014138,0.000000,15.000000,0.000000
0.014140,0.000000,15.000000,0.000000
0.014142,0.000000,15.000000,0.000000
0.014144,0.000000,15.000000,0.000000
0.014146,0.000000,15.000000,0.000000
0.014148,0.000000,15.000000,0.000000
0.014150,0.000000,15.000000,0.000000
0.014152,0.000000,15.000000,0.000000
0.014154,0.000000,15.000000,0.000000
0.014156,0.000000,15.000000,0.000000
0.014158,0.000000,15.000000,0.000000
0.014160,0.000000,15.000000,0.000000
0.014162,0.000000,15.000000,0.000000
0.014164,0.000000,15.000000,0.000000
0.014166,0.000000,15.000000,0.000000
0.014168,0.000000,15.000000,0.000000
0.014170,0.000000,15.000000,0.000000
0.014172,0.000000,15.000000,0.000000
0.014174,0.000000,15.000000,0.000000
0.014176,0.000000,15.000000,0.000000
0.014178,0.000000,15.000000,0.000000
0.014180,0.000000,15.000000,0.000000
0.014182,0.000000,15.000000,0.000000
0.014184,0.000000,15.000000,0.000000
0.014186,0.000000,15.000000,0.000000
0.014188,0.000000,15.000000,0.000000
0.014190,0.000000,15.000000,0.000000
0.014192,0.000000,15.000000,0.000000
0.014194,0.000000,15.000000,0.000000
0.014196,0.000000,15.000000,0.000000
0.014198,0.000000,15.000000,0.000000
0.014200,0.000000,15.000000,0.000000
0.014202,0.000000,15.000000,0.000000
0.014204,0.000000,15.000000,0.000000
0.014206,0.000000,15.000000,0.000000
0.014208,0.000000,15.000000,0.000000
0.014210,0.000000,15.000000,0.000000
0.014212,0.000000,15.000000,0.000000
0.014214,0.000000,15.000000,0.000000
0.014216,0.000000,15.000000,0.000000
0.014218,0.000000,15.000000,0.000000
0.014220,0.000000,15.000000,0.000000
0.014222,0.000000,15.000000,0.000000
0.014224,0.000000,15.000000,0.000000
0.014226,0.000000,15.000000,0.000000
0.014228,0.000000,15.000000,0.000000
0.014230,0.000000,15.000000,0.000000
0.014232,0.000000,15.000000,0.000000
0.014234,0.000000,15.000000,0.000000
0.014236,0.000000,15.000000,0.000000
0.014238,0.000000,15.000000,0.000000
0.014240,0.000000,15.000000,0.000000
0.014242,0.000000,15.000000,0.000000
0.014244,0.000000,15.000000,0.000000
0.014246,0.000000,15.000000,0.000000
0.014248,0.000000,15.000000,0.000000
0.014250,0.000000,15.000000,0.000000
0.014252,0.000000,15.000000,0.000000
0.014254,0.000000,15.000000,0.000000
0.014256,0.000000,15.000000,0.000000
0.014258,0.000000,15.000000,0.000000
0.014260,0.000000,15.000000,0.000000
0.014262,0.000000,15.000000,0.000000
0.014264,0.000000,15.000000,0.000000
0.014266,0.000000,15.000000,0.000000
0.014268,0.000000,15.000000,0.000000
0.014270,0.000000,15.000000,0.000000
0.014272,0.000000,15.000000,0.000000
0.014274,0.000000,15.000000,0.000000
0.014276,0.000000,15.000000,0.000000
0.014278,0.000000,15.000000,0.000000
0.014280,0.000000,15.000000,0.000000
0.014282,0.000000,15.000000,0.000000
0.014284,0.000000,15.000000,0.000000
0.014286,0.000000,15.000000,0.000000
0.014288,0.000000,15.000000,0.000000
0.014290,0.000000,15.000000,0.000000
0.014292,0.000000,15.000000,0.000000
0.014294,0.000000,15.000000,0.000000
0.014296,0.000000,15.000000,0.000000
0.014298,0.000000,15.000000,0.000000
0.014300,0.000000,15.000000,0.000000
0.014302,0.000000,15.000000,0.000000
0.014304,0.000000,15.000000,0.000000
0.014306,0.000000,15.000000,0.000000
0.014308,0.000000,15.000000,0.000000
0.014310,0.000000,15.000000,0.000000
0.014312,0.000000,15.000000,0.000000
0.014314,0.000000,15.000000,0.000000
0.014316,0.000000,15.000000,0.000000
0.014318,0.000000,15.000000,0.000000
0.014320,0.000000,15.000000,0.000000
0.014322,0.000000,15.000000,0.000000
0.014324,0.000000,15.000000,0.000000
0.014326,0.000000,15.000000,0.000000
0.014328,0.000000,15.000000,0.000000
0.014330,0.000000,15.000000,0.000000
0.014332,0.000000,15.000000,0.000000
0.014334,0.000000,15.000000,0.000000
0.014336,0.000000,15.000000,0.000000
0.014338,0.000000,15.000000,0.000000
0.014340,0.000000,15.000000,0.000000
0.014342,0.000000,15.000000,0.000000
0.014344,0.000000,15.000000,0.000000
0.014346,0.000000,15.000000,0.000000
0.014348,0.000000,15.000000,0.000000
0.014350,0.000000,15.000000,0.000000
0.014352,0.000000,15.000000,0.000000
0.014354,0.000000,15.000000,0.000000
0.014356,0.000000,15.000000,0.000000
0.014358,0.000000,15.000000,0.000000
0.014360,0.000000,15.000000,0.000000
0.014362,0.000000,15.000000,0.000000
0.014364,0.000000,15.000000,0.000000
0.014366,0.000000,15.000000,0.000000
0.014368,0.000000,15.000000,0.000000
0.014370,0.000000,15.000000,0.000000
0.014372,0.000000,15.000000,0.000000
0.014374,0.000000,15.000000,0.000000
0.014376,0.000000,15.000000,0.000000
0.014378,0.000000,15.000000,0.000000
0.014380,0.000000,15.000000,0.000000
0.014382,0.000000,15.000000,0.000000
0.014384,0.000000,15.000000,0.000000
0.014386,0.000000,15.000000,0.000000
0.014388,0.000000,15.000000,0.000000
0.014390,0.000000,15.000000,0.000000
0.014392,0.000000,15.000000,0.000000
0.014394,0.000000,15.000000,0.000000
0.014396,0.000000,15.000000,0.000000
0.014398,0.000000,15.000000,0.000000
0.014400,0.000000,15.000000,0.000000
0.014402,0.000000,15.000000,0.000000
0.014404,0.000000,15.000000,0.000000
0.014406,0.000000,15.000000,0.000000
0.014408,0.000000,15.000000,0.000000
0.014410,0.000000,15.000000,0.000000
0.014412,0.000000,15.000000,0.000000
0.014414,0.000000,15.000000,0.000000
0.014416,0.000000,15.000000,0.000000
0.014418,0.000000,15.000000,0.000000
0.014420,0.000000,15.000000,0.000000
0.014422,0.000000,15.000000,0.000000
0.014424,0.000000,15.000000,0.000000
0.014426,0.000000,15.000000,0.000000
0.014428,0.000000,15.000000,0.000000
0.014430,0.000000,15.000000,0.000000
0.014432,0.000000,15.000000,0.000000
0.014434,0.000000,15.000000,0.000000
0.014436,0.000000,15.000000,0.000000
0.014438,0.000000,15.000000,0.000000
0.014440,0.000000,15.000000,0.000000
0.014442,0.000000,15.000000,0.000000
0.014444,0.000000,15.000000,0.000000
0.014446,0.000000,15.000000,0.000000
0.014448,0.000000,15.000000,0.000000
0.014450,0.000000,15.000000,0.000000
0.014452,0.000000,15.000000,0.000000
0.014454,0.000000,15.000000,0.000000
0.014456,0.000000,15.000000,0.000000
0.014458,0.000000,15.000000,0.000000
0.014460,0.000000,15.000000,0.000000
0.014462,0.000000,15.000000,0.000000
0.014464,0.000000,15.000000,0.000000
0.014466,0.000000,15.000000,0.000000
0.014468,0.000000,15.000000,0.000000
0.014470,0.000000,15.000000,0.000000
0.014472,0.000000,15.000000,0.000000
0.014474,0.000000,15.000000,0.000000
0.014476,0.000000,15.000000,0.000000
0.014478,0.000000,15.000000,0.000000
0.014480,0.000000,15.000000,0.000000
0.014482,0.000000,15.000000,0.000000
0.014484,0.000000,15.000000,0.000000
0.014486,0.000000,15.000000,0.000000
0.014488,0.000000,15.000000,0.000000
0.014490,0.000000,15.000000,0.000000
0.014492,0.000000,15.000000,0.000000
0.014494,0.000000,15.000000,0.000000
0.014496,0.000000,15.000000,0.000000
0.014498,0.000000,15.000000,0.000000
0.014500,0.000000,15.000000,0.000000
0.014502,0.000000,15.000000,0.000000
0.014504,0.000000,15.000000,0.000000
0.014506,0.000000,15.000000,0.000000
0.014508,0.000000,15.000000,0.000000
0.014510,0.000000,15.000000,0.000000
0.014512,0.000000,15.000000,0.000000
0.014514,0.000000,15.000000,0.000000
0.014516,0.000000,15.000000,0.000000
0.014518,0.000000,15.000000,0.000000
0.014520,0.000000,15.000000,0.000000
0.014522,0.000000,15.000000,0.000000
0.014524,0.000000,15.000000,0.000000
0.014526,0.000000,15.000000,0.000000
0.014528,0.000000,15.000000,0.000000
0.014530,0.000000,15.000000,0.000000
0.014532,0.000000,15.000000,0.000000
0.014534,0.000000,15.000000,0.000000
0.014536,0.000000,15.000000,0.000000
0.014538,0.000000,15.000000,0.000000
0.014540,0.000000,15.000000,0.000000
0.014542,0.000000,15.000000,0.000000
0.014544,0.000000,15.000000,0.000000
0.014546,0.000000,15.000000,0.000000
0.014548,0.000000,15.000000,0.000000
0.014550,0.000000,15.000000,0.000000
0.014552,0.000000,15.000000,0.000000
0.014554,0.000000,15.000000,0.000000
0.014556,0.000000,15.000000,0.000000
0.014558,0.000000,15.000000,0.000000
0.014560,0.000000,15.000000,0.000000
0.014562,0.000000,15.000000,0.000000
0.014564,0.000000,15.000000,0.000000
0.014566,0.000000,15.000000,0.000000
0.014568,0.000000,15.000000,0.000000
0.014570,0.000000,15.000000,0.000000
0.014572,0.000000,15.000000,0.000000
0.014574,0.000000,15.000000,0.000000
0.014576,0.000000,15.000000,0.000000
0.014578,0.000000,15.000000,0.000000
0.014580,0.000000,15.000000,0.000000
0.014582,0.000000,15.000000,0.000000
0.014584,0.000000,15.000000,0.000000
0.014586,0.000000,15.000000,0.000000
0.014588,0.000000,15.000000,0.000000
0.014590,0.000000,15.000000,0.000000
0.014592,0.000000,15.000000,0.000000
0.014594,0.000000,15.000000,0.000000
0.014596,0.000000,15.000000,0.000000
0.014598,0.000000,15.000000,0.000000
0.014600,0.000000,15.000000,0.000000
0.014602,0.000000,15.000000,0.000000
0.014604,0.000000,15.000000,0.000000
0.014606,0.000000,15.000000,0.000000
0.014608,0.000000,15.000000,0.000000
0.014610,0.000000,15.000000,0.000000
0.014612,0.000000,15.000000,0.000000
0.014614,0.000000,15.000000,0.000000
0.014616,0.000000,15.000000,0.000000
0.014618,0.000000,15.000000,0.000000
0.014620,0.000000,15.000000,0.000000
0.014622,0.000000,15.000000,0.000000
0.014624,0.000000,15.000000,0.000000
0.014626,0.000000,15.000000,0.000000
0.014628,0.000000,15.000000,0.000000
0.014630,0.000000,15.000000,0.000000
0.014632,0.000000,15.000000,0.000000
0.014634,0.000000,15.000000,0.000000
0.014636,0.000000,15.000000,0.000000
0.014638,0.000000,15.000000,0.000000
0.014640,0.000000,15.000000,0.000000
0.014642,0.000000,15.000000,0.000000
0.014644,0.000000,15.000000,0.000000
0.014646,0.000000,15.000000,0.000000
0.014648,0.000000,15.000000,0.000000
0.014650,0.000000,15.000000,0.000000
0.014652,0.000000,15.000000,0.000000
0.014654,0.000000,15.000000,0.000000
0.014656,0.000000,15.000000,0.000000
0.014658,0.000000,15.000000,0.000000
0.014660,0.000000,15.000000,0.000000
0.014662,0.000000,15.000000,0.000000
0.014664,0.000000,15.000000,0.000000
0.014666,0.000000,15.000000,0.000000
0.014668,0.000000,15.000000,0.000000
0.014670,0.000000,15.000000,0.000000
0.014672,0.000000,15.000000,0.000000
0.014674,0.000000,15.000000,0.000000
0.014676,0.000000,15.000000,0.000000
0.014678,0.000000,15.000000,0.000000
0.014680,0.000000,15.000000,0.000000
0.014682,0.000000,15.000000,0.000000
0.014684,0.000000,15.000000,0.000000
0.014686,0.000000,15.000000,0.000000
0.014688,0.000000,15.000000,0.000000
0.014690,0.000000,15.000000,0.000000
0.014692,0.000000,15.000000,0.000000
0.014694,0.000000,15.000000,0.000000
0.014696,0.000000,15.000000,0.000000
0.014698,0.000000,15.000000,0.000000
0.014700,0.000000,15.000000,0.000000
0.014702,0.000000,15.000000,0.000000
0.014704,0.000000,15.000000,0.000000
0.014706,0.000000,15.000000,0.000000
0.014708,0.000000,15.000000,0.000000
0.014710,0.000000,15.000000,0.000000
0.014712,0.000000,15.000000,0.000000
0.014714,0.000000,15.000000,0.000000
0.014716,0.000000,15.000000,0.000000
0.014718,0.000000,15.000000,0.000000
0.014720,0.000000,15.000000,0.000000
0.014722,0.000000,15.000000,0.000000
0.014724,0.000000,15.000000,0.000000
0.014726,0.000000,15.000000,0.000000
0.014728,0.000000,15.000000,0.000000
0.014730,0.000000,15.000000,0.000000
0.014732,0.000000,15.000000,0.000000
0.014734,0.000000,15.000000,0.000000
0.014736,0.000000,15.000000,0.000000
0.014738,0.000000,15.000000,0.000000
0.014740,0.000000,15.000000,0.000000
0.014742,0.000000,15.000000,0.000000
0.014744,0.000000,15.000000,0.000000
0.014746,0.000000,15.000000,0.000000
0.014748,0.000000,15.000000,0.000000
0.014750,0.000000,15.000000,0.000000
0.014752,0.000000,15.000000,0.000000
0.014754,0.000000,15.000000,0.000000
0.014756,0.000000,15.000000,0.000000
0.014758,0.000000,15.000000,0.000000
0.014760,0.000000,15.000000,0.000000
0.014762,0.000000,15.000000,0.000000
0.014764,0.000000,15.000000,0.000000
0.014766,0.000000,15.000000,0.000000
0.014768,0.000000,15.000000,0.000000
0.014770,0.000000,15.000000,0.000000
0.014772,0.000000,15.000000,0.000000
0.014774,0.000000,15.000000,0.000000
0.014776,0.000000,15.000000,0.000000
0.014778,0.000000,15.000000,0.000000
0.014780,0.000000,15.000000,0.000000
0.014782,0.000000,15.000000,0.000000
0.014784,0.000000,15.000000,0.000000
0.014786,0.000000,15.000000,0.000000
0.014788,0.000000,15.000000,0.000000
0.014790,0.000000,15.000000,0.000000
0.014792,0.000000,15.000000,0.000000
0.014794,0.000000,15.000000,0.000000
0.014796,0.000000,15.000000,0.000000
0.014798,0.000000,15.000000,0.000000
0.014800,0.000000,15.000000,0.000000
0.014802,0.000000,15.000000,0.000000
0.014804,0.000000,15.000000,0.000000
0.014806,0.000000,15.000000,0.000000
0.014808,0.000000,15.000000,0.000000
0.014810,0.000000,15.000000,0.000000
0.014812,0.000000,15.000000,0.000000
0.014814,0.000000,15.000000,0.000000
0.014816,0.000000,15.000000,0.000000
0.014818,0.000000,15.000000,0.000000
0.014820,0.000000,15.000000,0.000000
0.014822,0.000000,15.000000,0.000000
0.014824,0.000000,15.000000,0.000000
0.014826,0.000000,15.000000,0.000000
0.014828,0.000000,15.000000,0.000000
0.014830,0.000000,15.000000,0.000000
0.014832,0.000000,15.000000,0.000000
0.014834,0.000000,15.000000,0.000000
0.014836,0.000000,15.000000,0.000000
0.014838,0.000000,15.000000,0.000000
0.014840,0.000000,15.000000,0.000000
0.014842,0.000000,15.000000,0.000000
0.014844,0.000000,15.000000,0.000000
0.014846,0.000000,15.000000,0.000000
0.014848,0.000000,15.000000,0.000000
0.014850,0.000000,15.000000,0.000000
0.014852,0.000000,15.000000,0.000000
0.014854,0.000000,15.000000,0.000000
0.014856,0.000000,15.000000,0.000000
0.014858,0.000000,15.000000,0.000000
0.014860,0.000000,15.000000,0.000000
0.014862,0.000000,15.000000,0.000000
0.014864,0.000000,15.000000,0.000000
0.014866,0.000000,15.000000,0.000000
0.014868,0.000000,15.000000,0.000000
0.014870,0.000000,15.000000,0.000000
0.014872,0.000000,15.000000,0.000000
0.014874,0.000000,15.000000,0.000000
0.014876,0.000000,15.000000,0.000000
0.014878,0.000000,15.000000,0.000000
0.014880,0.000000,15.000000,0.000000
0.014882,0.000000,15.000000,0.000000
0.014884,0.000000,15.000000,0.000000
0.014886,0.000000,15.000000,0.000000
0.014888,0.000000,15.000000,0.000000
0.014890,0.000000,15.000000,0.000000
0.014892,0.000000,15.000000,0.000000
0.014894,0.000000,15.000000,0.000000
0.014896,0.000000,15.000000,0.000000
0.014898,0.000000,15.000000,0.000000
0.014900,0.000000,15.000000,0.000000
0.014902,0.000000,15.000000,0.000000
0.014904,0.000000,15.000000,0.000000
0.014906,0.000000,15.000000,0.000000
0.014908,0.000000,15.000000,0.000000
0.014910,0.000000,15.000000,0.000000
0.014912,0.000000,15.000000,0.000000
0.014914,0.000000,15.000000,0.000000
0.014916,0.000000,15.000000,0.000000
0.014918,0.000000,15.000000,0.000000
0.014920,0.000000,15.000000,0.000000
0.014922,0.000000,15.000000,0.000000
0.014924,0.000000,15.000000,0.000000
0.014926,0.000000,15.000000,0.000000
0.014928,0.000000,15.000000,0.000000
0.014930,0.000000,15.000000,0.000000
0.014932,0.000000,15.000000,0.000000
0.014934,0.000000,15.000000,0.000000
0.014936,0.000000,15.000000,0.000000
0.014938,0.000000,15.000000,0.000000
0.014940,0.000000,15.000000,0.000000
0.014942,0.000000,15.000000,0.000000
0.014944,0.000000,15.000000,0.000000
0.014946,0.000000,15.000000,0.000000
0.014948,0.000000,15.000000,0.000000
0.014950,0.000000,15.000000,0.000000
0.014952,0.000000,15.000000,0.000000
0.014954,0.000000,15.000000,0.000000
0.014956,0.000000,15.000000,0.000000
0.014958,0.000000,15.000000,0.000000
0.014960,0.000000,15.000000,0.000000
0.014962,0.000000,15.000000,0.000000
0.014964,0.000000,15.000000,0.000000
0.014966,0.000000,15.000000,0.000000
0.014968,0.000000,15.000000,0.000000
0.014970,0.000000,15.000000,0.000000
0.014972,0.000000,15.000000,0.000000
0.014974,0.000000,15.000000,0.000000
0.014976,0.000000,15.000000,0.000000
0.014978,0.000000,15.000000,0.000000
0.014980,0.000000,15.000000,0.000000
0.014982,0.000000,15.000000,0.000000
0.014984,0.000000,15.000000,0.000000
0.014986,0.000000,15.000000,0.000000
0.014988,0.000000,15.000000,0.000000
0.014990,0.000000,15.000000,0.000000
0.014992,0.000000,15.000000,0.000000
0.014994,0.000000,15.000000,0.000000
0.014996,0.000000,15.000000,0.000000
0.014998,0.000000,15.000000,0.000000
0.015000,0.000000,15.000000,0.000000
0.015002,0.000000,15.000000,0.000000
0.015004,0.000000,15.000000,0.000000
0.015006,0.000000,15.000000,0.000000
0.015008,0.000000,15.000000,0.000000
0.015010,0.000000,15.000000,0.000000
0.015012,0.000000,15.000000,0.000000
0.015014,0.000000,15.000000,0.000000
0.015016,0.000000,15.000000,0.000000
0.015018,0.000000,15.000000,0.000000
0.015020,0.000000,15.000000,0.000000
0.015022,0.000000,15.000000,0.000000
0.015024,0.000000,15.000000,0.000000
0.015026,0.000000,15.000000,0.000000
0.015028,0.000000,15.000000,0.000000
0.015030,0.000000,15.000000,0.000000
0.015032,0.000000,15.000000,0.000000
0.015034,0.000000,15.000000,0.000000
0.015036,0.000000,15.000000,0.000000
0.015038,0.000000,15.000000,0.000000
0.015040,0.000000,15.000000,0.000000
0.015042,0.000000,15.000000,0.000000
0.015044,0.000000,15.000000,0.000000
0.015046,0.000000,15.000000,0.000000
0.015048,0.000000,15.000000,0.000000
0.015050,0.000000,15.000000,0.000000
0.015052,0.000000,15.000000,0.000000
0.015054,0.000000,15.000000,0.000000
0.015056,0.000000,15.000000,0.000000
0.015058,0.000000,15.000000,0.000000
0.015060,0.000000,15.000000,0.000000
0.015062,0.000000,15.000000,0.000000
0.015064,0.000000,15.000000,0.000000
0.015066,0.000000,15.000000,0.000000
0.015068,0.000000,15.000000,0.000000
0.015070,0.000000,15.000000,0.000000
0.015072,0.000000,15.000000,0.000000
0.015074,0.000000,15.000000,0.000000
0.015076,0.000000,15.000000,0.000000
0.015078,0.000000,15.000000,0.000000
0.015080,0.000000,15.000000,0.000000
0.015082,0.000000,15.000000,0.000000
0.015084,0.000000,15.000000,0.000000
0.015086,0.000000,15.000000,0.000000
0.015088,0.000000,15.000000,0.000000
0.015090,0.000000,15.000000,0.000000
0.015092,0.000000,15.000000,0.000000
0.015094,0.000000,15.000000,0.000000
0.015096,0.000000,15.000000,0.000000
0.015098,0.000000,15.000000,0.000000
0.015100,0.000000,15.000000,0.000000
0.015102,0.000000,15.000000,0.000000
0.015104,0.000000,15.000000,0.000000
0.015106,0.000000,15.000000,0.000000
0.015108,0.000000,15.000000,0.000000
0.015110,0.000000,15.000000,0.000000
0.015112,0.000000,15.000000,0.000000
0.015114,0.000000,15.000000,0.000000
0.015116,0.000000,15.000000,0.000000
0.015118,0.000000,15.000000,0.000000
0.015120,0.000000,15.000000,0.000000
0.015122,0.000000,15.000000,0.000000
0.015124,0.000000,15.000000,0.000000
0.015126,0.000000,15.000000,0.000000
0.015128,0.000000,15.000000,0.000000
0.015130,0.000000,15.000000,0.000000
0.015132,0.000000,15.000000,0.000000
0.015134,0.000000,15.000000,0.000000
0.015136,0.000000,15.000000,0.000000
0.015138,0.000000,15.000000,0.000000
0.015140,0.000000,15.000000,0.000000
0.015142,0.000000,15.000000,0.000000
0.015144,0.000000,15.000000,0.000000
0.015146,0.000000,15.000000,0.000000
0.015148,0.000000,15.000000,0.000000
0.015150,0.000000,15.000000,0.000000
0.015152,0.000000,15.000000,0.000000
0.015154,0.000000,15.000000,0.000000
0.015156,0.000000,15.000000,0.000000
0.015158,0.000000,15.000000,0.000000
0.015160,0.000000,15.000000,0.000000
0.015162,0.000000,15.000000,0.000000
0.015164,0.000000,15.000000,0.000000
0.015166,0.000000,15.000000,0.000000
0.015168,0.000000,15.000000,0.000000
0.015170,0.000000,15.000000,0.000000
0.015172,0.000000,15.000000,0.000000
0.015174,0.000000,15.000000,0.000000
0.015176,0.000000,15.000000,0.000000
0.015178,0.000000,15.000000,0.000000
0.015180,0.000000,15.000000,0.000000
0.015182,0.000000,15.000000,0.000000
0.015184,0.000000,15.000000,0.000000
0.015186,0.000000,15.000000,0.000000
0.015188,0.000000,15.000000,0.000000
0.015190,0.000000,15.000000,0.000000
0.015192,0.000000,15.000000,0.000000
0.015194,0.000000,15.000000,0.000000
0.015196,0.000000,15.000000,0.000000
0.015198,0.000000,15.000000,0.000000
0.015200,0.000000,15.000000,0.000000
0.015202,0.000000,15.000000,0.000000
0.015204,0.000000,15.000000,0.000000
0.015206,0.000000,15.000000,0.000000
0.015208,0.000000,15.000000,0.000000
0.015210,0.000000,15.000000,0.000000
0.015212,0.000000,15.000000,0.000000
0.015214,0.000000,15.000000,0.000000
0.015216,0.000000,15.000000,0.000000
0.015218,0.000000,15.000000,0.000000
0.015220,0.000000,15.000000,0.000000
0.015222,0.000000,15.000000,0.000000
0.015224,0.000000,15.000000,0.000000
0.015226,0.000000,15.000000,0.000000
0.015228,0.000000,15.000000,0.000000
0.015230,0.000000,15.000000,0.000000
0.015232,0.000000,15.000000,0.000000
0.015234,0.000000,15.000000,0.000000
0.015236,0.000000,15.000000,0.000000
0.015238,0.000000,15.000000,0.000000
0.015240,0.000000,15.000000,0.000000
0.015242,0.000000,15.000000,0.000000
0.015244,0.000000,15.000000,0.000000
0.015246,0.000000,15.000000,0.000000
0.015248,0.000000,15.000000,0.000000
0.015250,0.000000,15.000000,0.000000
0.015252,0.000000,15.000000,0.000000
0.015254,0.000000,15.000000,0.000000
0.015256,0.000000,15.000000,0.000000
0.015258,0.000000,15.000000,0.000000
0.015260,0.000000,15.000000,0.000000
0.015262,0.000000,15.000000,0.000000
0.015264,0.000000,15.000000,0.000000
0.015266,0.000000,15.000000,0.000000
0.015268,0.000000,15.000000,0.000000
0.015270,0.000000,15.000000,0.000000
0.015272,0.000000,15.000000,0.000000
0.015274,0.000000,15.000000,0.000000
0.015276,0.000000,15.000000,0.000000
0.015278,0.000000,15.000000,0.000000
0.015280,0.000000,15.000000,0.000000
0.015282,0.000000,15.000000,0.000000
0.015284,0.000000,15.000000,0.000000
0.015286,0.000000,15.000000,0.000000
0.015288,0.000000,15.000000,0.000000
0.015290,0.000000,15.000000,0.000000
0.015292,0.000000,15.000000,0.000000
0.015294,0.000000,15.000000,0.000000
0.015296,0.000000,15.000000,0.000000
0.015298,0.000000,15.000000,0.000000
0.015300,0.000000,15.000000,0.000000
0.015302,0.000000,15.000000,0.000000
0.015304,0.000000,15.000000,0.000000
0.015306,0.000000,15.000000,0.000000
0.015308,0.000000,15.000000,0.000000
0.015310,0.000000,15.000000,0.000000
0.015312,0.000000,15.000000,0.000000
0.015314,0.000000,15.000000,0.000000
0.015316,0.000000,15.000000,0.000000
0.015318,0.000000,15.000000,0.000000
0.015320,0.000000,15.000000,0.000000
0.015322,0.000000,15.000000,0.000000
0.015324,0.000000,15.000000,0.000000
0.015326,0.000000,15.000000,0.000000
0.015328,0.000000,15.000000,0.000000
0.015330,0.000000,15.000000,0.000000
0.015332,0.000000,15.000000,0.000000
0.015334,0.000000,15.000000,0.000000
0.015336,0.000000,15.000000,0.000000
0.015338,0.000000,15.000000,0.000000
0.015340,0.000000,15.000000,0.000000
0.015342,0.000000,15.000000,0.000000
0.015344,0.000000,15.000000,0.000000
0.015346,0.000000,15.000000,0.000000
0.015348,0.000000,15.000000,0.000000
0.015350,0.000000,15.000000,0.000000
0.015352,0.000000,15.000000,0.000000
0.015354,0.000000,15.000000,0.000000
0.015356,0.000000,15.000000,0.000000
0.015358,0.000000,15.000000,0.000000
0.015360,0.000000,15.000000,0.000000
0.015362,0.000000,15.000000,0.000000
0.015364,0.000000,15.000000,0.000000
0.015366,0.000000,15.000000,0.000000
0.015368,0.000000,15.000000,0.000000
0.015370,0.000000,15.000000,0.000000
0.015372,0.000000,15.000000,0.000000
0.015374,0.000000,15.000000,0.000000
0.015376,0.000000,15.000000,0.000000
0.015378,0.000000,15.000000,0.000000
0.015380,0.000000,15.000000,0.000000
0.015382,0.000000,15.000000,0.000000
0.015384,0.000000,15.000000,0.000000
0.015386,0.000000,15.000000,0.000000
0.015388,0.000000,15.000000,0.000000
0.015390,0.000000,15.000000,0.000000
0.015392,0.000000,15.000000,0.000000
0.015394,0.000000,15.000000,0.000000
0.015396,0.000000,15.000000,0.000000
0.015398,0.000000,15.000000,0.000000
0.015400,0.000000,15.000000,0.000000
0.015402,0.000000,15.000000,0.000000
0.015404,0.000000,15.000000,0.000000
0.015406,0.000000,15.000000,0.000000
0.015408,0.000000,15.000000,0.000000
0.015410,0.000000,15.000000,0.000000
0.015412,0.000000,15.000000,0.000000
0.015414,0.000000,15.000000,0.000000
0.015416,0.000000,15.000000,0.000000
0.015418,0.000000,15.000000,0.000000
0.015420,0.000000,15.000000,0.000000
0.015422,0.000000,15.000000,0.000000
0.015424,0.000000,15.000000,0.000000
0.015426,0.000000,15.000000,0.000000
0.015428,0.000000,15.000000,0.000000
0.015430,0.000000,15.000000,0.000000
0.015432,0.000000,15.000000,0.000000
0.015434,0.000000,15.000000,0.000000
0.015436,0.000000,15.000000,0.000000
0.015438,0.000000,15.000000,0.000000
0.015440,0.000000,15.000000,0.000000
0.015442,0.000000,15.000000,0.000000
0.015444,0.000000,15.000000,0.000000
0.015446,0.000000,15.000000,0.000000
0.015448,0.000000,15.000000,0.000000
0.015450,0.000000,15.000000,0.000000
0.015452,0.000000,15.000000,0.000000
0.015454,0.000000,15.000000,0.000000
0.015456,0.000000,15.000000,0.000000
0.015458,0.000000,15.000000,0.000000
0.015460,0.000000,15.000000,0.000000
0.015462,0.000000,15.000000,0.000000
0.015464,0.000000,15.000000,0.000000
0.015466,0.000000,15.000000,0.000000
0.015468,0.000000,15.000000,0.000000
0.015470,0.000000,15.000000,0.000000
0.015472,0.000000,15.000000,0.000000
0.015474,0.000000,15.000000,0.000000
0.015476,0.000000,15.000000,0.000000
0.015478,0.000000,15.000000,0.000000
0.015480,0.000000,15.000000,0.000000
0.015482,0.000000,15.000000,0.000000
0.015484,0.000000,15.000000,0.000000
0.015486,0.000000,15.000000,0.000000
0.015488,0.000000,15.000000,0.000000
0.015490,0.000000,15.000000,0.000000
0.015492,0.000000,15.000000,0.000000
0.015494,0.000000,15.000000,0.000000
0.015496,0.000000,15.000000,0.000000
0.015498,0.000000,15.000000,0.000000
0.015500,0.000000,15.000000,0.000000
0.015502,0.000000,15.000000,0.000000
0.015504,0.000000,15.000000,0.000000
0.015506,0.000000,15.000000,0.000000
0.015508,0.000000,15.000000,0.000000
0.015510,0.000000,15.000000,0.000000
0.015512,0.000000,15.000000,0.000000
0.015514,0.000000,15.000000,0.000000
0.015516,0.000000,15.000000,0.000000
0.015518,0.000000,15.000000,0.000000
0.015520,0.000000,15.000000,0.000000
0.015522,0.000000,15.000000,0.000000
0.015524,0.000000,15.000000,0.000000
0.015526,0.000000,15.000000,0.000000
0.015528,0.000000,15.000000,0.000000
0.015530,0.000000,15.000000,0.000000
0.015532,0.000000,15.000000,0.000000
0.015534,0.000000,15.000000,0.000000
0.015536,0.000000,15.000000,0.000000
0.015538,0.000000,15.000000,0.000000
0.015540,0.000000,15.000000,0.000000
0.015542,0.000000,15.000000,0.000000
0.015544,0.000000,15.000000,0.000000
0.015546,0.000000,15.000000,0.000000
0.015548,0.000000,15.000000,0.000000
0.015550,0.000000,15.000000,0.000000
0.015552,0.000000,15.000000,0.000000
0.015554,0.000000,15.000000,0.000000
0.015556,0.000000,15.000000,0.000000
0.015558,0.000000,15.000000,0.000000
0.015560,0.000000,15.000000,0.000000
0.015562,0.000000,15.000000,0.000000
0.015564,0.000000,15.000000,0.000000
0.015566,0.000000,15.000000,0.000000
0.015568,0.000000,15.000000,0.000000
0.015570,0.000000,15.000000,0.000000
0.015572,0.000000,15.000000,0.000000
0.015574,0.000000,15.000000,0.000000
0.015576,0.000000,15.000000,0.000000
0.015578,0.000000,15.000000,0.000000
0.015580,0.000000,15.000000,0.000000
0.015582,0.000000,15.000000,0.000000
0.015584,0.000000,15.000000,0.000000
0.015586,0.000000,15.000000,0.000000
0.015588,0.000000,15.000000,0.000000
0.015590,0.000000,15.000000,0.000000
0.015592,0.000000,15.000000,0.000000
0.015594,0.000000,15.000000,0.000000
0.015596,0.000000,15.000000,0.000000
0.015598,0.000000,15.000000,0.000000
0.015600,0.000000,15.000000,0.000000
0.015602,0.000000,15.000000,0.000000
0.015604,0.000000,15.000000,0.000000
0.015606,0.000000,15.000000,0.000000
0.015608,0.000000,15.000000,0.000000
0.015610,0.000000,15.000000,0.000000
0.015612,0.000000,15.000000,0.000000
0.015614,0.000000,15.000000,0.000000
0.015616,0.000000,15.000000,0.000000
0.015618,0.000000,15.000000,0.000000
0.015620,0.000000,15.000000,0.000000
0.015622,0.000000,15.000000,0.000000
0.015624,0.000000,15.000000,0.000000
0.015626,0.000000,15.000000,0.000000
0.015628,0.000000,15.000000,0.000000
0.015630,0.000000,15.000000,0.000000
0.015632,0.000000,15.000000,0.000000
0.015634,0.000000,15.000000,0.000000
0.015636,0.000000,15.000000,0.000000
0.015638,0.000000,15.000000,0.000000
0.015640,0.000000,15.000000,0.000000
0.015642,0.000000,15.000000,0.000000
0.015644,0.000000,15.000000,0.000000
0.015646,0.000000,15.000000,0.000000
0.015648,0.000000,15.000000,0.000000
0.015650,0.000000,15.000000,0.000000
0.015652,0.000000,15.000000,0.000000
0.015654,0.000000,15.000000,0.000000
0.015656,0.000000,15.000000,0.000000
0.015658,0.000000,15.000000,0.000000
0.015660,0.000000,15.000000,0.000000
0.015662,0.000000,15.000000,0.000000
0.015664,0.000000,15.000000,0.000000
0.015666,0.000000,15.000000,0.000000
0.015668,0.000000,15.000000,0.000000
0.015670,0.000000,15.000000,0.000000
0.015672,0.000000,15.000000,0.000000
0.015674,0.000000,15.000000,0.000000
0.015676,0.000000,15.000000,0.000000
0.015678,0.000000,15.000000,0.000000
0.015680,0.000000,15.000000,0.000000
0.015682,0.000000,15.000000,0.000000
0.015684,0.000000,15.000000,0.000000
0.015686,0.000000,15.000000,0.000000
0.015688,0.000000,15.000000,0.000000
0.015690,0.000000,15.000000,0.000000
0.015692,0.000000,15.000000,0.000000
0.015694,0.000000,15.000000,0.000000
0.015696,0.000000,15.000000,0.000000
0.015698,0.000000,15.000000,0.000000
0.015700,0.000000,15.000000,0.000000
0.015702,0.000000,15.000000,0.000000
0.015704,0.000000,15.000000,0.000000
0.015706,0.000000,15.000000,0.000000
0.015708,0.000000,15.000000,0.000000
0.015710,0.000000,15.000000,0.000000
0.015712,0.000000,15.000000,0.000000
0.015714,0.000000,15.000000,0.000000
0.015716,0.000000,15.000000,0.000000
0.015718,0.000000,15.000000,0.000000
0.015720,0.000000,15.000000,0.000000
0.015722,0.000000,15.000000,0.000000
0.015724,0.000000,15.000000,0.000000
0.015726,0.000000,15.000000,0.000000
0.015728,0.000000,15.000000,0.000000
0.015730,0.000000,15.000000,0.000000
0.015732,0.000000,15.000000,0.000000
0.015734,0.000000,15.000000,0.000000
0.015736,0.000000,15.000000,0.000000
0.015738,0.000000,15.000000,0.000000
0.015740,0.000000,15.000000,0.000000
0.015742,0.000000,15.000000,0.000000
0.015744,0.000000,15.000000,0.000000
0.015746,0.000000,15.000000,0.000000
0.015748,0.000000,15.000000,0.000000
0.015750,0.000000,15.000000,0.000000
0.015752,0.000000,15.000000,0.000000
0.015754,0.000000,15.000000,0.000000
0.015756,0.000000,15.000000,0.000000
0.015758,0.000000,15.000000,0.000000
0.015760,0.000000,15.000000,0.000000
0.015762,0.000000,15.000000,0.000000
0.015764,0.000000,15.000000,0.000000
0.015766,0.000000,15.000000,0.000000
0.015768,0.000000,15.000000,0.000000
0.015770,0.000000,15.000000,0.000000
0.015772,0.000000,15.000000,0.000000
0.015774,0.000000,15.000000,0.000000
0.015776,0.000000,15.000000,0.000000
0.015778,0.000000,15.000000,0.000000
0.015780,0.000000,15.000000,0.000000
0.015782,0.000000,15.000000,0.000000
0.015784,0.000000,15.000000,0.000000
0.015786,0.000000,15.000000,0.000000
0.015788,0.000000,15.000000,0.000000
0.015790,0.000000,15.000000,0.000000
0.015792,0.000000,15.000000,0.000000
0.015794,0.000000,15.000000,0.000000
0.015796,0.000000,15.000000,0.000000
0.015798,0.000000,15.000000,0.000000
0.015800,0.000000,15.000000,0.000000
0.015802,0.000000,15.000000,0.000000
0.015804,0.000000,15.000000,0.000000
0.015806,0.000000,15.000000,0.000000
0.015808,0.000000,15.000000,0.000000
0.015810,0.000000,15.000000,0.000000
0.015812,0.000000,15.000000,0.000000
0.015814,0.000000,15.000000,0.000000
0.015816,0.000000,15.000000,0.000000
0.015818,0.000000,15.000000,0.000000
0.015820,0.000000,15.000000,0.000000
0.015822,0.000000,15.000000,0.000000
0.015824,0.000000,15.000000,0.000000
0.015826,0.000000,15.000000,0.000000
0.015828,0.000000,15.000000,0.000000
0.015830,0.000000,15.000000,0.000000
0.015832,0.000000,15.000000,0.000000
0.015834,0.000000,15.000000,0.000000
0.015836,0.000000,15.000000,0.000000
0.015838,0.000000,15.000000,0.000000
0.015840,0.000000,15.000000,0.000000
0.015842,0.000000,15.000000,0.000000
0.015844,0.000000,15.000000,0.000000
0.015846,0.000000,15.000000,0.000000
0.015848,0.000000,15.000000,0.000000
0.015850,0.000000,15.000000,0.000000
0.015852,0.000000,15.000000,0.000000
0.015854,0.000000,15.000000,0.000000
0.015856,0.000000,15.000000,0.000000
0.015858,0.000000,15.000000,0.000000
0.015860,0.000000,15.000000,0.000000
0.015862,0.000000,15.000000,0.000000
0.015864,0.000000,15.000000,0.000000
0.015866,0.000000,15.000000,0.000000
0.015868,0.000000,15.000000,0.000000
0.015870,0.000000,15.000000,0.000000
0.015872,0.000000,15.000000,0.000000
0.015874,0.000000,15.000000,0.000000
0.015876,0.000000,15.000000,0.000000
0.015878,0.000000,15.000000,0.000000
0.015880,0.000000,15.000000,0.000000
0.015882,0.000000,15.000000,0.000000
0.015884,0.000000,15.000000,0.000000
0.015886,0.000000,15.000000,0.000000
0.015888,0.000000,15.000000,0.000000
0.015890,0.000000,15.000000,0.000000
0.015892,0.000000,15.000000,0.000000
0.015894,0.000000,15.000000,0.000000
0.015896,0.000000,15.000000,0.000000
0.015898,0.000000,15.000000,0.000000
0.015900,0.000000,15.000000,0.000000
0.015902,0.000000,15.000000,0.000000
0.015904,0.000000,15.000000,0.000000
0.015906,0.000000,15.000000,0.000000
0.015908,0.000000,15.000000,0.000000
0.015910,0.000000,15.000000,0.000000
0.015912,0.000000,15.000000,0.000000
0.015914,0.000000,15.000000,0.000000
0.015916,0.000000,15.000000,0.000000
0.015918,0.000000,15.000000,0.000000
0.015920,0.000000,15.000000,0.000000
0.015922,0.000000,15.000000,0.000000
0.015924,0.000000,15.000000,0.000000
0.015926,0.000000,15.000000,0.000000
0.015928,0.000000,15.000000,0.000000
0.015930,0.000000,15.000000,0.000000
0.015932,0.000000,15.000000,0.000000
0.015934,0.000000,15.000000,0.000000
0.015936,0.000000,15.000000,0.000000
0.015938,0.000000,15.000000,0.000000
0.015940,0.000000,15.000000,0.000000
0.015942,0.000000,15.000000,0.000000
0.015944,0.000000,15.000000,0.000000
0.015946,0.000000,15.000000,0.000000
0.015948,0.000000,15.000000,0.000000
0.015950,0.000000,15.000000,0.000000
0.015952,0.000000,15.000000,0.000000
0.015954,0.000000,15.000000,0.000000
0.015956,0.000000,15.000000,0.000000
0.015958,0.000000,15.000000,0.000000
0.015960,0.000000,15.000000,0.000000
0.015962,0.000000,15.000000,0.000000
0.015964,0.000000,15.000000,0.000000
0.015966,0.000000,15.000000,0.000000
0.015968,0.000000,15.000000,0.000000
0.015970,0.000000,15.000000,0.000000
0.015972,0.000000,15.000000,0.000000
0.015974,0.000000,15.000000,0.000000
0.015976,0.000000,15.000000,0.000000
0.015978,0.000000,15.000000,0.000000
0.015980,0.000000,15.000000,0.000000
0.015982,0.000000,15.000000,0.000000
0.015984,0.000000,15.000000,0.000000
0.015986,0.000000,15.000000,0.000000
0.015988,0.000000,15.000000,0.000000
0.015990,0.000000,15.000000,0.000000
0.015992,0.000000,15.000000,0.000000
0.015994,0.000000,15.000000,0.000000
0.015996,0.000000,15.000000,0.000000
0.015998,0.000000,15.000000,0.000000
0.016000,0.000000,15.000000,0.000000
0.016002,0.000000,15.000000,0.000000
0.016004,0.000000,15.000000,0.000000
0.016006,0.000000,15.000000,0.000000
0.016008,0.000000,15.000000,0.000000
0.016010,0.000000,15.000000,0.000000
0.016012,0.000000,15.000000,0.000000
0.016014,0.000000,15.000000,0.000000
0.016016,0.000000,15.000000,0.000000
0.016018,0.000000,15.000000,0.000000
0.016020,0.000000,15.000000,0.000000
0.016022,0.000000,15.000000,0.000000
0.016024,0.000000,15.000000,0.000000
0.016026,0.000000,15.000000,0.000000
0.016028,0.000000,15.000000,0.000000
0.016030,0.000000,15.000000,0.000000
0.016032,0.000000,15.000000,0.000000
0.016034,0.000000,15.000000,0.000000
0.016036,0.000000,15.000000,0.000000
0.016038,0.000000,15.000000,0.000000
0.016040,0.000000,15.000000,0.000000
0.016042,0.000000,15.000000,0.000000
0.016044,0.000000,15.000000,0.000000
0.016046,0.000000,15.000000,0.000000
0.016048,0.000000,15.000000,0.000000
0.016050,0.000000,15.000000,0.000000
0.016052,0.000000,15.000000,0.000000
0.016054,0.000000,15.000000,0.000000
0.016056,0.000000,15.000000,0.000000
0.016058,0.000000,15.000000,0.000000
0.016060,0.000000,15.000000,0.000000
0.016062,0.000000,15.000000,0.000000
0.016064,0.000000,15.000000,0.000000
0.016066,0.000000,15.000000,0.000000
0.016068,0.000000,15.000000,0.000000
0.016070,0.000000,15.000000,0.000000
0.016072,0.000000,15.000000,0.000000
0.016074,0.000000,15.000000,0.000000
0.016076,0.000000,15.000000,0.000000
0.016078,0.000000,15.000000,0.000000
0.016080,0.000000,15.000000,0.000000
0.016082,0.000000,15.000000,0.000000
0.016084,0.000000,15.000000,0.000000
0.016086,0.000000,15.000000,0.000000
0.016088,0.000000,15.000000,0.000000
0.016090,0.000000,15.000000,0.000000
0.016092,0.000000,15.000000,0.000000
0.016094,0.000000,15.000000,0.000000
0.016096,0.000000,15.000000,0.000000
0.016098,0.000000,15.000000,0.000000
0.016100,0.000000,15.000000,0.000000
0.016102,0.000000,15.000000,0.000000
0.016104,0.000000,15.000000,0.000000
0.016106,0.000000,15.000000,0.000000
0.016108,0.000000,15.000000,0.000000
0.016110,0.000000,15.000000,0.000000
0.016112,0.000000,15.000000,0.000000
0.016114,0.000000,15.000000,0.000000
0.016116,0.000000,15.000000,0.000000
0.016118,0.000000,15.000000,0.000000
0.016120,0.000000,15.000000,0.000000
0.016122,0.000000,15.000000,0.000000
0.016124,0.000000,15.000000,0.000000
0.016126,0.000000,15.000000,0.000000
0.016128,0.000000,15.000000,0.000000
0.016130,0.000000,15.000000,0.000000
0.016132,0.000000,15.000000,0.000000
0.016134,0.000000,15.000000,0.000000
0.016136,0.000000,15.000000,0.000000
0.016138,0.000000,15.000000,0.000000
0.016140,0.000000,15.000000,0.000000
0.016142,0.000000,15.000000,0.000000
0.016144,0.000000,15.000000,0.000000
0.016146,0.000000,15.000000,0.000000
0.016148,0.000000,15.000000,0.000000
0.016150,0.000000,15.000000,0.000000
0.016152,0.000000,15.000000,0.000000
0.016154,0.000000,15.000000,0.000000
0.016156,0.000000,15.000000,0.000000
0.016158,0.000000,15.000000,0.000000
0.016160,0.000000,15.000000,0.000000
0.016162,0.000000,15.000000,0.000000
0.016164,0.000000,15.000000,0.000000
0.016166,0.000000,15.000000,0.000000
0.016168,0.000000,15.000000,0.000000
0.016170,0.000000,15.000000,0.000000
0.016172,0.000000,15.000000,0.000000
0.016174,0.000000,15.000000,0.000000
0.016176,0.000000,15.000000,0.000000
0.016178,0.000000,15.000000,0.000000
0.016180,0.000000,15.000000,0.000000
0.016182,0.000000,15.000000,0.000000
0.016184,0.000000,15.000000,0.000000
0.016186,0.000000,15.000000,0.000000
0.016188,0.000000,15.000000,0.000000
0.016190,0.000000,15.000000,0.000000
0.016192,0.000000,15.000000,0.000000
0.016194,0.000000,15.000000,0.000000
0.016196,0.000000,15.000000,0.000000
0.016198,0.000000,15.000000,0.000000
0.016200,0.000000,15.000000,0.000000
0.016202,0.000000,15.000000,0.000000
0.016204,0.000000,15.000000,0.000000
0.016206,0.000000,15.000000,0.000000
0.016208,0.000000,15.000000,0.000000
0.016210,0.000000,15.000000,0.000000
0.016212,0.000000,15.000000,0.000000
0.016214,0.000000,15.000000,0.000000
0.016216,0.000000,15.000000,0.000000
0.016218,0.000000,15.000000,0.000000
0.016220,0.000000,15.000000,0.000000
0.016222,0.000000,15.000000,0.000000
0.016224,0.000000,15.000000,0.000000
0.016226,0.000000,15.000000,0.000000
0.016228,0.000000,15.000000,0.000000
0.016230,0.000000,15.000000,0.000000
0.016232,0.000000,15.000000,0.000000
0.016234,0.000000,15.000000,0.000000
0.016236,0.000000,15.000000,0.000000
0.016238,0.000000,15.000000,0.000000
0.016240,0.000000,15.000000,0.000000
0.016242,0.000000,15.000000,0.000000
0.016244,0.000000,15.000000,0.000000
0.016246,0.000000,15.000000,0.000000
0.016248,0.000000,15.000000,0.000000
0.016250,0.000000,15.000000,0.000000
0.016252,0.000000,15.000000,0.000000
0.016254,0.000000,15.000000,0.000000
0.016256,0.000000,15.000000,0.000000
0.016258,0.000000,15.000000,0.000000
0.016260,0.000000,15.000000,0.000000
0.016262,0.000000,15.000000,0.000000
0.016264,0.000000,15.000000,0.000000
0.016266,0.000000,15.000000,0.000000
0.016268,0.000000,15.000000,0.000000
0.016270,0.000000,15.000000,0.000000
0.016272,0.000000,15.000000,0.000000
0.016274,0.000000,15.000000,0.000000
0.016276,0.000000,15.000000,0.000000
0.016278,0.000000,15.000000,0.000000
0.016280,0.000000,15.000000,0.000000
0.016282,0.000000,15.000000,0.000000
0.016284,0.000000,15.000000,0.000000
0.016286,0.000000,15.000000,0.000000
0.016288,0.000000,15.000000,0.000000
0.016290,0.000000,15.000000,0.000000
0.016292,0.000000,15.000000,0.000000
0.016294,0.000000,15.000000,0.000000
0.016296,0.000000,15.000000,0.000000
0.016298,0.000000,15.000000,0.000000
0.016300,0.000000,15.000000,0.000000
0.016302,0.000000,15.000000,0.000000
0.016304,0.000000,15.000000,0.000000
0.016306,0.000000,15.000000,0.000000
0.016308,0.000000,15.000000,0.000000
0.016310,0.000000,15.000000,0.000000
0.016312,0.000000,15.000000,0.000000
0.016314,0.000000,15.000000,0.000000
0.016316,0.000000,15.000000,0.000000
0.016318,0.000000,15.000000,0.000000
0.016320,0.000000,15.000000,0.000000
0.016322,0.000000,15.000000,0.000000
0.016324,0.000000,15.000000,0.000000
0.016326,0.000000,15.000000,0.000000
0.016328,0.000000,15.000000,0.000000
0.016330,0.000000,15.000000,0.000000
0.016332,0.000000,15.000000,0.000000
0.016334,0.000000,15.000000,0.000000
0.016336,0.000000,15.000000,0.000000
0.016338,0.000000,15.000000,0.000000
0.016340,0.000000,15.000000,0.000000
0.016342,0.000000,15.000000,0.000000
0.016344,0.000000,15.000000,0.000000
0.016346,0.000000,15.000000,0.000000
0.016348,0.000000,15.000000,0.000000
0.016350,0.000000,15.000000,0.000000
0.016352,0.000000,15.000000,0.000000
0.016354,0.000000,15.000000,0.000000
0.016356,0.000000,15.000000,0.000000
0.016358,0.000000,15.000000,0.000000
0.016360,0.000000,15.000000,0.000000
0.016362,0.000000,15.000000,0.000000
0.016364,0.000000,15.000000,0.000000
0.016366,0.000000,15.000000,0.000000
0.016368,0.000000,15.000000,0.000000
0.016370,0.000000,15.000000,0.000000
0.016372,0.000000,15.000000,0.000000
0.016374,0.000000,15.000000,0.000000
0.016376,0.000000,15.000000,0.000000
0.016378,0.000000,15.000000,0.000000
0.016380,0.000000,15.000000,0.000000
0.016382,0.000000,15.000000,0.000000
0.016384,0.000000,15.000000,0.000000
0.016386,0.000000,15.000000,0.000000
0.016388,0.000000,15.000000,0.000000
0.016390,0.000000,15.000000,0.000000
0.016392,0.000000,15.000000,0.000000
0.016394,0.000000,15.000000,0.000000
0.016396,0.000000,15.000000,0.000000
0.016398,0.000000,15.000000,0.000000
0.016400,0.000000,15.000000,0.000000
0.016402,0.000000,15.000000,0.000000
0.016404,0.000000,15.000000,0.000000
0.016406,0.000000,15.000000,0.000000
0.016408,0.000000,15.000000,0.000000
0.016410,0.000000,15.000000,0.000000
0.016412,0.000000,15.000000,0.000000
0.016414,0.000000,15.000000,0.000000
0.016416,0.000000,15.000000,0.000000
0.016418,0.000000,15.000000,0.000000
0.016420,0.000000,15.000000,0.000000
0.016422,0.000000,15.000000,0.000000
0.016424,0.000000,15.000000,0.000000
0.016426,0.000000,15.000000,0.000000
0.016428,0.000000,15.000000,0.000000
0.016430,0.000000,15.000000,0.000000
0.016432,0.000000,15.000000,0.000000
0.016434,0.000000,15.000000,0.000000
0.016436,0.000000,15.000000,0.000000
0.016438,0.000000,15.000000,0.000000
0.016440,0.000000,15.000000,0.000000
0.016442,0.000000,15.000000,0.000000
0.016444,0.000000,15.000000,0.000000
0.016446,0.000000,15.000000,0.000000
0.016448,0.000000,15.000000,0.000000
0.016450,0.000000,15.000000,0.000000
0.016452,0.000000,15.000000,0.000000
0.016454,0.000000,15.000000,0.000000
0.016456,0.000000,15.000000,0.000000
0.016458,0.000000,15.000000,0.000000
0.016460,0.000000,15.000000,0.000000
0.016462,0.000000,15.000000,0.000000
0.016464,0.000000,15.000000,0.000000
0.016466,0.000000,15.000000,0.000000
0.016468,0.000000,15.000000,0.000000
0.016470,0.000000,15.000000,0.000000
0.016472,0.000000,15.000000,0.000000
0.016474,0.000000,15.000000,0.000000
0.016476,0.000000,15.000000,0.000000
0.016478,0.000000,15.000000,0.000000
0.016480,0.000000,15.000000,0.000000
0.016482,0.000000,15.000000,0.000000
0.016484,0.000000,15.000000,0.000000
0.016486,0.000000,15.000000,0.000000
0.016488,0.000000,15.000000,0.000000
0.016490,0.000000,15.000000,0.000000
0.016492,0.000000,15.000000,0.000000
0.016494,0.000000,15.000000,0.000000
0.016496,0.000000,15.000000,0.000000
0.016498,0.000000,15.000000,0.000000
0.016500,0.000000,15.000000,0.000000
0.016502,0.000000,15.000000,0.000000
0.016504,0.000000,15.000000,0.000000
0.016506,0.000000,15.000000,0.000000
0.016508,0.000000,15.000000,0.000000
0.016510,0.000000,15.000000,0.000000
0.016512,0.000000,15.000000,0.000000
0.016514,0.000000,15.000000,0.000000
0.016516,0.000000,15.000000,0.000000
0.016518,0.000000,15.000000,0.000000
0.016520,0.000000,15.000000,0.000000
0.016522,0.000000,15.000000,0.000000
0.016524,0.000000,15.000000,0.000000
0.016526,0.000000,15.000000,0.000000
0.016528,0.000000,15.000000,0.000000
0.016530,0.000000,15.000000,0.000000
0.016532,0.000000,15.000000,0.000000
0.016534,0.000000,15.000000,0.000000
0.016536,0.000000,15.000000,0.000000
0.016538,0.000000,15.000000,0.000000
0.016540,0.000000,15.000000,0.000000
0.016542,0.000000,15.000000,0.000000
0.016544,0.000000,15.000000,0.000000
0.016546,0.000000,15.000000,0.000000
0.016548,0.000000,15.000000,0.000000
0.016550,0.000000,15.000000,0.000000
0.016552,0.000000,15.000000,0.000000
0.016554,0.000000,15.000000,0.000000
0.016556,0.000000,15.000000,0.000000
0.016558,0.000000,15.000000,0.000000
0.016560,0.000000,15.000000,0.000000
0.016562,0.000000,15.000000,0.000000
0.016564,0.000000,15.000000,0.000000
0.016566,0.000000,15.000000,0.000000
0.016568,0.000000,15.000000,0.000000
0.016570,0.000000,15.000000,0.000000
0.016572,0.000000,15.000000,0.000000
0.016574,0.000000,15.000000,0.000000
0.016576,0.000000,15.000000,0.000000
0.016578,0.000000,15.000000,0.000000
0.016580,0.000000,15.000000,0.000000
0.016582,0.000000,15.000000,0.000000
0.016584,0.000000,15.000000,0.000000
0.016586,0.000000,15.000000,0.000000
0.016588,0.000000,15.000000,0.000000
0.016590,0.000000,15.000000,0.000000
0.016592,0.000000,15.000000,0.000000
0.016594,0.000000,15.000000,0.000000
0.016596,0.000000,15.000000,0.000000
0.016598,0.000000,15.000000,0.000000
0.016600,0.000000,15.000000,0.000000
0.016602,0.000000,15.000000,0.000000
0.016604,0.000000,15.000000,0.000000
0.016606,0.000000,15.000000,0.000000
0.016608,0.000000,15.000000,0.000000
0.016610,0.000000,15.000000,0.000000
0.016612,0.000000,15.000000,0.000000
0.016614,0.000000,15.000000,0.000000
0.016616,0.000000,15.000000,0.000000
0.016618,0.000000,15.000000,0.000000
0.016620,0.000000,15.000000,0.000000
0.016622,0.000000,15.000000,0.000000
0.016624,0.000000,15.000000,0.000000
0.016626,0.000000,15.000000,0.000000
0.016628,0.000000,15.000000,0.000000
0.016630,0.000000,15.000000,0.000000
0.016632,0.000000,15.000000,0.000000
0.016634,0.000000,15.000000,0.000000
0.016636,0.000000,15.000000,0.000000
0.016638,0.000000,15.000000,0.000000
0.016640,0.000000,15.000000,0.000000
0.016642,0.000000,15.000000,0.000000
0.016644,0.000000,15.000000,0.000000
0.016646,0.000000,15.000000,0.000000
0.016648,0.000000,15.000000,0.000000
0.016650,0.000000,15.000000,0.000000
0.016652,0.000000,15.000000,0.000000
0.016654,0.000000,15.000000,0.000000
0.016656,0.000000,15.000000,0.000000
0.016658,0.000000,15.000000,0.000000
0.016660,0.000000,15.000000,0.000000
0.016662,0.000000,15.000000,0.000000
0.016664,0.000000,15.000000,0.000000
0.016666,0.000000,15.000000,0.000000
0.016668,0.000000,15.000000,0.000000
0.016670,0.000000,15.000000,0.000000
0.016672,0.000000,15.000000,0.000000
0.016674,0.000000,15.000000,0.000000
0.016676,0.000000,15.000000,0.000000
0.016678,0.000000,15.000000,0.000000
0.016680,0.000000,15.000000,0.000000
0.016682,0.000000,15.000000,0.000000
0.016684,0.000000,15.000000,0.000000
0.016686,0.000000,15.000000,0.000000
0.016688,0.000000,15.000000,0.000000
0.016690,0.000000,15.000000,0.000000
0.016692,0.000000,15.000000,0.000000
0.016694,0.000000,15.000000,0.000000
0.016696,0.000000,15.000000,0.000000
0.016698,0.000000,15.000000,0.000000
0.016700,0.000000,15.000000,0.000000
0.016702,0.000000,15.000000,0.000000
0.016704,0.000000,15.000000,0.000000
0.016706,0.000000,15.000000,0.000000
0.016708,0.000000,15.000000,0.000000
0.016710,0.000000,15.000000,0.000000
0.016712,0.000000,15.000000,0.000000
0.016714,0.000000,15.000000,0.000000
0.016716,0.000000,15.000000,0.000000
0.016718,0.000000,15.000000,0.000000
0.016720,0.000000,15.000000,0.000000
0.016722,0.000000,15.000000,0.000000
0.016724,0.000000,15.000000,0.000000
0.016726,0.000000,15.000000,0.000000
0.016728,0.000000,15.000000,0.000000
0.016730,0.000000,15.000000,0.000000
0.016732,0.000000,15.000000,0.000000
0.016734,0.000000,15.000000,0.000000
0.016736,0.000000,15.000000,0.000000
0.016738,0.000000,15.000000,0.000000
0.016740,0.000000,15.000000,0.000000
0.016742,0.000000,15.000000,0.000000
0.016744,0.000000,15.000000,0.000000
0.016746,0.000000,15.000000,0.000000
0.016748,0.000000,15.000000,0.000000
0.016750,0.000000,15.000000,0.000000
0.016752,0.000000,15.000000,0.000000
0.016754,0.000000,15.000000,0.000000
0.016756,0.000000,15.000000,0.000000
0.016758,0.000000,15.000000,0.000000
0.016760,0.000000,15.000000,0.000000
0.016762,0.000000,15.000000,0.000000
0.016764,0.000000,15.000000,0.000000
0.016766,0.000000,15.000000,0.000000
0.016768,0.000000,15.000000,0.000000
0.016770,0.000000,15.000000,0.000000
0.016772,0.000000,15.000000,0.000000
0.016774,0.000000,15.000000,0.000000
0.016776,0.000000,15.000000,0.000000
0.016778,0.000000,15.000000,0.000000
0.016780,0.000000,15.000000,0.000000
0.016782,0.000000,15.000000,0.000000
0.016784,0.000000,15.000000,0.000000
0.016786,0.000000,15.000000,0.000000
0.016788,0.000000,15.000000,0.000000
0.016790,0.000000,15.000000,0.000000
0.016792,0.000000,15.000000,0.000000
0.016794,0.000000,15.000000,0.000000
0.016796,0.000000,15.000000,0.000000
0.016798,0.000000,15.000000,0.000000
0.016800,0.000000,15.000000,0.000000
0.016802,0.000000,15.000000,0.000000
0.016804,0.000000,15.000000,0.000000
0.016806,0.000000,15.000000,0.000000
0.016808,0.000000,15.000000,0.000000
0.016810,0.000000,15.000000,0.000000
0.016812,0.000000,15.000000,0.000000
0.016814,0.000000,15.000000,0.000000
0.016816,0.000000,15.000000,0.000000
0.016818,0.000000,15.000000,0.000000
0.016820,0.000000,15.000000,0.000000
0.016822,0.000000,15.000000,0.000000
0.016824,0.000000,15.000000,0.000000
0.016826,0.000000,15.000000,0.000000
0.016828,0.000000,15.000000,0.000000
0.016830,0.000000,15.000000,0.000000
0.016832,0.000000,15.000000,0.000000
0.016834,0.000000,15.000000,0.000000
0.016836,0.000000,15.000000,0.000000
0.016838,0.000000,15.000000,0.000000
0.016840,0.000000,15.000000,0.000000
0.016842,0.000000,15.000000,0.000000
0.016844,0.000000,15.000000,0.000000
0.016846,0.000000,15.000000,0.000000
0.016848,0.000000,15.000000,0.000000
0.016850,0.000000,15.000000,0.000000
0.016852,0.000000,15.000000,0.000000
0.016854,0.000000,15.000000,0.000000
0.016856,0.000000,15.000000,0.000000
0.016858,0.000000,15.000000,0.000000
0.016860,0.000000,15.000000,0.000000
0.016862,0.000000,15.000000,0.000000
0.016864,0.000000,15.000000,0.000000
0.016866,0.000000,15.000000,0.000000
0.016868,0.000000,15.000000,0.000000
0.016870,0.000000,15.000000,0.000000
0.016872,0.000000,15.000000,0.000000
0.016874,0.000000,15.000000,0.000000
0.016876,0.000000,15.000000,0.000000
0.016878,0.000000,15.000000,0.000000
0.016880,0.000000,15.000000,0.000000
0.016882,0.000000,15.000000,0.000000
0.016884,0.000000,15.000000,0.000000
0.016886,0.000000,15.000000,0.000000
0.016888,0.000000,15.000000,0.000000
0.016890,0.000000,15.000000,0.000000
0.016892,0.000000,15.000000,0.000000
0.016894,0.000000,15.000000,0.000000
0.016896,0.000000,15.000000,0.000000
0.016898,0.000000,15.000000,0.000000
0.016900,0.000000,15.000000,0.000000
0.016902,0.000000,15.000000,0.000000
0.016904,0.000000,15.000000,0.000000
0.016906,0.000000,15.000000,0.000000
0.016908,0.000000,15.000000,0.000000
0.016910,0.000000,15.000000,0.000000
0.016912,0.000000,15.000000,0.000000
0.016914,0.000000,15.000000,0.000000
0.016916,0.000000,15.000000,0.000000
0.016918,0.000000,15.000000,0.000000
0.016920,0.000000,15.000000,0.000000
0.016922,0.000000,15.000000,0.000000
0.016924,0.000000,15.000000,0.000000
0.016926,0.000000,15.000000,0.000000
0.016928,0.000000,15.000000,0.000000
0.016930,0.000000,15.000000,0.000000
0.016932,0.000000,15.000000,0.000000
0.016934,0.000000,15.000000,0.000000
0.016936,0.000000,15.000000,0.000000
0.016938,0.000000,15.000000,0.000000
0.016940,0.000000,15.000000,0.000000
0.016942,0.000000,15.000000,0.000000
0.016944,0.000000,15.000000,0.000000
0.016946,0.000000,15.000000,0.000000
0.016948,0.000000,15.000000,0.000000
0.016950,0.000000,15.000000,0.000000
0.016952,0.000000,15.000000,0.000000
0.016954,0.000000,15.000000,0.000000
0.016956,0.000000,15.000000,0.000000
0.016958,0.000000,15.000000,0.000000
0.016960,0.000000,15.000000,0.000000
0.016962,0.000000,15.000000,0.000000
0.016964,0.000000,15.000000,0.000000
0.016966,0.000000,15.000000,0.000000
0.016968,0.000000,15.000000,0.000000
0.016970,0.000000,15.000000,0.000000
0.016972,0.000000,15.000000,0.000000
0.016974,0.000000,15.000000,0.000000
0.016976,0.000000,15.000000,0.000000
0.016978,0.000000,15.000000,0.000000
0.016980,0.000000,15.000000,0.000000
0.016982,0.000000,15.000000,0.000000
0.016984,0.000000,15.000000,0.000000
0.016986,0.000000,15.000000,0.000000
0.016988,0.000000,15.000000,0.000000
0.016990,0.000000,15.000000,0.000000
0.016992,0.000000,15.000000,0.000000
0.016994,0.000000,15.000000,0.000000
0.016996,0.000000,15.000000,0.000000
0.016998,0.000000,15.000000,0.000000
0.017000,0.000000,15.000000,0.000000
0.017002,0.000000,15.000000,0.000000
0.017004,0.000000,15.000000,0.000000
0.017006,0.000000,15.000000,0.000000
0.017008,0.000000,15.000000,0.000000
0.017010,0.000000,15.000000,0.000000
0.017012,0.000000,15.000000,0.000000
0.017014,0.000000,15.000000,0.000000
0.017016,0.000000,15.000000,0.000000
0.017018,0.000000,15.000000,0.000000
0.017020,0.000000,15.000000,0.000000
0.017022,0.000000,15.000000,0.000000
0.017024,0.000000,15.000000,0.000000
0.017026,0.000000,15.000000,0.000000
0.017028,0.000000,15.000000,0.000000
0.017030,0.000000,15.000000,0.000000
0.017032,0.000000,15.000000,0.000000
0.017034,0.000000,15.000000,0.000000
0.017036,0.000000,15.000000,0.000000
0.017038,0.000000,15.000000,0.000000
0.017040,0.000000,15.000000,0.000000
0.017042,0.000000,15.000000,0.000000
0.017044,0.000000,15.000000,0.000000
0.017046,0.000000,15.000000,0.000000
0.017048,0.000000,15.000000,0.000000
0.017050,0.000000,15.000000,0.000000
0.017052,0.000000,15.000000,0.000000
0.017054,0.000000,15.000000,0.000000
0.017056,0.000000,15.000000,0.000000
0.017058,0.000000,15.000000,0.000000
0.017060,0.000000,15.000000,0.000000
0.017062,0.000000,15.000000,0.000000
0.017064,0.000000,15.000000,0.000000
0.017066,0.000000,15.000000,0.000000
0.017068,0.000000,15.000000,0.000000
0.017070,0.000000,15.000000,0.000000
0.017072,0.000000,15.000000,0.000000
0.017074,0.000000,15.000000,0.000000
0.017076,0.000000,15.000000,0.000000
0.017078,0.000000,15.000000,0.000000
0.017080,0.000000,15.000000,0.000000
0.017082,0.000000,15.000000,0.000000
0.017084,0.000000,15.000000,0.000000
0.017086,0.000000,15.000000,0.000000
0.017088,0.000000,15.000000,0.000000
0.017090,0.000000,15.000000,0.000000
0.017092,0.000000,15.000000,0.000000
0.017094,0.000000,15.000000,0.000000
0.017096,0.000000,15.000000,0.000000
0.017098,0.000000,15.000000,0.000000
0.017100,0.000000,15.000000,0.000000
0.017102,0.000000,15.000000,0.000000
0.017104,0.000000,15.000000,0.000000
0.017106,0.000000,15.000000,0.000000
0.017108,0.000000,15.000000,0.000000
0.017110,0.000000,15.000000,0.000000
0.017112,0.000000,15.000000,0.000000
0.017114,0.000000,15.000000,0.000000
0.017116,0.000000,15.000000,0.000000
0.017118,0.000000,15.000000,0.000000
0.017120,0.000000,15.000000,0.000000
0.017122,0.000000,15.000000,0.000000
0.017124,0.000000,15.000000,0.000000
0.017126,0.000000,15.000000,0.000000
0.017128,0.000000,15.000000,0.000000
0.017130,0.000000,15.000000,0.000000
0.017132,0.000000,15.000000,0.000000
0.017134,0.000000,15.000000,0.000000
0.017136,0.000000,15.000000,0.000000
0.017138,0.000000,15.000000,0.000000
0.017140,0.000000,15.000000,0.000000
0.017142,0.000000,15.000000,0.000000
0.017144,0.000000,15.000000,0.000000
0.017146,0.000000,15.000000,0.000000
0.017148,0.000000,15.000000,0.000000
0.017150,0.000000,15.000000,0.000000
0.017152,0.000000,15.000000,0.000000
0.017154,0.000000,15.000000,0.000000
0.017156,0.000000,15.000000,0.000000
0.017158,0.000000,15.000000,0.000000
0.017160,0.000000,15.000000,0.000000
0.017162,0.000000,15.000000,0.000000
0.017164,0.000000,15.000000,0.000000
0.017166,0.000000,15.000000,0.000000
0.017168,0.000000,15.000000,0.000000
0.017170,0.000000,15.000000,0.000000
0.017172,0.000000,15.000000,0.000000
0.017174,0.000000,15.000000,0.000000
0.017176,0.000000,15.000000,0.000000
0.017178,0.000000,15.000000,0.000000
0.017180,0.000000,15.000000,0.000000
0.017182,0.000000,15.000000,0.000000
0.017184,0.000000,15.000000,0.000000
0.017186,0.000000,15.000000,0.000000
0.017188,0.000000,15.000000,0.000000
0.017190,0.000000,15.000000,0.000000
0.017192,0.000000,15.000000,0.000000
0.017194,0.000000,15.000000,0.000000
0.017196,0.000000,15.000000,0.000000
0.017198,0.000000,15.000000,0.000000
0.017200,0.000000,15.000000,0.000000
0.017202,0.000000,15.000000,0.000000
0.017204,0.000000,15.000000,0.000000
0.017206,0.000000,15.000000,0.000000
0.017208,0.000000,15.000000,0.000000
0.017210,0.000000,15.000000,0.000000
0.017212,0.000000,15.000000,0.000000
0.017214,0.000000,15.000000,0.000000
0.017216,0.000000,15.000000,0.000000
0.017218,0.000000,15.000000,0.000000
0.017220,0.000000,15.000000,0.000000
0.017222,0.000000,15.000000,0.000000
0.017224,0.000000,15.000000,0.000000
0.017226,0.000000,15.000000,0.000000
0.017228,0.000000,15.000000,0.000000
0.017230,0.000000,15.000000,0.000000
0.017232,0.000000,15.000000,0.000000
0.017234,0.000000,15.000000,0.000000
0.017236,0.000000,15.000000,0.000000
0.017238,0.000000,15.000000,0.000000
0.017240,0.000000,15.000000,0.000000
0.017242,0.000000,15.000000,0.000000
0.017244,0.000000,15.000000,0.000000
0.017246,0.000000,15.000000,0.000000
0.017248,0.000000,15.000000,0.000000
0.017250,0.000000,15.000000,0.000000
0.017252,0.000000,15.000000,0.000000
0.017254,0.000000,15.000000,0.000000
0.017256,0.000000,15.000000,0.000000
0.017258,0.000000,15.000000,0.000000
0.017260,0.000000,15.000000,0.000000
0.017262,0.000000,15.000000,0.000000
0.017264,0.000000,15.000000,0.000000
0.017266,0.000000,15.000000,0.000000
0.017268,0.000000,15.000000,0.000000
0.017270,0.000000,15.000000,0.000000
0.017272,0.000000,15.000000,0.000000
0.017274,0.000000,15.000000,0.000000
0.017276,0.000000,15.000000,0.000000
0.017278,0.000000,15.000000,0.000000
0.017280,0.000000,15.000000,0.000000
0.017282,0.000000,15.000000,0.000000
0.017284,0.000000,15.000000,0.000000
0.017286,0.000000,15.000000,0.000000
0.017288,0.000000,15.000000,0.000000
0.017290,0.000000,15.000000,0.000000
0.017292,0.000000,15.000000,0.000000
0.017294,0.000000,15.000000,0.000000
0.017296,0.000000,15.000000,0.000000
0.017298,0.000000,15.000000,0.000000
0.017300,0.000000,15.000000,0.000000
0.017302,0.000000,15.000000,0.000000
0.017304,0.000000,15.000000,0.000000
0.017306,0.000000,15.000000,0.000000
0.017308,0.000000,15.000000,0.000000
0.017310,0.000000,15.000000,0.000000
0.017312,0.000000,15.000000,0.000000
0.017314,0.000000,15.000000,0.000000
0.017316,0.000000,15.000000,0.000000
0.017318,0.000000,15.000000,0.000000
0.017320,0.000000,15.000000,0.000000
0.017322,0.000000,15.000000,0.000000
0.017324,0.000000,15.000000,0.000000
0.017326,0.000000,15.000000,0.000000
0.017328,0.000000,15.000000,0.000000
0.017330,0.000000,15.000000,0.000000
0.017332,0.000000,15.000000,0.000000
0.017334,0.000000,15.000000,0.000000
0.017336,0.000000,15.000000,0.000000
0.017338,0.000000,15.000000,0.000000
0.017340,0.000000,15.000000,0.000000
0.017342,0.000000,15.000000,0.000000
0.017344,0.000000,15.000000,0.000000
0.017346,0.000000,15.000000,0.000000
0.017348,0.000000,15.000000,0.000000
0.017350,0.000000,15.000000,0.000000
0.017352,0.000000,15.000000,0.000000
0.017354,0.000000,15.000000,0.000000
0.017356,0.000000,15.000000,0.000000
0.017358,0.000000,15.000000,0.000000
0.017360,0.000000,15.000000,0.000000
0.017362,0.000000,15.000000,0.000000
0.017364,0.000000,15.000000,0.000000
0.017366,0.000000,15.000000,0.000000
0.017368,0.000000,15.000000,0.000000
0.017370,0.000000,15.000000,0.000000
0.017372,0.000000,15.000000,0.000000
0.017374,0.000000,15.000000,0.000000
0.017376,0.000000,15.000000,0.000000
0.017378,0.000000,15.000000,0.000000
0.017380,0.000000,15.000000,0.000000
0.017382,0.000000,15.000000,0.000000
0.017384,0.000000,15.000000,0.000000
0.017386,0.000000,15.000000,0.000000
0.017388,0.000000,15.000000,0.000000
0.017390,0.000000,15.000000,0.000000
0.017392,0.000000,15.000000,0.000000
0.017394,0.000000,15.000000,0.000000
0.017396,0.000000,15.000000,0.000000
0.017398,0.000000,15.000000,0.000000
0.017400,0.000000,15.000000,0.000000
0.017402,0.000000,15.000000,0.000000
0.017404,0.000000,15.000000,0.000000
0.017406,0.000000,15.000000,0.000000
0.017408,0.000000,15.000000,0.000000
0.017410,0.000000,15.000000,0.000000
0.017412,0.000000,15.000000,0.000000
0.017414,0.000000,15.000000,0.000000
0.017416,0.000000,15.000000,0.000000
0.017418,0.000000,15.000000,0.000000
0.017420,0.000000,15.000000,0.000000
0.017422,0.000000,15.000000,0.000000
0.017424,0.000000,15.000000,0.000000
0.017426,0.000000,15.000000,0.000000
0.017428,0.000000,15.000000,0.000000
0.017430,0.000000,15.000000,0.000000
0.017432,0.000000,15.000000,0.000000
0.017434,0.000000,15.000000,0.000000
0.017436,0.000000,15.000000,0.000000
0.017438,0.000000,15.000000,0.000000
0.017440,0.000000,15.000000,0.000000
0.017442,0.000000,15.000000,0.000000
0.017444,0.000000,15.000000,0.000000
0.017446,0.000000,15.000000,0.000000
0.017448,0.000000,15.000000,0.000000
0.017450,0.000000,15.000000,0.000000
0.017452,0.000000,15.000000,0.000000
0.017454,0.000000,15.000000,0.000000
0.017456,0.000000,15.000000,0.000000
0.017458,0.000000,15.000000,0.000000
0.017460,0.000000,15.000000,0.000000
0.017462,0.000000,15.000000,0.000000
0.017464,0.000000,15.000000,0.000000
0.017466,0.000000,15.000000,0.000000
0.017468,0.000000,15.000000,0.000000
0.017470,0.000000,15.000000,0.000000
0.017472,0.000000,15.000000,0.000000
0.017474,0.000000,15.000000,0.000000
0.017476,0.000000,15.000000,0.000000
0.017478,0.000000,15.000000,0.000000
0.017480,0.000000,15.000000,0.000000
0.017482,0.000000,15.000000,0.000000
0.017484,0.000000,15.000000,0.000000
0.017486,0.000000,15.000000,0.000000
0.017488,0.000000,15.000000,0.000000
0.017490,0.000000,15.000000,0.000000
0.017492,0.000000,15.000000,0.000000
0.017494,0.000000,15.000000,0.000000
0.017496,0.000000,15.000000,0.000000
0.017498,0.000000,15.000000,0.000000
0.017500,0.000000,15.000000,0.000000
0.017502,0.000000,15.000000,0.000000
0.017504,0.000000,15.000000,0.000000
0.017506,0.000000,15.000000,0.000000
0.017508,0.000000,15.000000,0.000000
0.017510,0.000000,15.000000,0.000000
0.017512,0.000000,15.000000,0.000000
0.017514,0.000000,15.000000,0.000000
0.017516,0.000000,15.000000,0.000000
0.017518,0.000000,15.000000,0.000000
0.017520,0.000000,15.000000,0.000000
0.017522,0.000000,15.000000,0.000000
0.017524,0.000000,15.000000,0.000000
0.017526,0.000000,15.000000,0.000000
0.017528,0.000000,15.000000,0.000000
0.017530,0.000000,15.000000,0.000000
0.017532,0.000000,15.000000,0.000000
0.017534,0.000000,15.000000,0.000000
0.017536,0.000000,15.000000,0.000000
0.017538,0.000000,15.000000,0.000000
0.017540,0.000000,15.000000,0.000000
0.017542,0.000000,15.000000,0.000000
0.017544,0.000000,15.000000,0.000000
0.017546,0.000000,15.000000,0.000000
0.017548,0.000000,15.000000,0.000000
0.017550,0.000000,15.000000,0.000000
0.017552,0.000000,15.000000,0.000000
0.017554,0.000000,15.000000,0.000000
0.017556,0.000000,15.000000,0.000000
0.017558,0.000000,15.000000,0.000000
0.017560,0.000000,15.000000,0.000000
0.017562,0.000000,15.000000,0.000000
0.017564,0.000000,15.000000,0.000000
0.017566,0.000000,15.000000,0.000000
0.017568,0.000000,15.000000,0.000000
0.017570,0.000000,15.000000,0.000000
0.017572,0.000000,15.000000,0.000000
0.017574,0.000000,15.000000,0.000000
0.017576,0.000000,15.000000,0.000000
0.017578,0.000000,15.000000,0.000000
0.017580,0.000000,15.000000,0.000000
0.017582,0.000000,15.000000,0.000000
0.017584,0.000000,15.000000,0.000000
0.017586,0.000000,15.000000,0.000000
0.017588,0.000000,15.000000,0.000000
0.017590,0.000000,15.000000,0.000000
0.017592,0.000000,15.000000,0.000000
0.017594,0.000000,15.000000,0.000000
0.017596,0.000000,15.000000,0.000000
0.017598,0.000000,15.000000,0.000000
0.017600,0.000000,15.000000,0.000000
0.017602,0.000000,15.000000,0.000000
0.017604,0.000000,15.000000,0.000000
0.017606,0.000000,15.000000,0.000000
0.017608,0.000000,15.000000,0.000000
0.017610,0.000000,15.000000,0.000000
0.017612,0.000000,15.000000,0.000000
0.017614,0.000000,15.000000,0.000000
0.017616,0.000000,15.000000,0.000000
0.017618,0.000000,15.000000,0.000000
0.017620,0.000000,15.000000,0.000000
0.017622,0.000000,15.000000,0.000000
0.017624,0.000000,15.000000,0.000000
0.017626,0.000000,15.000000,0.000000
0.017628,0.000000,15.000000,0.000000
0.017630,0.000000,15.000000,0.000000
0.017632,0.000000,15.000000,0.000000
0.017634,0.000000,15.000000,0.000000
0.017636,0.000000,15.000000,0.000000
0.017638,0.000000,15.000000,0.000000
0.017640,0.000000,15.000000,0.000000
0.017642,0.000000,15.000000,0.000000
0.017644,0.000000,15.000000,0.000000
0.017646,0.000000,15.000000,0.000000
0.017648,0.000000,15.000000,0.000000
0.017650,0.000000,15.000000,0.000000
0.017652,0.000000,15.000000,0.000000
0.017654,0.000000,15.000000,0.000000
0.017656,0.000000,15.000000,0.000000
0.017658,0.000000,15.000000,0.000000
0.017660,0.000000,15.000000,0.000000
0.017662,0.000000,15.000000,0.000000
0.017664,0.000000,15.000000,0.000000
0.017666,0.000000,15.000000,0.000000
0.017668,0.000000,15.000000,0.000000
0.017670,0.000000,15.000000,0.000000
0.017672,0.000000,15.000000,0.000000
0.017674,0.000000,15.000000,0.000000
0.017676,0.000000,15.000000,0.000000
0.017678,0.000000,15.000000,0.000000
0.017680,0.000000,15.000000,0.000000
0.017682,0.000000,15.000000,0.000000
0.017684,0.000000,15.000000,0.000000
0.017686,0.000000,15.000000,0.000000
0.017688,0.000000,15.000000,0.000000
0.017690,0.000000,15.000000,0.000000
0.017692,0.000000,15.000000,0.000000
0.017694,0.000000,15.000000,0.000000
0.017696,0.000000,15.000000,0.000000
0.017698,0.000000,15.000000,0.000000
0.017700,0.000000,15.000000,0.000000
0.017702,0.000000,15.000000,0.000000
0.017704,0.000000,15.000000,0.000000
0.017706,0.000000,15.000000,0.000000
0.017708,0.000000,15.000000,0.000000
0.017710,0.000000,15.000000,0.000000
0.017712,0.000000,15.000000,0.000000
0.017714,0.000000,15.000000,0.000000
0.017716,0.000000,15.000000,0.000000
0.017718,0.000000,15.000000,0.000000
0.017720,0.000000,15.000000,0.000000
0.017722,0.000000,15.000000,0.000000
0.017724,0.000000,15.000000,0.000000
0.017726,0.000000,15.000000,0.000000
0.017728,0.000000,15.000000,0.000000
0.017730,0.000000,15.000000,0.000000
0.017732,0.000000,15.000000,0.000000
0.017734,0.000000,15.000000,0.000000
0.017736,0.000000,15.000000,0.000000
0.017738,0.000000,15.000000,0.000000
0.017740,0.000000,15.000000,0.000000
0.017742,0.000000,15.000000,0.000000
0.017744,0.000000,15.000000,0.000000
0.017746,0.000000,15.000000,0.000000
0.017748,0.000000,15.000000,0.000000
0.017750,0.000000,15.000000,0.000000
0.017752,0.000000,15.000000,0.000000
0.017754,0.000000,15.000000,0.000000
0.017756,0.000000,15.000000,0.000000
0.017758,0.000000,15.000000,0.000000
0.017760,0.000000,15.000000,0.000000
0.017762,0.000000,15.000000,0.000000
0.017764,0.000000,15.000000,0.000000
0.017766,0.000000,15.000000,0.000000
0.017768,0.000000,15.000000,0.000000
0.017770,0.000000,15.000000,0.000000
0.017772,0.000000,15.000000,0.000000
0.017774,0.000000,15.000000,0.000000
0.017776,0.000000,15.000000,0.000000
0.017778,0.000000,15.000000,0.000000
0.017780,0.000000,15.000000,0.000000
0.017782,0.000000,15.000000,0.000000
0.017784,0.000000,15.000000,0.000000
0.017786,0.000000,15.000000,0.000000
0.017788,0.000000,15.000000,0.000000
0.017790,0.000000,15.000000,0.000000
0.017792,0.000000,15.000000,0.000000
0.017794,0.000000,15.000000,0.000000
0.017796,0.000000,15.000000,0.000000
0.017798,0.000000,15.000000,0.000000
0.017800,0.000000,15.000000,0.000000
0.017802,0.000000,15.000000,0.000000
0.017804,0.000000,15.000000,0.000000
0.017806,0.000000,15.000000,0.000000
0.017808,0.000000,15.000000,0.000000
0.017810,0.000000,15.000000,0.000000
0.017812,0.000000,15.000000,0.000000
0.017814,0.000000,15.000000,0.000000
0.017816,0.000000,15.000000,0.000000
0.017818,0.000000,15.000000,0.000000
0.017820,0.000000,15.000000,0.000000
0.017822,0.000000,15.000000,0.000000
0.017824,0.000000,15.000000,0.000000
0.017826,0.000000,15.000000,0.000000
0.017828,0.000000,15.000000,0.000000
0.017830,0.000000,15.000000,0.000000
0.017832,0.000000,15.000000,0.000000
0.017834,0.000000,15.000000,0.000000
0.017836,0.000000,15.000000,0.000000
0.017838,0.000000,15.000000,0.000000
0.017840,0.000000,15.000000,0.000000
0.017842,0.000000,15.000000,0.000000
0.017844,0.000000,15.000000,0.000000
0.017846,0.000000,15.000000,0.000000
0.017848,0.000000,15.000000,0.000000
0.017850,0.000000,15.000000,0.000000
0.017852,0.000000,15.000000,0.000000
0.017854,0.000000,15.000000,0.000000
0.017856,0.000000,15.000000,0.000000
0.017858,0.000000,15.000000,0.000000
0.017860,0.000000,15.000000,0.000000
0.017862,0.000000,15.000000,0.000000
0.017864,0.000000,15.000000,0.000000
0.017866,0.000000,15.000000,0.000000
0.017868,0.000000,15.000000,0.000000
0.017870,0.000000,15.000000,0.000000
0.017872,0.000000,15.000000,0.000000
0.017874,0.000000,15.000000,0.000000
0.017876,0.000000,15.000000,0.000000
0.017878,0.000000,15.000000,0.000000
0.017880,0.000000,15.000000,0.000000
0.017882,0.000000,15.000000,0.000000
0.017884,0.000000,15.000000,0.000000
0.017886,0.000000,15.000000,0.000000
0.017888,0.000000,15.000000,0.000000
0.017890,0.000000,15.000000,0.000000
0.017892,0.000000,15.000000,0.000000
0.017894,0.000000,15.000000,0.000000
0.017896,0.000000,15.000000,0.000000
0.017898,0.000000,15.000000,0.000000
0.017900,0.000000,15.000000,0.000000
0.017902,0.000000,15.000000,0.000000
0.017904,0.000000,15.000000,0.000000
0.017906,0.000000,15.000000,0.000000
0.017908,0.000000,15.000000,0.000000
0.017910,0.000000,15.000000,0.000000
0.017912,0.000000,15.000000,0.000000
0.017914,0.000000,15.000000,0.000000
0.017916,0.000000,15.000000,0.000000
0.017918,0.000000,15.000000,0.000000
0.017920,0.000000,15.000000,0.000000
0.017922,0.000000,15.000000,0.000000
0.017924,0.000000,15.000000,0.000000
0.017926,0.000000,15.000000,0.000000
0.017928,0.000000,15.000000,0.000000
0.017930,0.000000,15.000000,0.000000
0.017932,0.000000,15.000000,0.000000
0.017934,0.000000,15.000000,0.000000
0.017936,0.000000,15.000000,0.000000
0.017938,0.000000,15.000000,0.000000
0.017940,0.000000,15.000000,0.000000
0.017942,0.000000,15.000000,0.000000
0.017944,0.000000,15.000000,0.000000
0.017946,0.000000,15.000000,0.000000
0.017948,0.000000,15.000000,0.000000
0.017950,0.000000,15.000000,0.000000
0.017952,0.000000,15.000000,0.000000
0.017954,0.000000,15.000000,0.000000
0.017956,0.000000,15.000000,0.000000
0.017958,0.000000,15.000000,0.000000
0.017960,0.000000,15.000000,0.000000
0.017962,0.000000,15.000000,0.000000
0.017964,0.000000,15.000000,0.000000
0.017966,0.000000,15.000000,0.000000
0.017968,0.000000,15.000000,0.000000
0.017970,0.000000,15.000000,0.000000
0.017972,0.000000,15.000000,0.000000
0.017974,0.000000,15.000000,0.000000
0.017976,0.000000,15.000000,0.000000
0.017978,0.000000,15.000000,0.000000
0.017980,0.000000,15.000000,0.000000
0.017982,0.000000,15.000000,0.000000
0.017984,0.000000,15.000000,0.000000
0.017986,0.000000,15.000000,0.000000
0.017988,0.000000,15.000000,0.000000
0.017990,0.000000,15.000000,0.000000
0.017992,0.000000,15.000000,0.000000
0.017994,0.000000,15.000000,0.000000
0.017996,0.000000,15.000000,0.000000
0.017998,0.000000,15.000000,0.000000
0.018000,0.000000,15.000000,0.000000
0.018002,0.000000,15.000000,0.000000
0.018004,0.000000,15.000000,0.000000
0.018006,0.000000,15.000000,0.000000
0.018008,0.000000,15.000000,0.000000
0.018010,0.000000,15.000000,0.000000
0.018012,0.000000,15.000000,0.000000
0.018014,0.000000,15.000000,0.000000
0.018016,0.000000,15.000000,0.000000
0.018018,0.000000,15.000000,0.000000
0.018020,0.000000,15.000000,0.000000
0.018022,0.000000,15.000000,0.000000
0.018024,0.000000,15.000000,0.000000
0.018026,0.000000,15.000000,0.000000
0.018028,0.000000,15.000000,0.000000
0.018030,0.000000,15.000000,0.000000
0.018032,0.000000,15.000000,0.000000
0.018034,0.000000,15.000000,0.000000
0.018036,0.000000,15.000000,0.000000
0.018038,0.000000,15.000000,0.000000
0.018040,0.000000,15.000000,0.000000
0.018042,0.000000,15.000000,0.000000
0.018044,0.000000,15.000000,0.000000
0.018046,0.000000,15.000000,0.000000
0.018048,0.000000,15.000000,0.000000
0.018050,0.000000,15.000000,0.000000
0.018052,0.000000,15.000000,0.000000
0.018054,0.000000,15.000000,0.000000
0.018056,0.000000,15.000000,0.000000
0.018058,0.000000,15.000000,0.000000
0.018060,0.000000,15.000000,0.000000
0.018062,0.000000,15.000000,0.000000
0.018064,0.000000,15.000000,0.000000
0.018066,0.000000,15.000000,0.000000
0.018068,0.000000,15.000000,0.000000
0.018070,0.000000,15.000000,0.000000
0.018072,0.000000,15.000000,0.000000
0.018074,0.000000,15.000000,0.000000
0.018076,0.000000,15.000000,0.000000
0.018078,0.000000,15.000000,0.000000
0.018080,0.000000,15.000000,0.000000
0.018082,0.000000,15.000000,0.000000
0.018084,0.000000,15.000000,0.000000
0.018086,0.000000,15.000000,0.000000
0.018088,0.000000,15.000000,0.000000
0.018090,0.000000,15.000000,0.000000
0.018092,0.000000,15.000000,0.000000
0.018094,0.000000,15.000000,0.000000
0.018096,0.000000,15.000000,0.000000
0.018098,0.000000,15.000000,0.000000
0.018100,0.000000,15.000000,0.000000
0.018102,0.000000,15.000000,0.000000
0.018104,0.000000,15.000000,0.000000
0.018106,0.000000,15.000000,0.000000
0.018108,0.000000,15.000000,0.000000
0.018110,0.000000,15.000000,0.000000
0.018112,0.000000,15.000000,0.000000
0.018114,0.000000,15.000000,0.000000
0.018116,0.000000,15.000000,0.000000
0.018118,0.000000,15.000000,0.000000
0.018120,0.000000,15.000000,0.000000
0.018122,0.000000,15.000000,0.000000
0.018124,0.000000,15.000000,0.000000
0.018126,0.000000,15.000000,0.000000
0.018128,0.000000,15.000000,0.000000
0.018130,0.000000,15.000000,0.000000
0.018132,0.000000,15.000000,0.000000
0.018134,0.000000,15.000000,0.000000
0.018136,0.000000,15.000000,0.000000
0.018138,0.000000,15.000000,0.000000
0.018140,0.000000,15.000000,0.000000
0.018142,0.000000,15.000000,0.000000
0.018144,0.000000,15.000000,0.000000
0.018146,0.000000,15.000000,0.000000
0.018148,0.000000,15.000000,0.000000
0.018150,0.000000,15.000000,0.000000
0.018152,0.000000,15.000000,0.000000
0.018154,0.000000,15.000000,0.000000
0.018156,0.000000,15.000000,0.000000
0.018158,0.000000,15.000000,0.000000
0.018160,0.000000,15.000000,0.000000
0.018162,0.000000,15.000000,0.000000
0.018164,0.000000,15.000000,0.000000
0.018166,0.000000,15.000000,0.000000
0.018168,0.000000,15.000000,0.000000
0.018170,0.000000,15.000000,0.000000
0.018172,0.000000,15.000000,0.000000
0.018174,0.000000,15.000000,0.000000
0.018176,0.000000,15.000000,0.000000
0.018178,0.000000,15.000000,0.000000
0.018180,0.000000,15.000000,0.000000
0.018182,0.000000,15.000000,0.000000
0.018184,0.000000,15.000000,0.000000
0.018186,0.000000,15.000000,0.000000
0.018188,0.000000,15.000000,0.000000
0.018190,0.000000,15.000000,0.000000
0.018192,0.000000,15.000000,0.000000
0.018194,0.000000,15.000000,0.000000
0.018196,0.000000,15.000000,0.000000
0.018198,0.000000,15.000000,0.000000
0.018200,0.000000,15.000000,0.000000
0.018202,0.000000,15.000000,0.000000
0.018204,0.000000,15.000000,0.000000
0.018206,0.000000,15.000000,0.000000
0.018208,0.000000,15.000000,0.000000
0.018210,0.000000,15.000000,0.000000
0.018212,0.000000,15.000000,0.000000
0.018214,0.000000,15.000000,0.000000
0.018216,0.000000,15.000000,0.000000
0.018218,0.000000,15.000000,0.000000
0.018220,0.000000,15.000000,0.000000
0.018222,0.000000,15.000000,0.000000
0.018224,0.000000,15.000000,0.000000
0.018226,0.000000,15.000000,0.000000
0.018228,0.000000,15.000000,0.000000
0.018230,0.000000,15.000000,0.000000
0.018232,0.000000,15.000000,0.000000
0.018234,0.000000,15.000000,0.000000
0.018236,0.000000,15.000000,0.000000
0.018238,0.000000,15.000000,0.000000
0.018240,0.000000,15.000000,0.000000
0.018242,0.000000,15.000000,0.000000
0.018244,0.000000,15.000000,0.000000
0.018246,0.000000,15.000000,0.000000
0.018248,0.000000,15.000000,0.000000
0.018250,0.000000,15.000000,0.000000
0.018252,0.000000,15.000000,0.000000
0.018254,0.000000,15.000000,0.000000
0.018256,0.000000,15.000000,0.000000
0.018258,0.000000,15.000000,0.000000
0.018260,0.000000,15.000000,0.000000
0.018262,0.000000,15.000000,0.000000
0.018264,0.000000,15.000000,0.000000
0.018266,0.000000,15.000000,0.000000
0.018268,0.000000,15.000000,0.000000
0.018270,0.000000,15.000000,0.000000
0.018272,0.000000,15.000000,0.000000
0.018274,0.000000,15.000000,0.000000
0.018276,0.000000,15.000000,0.000000
0.018278,0.000000,15.000000,0.000000
0.018280,0.000000,15.000000,0.000000
0.018282,0.000000,15.000000,0.000000
0.018284,0.000000,15.000000,0.000000
0.018286,0.000000,15.000000,0.000000
0.018288,0.000000,15.000000,0.000000
0.018290,0.000000,15.000000,0.000000
0.018292,0.000000,15.000000,0.000000
0.018294,0.000000,15.000000,0.000000
0.018296,0.000000,15.000000,0.000000
0.018298,0.000000,15.000000,0.000000
0.018300,0.000000,15.000000,0.000000
0.018302,0.000000,15.000000,0.000000
0.018304,0.000000,15.000000,0.000000
0.018306,0.000000,15.000000,0.000000
0.018308,0.000000,15.000000,0.000000
0.018310,0.000000,15.000000,0.000000
0.018312,0.000000,15.000000,0.000000
0.018314,0.000000,15.000000,0.000000
0.018316,0.000000,15.000000,0.000000
0.018318,0.000000,15.000000,0.000000
0.018320,0.000000,15.000000,0.000000
0.018322,0.000000,15.000000,0.000000
0.018324,0.000000,15.000000,0.000000
0.018326,0.000000,15.000000,0.000000
0.018328,0.000000,15.000000,0.000000
0.018330,0.000000,15.000000,0.000000
0.018332,0.000000,15.000000,0.000000
0.018334,0.000000,15.000000,0.000000
0.018336,0.000000,15.000000,0.000000
0.018338,0.000000,15.000000,0.000000
0.018340,0.000000,15.000000,0.000000
0.018342,0.000000,15.000000,0.000000
0.018344,0.000000,15.000000,0.000000
0.018346,0.000000,15.000000,0.000000
0.018348,0.000000,15.000000,0.000000
0.018350,0.000000,15.000000,0.000000
0.018352,0.000000,15.000000,0.000000
0.018354,0.000000,15.000000,0.000000
0.018356,0.000000,15.000000,0.000000
0.018358,0.000000,15.000000,0.000000
0.018360,0.000000,15.000000,0.000000
0.018362,0.000000,15.000000,0.000000
0.018364,0.000000,15.000000,0.000000
0.018366,0.000000,15.000000,0.000000
0.018368,0.000000,15.000000,0.000000
0.018370,0.000000,15.000000,0.000000
0.018372,0.000000,15.000000,0.000000
0.018374,0.000000,15.000000,0.000000
0.018376,0.000000,15.000000,0.000000
0.018378,0.000000,15.000000,0.000000
0.018380,0.000000,15.000000,0.000000
0.018382,0.000000,15.000000,0.000000
0.018384,0.000000,15.000000,0.000000
0.018386,0.000000,15.000000,0.000000
0.018388,0.000000,15.000000,0.000000
0.018390,0.000000,15.000000,0.000000
0.018392,0.000000,15.000000,0.000000
0.018394,0.000000,15.000000,0.000000
0.018396,0.000000,15.000000,0.000000
0.018398,0.000000,15.000000,0.000000
0.018400,0.000000,15.000000,0.000000
0.018402,0.000000,15.000000,0.000000
0.018404,0.000000,15.000000,0.000000
0.018406,0.000000,15.000000,0.000000
0.018408,0.000000,15.000000,0.000000
0.018410,0.000000,15.000000,0.000000
0.018412,0.000000,15.000000,0.000000
0.018414,0.000000,15.000000,0.000000
0.018416,0.000000,15.000000,0.000000
0.018418,0.000000,15.000000,0.000000
0.018420,0.000000,15.000000,0.000000
0.018422,0.000000,15.000000,0.000000
0.018424,0.000000,15.000000,0.000000
0.018426,0.000000,15.000000,0.000000
0.018428,0.000000,15.000000,0.000000
0.018430,0.000000,15.000000,0.000000
0.018432,0.000000,15.000000,0.000000
0.018434,0.000000,15.000000,0.000000
0.018436,0.000000,15.000000,0.000000
0.018438,0.000000,15.000000,0.000000
0.018440,0.000000,15.000000,0.000000
0.018442,0.000000,15.000000,0.000000
0.018444,0.000000,15.000000,0.000000
0.018446,0.000000,15.000000,0.000000
0.018448,0.000000,15.000000,0.000000
0.018450,0.000000,15.000000,0.000000
0.018452,0.000000,15.000000,0.000000
0.018454,0.000000,15.000000,0.000000
0.018456,0.000000,15.000000,0.000000
0.018458,0.000000,15.000000,0.000000
0.018460,0.000000,15.000000,0.000000
0.018462,0.000000,15.000000,0.000000
0.018464,0.000000,15.000000,0.000000
0.018466,0.000000,15.000000,0.000000
0.018468,0.000000,15.000000,0.000000
0.018470,0.000000,15.000000,0.000000
0.018472,0.000000,15.000000,0.000000
0.018474,0.000000,15.000000,0.000000
0.018476,0.000000,15.000000,0.000000
0.018478,0.000000,15.000000,0.000000
0.018480,0.000000,15.000000,0.000000
0.018482,0.000000,15.000000,0.000000
0.018484,0.000000,15.000000,0.000000
0.018486,0.000000,15.000000,0.000000
0.018488,0.000000,15.000000,0.000000
0.018490,0.000000,15.000000,0.000000
0.018492,0.000000,15.000000,0.000000
0.018494,0.000000,15.000000,0.000000
0.018496,0.000000,15.000000,0.000000
0.018498,0.000000,15.000000,0.000000
0.018500,0.000000,15.000000,0.000000
0.018502,0.000000,15.000000,0.000000
0.018504,0.000000,15.000000,0.000000
0.018506,0.000000,15.000000,0.000000
0.018508,0.000000,15.000000,0.000000
0.018510,0.000000,15.000000,0.000000
0.018512,0.000000,15.000000,0.000000
0.018514,0.000000,15.000000,0.000000
0.018516,0.000000,15.000000,0.000000
0.018518,0.000000,15.000000,0.000000
0.018520,0.000000,15.000000,0.000000
0.018522,0.000000,15.000000,0.000000
0.018524,0.000000,15.000000,0.000000
0.018526,0.000000,15.000000,0.000000
0.018528,0.000000,15.000000,0.000000
0.018530,0.000000,15.000000,0.000000
0.018532,0.000000,15.000000,0.000000
0.018534,0.000000,15.000000,0.000000
0.018536,0.000000,15.000000,0.000000
0.018538,0.000000,15.000000,0.000000
0.018540,0.000000,15.000000,0.000000
0.018542,0.000000,15.000000,0.000000
0.018544,0.000000,15.000000,0.000000
0.018546,0.000000,15.000000,0.000000
0.018548,0.000000,15.000000,0.000000
0.018550,0.000000,15.000000,0.000000
0.018552,0.000000,15.000000,0.000000
0.018554,0.000000,15.000000,0.000000
0.018556,0.000000,15.000000,0.000000
0.018558,0.000000,15.000000,0.000000
0.018560,0.000000,15.000000,0.000000
0.018562,0.000000,15.000000,0.000000
0.018564,0.000000,15.000000,0.000000
0.018566,0.000000,15.000000,0.000000
0.018568,0.000000,15.000000,0.000000
0.018570,0.000000,15.000000,0.000000
0.018572,0.000000,15.000000,0.000000
0.018574,0.000000,15.000000,0.000000
0.018576,0.000000,15.000000,0.000000
0.018578,0.000000,15.000000,0.000000
0.018580,0.000000,15.000000,0.000000
0.018582,0.000000,15.000000,0.000000
0.018584,0.000000,15.000000,0.000000
0.018586,0.000000,15.000000,0.000000
0.018588,0.000000,15.000000,0.000000
0.018590,0.000000,15.000000,0.000000
0.018592,0.000000,15.000000,0.000000
0.018594,0.000000,15.000000,0.000000
0.018596,0.000000,15.000000,0.000000
0.018598,0.000000,15.000000,0.000000
0.018600,0.000000,15.000000,0.000000
0.018602,0.000000,15.000000,0.000000
0.018604,0.000000,15.000000,0.000000
0.018606,0.000000,15.000000,0.000000
0.018608,0.000000,15.000000,0.000000
0.018610,0.000000,15.000000,0.000000
0.018612,0.000000,15.000000,0.000000
0.018614,0.000000,15.000000,0.000000
0.018616,0.000000,15.000000,0.000000
0.018618,0.000000,15.000000,0.000000
0.018620,0.000000,15.000000,0.000000
0.018622,0.000000,15.000000,0.000000
0.018624,0.000000,15.000000,0.000000
0.018626,0.000000,15.000000,0.000000
0.018628,0.000000,15.000000,0.000000
0.018630,0.000000,15.000000,0.000000
0.018632,0.000000,15.000000,0.000000
0.018634,0.000000,15.000000,0.000000
0.018636,0.000000,15.000000,0.000000
0.018638,0.000000,15.000000,0.000000
0.018640,0.000000,15.000000,0.000000
0.018642,0.000000,15.000000,0.000000
0.018644,0.000000,15.000000,0.000000
0.018646,0.000000,15.000000,0.000000
0.018648,0.000000,15.000000,0.000000
0.018650,0.000000,15.000000,0.000000
0.018652,0.000000,15.000000,0.000000
0.018654,0.000000,15.000000,0.000000
0.018656,0.000000,15.000000,0.000000
0.018658,0.000000,15.000000,0.000000
0.018660,0.000000,15.000000,0.000000
0.018662,0.000000,15.000000,0.000000
0.018664,0.000000,15.000000,0.000000
0.018666,0.000000,15.000000,0.000000
0.018668,0.000000,15.000000,0.000000
0.018670,0.000000,15.000000,0.000000
0.018672,0.000000,15.000000,0.000000
0.018674,0.000000,15.000000,0.000000
0.018676,0.000000,15.000000,0.000000
0.018678,0.000000,15.000000,0.000000
0.018680,0.000000,15.000000,0.000000
0.018682,0.000000,15.000000,0.000000
0.018684,0.000000,15.000000,0.000000
0.018686,0.000000,15.000000,0.000000
0.018688,0.000000,15.000000,0.000000
0.018690,0.000000,15.000000,0.000000
0.018692,0.000000,15.000000,0.000000
0.018694,0.000000,15.000000,0.000000
0.018696,0.000000,15.000000,0.000000
0.018698,0.000000,15.000000,0.000000
0.018700,0.000000,15.000000,0.000000
0.018702,0.000000,15.000000,0.000000
0.018704,0.000000,15.000000,0.000000
0.018706,0.000000,15.000000,0.000000
0.018708,0.000000,15.000000,0.000000
0.018710,0.000000,15.000000,0.000000
0.018712,0.000000,15.000000,0.000000
0.018714,0.000000,15.000000,0.000000
0.018716,0.000000,15.000000,0.000000
0.018718,0.000000,15.000000,0.000000
0.018720,0.000000,15.000000,0.000000
0.018722,0.000000,15.000000,0.000000
0.018724,0.000000,15.000000,0.000000
0.018726,0.000000,15.000000,0.000000
0.018728,0.000000,15.000000,0.000000
0.018730,0.000000,15.000000,0.000000
0.018732,0.000000,15.000000,0.000000
0.018734,0.000000,15.000000,0.000000
0.018736,0.000000,15.000000,0.000000
0.018738,0.000000,15.000000,0.000000
0.018740,0.000000,15.000000,0.000000
0.018742,0.000000,15.000000,0.000000
0.018744,0.000000,15.000000,0.000000
0.018746,0.000000,15.000000,0.000000
0.018748,0.000000,15.000000,0.000000
0.018750,0.000000,15.000000,0.000000
0.018752,0.000000,15.000000,0.000000
0.018754,0.000000,15.000000,0.000000
0.018756,0.000000,15.000000,0.000000
0.018758,0.000000,15.000000,0.000000
0.018760,0.000000,15.000000,0.000000
0.018762,0.000000,15.000000,0.000000
0.018764,0.000000,15.000000,0.000000
0.018766,0.000000,15.000000,0.000000
0.018768,0.000000,15.000000,0.000000
0.018770,0.000000,15.000000,0.000000
0.018772,0.000000,15.000000,0.000000
0.018774,0.000000,15.000000,0.000000
0.018776,0.000000,15.000000,0.000000
0.018778,0.000000,15.000000,0.000000
0.018780,0.000000,15.000000,0.000000
0.018782,0.000000,15.000000,0.000000
0.018784,0.000000,15.000000,0.000000
0.018786,0.000000,15.000000,0.000000
0.018788,0.000000,15.000000,0.000000
0.018790,0.000000,15.000000,0.000000
0.018792,0.000000,15.000000,0.000000
0.018794,0.000000,15.000000,0.000000
0.018796,0.000000,15.000000,0.000000
0.018798,0.000000,15.000000,0.000000
0.018800,0.000000,15.000000,0.000000
0.018802,0.000000,15.000000,0.000000
0.018804,0.000000,15.000000,0.000000
0.018806,0.000000,15.000000,0.000000
0.018808,0.000000,15.000000,0.000000
0.018810,0.000000,15.000000,0.000000
0.018812,0.000000,15.000000,0.000000
0.018814,0.000000,15.000000,0.000000
0.018816,0.000000,15.000000,0.000000
0.018818,0.000000,15.000000,0.000000
0.018820,0.000000,15.000000,0.000000
0.018822,0.000000,15.000000,0.000000
0.018824,0.000000,15.000000,0.000000
0.018826,0.000000,15.000000,0.000000
0.018828,0.000000,15.000000,0.000000
0.018830,0.000000,15.000000,0.000000
0.018832,0.000000,15.000000,0.000000
0.018834,0.000000,15.000000,0.000000
0.018836,0.000000,15.000000,0.000000
0.018838,0.000000,15.000000,0.000000
0.018840,0.000000,15.000000,0.000000
0.018842,0.000000,15.000000,0.000000
0.018844,0.000000,15.000000,0.000000
0.018846,0.000000,15.000000,0.000000
0.018848,0.000000,15.000000,0.000000
0.018850,0.000000,15.000000,0.000000
0.018852,0.000000,15.000000,0.000000
0.018854,0.000000,15.000000,0.000000
0.018856,0.000000,15.000000,0.000000
0.018858,0.000000,15.000000,0.000000
0.018860,0.000000,15.000000,0.000000
0.018862,0.000000,15.000000,0.000000
0.018864,0.000000,15.000000,0.000000
0.018866,0.000000,15.000000,0.000000
0.018868,0.000000,15.000000,0.000000
0.018870,0.000000,15.000000,0.000000
0.018872,0.000000,15.000000,0.000000
0.018874,0.000000,15.000000,0.000000
0.018876,0.000000,15.000000,0.000000
0.018878,0.000000,15.000000,0.000000
0.018880,0.000000,15.000000,0.000000
0.018882,0.000000,15.000000,0.000000
0.018884,0.000000,15.000000,0.000000
0.018886,0.000000,15.000000,0.000000
0.018888,0.000000,15.000000,0.000000
0.018890,0.000000,15.000000,0.000000
0.018892,0.000000,15.000000,0.000000
0.018894,0.000000,15.000000,0.000000
0.018896,0.000000,15.000000,0.000000
0.018898,0.000000,15.000000,0.000000
0.018900,0.000000,15.000000,0.000000
0.018902,0.000000,15.000000,0.000000
0.018904,0.000000,15.000000,0.000000
0.018906,0.000000,15.000000,0.000000
0.018908,0.000000,15.000000,0.000000
0.018910,0.000000,15.000000,0.000000
0.018912,0.000000,15.000000,0.000000
0.018914,0.000000,15.000000,0.000000
0.018916,0.000000,15.000000,0.000000
0.018918,0.000000,15.000000,0.000000
0.018920,0.000000,15.000000,0.000000
0.018922,0.000000,15.000000,0.000000
0.018924,0.000000,15.000000,0.000000
0.018926,0.000000,15.000000,0.000000
0.018928,0.000000,15.000000,0.000000
0.018930,0.000000,15.000000,0.000000
0.018932,0.000000,15.000000,0.000000
0.018934,0.000000,15.000000,0.000000
0.018936,0.000000,15.000000,0.000000
0.018938,0.000000,15.000000,0.000000
0.018940,0.000000,15.000000,0.000000
0.018942,0.000000,15.000000,0.000000
0.018944,0.000000,15.000000,0.000000
0.018946,0.000000,15.000000,0.000000
0.018948,0.000000,15.000000,0.000000
0.018950,0.000000,15.000000,0.000000
0.018952,0.000000,15.000000,0.000000
0.018954,0.000000,15.000000,0.000000
0.018956,0.000000,15.000000,0.000000
0.018958,0.000000,15.000000,0.000000
0.018960,0.000000,15.000000,0.000000
0.018962,0.000000,15.000000,0.000000
0.018964,0.000000,15.000000,0.000000
0.018966,0.000000,15.000000,0.000000
0.018968,0.000000,15.000000,0.000000
0.018970,0.000000,15.000000,0.000000
0.018972,0.000000,15.000000,0.000000
0.018974,0.000000,15.000000,0.000000
0.018976,0.000000,15.000000,0.000000
0.018978,0.000000,15.000000,0.000000
0.018980,0.000000,15.000000,0.000000
0.018982,0.000000,15.000000,0.000000
0.018984,0.000000,15.000000,0.000000
0.018986,0.000000,15.000000,0.000000
0.018988,0.000000,15.000000,0.000000
0.018990,0.000000,15.000000,0.000000
0.018992,0.000000,15.000000,0.000000
0.018994,0.000000,15.000000,0.000000
0.018996,0.000000,15.000000,0.000000
0.018998,0.000000,15.000000,0.000000
0.019000,0.000000,15.000000,0.000000
0.019002,0.000000,15.000000,0.000000
0.019004,0.000000,15.000000,0.000000
0.019006,0.000000,15.000000,0.000000
0.019008,0.000000,15.000000,0.000000
0.019010,0.000000,15.000000,0.000000
0.019012,0.000000,15.000000,0.000000
0.019014,0.000000,15.000000,0.000000
0.019016,0.000000,15.000000,0.000000
0.019018,0.000000,15.000000,0.000000
0.019020,0.000000,15.000000,0.000000
0.019022,0.000000,15.000000,0.000000
0.019024,0.000000,15.000000,0.000000
0.019026,0.000000,15.000000,0.000000
0.019028,0.000000,15.000000,0.000000
0.019030,0.000000,15.000000,0.000000
0.019032,0.000000,15.000000,0.000000
0.019034,0.000000,15.000000,0.000000
0.019036,0.000000,15.000000,0.000000
0.019038,0.000000,15.000000,0.000000
0.019040,0.000000,15.000000,0.000000
0.019042,0.000000,15.000000,0.000000
0.019044,0.000000,15.000000,0.000000
0.019046,0.000000,15.000000,0.000000
0.019048,0.000000,15.000000,0.000000
0.019050,0.000000,15.000000,0.000000
0.019052,0.000000,15.000000,0.000000
0.019054,0.000000,15.000000,0.000000
0.019056,0.000000,15.000000,0.000000
0.019058,0.000000,15.000000,0.000000
0.019060,0.000000,15.000000,0.000000
0.019062,0.000000,15.000000,0.000000
0.019064,0.000000,15.000000,0.000000
0.019066,0.000000,15.000000,0.000000
0.019068,0.000000,15.000000,0.000000
0.019070,0.000000,15.000000,0.000000
0.019072,0.000000,15.000000,0.000000
0.019074,0.000000,15.000000,0.000000
0.019076,0.000000,15.000000,0.000000
0.019078,0.000000,15.000000,0.000000
0.019080,0.000000,15.000000,0.000000
0.019082,0.000000,15.000000,0.000000
0.019084,0.000000,15.000000,0.000000
0.019086,0.000000,15.000000,0.000000
0.019088,0.000000,15.000000,0.000000
0.019090,0.000000,15.000000,0.000000
0.019092,0.000000,15.000000,0.000000
0.019094,0.000000,15.000000,0.000000
0.019096,0.000000,15.000000,0.000000
0.019098,0.000000,15.000000,0.000000
0.019100,0.000000,15.000000,0.000000
0.019102,0.000000,15.000000,0.000000
0.019104,0.000000,15.000000,0.000000
0.019106,0.000000,15.000000,0.000000
0.019108,0.000000,15.000000,0.000000
0.019110,0.000000,15.000000,0.000000
0.019112,0.000000,15.000000,0.000000
0.019114,0.000000,15.000000,0.000000
0.019116,0.000000,15.000000,0.000000
0.019118,0.000000,15.000000,0.000000
0.019120,0.000000,15.000000,0.000000
0.019122,0.000000,15.000000,0.000000
0.019124,0.000000,15.000000,0.000000
0.019126,0.000000,15.000000,0.000000
0.019128,0.000000,15.000000,0.000000
0.019130,0.000000,15.000000,0.000000
0.019132,0.000000,15.000000,0.000000
0.019134,0.000000,15.000000,0.000000
0.019136,0.000000,15.000000,0.000000
0.019138,0.000000,15.000000,0.000000
0.019140,0.000000,15.000000,0.000000
0.019142,0.000000,15.000000,0.000000
0.019144,0.000000,15.000000,0.000000
0.019146,0.000000,15.000000,0.000000
0.019148,0.000000,15.000000,0.000000
0.019150,0.000000,15.000000,0.000000
0.019152,0.000000,15.000000,0.000000
0.019154,0.000000,15.000000,0.000000
0.019156,0.000000,15.000000,0.000000
0.019158,0.000000,15.000000,0.000000
0.019160,0.000000,15.000000,0.000000
0.019162,0.000000,15.000000,0.000000
0.019164,0.000000,15.000000,0.000000
0.019166,0.000000,15.000000,0.000000
0.019168,0.000000,15.000000,0.000000
0.019170,0.000000,15.000000,0.000000
0.019172,0.000000,15.000000,0.000000
0.019174,0.000000,15.000000,0.000000
0.019176,0.000000,15.000000,0.000000
0.019178,0.000000,15.000000,0.000000
0.019180,0.000000,15.000000,0.000000
0.019182,0.000000,15.000000,0.000000
0.019184,0.000000,15.000000,0.000000
0.019186,0.000000,15.000000,0.000000
0.019188,0.000000,15.000000,0.000000
0.019190,0.000000,15.000000,0.000000
0.019192,0.000000,15.000000,0.000000
0.019194,0.000000,15.000000,0.000000
0.019196,0.000000,15.000000,0.000000
0.019198,0.000000,15.000000,0.000000
0.019200,0.000000,15.000000,0.000000
0.019202,0.000000,15.000000,0.000000
0.019204,0.000000,15.000000,0.000000
0.019206,0.000000,15.000000,0.000000
0.019208,0.000000,15.000000,0.000000
0.019210,0.000000,15.000000,0.000000
0.019212,0.000000,15.000000,0.000000
0.019214,0.000000,15.000000,0.000000
0.019216,0.000000,15.000000,0.000000
0.019218,0.000000,15.000000,0.000000
0.019220,0.000000,15.000000,0.000000
0.019222,0.000000,15.000000,0.000000
0.019224,0.000000,15.000000,0.000000
0.019226,0.000000,15.000000,0.000000
0.019228,0.000000,15.000000,0.000000
0.019230,0.000000,15.000000,0.000000
0.019232,0.000000,15.000000,0.000000
0.019234,0.000000,15.000000,0.000000
0.019236,0.000000,15.000000,0.000000
0.019238,0.000000,15.000000,0.000000
0.019240,0.000000,15.000000,0.000000
0.019242,0.000000,15.000000,0.000000
0.019244,0.000000,15.000000,0.000000
0.019246,0.000000,15.000000,0.000000
0.019248,0.000000,15.000000,0.000000
0.019250,0.000000,15.000000,0.000000
0.019252,0.000000,15.000000,0.000000
0.019254,0.000000,15.000000,0.000000
0.019256,0.000000,15.000000,0.000000
0.019258,0.000000,15.000000,0.000000
0.019260,0.000000,15.000000,0.000000
0.019262,0.000000,15.000000,0.000000
0.019264,0.000000,15.000000,0.000000
0.019266,0.000000,15.000000,0.000000
0.019268,0.000000,15.000000,0.000000
0.019270,0.000000,15.000000,0.000000
0.019272,0.000000,15.000000,0.000000
0.019274,0.000000,15.000000,0.000000
0.019276,0.000000,15.000000,0.000000
0.019278,0.000000,15.000000,0.000000
0.019280,0.000000,15.000000,0.000000
0.019282,0.000000,15.000000,0.000000
0.019284,0.000000,15.000000,0.000000
0.019286,0.000000,15.000000,0.000000
0.019288,0.000000,15.000000,0.000000
0.019290,0.000000,15.000000,0.000000
0.019292,0.000000,15.000000,0.000000
0.019294,0.000000,15.000000,0.000000
0.019296,0.000000,15.000000,0.000000
0.019298,0.000000,15.000000,0.000000
0.019300,0.000000,15.000000,0.000000
0.019302,0.000000,15.000000,0.000000
0.019304,0.000000,15.000000,0.000000
0.019306,0.000000,15.000000,0.000000
0.019308,0.000000,15.000000,0.000000
0.019310,0.000000,15.000000,0.000000
0.019312,0.000000,15.000000,0.000000
0.019314,0.000000,15.000000,0.000000
0.019316,0.000000,15.000000,0.000000
0.019318,0.000000,15.000000,0.000000
0.019320,0.000000,15.000000,0.000000
0.019322,0.000000,15.000000,0.000000
0.019324,0.000000,15.000000,0.000000
0.019326,0.000000,15.000000,0.000000
0.019328,0.000000,15.000000,0.000000
0.019330,0.000000,15.000000,0.000000
0.019332,0.000000,15.000000,0.000000
0.019334,0.000000,15.000000,0.000000
0.019336,0.000000,15.000000,0.000000
0.019338,0.000000,15.000000,0.000000
0.019340,0.000000,15.000000,0.000000
0.019342,0.000000,15.000000,0.000000
0.019344,0.000000,15.000000,0.000000
0.019346,0.000000,15.000000,0.000000
0.019348,0.000000,15.000000,0.000000
0.019350,0.000000,15.000000,0.000000
0.019352,0.000000,15.000000,0.000000
0.019354,0.000000,15.000000,0.000000
0.019356,0.000000,15.000000,0.000000
0.019358,0.000000,15.000000,0.000000
0.019360,0.000000,15.000000,0.000000
0.019362,0.000000,15.000000,0.000000
0.019364,0.000000,15.000000,0.000000
0.019366,0.000000,15.000000,0.000000
0.019368,0.000000,15.000000,0.000000
0.019370,0.000000,15.000000,0.000000
0.019372,0.000000,15.000000,0.000000
0.019374,0.000000,15.000000,0.000000
0.019376,0.000000,15.000000,0.000000
0.019378,0.000000,15.000000,0.000000
0.019380,0.000000,15.000000,0.000000
0.019382,0.000000,15.000000,0.000000
0.019384,0.000000,15.000000,0.000000
0.019386,0.000000,15.000000,0.000000
0.019388,0.000000,15.000000,0.000000
0.019390,0.000000,15.000000,0.000000
0.019392,0.000000,15.000000,0.000000
0.019394,0.000000,15.000000,0.000000
0.019396,0.000000,15.000000,0.000000
0.019398,0.000000,15.000000,0.000000
0.019400,0.000000,15.000000,0.000000
0.019402,0.000000,15.000000,0.000000
0.019404,0.000000,15.000000,0.000000
0.019406,0.000000,15.000000,0.000000
0.019408,0.000000,15.000000,0.000000
0.019410,0.000000,15.000000,0.000000
0.019412,0.000000,15.000000,0.000000
0.019414,0.000000,15.000000,0.000000
0.019416,0.000000,15.000000,0.000000
0.019418,0.000000,15.000000,0.000000
0.019420,0.000000,15.000000,0.000000
0.019422,0.000000,15.000000,0.000000
0.019424,0.000000,15.000000,0.000000
0.019426,0.000000,15.000000,0.000000
0.019428,0.000000,15.000000,0.000000
0.019430,0.000000,15.000000,0.000000
0.019432,0.000000,15.000000,0.000000
0.019434,0.000000,15.000000,0.000000
0.019436,0.000000,15.000000,0.000000
0.019438,0.000000,15.000000,0.000000
0.019440,0.000000,15.000000,0.000000
0.019442,0.000000,15.000000,0.000000
0.019444,0.000000,15.000000,0.000000
0.019446,0.000000,15.000000,0.000000
0.019448,0.000000,15.000000,0.000000
0.019450,0.000000,15.000000,0.000000
0.019452,0.000000,15.000000,0.000000
0.019454,0.000000,15.000000,0.000000
0.019456,0.000000,15.000000,0.000000
0.019458,0.000000,15.000000,0.000000
0.019460,0.000000,15.000000,0.000000
0.019462,0.000000,15.000000,0.000000
0.019464,0.000000,15.000000,0.000000
0.019466,0.000000,15.000000,0.000000
0.019468,0.000000,15.000000,0.000000
0.019470,0.000000,15.000000,0.000000
0.019472,0.000000,15.000000,0.000000
0.019474,0.000000,15.000000,0.000000
0.019476,0.000000,15.000000,0.000000
0.019478,0.000000,15.000000,0.000000
0.019480,0.000000,15.000000,0.000000
0.019482,0.000000,15.000000,0.000000
0.019484,0.000000,15.000000,0.000000
0.019486,0.000000,15.000000,0.000000
0.019488,0.000000,15.000000,0.000000
0.019490,0.000000,15.000000,0.000000
0.019492,0.000000,15.000000,0.000000
0.019494,0.000000,15.000000,0.000000
0.019496,0.000000,15.000000,0.000000
0.019498,0.000000,15.000000,0.000000
0.019500,0.000000,15.000000,0.000000
0.019502,0.000000,15.000000,0.000000
0.019504,0.000000,15.000000,0.000000
0.019506,0.000000,15.000000,0.000000
0.019508,0.000000,15.000000,0.000000
0.019510,0.000000,15.000000,0.000000
0.019512,0.000000,15.000000,0.000000
0.019514,0.000000,15.000000,0.000000
0.019516,0.000000,15.000000,0.000000
0.019518,0.000000,15.000000,0.000000
0.019520,0.000000,15.000000,0.000000
0.019522,0.000000,15.000000,0.000000
0.019524,0.000000,15.000000,0.000000
0.019526,0.000000,15.000000,0.000000
0.019528,0.000000,15.000000,0.000000
0.019530,0.000000,15.000000,0.000000
0.019532,0.000000,15.000000,0.000000
0.019534,0.000000,15.000000,0.000000
0.019536,0.000000,15.000000,0.000000
0.019538,0.000000,15.000000,0.000000
0.019540,0.000000,15.000000,0.000000
0.019542,0.000000,15.000000,0.000000
0.019544,0.000000,15.000000,0.000000
0.019546,0.000000,15.000000,0.000000
0.019548,0.000000,15.000000,0.000000
0.019550,0.000000,15.000000,0.000000
0.019552,0.000000,15.000000,0.000000
0.019554,0.000000,15.000000,0.000000
0.019556,0.000000,15.000000,0.000000
0.019558,0.000000,15.000000,0.000000
0.019560,0.000000,15.000000,0.000000
0.019562,0.000000,15.000000,0.000000
0.019564,0.000000,15.000000,0.000000
0.019566,0.000000,15.000000,0.000000
0.019568,0.000000,15.000000,0.000000
0.019570,0.000000,15.000000,0.000000
0.019572,0.000000,15.000000,0.000000
0.019574,0.000000,15.000000,0.000000
0.019576,0.000000,15.000000,0.000000
0.019578,0.000000,15.000000,0.000000
0.019580,0.000000,15.000000,0.000000
0.019582,0.000000,15.000000,0.000000
0.019584,0.000000,15.000000,0.000000
0.019586,0.000000,15.000000,0.000000
0.019588,0.000000,15.000000,0.000000
0.019590,0.000000,15.000000,0.000000
0.019592,0.000000,15.000000,0.000000
0.019594,0.000000,15.000000,0.000000
0.019596,0.000000,15.000000,0.000000
0.019598,0.000000,15.000000,0.000000
0.019600,0.000000,15.000000,0.000000
0.019602,0.000000,15.000000,0.000000
0.019604,0.000000,15.000000,0.000000
0.019606,0.000000,15.000000,0.000000
0.019608,0.000000,15.000000,0.000000
0.019610,0.000000,15.000000,0.000000
0.019612,0.000000,15.000000,0.000000
0.019614,0.000000,15.000000,0.000000
0.019616,0.000000,15.000000,0.000000
0.019618,0.000000,15.000000,0.000000
0.019620,0.000000,15.000000,0.000000
0.019622,0.000000,15.000000,0.000000
0.019624,0.000000,15.000000,0.000000
0.019626,0.000000,15.000000,0.000000
0.019628,0.000000,15.000000,0.000000
0.019630,0.000000,15.000000,0.000000
0.019632,0.000000,15.000000,0.000000
0.019634,0.000000,15.000000,0.000000
0.019636,0.000000,15.000000,0.000000
0.019638,0.000000,15.000000,0.000000
0.019640,0.000000,15.000000,0.000000
0.019642,0.000000,15.000000,0.000000
0.019644,0.000000,15.000000,0.000000
0.019646,0.000000,15.000000,0.000000
0.019648,0.000000,15.000000,0.000000
0.019650,0.000000,15.000000,0.000000
0.019652,0.000000,15.000000,0.000000
0.019654,0.000000,15.000000,0.000000
0.019656,0.000000,15.000000,0.000000
0.019658,0.000000,15.000000,0.000000
0.019660,0.000000,15.000000,0.000000
0.019662,0.000000,15.000000,0.000000
0.019664,0.000000,15.000000,0.000000
0.019666,0.000000,15.000000,0.000000
0.019668,0.000000,15.000000,0.000000
0.019670,0.000000,15.000000,0.000000
0.019672,0.000000,15.000000,0.000000
0.019674,0.000000,15.000000,0.000000
0.019676,0.000000,15.000000,0.000000
0.019678,0.000000,15.000000,0.000000
0.019680,0.000000,15.000000,0.000000
0.019682,0.000000,15.000000,0.000000
0.019684,0.000000,15.000000,0.000000
0.019686,0.000000,15.000000,0.000000
0.019688,0.000000,15.000000,0.000000
0.019690,0.000000,15.000000,0.000000
0.019692,0.000000,15.000000,0.000000
0.019694,0.000000,15.000000,0.000000
0.019696,0.000000,15.000000,0.000000
0.019698,0.000000,15.000000,0.000000
0.019700,0.000000,15.000000,0.000000
0.019702,0.000000,15.000000,0.000000
0.019704,0.000000,15.000000,0.000000
0.019706,0.000000,15.000000,0.000000
0.019708,0.000000,15.000000,0.000000
0.019710,0.000000,15.000000,0.000000
0.019712,0.000000,15.000000,0.000000
0.019714,0.000000,15.000000,0.000000
0.019716,0.000000,15.000000,0.000000
0.019718,0.000000,15.000000,0.000000
0.019720,0.000000,15.000000,0.000000
0.019722,0.000000,15.000000,0.000000
0.019724,0.000000,15.000000,0.000000
0.019726,0.000000,15.000000,0.000000
0.019728,0.000000,15.000000,0.000000
0.019730,0.000000,15.000000,0.000000
0.019732,0.000000,15.000000,0.000000
0.019734,0.000000,15.000000,0.000000
0.019736,0.000000,15.000000,0.000000
0.019738,0.000000,15.000000,0.000000
0.019740,0.000000,15.000000,0.000000
0.019742,0.000000,15.000000,0.000000
0.019744,0.000000,15.000000,0.000000
0.019746,0.000000,15.000000,0.000000
0.019748,0.000000,15.000000,0.000000
0.019750,0.000000,15.000000,0.000000
0.019752,0.000000,15.000000,0.000000
0.019754,0.000000,15.000000,0.000000
0.019756,0.000000,15.000000,0.000000
0.019758,0.000000,15.000000,0.000000
0.019760,0.000000,15.000000,0.000000
0.019762,0.000000,15.000000,0.000000
0.019764,0.000000,15.000000,0.000000
0.019766,0.000000,15.000000,0.000000
0.019768,0.000000,15.000000,0.000000
0.019770,0.000000,15.000000,0.000000
0.019772,0.000000,15.000000,0.000000
0.019774,0.000000,15.000000,0.000000
0.019776,0.000000,15.000000,0.000000
0.019778,0.000000,15.000000,0.000000
0.019780,0.000000,15.000000,0.000000
0.019782,0.000000,15.000000,0.000000
0.019784,0.000000,15.000000,0.000000
0.019786,0.000000,15.000000,0.000000
0.019788,0.000000,15.000000,0.000000
0.019790,0.000000,15.000000,0.000000
0.019792,0.000000,15.000000,0.000000
0.019794,0.000000,15.000000,0.000000
0.019796,0.000000,15.000000,0.000000
0.019798,0.000000,15.000000,0.000000
0.019800,0.000000,15.000000,0.000000
0.019802,0.000000,15.000000,0.000000
0.019804,0.000000,15.000000,0.000000
0.019806,0.000000,15.000000,0.000000
0.019808,0.000000,15.000000,0.000000
0.019810,0.000000,15.000000,0.000000
0.019812,0.000000,15.000000,0.000000
0.019814,0.000000,15.000000,0.000000
0.019816,0.000000,15.000000,0.000000
0.019818,0.000000,15.000000,0.000000
0.019820,0.000000,15.000000,0.000000
0.019822,0.000000,15.000000,0.000000
0.019824,0.000000,15.000000,0.000000
0.019826,0.000000,15.000000,0.000000
0.019828,0.000000,15.000000,0.000000
0.019830,0.000000,15.000000,0.000000
0.019832,0.000000,15.000000,0.000000
0.019834,0.000000,15.000000,0.000000
0.019836,0.000000,15.000000,0.000000
0.019838,0.000000,15.000000,0.000000
0.019840,0.000000,15.000000,0.000000
0.019842,0.000000,15.000000,0.000000
0.019844,0.000000,15.000000,0.000000
0.019846,0.000000,15.000000,0.000000
0.019848,0.000000,15.000000,0.000000
0.019850,0.000000,15.000000,0.000000
0.019852,0.000000,15.000000,0.000000
0.019854,0.000000,15.000000,0.000000
0.019856,0.000000,15.000000,0.000000
0.019858,0.000000,15.000000,0.000000
0.019860,0.000000,15.000000,0.000000
0.019862,0.000000,15.000000,0.000000
0.019864,0.000000,15.000000,0.000000
0.019866,0.000000,15.000000,0.000000
0.019868,0.000000,15.000000,0.000000
0.019870,0.000000,15.000000,0.000000
0.019872,0.000000,15.000000,0.000000
0.019874,0.000000,15.000000,0.000000
0.019876,0.000000,15.000000,0.000000
0.019878,0.000000,15.000000,0.000000
0.019880,0.000000,15.000000,0.000000
0.019882,0.000000,15.000000,0.000000
0.019884,0.000000,15.000000,0.000000
0.019886,0.000000,15.000000,0.000000
0.019888,0.000000,15.000000,0.000000
0.019890,0.000000,15.000000,0.000000
0.019892,0.000000,15.000000,0.000000
0.019894,0.000000,15.000000,0.000000
0.019896,0.000000,15.000000,0.000000
0.019898,0.000000,15.000000,0.000000
0.019900,0.000000,15.000000,0.000000
0.019902,0.000000,15.000000,0.000000
0.019904,0.000000,15.000000,0.000000
0.019906,0.000000,15.000000,0.000000
0.019908,0.000000,15.000000,0.000000
0.019910,0.000000,15.000000,0.000000
0.019912,0.000000,15.000000,0.000000
0.019914,0.000000,15.000000,0.000000
0.019916,0.000000,15.000000,0.000000
0.019918,0.000000,15.000000,0.000000
0.019920,0.000000,15.000000,0.000000
0.019922,0.000000,15.000000,0.000000
0.019924,0.000000,15.000000,0.000000
0.019926,0.000000,15.000000,0.000000
0.019928,0.000000,15.000000,0.000000
0.019930,0.000000,15.000000,0.000000
0.019932,0.000000,15.000000,0.000000
0.019934,0.000000,15.000000,0.000000
0.019936,0.000000,15.000000,0.000000
0.019938,0.000000,15.000000,0.000000
0.019940,0.000000,15.000000,0.000000
0.019942,0.000000,15.000000,0.000000
0.019944,0.000000,15.000000,0.000000
0.019946,0.000000,15.000000,0.000000
0.019948,0.000000,15.000000,0.000000
0.019950,0.000000,15.000000,0.000000
0.019952,0.000000,15.000000,0.000000
0.019954,0.000000,15.000000,0.000000
0.019956,0.000000,15.000000,0.000000
0.019958,0.000000,15.000000,0.000000
0.019960,0.000000,15.000000,0.000000
0.019962,0.000000,15.000000,0.000000
0.019964,0.000000,15.000000,0.000000
0.019966,0.000000,15.000000,0.000000
0.019968,0.000000,15.000000,0.000000
0.019970,0.000000,15.000000,0.000000
0.019972,0.000000,15.000000,0.000000
0.019974,0.000000,15.000000,0.000000
0.019976,0.000000,15.000000,0.000000
0.019978,0.000000,15.000000,0.000000
0.019980,0.000000,15.000000,0.000000
0.019982,0.000000,15.000000,0.000000
0.019984,0.000000,15.000000,0.000000
0.019986,0.000000,15.000000,0.000000
0.019988,0.000000,15.000000,0.000000
0.019990,0.000000,15.000000,0.000000
0.019992,0.000000,15.000000,0.000000
0.019994,0.000000,15.000000,0.000000
0.019996,0.000000,15.000000,0.000000
0.019998,0.000000,15.000000,0.000000
0.020000,0.000000,15.000000,0.000000
0.020002,0.000000,15.000000,0.000000
0.020004,0.000000,15.000000,0.000000
0.020006,0.000000,15.000000,0.000000
0.020008,0.000000,15.000000,0.000000
0.020010,0.000000,15.000000,0.000000
0.020012,0.000000,15.000000,0.000000
0.020014,0.000000,15.000000,0.000000
0.020016,0.000000,15.000000,0.000000
0.020018,0.000000,15.000000,0.000000
0.020020,0.000000,15.000000,0.000000
0.020022,0.000000,15.000000,0.000000
0.020024,0.000000,15.000000,0.000000
0.020026,0.000000,15.000000,0.000000
0.020028,0.000000,15.000000,0.000000
0.020030,0.000000,15.000000,0.000000
0.020032,0.000000,15.000000,0.000000
0.020034,0.000000,15.000000,0.000000
0.020036,0.000000,15.000000,0.000000
0.020038,0.000000,15.000000,0.000000
0.020040,0.000000,15.000000,0.000000
0.020042,0.000000,15.000000,0.000000
0.020044,0.000000,15.000000,0.000000
0.020046,0.000000,15.000000,0.000000
0.020048,0.000000,15.000000,0.000000
0.020050,0.000000,15.000000,0.000000
0.020052,0.000000,15.000000,0.000000
0.020054,0.000000,15.000000,0.000000
0.020056,0.000000,15.000000,0.000000
0.020058,0.000000,15.000000,0.000000
0.020060,0.000000,15.000000,0.000000
0.020062,0.000000,15.000000,0.000000
0.020064,0.000000,15.000000,0.000000
0.020066,0.000000,15.000000,0.000000
0.020068,0.000000,15.000000,0.000000
0.020070,0.000000,15.000000,0.000000
0.020072,0.000000,15.000000,0.000000
0.020074,0.000000,15.000000,0.000000
0.020076,0.000000,15.000000,0.000000
0.020078,0.000000,15.000000,0.000000
0.020080,0.000000,15.000000,0.000000
0.020082,0.000000,15.000000,0.000000
0.020084,0.000000,15.000000,0.000000
0.020086,0.000000,15.000000,0.000000
0.020088,0.000000,15.000000,0.000000
0.020090,0.000000,15.000000,0.000000
0.020092,0.000000,15.000000,0.000000
0.020094,0.000000,15.000000,0.000000
0.020096,0.000000,15.000000,0.000000
0.020098,0.000000,15.000000,0.000000
0.020100,0.000000,15.000000,0.000000
0.020102,0.000000,15.000000,0.000000
0.020104,0.000000,15.000000,0.000000
0.020106,0.000000,15.000000,0.000000
0.020108,0.000000,15.000000,0.000000
0.020110,0.000000,15.000000,0.000000
0.020112,0.000000,15.000000,0.000000
0.020114,0.000000,15.000000,0.000000
0.020116,0.000000,15.000000,0.000000
0.020118,0.000000,15.000000,0.000000
0.020120,0.000000,15.000000,0.000000
0.020122,0.000000,15.000000,0.000000
0.020124,0.000000,15.000000,0.000000
0.020126,0.000000,15.000000,0.000000
0.020128,0.000000,15.000000,0.000000
0.020130,0.000000,15.000000,0.000000
0.020132,0.000000,15.000000,0.000000
0.020134,0.000000,15.000000,0.000000
0.020136,0.000000,15.000000,0.000000
0.020138,0.000000,15.000000,0.000000
0.020140,0.000000,15.000000,0.000000
0.020142,0.000000,15.000000,0.000000
0.020144,0.000000,15.000000,0.000000
0.020146,0.000000,15.000000,0.000000
0.020148,0.000000,15.000000,0.000000
0.020150,0.000000,15.000000,0.000000
0.020152,0.000000,15.000000,0.000000
0.020154,0.000000,15.000000,0.000000
0.020156,0.000000,15.000000,0.000000
0.020158,0.000000,15.000000,0.000000
0.020160,0.000000,15.000000,0.000000
0.020162,0.000000,15.000000,0.000000
0.020164,0.000000,15.000000,0.000000
0.020166,0.000000,15.000000,0.000000
0.020168,0.000000,15.000000,0.000000
0.020170,0.000000,15.000000,0.000000
0.020172,0.000000,15.000000,0.000000
0.020174,0.000000,15.000000,0.000000
0.020176,0.000000,15.000000,0.000000
0.020178,0.000000,15.000000,0.000000
0.020180,0.000000,15.000000,0.000000
0.020182,0.000000,15.000000,0.000000
0.020184,0.000000,15.000000,0.000000
0.020186,0.000000,15.000000,0.000000
0.020188,0.000000,15.000000,0.000000
0.020190,0.000000,15.000000,0.000000
0.020192,0.000000,15.000000,0.000000
0.020194,0.000000,15.000000,0.000000
0.020196,0.000000,15.000000,0.000000
0.020198,0.000000,15.000000,0.000000
0.020200,0.000000,15.000000,0.000000
0.020202,0.000000,15.000000,0.000000
0.020204,0.000000,15.000000,0.000000
0.020206,0.000000,15.000000,0.000000
0.020208,0.000000,15.000000,0.000000
0.020210,0.000000,15.000000,0.000000
0.020212,0.000000,15.000000,0.000000
0.020214,0.000000,15.000000,0.000000
0.020216,0.000000,15.000000,0.000000
0.020218,0.000000,15.000000,0.000000
0.020220,0.000000,15.000000,0.000000
0.020222,0.000000,15.000000,0.000000
0.020224,0.000000,15.000000,0.000000
0.020226,0.000000,15.000000,0.000000
0.020228,0.000000,15.000000,0.000000
0.020230,0.000000,15.000000,0.000000
0.020232,0.000000,15.000000,0.000000
0.020234,0.000000,15.000000,0.000000
0.020236,0.000000,15.000000,0.000000
0.020238,0.000000,15.000000,0.000000
0.020240,0.000000,15.000000,0.000000
0.020242,0.000000,15.000000,0.000000
0.020244,0.000000,15.000000,0.000000
0.020246,0.000000,15.000000,0.000000
0.020248,0.000000,15.000000,0.000000
0.020250,0.000000,15.000000,0.000000
0.020252,0.000000,15.000000,0.000000
0.020254,0.000000,15.000000,0.000000
0.020256,0.000000,15.000000,0.000000
0.020258,0.000000,15.000000,0.000000
0.020260,0.000000,15.000000,0.000000
0.020262,0.000000,15.000000,0.000000
0.020264,0.000000,15.000000,0.000000
0.020266,0.000000,15.000000,0.000000
0.020268,0.000000,15.000000,0.000000
0.020270,0.000000,15.000000,0.000000
0.020272,0.000000,15.000000,0.000000
0.020274,0.000000,15.000000,0.000000
0.020276,0.000000,15.000000,0.000000
0.020278,0.000000,15.000000,0.000000
0.020280,0.000000,15.000000,0.000000
0.020282,0.000000,15.000000,0.000000
0.020284,0.000000,15.000000,0.000000
0.020286,0.000000,15.000000,0.000000
0.020288,0.000000,15.000000,0.000000
0.020290,0.000000,15.000000,0.000000
0.020292,0.000000,15.000000,0.000000
0.020294,0.000000,15.000000,0.000000
0.020296,0.000000,15.000000,0.000000
0.020298,0.000000,15.000000,0.000000
0.020300,0.000000,15.000000,0.000000
0.020302,0.000000,15.000000,0.000000
0.020304,0.000000,15.000000,0.000000
0.020306,0.000000,15.000000,0.000000
0.020308,0.000000,15.000000,0.000000
0.020310,0.000000,15.000000,0.000000
0.020312,0.000000,15.000000,0.000000
0.020314,0.000000,15.000000,0.000000
0.020316,0.000000,15.000000,0.000000
0.020318,0.000000,15.000000,0.000000
0.020320,0.000000,15.000000,0.000000
0.020322,0.000000,15.000000,0.000000
0.020324,0.000000,15.000000,0.000000
0.020326,0.000000,15.000000,0.000000
0.020328,0.000000,15.000000,0.000000
0.020330,0.000000,15.000000,0.000000
0.020332,0.000000,15.000000,0.000000
0.020334,0.000000,15.000000,0.000000
0.020336,0.000000,15.000000,0.000000
0.020338,0.000000,15.000000,0.000000
0.020340,0.000000,15.000000,0.000000
0.020342,0.000000,15.000000,0.000000
0.020344,0.000000,15.000000,0.000000
0.020346,0.000000,15.000000,0.000000
0.020348,0.000000,15.000000,0.000000
0.020350,0.000000,15.000000,0.000000
0.020352,0.000000,15.000000,0.000000
0.020354,0.000000,15.000000,0.000000
0.020356,0.000000,15.000000,0.000000
0.020358,0.000000,15.000000,0.000000
0.020360,0.000000,15.000000,0.000000
0.020362,0.000000,15.000000,0.000000
0.020364,0.000000,15.000000,0.000000
0.020366,0.000000,15.000000,0.000000
0.020368,0.000000,15.000000,0.000000
0.020370,0.000000,15.000000,0.000000
0.020372,0.000000,15.000000,0.000000
0.020374,0.000000,15.000000,0.000000
0.020376,0.000000,15.000000,0.000000
0.020378,0.000000,15.000000,0.000000
0.020380,0.000000,15.000000,0.000000
0.020382,0.000000,15.000000,0.000000
0.020384,0.000000,15.000000,0.000000
0.020386,0.000000,15.000000,0.000000
0.020388,0.000000,15.000000,0.000000
0.020390,0.000000,15.000000,0.000000
0.020392,0.000000,15.000000,0.000000
0.020394,0.000000,15.000000,0.000000
0.020396,0.000000,15.000000,0.000000
0.020398,0.000000,15.000000,0.000000
0.020400,0.000000,15.000000,0.000000
0.020402,0.000000,15.000000,0.000000
0.020404,0.000000,15.000000,0.000000
0.020406,0.000000,15.000000,0.000000
0.020408,0.000000,15.000000,0.000000
0.020410,0.000000,15.000000,0.000000
0.020412,0.000000,15.000000,0.000000
0.020414,0.000000,15.000000,0.000000
0.020416,0.000000,15.000000,0.000000
0.020418,0.000000,15.000000,0.000000
0.020420,0.000000,15.000000,0.000000
0.020422,0.000000,15.000000,0.000000
0.020424,0.000000,15.000000,0.000000
0.020426,0.000000,15.000000,0.000000
0.020428,0.000000,15.000000,0.000000
0.020430,0.000000,15.000000,0.000000
0.020432,0.000000,15.000000,0.000000
0.020434,0.000000,15.000000,0.000000
0.020436,0.000000,15.000000,0.000000
0.020438,0.000000,15.000000,0.000000
0.020440,0.000000,15.000000,0.000000
0.020442,0.000000,15.000000,0.000000
0.020444,0.000000,15.000000,0.000000
0.020446,0.000000,15.000000,0.000000
0.020448,0.000000,15.000000,0.000000
0.020450,0.000000,15.000000,0.000000
0.020452,0.000000,15.000000,0.000000
0.020454,0.000000,15.000000,0.000000
0.020456,0.000000,15.000000,0.000000
0.020458,0.000000,15.000000,0.000000
0.020460,0.000000,15.000000,0.000000
0.020462,0.000000,15.000000,0.000000
0.020464,0.000000,15.000000,0.000000
0.020466,0.000000,15.000000,0.000000
0.020468,0.000000,15.000000,0.000000
0.020470,0.000000,15.000000,0.000000
0.020472,0.000000,15.000000,0.000000
0.020474,0.000000,15.000000,0.000000
0.020476,0.000000,15.000000,0.000000
0.020478,0.000000,15.000000,0.000000
0.020480,0.000000,15.000000,0.000000
0.020482,0.000000,15.000000,0.000000
0.020484,0.000000,15.000000,0.000000
0.020486,0.000000,15.000000,0.000000
0.020488,0.000000,15.000000,0.000000
0.020490,0.000000,15.000000,0.000000
0.020492,0.000000,15.000000,0.000000
0.020494,0.000000,15.000000,0.000000
0.020496,0.000000,15.000000,0.000000
0.020498,0.000000,15.000000,0.000000
0.020500,0.000000,15.000000,0.000000
0.020502,0.000000,15.000000,0.000000
0.020504,0.000000,15.000000,0.000000
0.020506,0.000000,15.000000,0.000000
0.020508,0.000000,15.000000,0.000000
0.020510,0.000000,15.000000,0.000000
0.020512,0.000000,15.000000,0.000000
0.020514,0.000000,15.000000,0.000000
0.020516,0.000000,15.000000,0.000000
0.020518,0.000000,15.000000,0.000000
0.020520,0.000000,15.000000,0.000000
0.020522,0.000000,15.000000,0.000000
0.020524,0.000000,15.000000,0.000000
0.020526,0.000000,15.000000,0.000000
0.020528,0.000000,15.000000,0.000000
0.020530,0.000000,15.000000,0.000000
0.020532,0.000000,15.000000,0.000000
0.020534,0.000000,15.000000,0.000000
0.020536,0.000000,15.000000,0.000000
0.020538,0.000000,15.000000,0.000000
0.020540,0.000000,15.000000,0.000000
0.020542,0.000000,15.000000,0.000000
0.020544,0.000000,15.000000,0.000000
0.020546,0.000000,15.000000,0.000000
0.020548,0.000000,15.000000,0.000000
0.020550,0.000000,15.000000,0.000000
0.020552,0.000000,15.000000,0.000000
0.020554,0.000000,15.000000,0.000000
0.020556,0.000000,15.000000,0.000000
0.020558,0.000000,15.000000,0.000000
0.020560,0.000000,15.000000,0.000000
0.020562,0.000000,15.000000,0.000000
0.020564,0.000000,15.000000,0.000000
0.020566,0.000000,15.000000,0.000000
0.020568,0.000000,15.000000,0.000000
0.020570,0.000000,15.000000,0.000000
0.020572,0.000000,15.000000,0.000000
0.020574,0.000000,15.000000,0.000000
0.020576,0.000000,15.000000,0.000000
0.020578,0.000000,15.000000,0.000000
0.020580,0.000000,15.000000,0.000000
0.020582,0.000000,15.000000,0.000000
0.020584,0.000000,15.000000,0.000000
0.020586,0.000000,15.000000,0.000000
0.020588,0.000000,15.000000,0.000000
0.020590,0.000000,15.000000,0.000000
0.020592,0.000000,15.000000,0.000000
0.020594,0.000000,15.000000,0.000000
0.020596,0.000000,15.000000,0.000000
0.020598,0.000000,15.000000,0.000000
0.020600,0.000000,15.000000,0.000000
0.020602,0.000000,15.000000,0.000000
0.020604,0.000000,15.000000,0.000000
0.020606,0.000000,15.000000,0.000000
0.020608,0.000000,15.000000,0.000000
0.020610,0.000000,15.000000,0.000000
0.020612,0.000000,15.000000,0.000000
0.020614,0.000000,15.000000,0.000000
0.020616,0.000000,15.000000,0.000000
0.020618,0.000000,15.000000,0.000000
0.020620,0.000000,15.000000,0.000000
0.020622,0.000000,15.000000,0.000000
0.020624,0.000000,15.000000,0.000000
0.020626,0.000000,15.000000,0.000000
0.020628,0.000000,15.000000,0.000000
0.020630,0.000000,15.000000,0.000000
0.020632,0.000000,15.000000,0.000000
0.020634,0.000000,15.000000,0.000000
0.020636,0.000000,15.000000,0.000000
0.020638,0.000000,15.000000,0.000000
0.020640,0.000000,15.000000,0.000000
0.020642,0.000000,15.000000,0.000000
0.020644,0.000000,15.000000,0.000000
0.020646,0.000000,15.000000,0.000000
0.020648,0.000000,15.000000,0.000000
0.020650,0.000000,15.000000,0.000000
0.020652,0.000000,15.000000,0.000000
0.020654,0.000000,15.000000,0.000000
0.020656,0.000000,15.000000,0.000000
0.020658,0.000000,15.000000,0.000000
0.020660,0.000000,15.000000,0.000000
0.020662,0.000000,15.000000,0.000000
0.020664,0.000000,15.000000,0.000000
0.020666,0.000000,15.000000,0.000000
0.020668,0.000000,15.000000,0.000000
0.020670,0.000000,15.000000,0.000000
0.020672,0.000000,15.000000,0.000000
0.020674,0.000000,15.000000,0.000000
0.020676,0.000000,15.000000,0.000000
0.020678,0.000000,15.000000,0.000000
0.020680,0.000000,15.000000,0.000000
0.020682,0.000000,15.000000,0.000000
0.020684,0.000000,15.000000,0.000000
0.020686,0.000000,15.000000,0.000000
0.020688,0.000000,15.000000,0.000000
0.020690,0.000000,15.000000,0.000000
0.020692,0.000000,15.000000,0.000000
0.020694,0.000000,15.000000,0.000000
0.020696,0.000000,15.000000,0.000000
0.020698,0.000000,15.000000,0.000000
0.020700,0.000000,15.000000,0.000000
0.020702,0.000000,15.000000,0.000000
0.020704,0.000000,15.000000,0.000000
0.020706,0.000000,15.000000,0.000000
0.020708,0.000000,15.000000,0.000000
0.020710,0.000000,15.000000,0.000000
0.020712,0.000000,15.000000,0.000000
0.020714,0.000000,15.000000,0.000000
0.020716,0.000000,15.000000,0.000000
0.020718,0.000000,15.000000,0.000000
0.020720,0.000000,15.000000,0.000000
0.020722,0.000000,15.000000,0.000000
0.020724,0.000000,15.000000,0.000000
0.020726,0.000000,15.000000,0.000000
0.020728,0.000000,15.000000,0.000000
0.020730,0.000000,15.000000,0.000000
0.020732,0.000000,15.000000,0.000000
0.020734,0.000000,15.000000,0.000000
0.020736,0.000000,15.000000,0.000000
0.020738,0.000000,15.000000,0.000000
0.020740,0.000000,15.000000,0.000000
0.020742,0.000000,15.000000,0.000000
0.020744,0.000000,15.000000,0.000000
0.020746,0.000000,15.000000,0.000000
0.020748,0.000000,15.000000,0.000000
0.020750,0.000000,15.000000,0.000000
0.020752,0.000000,15.000000,0.000000
0.020754,0.000000,15.000000,0.000000
0.020756,0.000000,15.000000,0.000000
0.020758,0.000000,15.000000,0.000000
0.020760,0.000000,15.000000,0.000000
0.020762,0.000000,15.000000,0.000000
0.020764,0.000000,15.000000,0.000000
0.020766,0.000000,15.000000,0.000000
0.020768,0.000000,15.000000,0.000000
0.020770,0.000000,15.000000,0.000000
0.020772,0.000000,15.000000,0.000000
0.020774,0.000000,15.000000,0.000000
0.020776,0.000000,15.000000,0.000000
0.020778,0.000000,15.000000,0.000000
0.020780,0.000000,15.000000,0.000000
0.020782,0.000000,15.000000,0.000000
0.020784,0.000000,15.000000,0.000000
0.020786,0.000000,15.000000,0.000000
0.020788,0.000000,15.000000,0.000000
0.020790,0.000000,15.000000,0.000000
0.020792,0.000000,15.000000,0.000000
0.020794,0.000000,15.000000,0.000000
0.020796,0.000000,15.000000,0.000000
0.020798,0.000000,15.000000,0.000000
0.020800,0.000000,15.000000,0.000000
0.020802,0.000000,15.000000,0.000000
0.020804,0.000000,15.000000,0.000000
0.020806,0.000000,15.000000,0.000000
0.020808,0.000000,15.000000,0.000000
0.020810,0.000000,15.000000,0.000000
0.020812,0.000000,15.000000,0.000000
0.020814,0.000000,15.000000,0.000000
0.020816,0.000000,15.000000,0.000000
0.020818,0.000000,15.000000,0.000000
0.020820,0.000000,15.000000,0.000000
0.020822,0.000000,15.000000,0.000000
0.020824,0.000000,15.000000,0.000000
0.020826,0.000000,15.000000,0.000000
0.020828,0.000000,15.000000,0.000000
0.020830,0.000000,15.000000,0.000000
0.020832,0.000000,15.000000,0.000000
0.020834,0.000000,15.000000,0.000000
0.020836,0.000000,15.000000,0.000000
0.020838,0.000000,15.000000,0.000000
0.020840,0.000000,15.000000,0.000000
0.020842,0.000000,15.000000,0.000000
0.020844,0.000000,15.000000,0.000000
0.020846,0.000000,15.000000,0.000000
0.020848,0.000000,15.000000,0.000000
0.020850,0.000000,15.000000,0.000000
0.020852,0.000000,15.000000,0.000000
0.020854,0.000000,15.000000,0.000000
0.020856,0.000000,15.000000,0.000000
0.020858,0.000000,15.000000,0.000000
0.020860,0.000000,15.000000,0.000000
0.020862,0.000000,15.000000,0.000000
0.020864,0.000000,15.000000,0.000000
0.020866,0.000000,15.000000,0.000000
0.020868,0.000000,15.000000,0.000000
0.020870,0.000000,15.000000,0.000000
0.020872,0.000000,15.000000,0.000000
0.020874,0.000000,15.000000,0.000000
0.020876,0.000000,15.000000,0.000000
0.020878,0.000000,15.000000,0.000000
0.020880,0.000000,15.000000,0.000000
0.020882,0.000000,15.000000,0.000000
0.020884,0.000000,15.000000,0.000000
0.020886,0.000000,15.000000,0.000000
0.020888,0.000000,15.000000,0.000000
0.020890,0.000000,15.000000,0.000000
0.020892,0.000000,15.000000,0.000000
0.020894,0.000000,15.000000,0.000000
0.020896,0.000000,15.000000,0.000000
0.020898,0.000000,15.000000,0.000000
0.020900,0.000000,15.000000,0.000000
0.020902,0.000000,15.000000,0.000000
0.020904,0.000000,15.000000,0.000000
0.020906,0.000000,15.000000,0.000000
0.020908,0.000000,15.000000,0.000000
0.020910,0.000000,15.000000,0.000000
0.020912,0.000000,15.000000,0.000000
0.020914,0.000000,15.000000,0.000000
0.020916,0.000000,15.000000,0.000000
0.020918,0.000000,15.000000,0.000000
0.020920,0.000000,15.000000,0.000000
0.020922,0.000000,15.000000,0.000000
0.020924,0.000000,15.000000,0.000000
0.020926,0.000000,15.000000,0.000000
0.020928,0.000000,15.000000,0.000000
0.020930,0.000000,15.000000,0.000000
0.020932,0.000000,15.000000,0.000000
0.020934,0.000000,15.000000,0.000000
0.020936,0.000000,15.000000,0.000000
0.020938,0.000000,15.000000,0.000000
0.020940,0.000000,15.000000,0.000000
0.020942,0.000000,15.000000,0.000000
0.020944,0.000000,15.000000,0.000000
0.020946,0.000000,15.000000,0.000000
0.020948,0.000000,15.000000,0.000000
0.020950,0.000000,15.000000,0.000000
0.020952,0.000000,15.000000,0.000000
0.020954,0.000000,15.000000,0.000000
0.020956,0.000000,15.000000,0.000000
0.020958,0.000000,15.000000,0.000000
0.020960,0.000000,15.000000,0.000000
0.020962,0.000000,15.000000,0.000000
0.020964,0.000000,15.000000,0.000000
0.020966,0.000000,15.000000,0.000000
0.020968,0.000000,15.000000,0.000000
0.020970,0.000000,15.000000,0.000000
0.020972,0.000000,15.000000,0.000000
0.020974,0.000000,15.000000,0.000000
0.020976,0.000000,15.000000,0.000000
0.020978,0.000000,15.000000,0.000000
0.020980,0.000000,15.000000,0.000000
0.020982,0.000000,15.000000,0.000000
0.020984,0.000000,15.000000,0.000000
0.020986,0.000000,15.000000,0.000000
0.020988,0.000000,15.000000,0.000000
0.020990,0.000000,15.000000,0.000000
0.020992,0.000000,15.000000,0.000000
0.020994,0.000000,15.000000,0.000000
0.020996,0.000000,15.000000,0.000000
0.020998,0.000000,15.000000,0.000000
0.021000,0.000000,15.000000,0.000000
0.021002,0.000000,15.000000,0.000000
0.021004,0.000000,15.000000,0.000000
0.021006,0.000000,15.000000,0.000000
0.021008,0.000000,15.000000,0.000000
0.021010,0.000000,15.000000,0.000000
0.021012,0.000000,15.000000,0.000000
0.021014,0.000000,15.000000,0.000000
0.021016,0.000000,15.000000,0.000000
0.021018,0.000000,15.000000,0.000000
0.021020,0.000000,15.000000,0.000000
0.021022,0.000000,15.000000,0.000000
0.021024,0.000000,15.000000,0.000000
0.021026,0.000000,15.000000,0.000000
0.021028,0.000000,15.000000,0.000000
0.021030,0.000000,15.000000,0.000000
0.021032,0.000000,15.000000,0.000000
0.021034,0.000000,15.000000,0.000000
0.021036,0.000000,15.000000,0.000000
0.021038,0.000000,15.000000,0.000000
0.021040,0.000000,15.000000,0.000000
0.021042,0.000000,15.000000,0.000000
0.021044,0.000000,15.000000,0.000000
0.021046,0.000000,15.000000,0.000000
0.021048,0.000000,15.000000,0.000000
0.021050,0.000000,15.000000,0.000000
0.021052,0.000000,15.000000,0.000000
0.021054,0.000000,15.000000,0.000000
0.021056,0.000000,15.000000,0.000000
0.021058,0.000000,15.000000,0.000000
0.021060,0.000000,15.000000,0.000000
0.021062,0.000000,15.000000,0.000000
0.021064,0.000000,15.000000,0.000000
0.021066,0.000000,15.000000,0.000000
0.021068,0.000000,15.000000,0.000000
0.021070,0.000000,15.000000,0.000000
0.021072,0.000000,15.000000,0.000000
0.021074,0.000000,15.000000,0.000000
0.021076,0.000000,15.000000,0.000000
0.021078,0.000000,15.000000,0.000000
0.021080,0.000000,15.000000,0.000000
0.021082,0.000000,15.000000,0.000000
0.021084,0.000000,15.000000,0.000000
0.021086,0.000000,15.000000,0.000000
0.021088,0.000000,15.000000,0.000000
0.021090,0.000000,15.000000,0.000000
0.021092,0.000000,15.000000,0.000000
0.021094,0.000000,15.000000,0.000000
0.021096,0.000000,15.000000,0.000000
0.021098,0.000000,15.000000,0.000000
0.021100,0.000000,15.000000,0.000000
0.021102,0.000000,15.000000,0.000000
0.021104,0.000000,15.000000,0.000000
0.021106,0.000000,15.000000,0.000000
0.021108,0.000000,15.000000,0.000000
0.021110,0.000000,15.000000,0.000000
0.021112,0.000000,15.000000,0.000000
0.021114,0.000000,15.000000,0.000000
0.021116,0.000000,15.000000,0.000000
0.021118,0.000000,15.000000,0.000000
0.021120,0.000000,15.000000,0.000000
0.021122,0.000000,15.000000,0.000000
0.021124,0.000000,15.000000,0.000000
0.021126,0.000000,15.000000,0.000000
0.021128,0.000000,15.000000,0.000000
0.021130,0.000000,15.000000,0.000000
0.021132,0.000000,15.000000,0.000000
0.021134,0.000000,15.000000,0.000000
0.021136,0.000000,15.000000,0.000000
0.021138,0.000000,15.000000,0.000000
0.021140,0.000000,15.000000,0.000000
0.021142,0.000000,15.000000,0.000000
0.021144,0.000000,15.000000,0.000000
0.021146,0.000000,15.000000,0.000000
0.021148,0.000000,15.000000,0.000000
0.021150,0.000000,15.000000,0.000000
0.021152,0.000000,15.000000,0.000000
0.021154,0.000000,15.000000,0.000000
0.021156,0.000000,15.000000,0.000000
0.021158,0.000000,15.000000,0.000000
0.021160,0.000000,15.000000,0.000000
0.021162,0.000000,15.000000,0.000000
0.021164,0.000000,15.000000,0.000000
0.021166,0.000000,15.000000,0.000000
0.021168,0.000000,15.000000,0.000000
0.021170,0.000000,15.000000,0.000000
0.021172,0.000000,15.000000,0.000000
0.021174,0.000000,15.000000,0.000000
0.021176,0.000000,15.000000,0.000000
0.021178,0.000000,15.000000,0.000000
0.021180,0.000000,15.000000,0.000000
0.021182,0.000000,15.000000,0.000000
0.021184,0.000000,15.000000,0.000000
0.021186,0.000000,15.000000,0.000000
0.021188,0.000000,15.000000,0.000000
0.021190,0.000000,15.000000,0.000000
0.021192,0.000000,15.000000,0.000000
0.021194,0.000000,15.000000,0.000000
0.021196,0.000000,15.000000,0.000000
0.021198,0.000000,15.000000,0.000000
0.021200,0.000000,15.000000,0.000000
0.021202,0.000000,15.000000,0.000000
0.021204,0.000000,15.000000,0.000000
0.021206,0.000000,15.000000,0.000000
0.021208,0.000000,15.000000,0.000000
0.021210,0.000000,15.000000,0.000000
0.021212,0.000000,15.000000,0.000000
0.021214,0.000000,15.000000,0.000000
0.021216,0.000000,15.000000,0.000000
0.021218,0.000000,15.000000,0.000000
0.021220,0.000000,15.000000,0.000000
0.021222,0.000000,15.000000,0.000000
0.021224,0.000000,15.000000,0.000000
0.021226,0.000000,15.000000,0.000000
0.021228,0.000000,15.000000,0.000000
0.021230,0.000000,15.000000,0.000000
0.021232,0.000000,15.000000,0.000000
0.021234,0.000000,15.000000,0.000000
0.021236,0.000000,15.000000,0.000000
0.021238,0.000000,15.000000,0.000000
0.021240,0.000000,15.000000,0.000000
0.021242,0.000000,15.000000,0.000000
0.021244,0.000000,15.000000,0.000000
0.021246,0.000000,15.000000,0.000000
0.021248,0.000000,15.000000,0.000000
0.021250,0.000000,15.000000,0.000000
0.021252,0.000000,15.000000,0.000000
0.021254,0.000000,15.000000,0.000000
0.021256,0.000000,15.000000,0.000000
0.021258,0.000000,15.000000,0.000000
0.021260,0.000000,15.000000,0.000000
0.021262,0.000000,15.000000,0.000000
0.021264,0.000000,15.000000,0.000000
0.021266,0.000000,15.000000,0.000000
0.021268,0.000000,15.000000,0.000000
0.021270,0.000000,15.000000,0.000000
0.021272,0.000000,15.000000,0.000000
0.021274,0.000000,15.000000,0.000000
0.021276,0.000000,15.000000,0.000000
0.021278,0.000000,15.000000,0.000000
0.021280,0.000000,15.000000,0.000000
0.021282,0.000000,15.000000,0.000000
0.021284,0.000000,15.000000,0.000000
0.021286,0.000000,15.000000,0.000000
0.021288,0.000000,15.000000,0.000000
0.021290,0.000000,15.000000,0.000000
0.021292,0.000000,15.000000,0.000000
0.021294,0.000000,15.000000,0.000000
0.021296,0.000000,15.000000,0.000000
0.021298,0.000000,15.000000,0.000000
0.021300,0.000000,15.000000,0.000000
0.021302,0.000000,15.000000,0.000000
0.021304,0.000000,15.000000,0.000000
0.021306,0.000000,15.000000,0.000000
0.021308,0.000000,15.000000,0.000000
0.021310,0.000000,15.000000,0.000000
0.021312,0.000000,15.000000,0.000000
0.021314,0.000000,15.000000,0.000000
0.021316,0.000000,15.000000,0.000000
0.021318,0.000000,15.000000,0.000000
0.021320,0.000000,15.000000,0.000000
0.021322,0.000000,15.000000,0.000000
0.021324,0.000000,15.000000,0.000000
0.021326,0.000000,15.000000,0.000000
0.021328,0.000000,15.000000,0.000000
0.021330,0.000000,15.000000,0.000000
0.021332,0.000000,15.000000,0.000000
0.021334,0.000000,15.000000,0.000000
0.021336,0.000000,15.000000,0.000000
0.021338,0.000000,15.000000,0.000000
0.021340,0.000000,15.000000,0.000000
0.021342,0.000000,15.000000,0.000000
0.021344,0.000000,15.000000,0.000000
0.021346,0.000000,15.000000,0.000000
0.021348,0.000000,15.000000,0.000000
0.021350,0.000000,15.000000,0.000000
0.021352,0.000000,15.000000,0.000000
0.021354,0.000000,15.000000,0.000000
0.021356,0.000000,15.000000,0.000000
0.021358,0.000000,15.000000,0.000000
0.021360,0.000000,15.000000,0.000000
0.021362,0.000000,15.000000,0.000000
0.021364,0.000000,15.000000,0.000000
0.021366,0.000000,15.000000,0.000000
0.021368,0.000000,15.000000,0.000000
0.021370,0.000000,15.000000,0.000000
0.021372,0.000000,15.000000,0.000000
0.021374,0.000000,15.000000,0.000000
0.021376,0.000000,15.000000,0.000000
0.021378,0.000000,15.000000,0.000000
0.021380,0.000000,15.000000,0.000000
0.021382,0.000000,15.000000,0.000000
0.021384,0.000000,15.000000,0.000000
0.021386,0.000000,15.000000,0.000000
0.021388,0.000000,15.000000,0.000000
0.021390,0.000000,15.000000,0.000000
0.021392,0.000000,15.000000,0.000000
0.021394,0.000000,15.000000,0.000000
0.021396,0.000000,15.000000,0.000000
0.021398,0.000000,15.000000,0.000000
0.021400,0.000000,15.000000,0.000000
0.021402,0.000000,15.000000,0.000000
0.021404,0.000000,15.000000,0.000000
0.021406,0.000000,15.000000,0.000000
0.021408,0.000000,15.000000,0.000000
0.021410,0.000000,15.000000,0.000000
0.021412,0.000000,15.000000,0.000000
0.021414,0.000000,15.000000,0.000000
0.021416,0.000000,15.000000,0.000000
0.021418,0.000000,15.000000,0.000000
0.021420,0.000000,15.000000,0.000000
0.021422,0.000000,15.000000,0.000000
0.021424,0.000000,15.000000,0.000000
0.021426,0.000000,15.000000,0.000000
0.021428,0.000000,15.000000,0.000000
0.021430,0.000000,15.000000,0.000000
0.021432,0.000000,15.000000,0.000000
0.021434,0.000000,15.000000,0.000000
0.021436,0.000000,15.000000,0.000000
0.021438,0.000000,15.000000,0.000000
0.021440,0.000000,15.000000,0.000000
0.021442,0.000000,15.000000,0.000000
0.021444,0.000000,15.000000,0.000000
0.021446,0.000000,15.000000,0.000000
0.021448,0.000000,15.000000,0.000000
0.021450,0.000000,15.000000,0.000000
0.021452,0.000000,15.000000,0.000000
0.021454,0.000000,15.000000,0.000000
0.021456,0.000000,15.000000,0.000000
0.021458,0.000000,15.000000,0.000000
0.021460,0.000000,15.000000,0.000000
0.021462,0.000000,15.000000,0.000000
0.021464,0.000000,15.000000,0.000000
0.021466,0.000000,15.000000,0.000000
0.021468,0.000000,15.000000,0.000000
0.021470,0.000000,15.000000,0.000000
0.021472,0.000000,15.000000,0.000000
0.021474,0.000000,15.000000,0.000000
0.021476,0.000000,15.000000,0.000000
0.021478,0.000000,15.000000,0.000000
0.021480,0.000000,15.000000,0.000000
0.021482,0.000000,15.000000,0.000000
0.021484,0.000000,15.000000,0.000000
0.021486,0.000000,15.000000,0.000000
0.021488,0.000000,15.000000,0.000000
0.021490,0.000000,15.000000,0.000000
0.021492,0.000000,15.000000,0.000000
0.021494,0.000000,15.000000,0.000000
0.021496,0.000000,15.000000,0.000000
0.021498,0.000000,15.000000,0.000000
0.021500,0.000000,15.000000,0.000000
0.021502,0.000000,15.000000,0.000000
0.021504,0.000000,15.000000,0.000000
0.021506,0.000000,15.000000,0.000000
0.021508,0.000000,15.000000,0.000000
0.021510,0.000000,15.000000,0.000000
0.021512,0.000000,15.000000,0.000000
0.021514,0.000000,15.000000,0.000000
0.021516,0.000000,15.000000,0.000000
0.021518,0.000000,15.000000,0.000000
0.021520,0.000000,15.000000,0.000000
0.021522,0.000000,15.000000,0.000000
0.021524,0.000000,15.000000,0.000000
0.021526,0.000000,15.000000,0.000000
0.021528,0.000000,15.000000,0.000000
0.021530,0.000000,15.000000,0.000000
0.021532,0.000000,15.000000,0.000000
0.021534,0.000000,15.000000,0.000000
0.021536,0.000000,15.000000,0.000000
0.021538,0.000000,15.000000,0.000000
0.021540,0.000000,15.000000,0.000000
0.021542,0.000000,15.000000,0.000000
0.021544,0.000000,15.000000,0.000000
0.021546,0.000000,15.000000,0.000000
0.021548,0.000000,15.000000,0.000000
0.021550,0.000000,15.000000,0.000000
0.021552,0.000000,15.000000,0.000000
0.021554,0.000000,15.000000,0.000000
0.021556,0.000000,15.000000,0.000000
0.021558,0.000000,15.000000,0.000000
0.021560,0.000000,15.000000,0.000000
0.021562,0.000000,15.000000,0.000000
0.021564,0.000000,15.000000,0.000000
0.021566,0.000000,15.000000,0.000000
0.021568,0.000000,15.000000,0.000000
0.021570,0.000000,15.000000,0.000000
0.021572,0.000000,15.000000,0.000000
0.021574,0.000000,15.000000,0.000000
0.021576,0.000000,15.000000,0.000000
0.021578,0.000000,15.000000,0.000000
0.021580,0.000000,15.000000,0.000000
0.021582,0.000000,15.000000,0.000000
0.021584,0.000000,15.000000,0.000000
0.021586,0.000000,15.000000,0.000000
0.021588,0.000000,15.000000,0.000000
0.021590,0.000000,15.000000,0.000000
0.021592,0.000000,15.000000,0.000000
0.021594,0.000000,15.000000,0.000000
0.021596,0.000000,15.000000,0.000000
0.021598,0.000000,15.000000,0.000000
0.021600,0.000000,15.000000,0.000000
0.021602,0.000000,15.000000,0.000000
0.021604,0.000000,15.000000,0.000000
0.021606,0.000000,15.000000,0.000000
0.021608,0.000000,15.000000,0.000000
0.021610,0.000000,15.000000,0.000000
0.021612,0.000000,15.000000,0.000000
0.021614,0.000000,15.000000,0.000000
0.021616,0.000000,15.000000,0.000000
0.021618,0.000000,15.000000,0.000000
0.021620,0.000000,15.000000,0.000000
0.021622,0.000000,15.000000,0.000000
0.021624,0.000000,15.000000,0.000000
0.021626,0.000000,15.000000,0.000000
0.021628,0.000000,15.000000,0.000000
0.021630,0.000000,15.000000,0.000000
0.021632,0.000000,15.000000,0.000000
0.021634,0.000000,15.000000,0.000000
0.021636,0.000000,15.000000,0.000000
0.021638,0.000000,15.000000,0.000000
0.021640,0.000000,15.000000,0.000000
0.021642,0.000000,15.000000,0.000000
0.021644,0.000000,15.000000,0.000000
0.021646,0.000000,15.000000,0.000000
0.021648,0.000000,15.000000,0.000000
0.021650,0.000000,15.000000,0.000000
0.021652,0.000000,15.000000,0.000000
0.021654,0.000000,15.000000,0.000000
0.021656,0.000000,15.000000,0.000000
0.021658,0.000000,15.000000,0.000000
0.021660,0.000000,15.000000,0.000000
0.021662,0.000000,15.000000,0.000000
0.021664,0.000000,15.000000,0.000000
0.021666,0.000000,15.000000,0.000000
0.021668,0.000000,15.000000,0.000000
0.021670,0.000000,15.000000,0.000000
0.021672,0.000000,15.000000,0.000000
0.021674,0.000000,15.000000,0.000000
0.021676,0.000000,15.000000,0.000000
0.021678,0.000000,15.000000,0.000000
0.021680,0.000000,15.000000,0.000000
0.021682,0.000000,15.000000,0.000000
0.021684,0.000000,15.000000,0.000000
0.021686,0.000000,15.000000,0.000000
0.021688,0.000000,15.000000,0.000000
0.021690,0.000000,15.000000,0.000000
0.021692,0.000000,15.000000,0.000000
0.021694,0.000000,15.000000,0.000000
0.021696,0.000000,15.000000,0.000000
0.021698,0.000000,15.000000,0.000000
0.021700,0.000000,15.000000,0.000000
0.021702,0.000000,15.000000,0.000000
0.021704,0.000000,15.000000,0.000000
0.021706,0.000000,15.000000,0.000000
0.021708,0.000000,15.000000,0.000000
0.021710,0.000000,15.000000,0.000000
0.021712,0.000000,15.000000,0.000000
0.021714,0.000000,15.000000,0.000000
0.021716,0.000000,15.000000,0.000000
0.021718,0.000000,15.000000,0.000000
0.021720,0.000000,15.000000,0.000000
0.021722,0.000000,15.000000,0.000000
0.021724,0.000000,15.000000,0.000000
0.021726,0.000000,15.000000,0.000000
0.021728,0.000000,15.000000,0.000000
0.021730,0.000000,15.000000,0.000000
0.021732,0.000000,15.000000,0.000000
0.021734,0.000000,15.000000,0.000000
0.021736,0.000000,15.000000,0.000000
0.021738,0.000000,15.000000,0.000000
0.021740,0.000000,15.000000,0.000000
0.021742,0.000000,15.000000,0.000000
0.021744,0.000000,15.000000,0.000000
0.021746,0.000000,15.000000,0.000000
0.021748,0.000000,15.000000,0.000000
0.021750,0.000000,15.000000,0.000000
0.021752,0.000000,15.000000,0.000000
0.021754,0.000000,15.000000,0.000000
0.021756,0.000000,15.000000,0.000000
0.021758,0.000000,15.000000,0.000000
0.021760,0.000000,15.000000,0.000000
0.021762,0.000000,15.000000,0.000000
0.021764,0.000000,15.000000,0.000000
0.021766,0.000000,15.000000,0.000000
0.021768,0.000000,15.000000,0.000000
0.021770,0.000000,15.000000,0.000000
0.021772,0.000000,15.000000,0.000000
0.021774,0.000000,15.000000,0.000000
0.021776,0.000000,15.000000,0.000000
0.021778,0.000000,15.000000,0.000000
0.021780,0.000000,15.000000,0.000000
0.021782,0.000000,15.000000,0.000000
0.021784,0.000000,15.000000,0.000000
0.021786,0.000000,15.000000,0.000000
0.021788,0.000000,15.000000,0.000000
0.021790,0.000000,15.000000,0.000000
0.021792,0.000000,15.000000,0.000000
0.021794,0.000000,15.000000,0.000000
0.021796,0.000000,15.000000,0.000000
0.021798,0.000000,15.000000,0.000000
0.021800,0.000000,15.000000,0.000000
0.021802,0.000000,15.000000,0.000000
0.021804,0.000000,15.000000,0.000000
0.021806,0.000000,15.000000,0.000000
0.021808,0.000000,15.000000,0.000000
0.021810,0.000000,15.000000,0.000000
0.021812,0.000000,15.000000,0.000000
0.021814,0.000000,15.000000,0.000000
0.021816,0.000000,15.000000,0.000000
0.021818,0.000000,15.000000,0.000000
0.021820,0.000000,15.000000,0.000000
0.021822,0.000000,15.000000,0.000000
0.021824,0.000000,15.000000,0.000000
0.021826,0.000000,15.000000,0.000000
0.021828,0.000000,15.000000,0.000000
0.021830,0.000000,15.000000,0.000000
0.021832,0.000000,15.000000,0.000000
0.021834,0.000000,15.000000,0.000000
0.021836,0.000000,15.000000,0.000000
0.021838,0.000000,15.000000,0.000000
0.021840,0.000000,15.000000,0.000000
0.021842,0.000000,15.000000,0.000000
0.021844,0.000000,15.000000,0.000000
0.021846,0.000000,15.000000,0.000000
0.021848,0.000000,15.000000,0.000000
0.021850,0.000000,15.000000,0.000000
0.021852,0.000000,15.000000,0.000000
0.021854,0.000000,15.000000,0.000000
0.021856,0.000000,15.000000,0.000000
0.021858,0.000000,15.000000,0.000000
0.021860,0.000000,15.000000,0.000000
0.021862,0.000000,15.000000,0.000000
0.021864,0.000000,15.000000,0.000000
0.021866,0.000000,15.000000,0.000000
0.021868,0.000000,15.000000,0.000000
0.021870,0.000000,15.000000,0.000000
0.021872,0.000000,15.000000,0.000000
0.021874,0.000000,15.000000,0.000000
0.021876,0.000000,15.000000,0.000000
0.021878,0.000000,15.000000,0.000000
0.021880,0.000000,15.000000,0.000000
0.021882,0.000000,15.000000,0.000000
0.021884,0.000000,15.000000,0.000000
0.021886,0.000000,15.000000,0.000000
0.021888,0.000000,15.000000,0.000000
0.021890,0.000000,15.000000,0.000000
0.021892,0.000000,15.000000,0.000000
0.021894,0.000000,15.000000,0.000000
0.021896,0.000000,15.000000,0.000000
0.021898,0.000000,15.000000,0.000000
0.021900,0.000000,15.000000,0.000000
0.021902,0.000000,15.000000,0.000000
0.021904,0.000000,15.000000,0.000000
0.021906,0.000000,15.000000,0.000000
0.021908,0.000000,15.000000,0.000000
0.021910,0.000000,15.000000,0.000000
0.021912,0.000000,15.000000,0.000000
0.021914,0.000000,15.000000,0.000000
0.021916,0.000000,15.000000,0.000000
0.021918,0.000000,15.000000,0.000000
0.021920,0.000000,15.000000,0.000000
0.021922,0.000000,15.000000,0.000000
0.021924,0.000000,15.000000,0.000000
0.021926,0.000000,15.000000,0.000000
0.021928,0.000000,15.000000,0.000000
0.021930,0.000000,15.000000,0.000000
0.021932,0.000000,15.000000,0.000000
0.021934,0.000000,15.000000,0.000000
0.021936,0.000000,15.000000,0.000000
0.021938,0.000000,15.000000,0.000000
0.021940,0.000000,15.000000,0.000000
0.021942,0.000000,15.000000,0.000000
0.021944,0.000000,15.000000,0.000000
0.021946,0.000000,15.000000,0.000000
0.021948,0.000000,15.000000,0.000000
0.021950,0.000000,15.000000,0.000000
0.021952,0.000000,15.000000,0.000000
0.021954,0.000000,15.000000,0.000000
0.021956,0.000000,15.000000,0.000000
0.021958,0.000000,15.000000,0.000000
0.021960,0.000000,15.000000,0.000000
0.021962,0.000000,15.000000,0.000000
0.021964,0.000000,15.000000,0.000000
0.021966,0.000000,15.000000,0.000000
0.021968,0.000000,15.000000,0.000000
0.021970,0.000000,15.000000,0.000000
0.021972,0.000000,15.000000,0.000000
0.021974,0.000000,15.000000,0.000000
0.021976,0.000000,15.000000,0.000000
0.021978,0.000000,15.000000,0.000000
0.021980,0.000000,15.000000,0.000000
0.021982,0.000000,15.000000,0.000000
0.021984,0.000000,15.000000,0.000000
0.021986,0.000000,15.000000,0.000000
0.021988,0.000000,15.000000,0.000000
0.021990,0.000000,15.000000,0.000000
0.021992,0.000000,15.000000,0.000000
0.021994,0.000000,15.000000,0.000000
0.021996,0.000000,15.000000,0.000000
0.021998,0.000000,15.000000,0.000000
0.022000,0.000000,15.000000,0.000000
0.022002,0.000000,15.000000,0.000000
0.022004,0.000000,15.000000,0.000000
0.022006,0.000000,15.000000,0.000000
0.022008,0.000000,15.000000,0.000000
0.022010,0.000000,15.000000,0.000000
0.022012,0.000000,15.000000,0.000000
0.022014,0.000000,15.000000,0.000000
0.022016,0.000000,15.000000,0.000000
0.022018,0.000000,15.000000,0.000000
0.022020,0.000000,15.000000,0.000000
0.022022,0.000000,15.000000,0.000000
0.022024,0.000000,15.000000,0.000000
0.022026,0.000000,15.000000,0.000000
0.022028,0.000000,15.000000,0.000000
0.022030,0.000000,15.000000,0.000000
0.022032,0.000000,15.000000,0.000000
0.022034,0.000000,15.000000,0.000000
0.022036,0.000000,15.000000,0.000000
0.022038,0.000000,15.000000,0.000000
0.022040,0.000000,15.000000,0.000000
0.022042,0.000000,15.000000,0.000000
0.022044,0.000000,15.000000,0.000000
0.022046,0.000000,15.000000,0.000000
0.022048,0.000000,15.000000,0.000000
0.022050,0.000000,15.000000,0.000000
0.022052,0.000000,15.000000,0.000000
0.022054,0.000000,15.000000,0.000000
0.022056,0.000000,15.000000,0.000000
0.022058,0.000000,15.000000,0.000000
0.022060,0.000000,15.000000,0.000000
0.022062,0.000000,15.000000,0.000000
0.022064,0.000000,15.000000,0.000000
0.022066,0.000000,15.000000,0.000000
0.022068,0.000000,15.000000,0.000000
0.022070,0.000000,15.000000,0.000000
0.022072,0.000000,15.000000,0.000000
0.022074,0.000000,15.000000,0.000000
0.022076,0.000000,15.000000,0.000000
0.022078,0.000000,15.000000,0.000000
0.022080,0.000000,15.000000,0.000000
0.022082,0.000000,15.000000,0.000000
0.022084,0.000000,15.000000,0.000000
0.022086,0.000000,15.000000,0.000000
0.022088,0.000000,15.000000,0.000000
0.022090,0.000000,15.000000,0.000000
0.022092,0.000000,15.000000,0.000000
0.022094,0.000000,15.000000,0.000000
0.022096,0.000000,15.000000,0.000000
0.022098,0.000000,15.000000,0.000000
0.022100,0.000000,15.000000,0.000000
0.022102,0.000000,15.000000,0.000000
0.022104,0.000000,15.000000,0.000000
0.022106,0.000000,15.000000,0.000000
0.022108,0.000000,15.000000,0.000000
0.022110,0.000000,15.000000,0.000000
0.022112,0.000000,15.000000,0.000000
0.022114,0.000000,15.000000,0.000000
0.022116,0.000000,15.000000,0.000000
0.022118,0.000000,15.000000,0.000000
0.022120,0.000000,15.000000,0.000000
0.022122,0.000000,15.000000,0.000000
0.022124,0.000000,15.000000,0.000000
0.022126,0.000000,15.000000,0.000000
0.022128,0.000000,15.000000,0.000000
0.022130,0.000000,15.000000,0.000000
0.022132,0.000000,15.000000,0.000000
0.022134,0.000000,15.000000,0.000000
0.022136,0.000000,15.000000,0.000000
0.022138,0.000000,15.000000,0.000000
0.022140,0.000000,15.000000,0.000000
0.022142,0.000000,15.000000,0.000000
0.022144,0.000000,15.000000,0.000000
0.022146,0.000000,15.000000,0.000000
0.022148,0.000000,15.000000,0.000000
0.022150,0.000000,15.000000,0.000000
0.022152,0.000000,15.000000,0.000000
0.022154,0.000000,15.000000,0.000000
0.022156,0.000000,15.000000,0.000000
0.022158,0.000000,15.000000,0.000000
0.022160,0.000000,15.000000,0.000000
0.022162,0.000000,15.000000,0.000000
0.022164,0.000000,15.000000,0.000000
0.022166,0.000000,15.000000,0.000000
0.022168,0.000000,15.000000,0.000000
0.022170,0.000000,15.000000,0.000000
0.022172,0.000000,15.000000,0.000000
0.022174,0.000000,15.000000,0.000000
0.022176,0.000000,15.000000,0.000000
0.022178,0.000000,15.000000,0.000000
0.022180,0.000000,15.000000,0.000000
0.022182,0.000000,15.000000,0.000000
0.022184,0.000000,15.000000,0.000000
0.022186,0.000000,15.000000,0.000000
0.022188,0.000000,15.000000,0.000000
0.022190,0.000000,15.000000,0.000000
0.022192,0.000000,15.000000,0.000000
0.022194,0.000000,15.000000,0.000000
0.022196,0.000000,15.000000,0.000000
0.022198,0.000000,15.000000,0.000000
0.022200,0.000000,15.000000,0.000000
0.022202,0.000000,15.000000,0.000000
0.022204,0.000000,15.000000,0.000000
0.022206,0.000000,15.000000,0.000000
0.022208,0.000000,15.000000,0.000000
0.022210,0.000000,15.000000,0.000000
0.022212,0.000000,15.000000,0.000000
0.022214,0.000000,15.000000,0.000000
0.022216,0.000000,15.000000,0.000000
0.022218,0.000000,15.000000,0.000000
0.022220,0.000000,15.000000,0.000000
0.022222,0.000000,15.000000,0.000000
0.022224,0.000000,15.000000,0.000000
0.022226,0.000000,15.000000,0.000000
0.022228,0.000000,15.000000,0.000000
0.022230,0.000000,15.000000,0.000000
0.022232,0.000000,15.000000,0.000000
0.022234,0.000000,15.000000,0.000000
0.022236,0.000000,15.000000,0.000000
0.022238,0.000000,15.000000,0.000000
0.022240,0.000000,15.000000,0.000000
0.022242,0.000000,15.000000,0.000000
0.022244,0.000000,15.000000,0.000000
0.022246,0.000000,15.000000,0.000000
0.022248,0.000000,15.000000,0.000000
0.022250,0.000000,15.000000,0.000000
0.022252,0.000000,15.000000,0.000000
0.022254,0.000000,15.000000,0.000000
0.022256,0.000000,15.000000,0.000000
0.022258,0.000000,15.000000,0.000000
0.022260,0.000000,15.000000,0.000000
0.022262,0.000000,15.000000,0.000000
0.022264,0.000000,15.000000,0.000000
0.022266,0.000000,15.000000,0.000000
0.022268,0.000000,15.000000,0.000000
0.022270,0.000000,15.000000,0.000000
0.022272,0.000000,15.000000,0.000000
0.022274,0.000000,15.000000,0.000000
0.022276,0.000000,15.000000,0.000000
0.022278,0.000000,15.000000,0.000000
0.022280,0.000000,15.000000,0.000000
0.022282,0.000000,15.000000,0.000000
0.022284,0.000000,15.000000,0.000000
0.022286,0.000000,15.000000,0.000000
0.022288,0.000000,15.000000,0.000000
0.022290,0.000000,15.000000,0.000000
0.022292,0.000000,15.000000,0.000000
0.022294,0.000000,15.000000,0.000000
0.022296,0.000000,15.000000,0.000000
0.022298,0.000000,15.000000,0.000000
0.022300,0.000000,15.000000,0.000000
0.022302,0.000000,15.000000,0.000000
0.022304,0.000000,15.000000,0.000000
0.022306,0.000000,15.000000,0.000000
0.022308,0.000000,15.000000,0.000000
0.022310,0.000000,15.000000,0.000000
0.022312,0.000000,15.000000,0.000000
0.022314,0.000000,15.000000,0.000000
0.022316,0.000000,15.000000,0.000000
0.022318,0.000000,15.000000,0.000000
0.022320,0.000000,15.000000,0.000000
0.022322,0.000000,15.000000,0.000000
0.022324,0.000000,15.000000,0.000000
0.022326,0.000000,15.000000,0.000000
0.022328,0.000000,15.000000,0.000000
0.022330,0.000000,15.000000,0.000000
0.022332,0.000000,15.000000,0.000000
0.022334,0.000000,15.000000,0.000000
0.022336,0.000000,15.000000,0.000000
0.022338,0.000000,15.000000,0.000000
0.022340,0.000000,15.000000,0.000000
0.022342,0.000000,15.000000,0.000000
0.022344,0.000000,15.000000,0.000000
0.022346,0.000000,15.000000,0.000000
0.022348,0.000000,15.000000,0.000000
0.022350,0.000000,15.000000,0.000000
0.022352,0.000000,15.000000,0.000000
0.022354,0.000000,15.000000,0.000000
0.022356,0.000000,15.000000,0.000000
0.022358,0.000000,15.000000,0.000000
0.022360,0.000000,15.000000,0.000000
0.022362,0.000000,15.000000,0.000000
0.022364,0.000000,15.000000,0.000000
0.022366,0.000000,15.000000,0.000000
0.022368,0.000000,15.000000,0.000000
0.022370,0.000000,15.000000,0.000000
0.022372,0.000000,15.000000,0.000000
0.022374,0.000000,15.000000,0.000000
0.022376,0.000000,15.000000,0.000000
0.022378,0.000000,15.000000,0.000000
0.022380,0.000000,15.000000,0.000000
0.022382,0.000000,15.000000,0.000000
0.022384,0.000000,15.000000,0.000000
0.022386,0.000000,15.000000,0.000000
0.022388,0.000000,15.000000,0.000000
0.022390,0.000000,15.000000,0.000000
0.022392,0.000000,15.000000,0.000000
0.022394,0.000000,15.000000,0.000000
0.022396,0.000000,15.000000,0.000000
0.022398,0.000000,15.000000,0.000000
0.022400,0.000000,15.000000,0.000000
0.022402,0.000000,15.000000,0.000000
0.022404,0.000000,15.000000,0.000000
0.022406,0.000000,15.000000,0.000000
0.022408,0.000000,15.000000,0.000000
0.022410,0.000000,15.000000,0.000000
0.022412,0.000000,15.000000,0.000000
0.022414,0.000000,15.000000,0.000000
0.022416,0.000000,15.000000,0.000000
0.022418,0.000000,15.000000,0.000000
0.022420,0.000000,15.000000,0.000000
0.022422,0.000000,15.000000,0.000000
0.022424,0.000000,15.000000,0.000000
0.022426,0.000000,15.000000,0.000000
0.022428,0.000000,15.000000,0.000000
0.022430,0.000000,15.000000,0.000000
0.022432,0.000000,15.000000,0.000000
0.022434,0.000000,15.000000,0.000000
0.022436,0.000000,15.000000,0.000000
0.022438,0.000000,15.000000,0.000000
0.022440,0.000000,15.000000,0.000000
0.022442,0.000000,15.000000,0.000000
0.022444,0.000000,15.000000,0.000000
0.022446,0.000000,15.000000,0.000000
0.022448,0.000000,15.000000,0.000000
0.022450,0.000000,15.000000,0.000000
0.022452,0.000000,15.000000,0.000000
0.022454,0.000000,15.000000,0.000000
0.022456,0.000000,15.000000,0.000000
0.022458,0.000000,15.000000,0.000000
0.022460,0.000000,15.000000,0.000000
0.022462,0.000000,15.000000,0.000000
0.022464,0.000000,15.000000,0.000000
0.022466,0.000000,15.000000,0.000000
0.022468,0.000000,15.000000,0.000000
0.022470,0.000000,15.000000,0.000000
0.022472,0.000000,15.000000,0.000000
0.022474,0.000000,15.000000,0.000000
0.022476,0.000000,15.000000,0.000000
0.022478,0.000000,15.000000,0.000000
0.022480,0.000000,15.000000,0.000000
0.022482,0.000000,15.000000,0.000000
0.022484,0.000000,15.000000,0.000000
0.022486,0.000000,15.000000,0.000000
0.022488,0.000000,15.000000,0.000000
0.022490,0.000000,15.000000,0.000000
0.022492,0.000000,15.000000,0.000000
0.022494,0.000000,15.000000,0.000000
0.022496,0.000000,15.000000,0.000000
0.022498,0.000000,15.000000,0.000000
0.022500,0.000000,15.000000,0.000000
0.022502,0.000000,15.000000,0.000000
0.022504,0.000000,15.000000,0.000000
0.022506,0.000000,15.000000,0.000000
0.022508,0.000000,15.000000,0.000000
0.022510,0.000000,15.000000,0.000000
0.022512,0.000000,15.000000,0.000000
0.022514,0.000000,15.000000,0.000000
0.022516,0.000000,15.000000,0.000000
0.022518,0.000000,15.000000,0.000000
0.022520,0.000000,15.000000,0.000000
0.022522,0.000000,15.000000,0.000000
0.022524,0.000000,15.000000,0.000000
0.022526,0.000000,15.000000,0.000000
0.022528,0.000000,15.000000,0.000000
0.022530,0.000000,15.000000,0.000000
0.022532,0.000000,15.000000,0.000000
0.022534,0.000000,15.000000,0.000000
0.022536,0.000000,15.000000,0.000000
0.022538,0.000000,15.000000,0.000000
0.022540,0.000000,15.000000,0.000000
0.022542,0.000000,15.000000,0.000000
0.022544,0.000000,15.000000,0.000000
0.022546,0.000000,15.000000,0.000000
0.022548,0.000000,15.000000,0.000000
0.022550,0.000000,15.000000,0.000000
0.022552,0.000000,15.000000,0.000000
0.022554,0.000000,15.000000,0.000000
0.022556,0.000000,15.000000,0.000000
0.022558,0.000000,15.000000,0.000000
0.022560,0.000000,15.000000,0.000000
0.022562,0.000000,15.000000,0.000000
0.022564,0.000000,15.000000,0.000000
0.022566,0.000000,15.000000,0.000000
0.022568,0.000000,15.000000,0.000000
0.022570,0.000000,15.000000,0.000000
0.022572,0.000000,15.000000,0.000000
0.022574,0.000000,15.000000,0.000000
0.022576,0.000000,15.000000,0.000000
0.022578,0.000000,15.000000,0.000000
0.022580,0.000000,15.000000,0.000000
0.022582,0.000000,15.000000,0.000000
0.022584,0.000000,15.000000,0.000000
0.022586,0.000000,15.000000,0.000000
0.022588,0.000000,15.000000,0.000000
0.022590,0.000000,15.000000,0.000000
0.022592,0.000000,15.000000,0.000000
0.022594,0.000000,15.000000,0.000000
0.022596,0.000000,15.000000,0.000000
0.022598,0.000000,15.000000,0.000000
0.022600,0.000000,15.000000,0.000000
0.022602,0.000000,15.000000,0.000000
0.022604,0.000000,15.000000,0.000000
0.022606,0.000000,15.000000,0.000000
0.022608,0.000000,15.000000,0.000000
0.022610,0.000000,15.000000,0.000000
0.022612,0.000000,15.000000,0.000000
0.022614,0.000000,15.000000,0.000000
0.022616,0.000000,15.000000,0.000000
0.022618,0.000000,15.000000,0.000000
0.022620,0.000000,15.000000,0.000000
0.022622,0.000000,15.000000,0.000000
0.022624,0.000000,15.000000,0.000000
0.022626,0.000000,15.000000,0.000000
0.022628,0.000000,15.000000,0.000000
0.022630,0.000000,15.000000,0.000000
0.022632,0.000000,15.000000,0.000000
0.022634,0.000000,15.000000,0.000000
0.022636,0.000000,15.000000,0.000000
0.022638,0.000000,15.000000,0.000000
0.022640,0.000000,15.000000,0.000000
0.022642,0.000000,15.000000,0.000000
0.022644,0.000000,15.000000,0.000000
0.022646,0.000000,15.000000,0.000000
0.022648,0.000000,15.000000,0.000000
0.022650,0.000000,15.000000,0.000000
0.022652,0.000000,15.000000,0.000000
0.022654,0.000000,15.000000,0.000000
0.022656,0.000000,15.000000,0.000000
0.022658,0.000000,15.000000,0.000000
0.022660,0.000000,15.000000,0.000000
0.022662,0.000000,15.000000,0.000000
0.022664,0.000000,15.000000,0.000000
0.022666,0.000000,15.000000,0.000000
0.022668,0.000000,15.000000,0.000000
0.022670,0.000000,15.000000,0.000000
0.022672,0.000000,15.000000,0.000000
0.022674,0.000000,15.000000,0.000000
0.022676,0.000000,15.000000,0.000000
0.022678,0.000000,15.000000,0.000000
0.022680,0.000000,15.000000,0.000000
0.022682,0.000000,15.000000,0.000000
0.022684,0.000000,15.000000,0.000000
0.022686,0.000000,15.000000,0.000000
0.022688,0.000000,15.000000,0.000000
0.022690,0.000000,15.000000,0.000000
0.022692,0.000000,15.000000,0.000000
0.022694,0.000000,15.000000,0.000000
0.022696,0.000000,15.000000,0.000000
0.022698,0.000000,15.000000,0.000000
0.022700,0.000000,15.000000,0.000000
0.022702,0.000000,15.000000,0.000000
0.022704,0.000000,15.000000,0.000000
0.022706,0.000000,15.000000,0.000000
0.022708,0.000000,15.000000,0.000000
0.022710,0.000000,15.000000,0.000000
0.022712,0.000000,15.000000,0.000000
0.022714,0.000000,15.000000,0.000000
0.022716,0.000000,15.000000,0.000000
0.022718,0.000000,15.000000,0.000000
0.022720,0.000000,15.000000,0.000000
0.022722,0.000000,15.000000,0.000000
0.022724,0.000000,15.000000,0.000000
0.022726,0.000000,15.000000,0.000000
0.022728,0.000000,15.000000,0.000000
0.022730,0.000000,15.000000,0.000000
0.022732,0.000000,15.000000,0.000000
0.022734,0.000000,15.000000,0.000000
0.022736,0.000000,15.000000,0.000000
0.022738,0.000000,15.000000,0.000000
0.022740,0.000000,15.000000,0.000000
0.022742,0.000000,15.000000,0.000000
0.022744,0.000000,15.000000,0.000000
0.022746,0.000000,15.000000,0.000000
0.022748,0.000000,15.000000,0.000000
0.022750,0.000000,15.000000,0.000000
0.022752,0.000000,15.000000,0.000000
0.022754,0.000000,15.000000,0.000000
0.022756,0.000000,15.000000,0.000000
0.022758,0.000000,15.000000,0.000000
0.022760,0.000000,15.000000,0.000000
0.022762,0.000000,15.000000,0.000000
0.022764,0.000000,15.000000,0.000000
0.022766,0.000000,15.000000,0.000000
0.022768,0.000000,15.000000,0.000000
0.022770,0.000000,15.000000,0.000000
0.022772,0.000000,15.000000,0.000000
0.022774,0.000000,15.000000,0.000000
0.022776,0.000000,15.000000,0.000000
0.022778,0.000000,15.000000,0.000000
0.022780,0.000000,15.000000,0.000000
0.022782,0.000000,15.000000,0.000000
0.022784,0.000000,15.000000,0.000000
0.022786,0.000000,15.000000,0.000000
0.022788,0.000000,15.000000,0.000000
0.022790,0.000000,15.000000,0.000000
0.022792,0.000000,15.000000,0.000000
0.022794,0.000000,15.000000,0.000000
0.022796,0.000000,15.000000,0.000000
0.022798,0.000000,15.000000,0.000000
0.022800,0.000000,15.000000,0.000000
0.022802,0.000000,15.000000,0.000000
0.022804,0.000000,15.000000,0.000000
0.022806,0.000000,15.000000,0.000000
0.022808,0.000000,15.000000,0.000000
0.022810,0.000000,15.000000,0.000000
0.022812,0.000000,15.000000,0.000000
0.022814,0.000000,15.000000,0.000000
0.022816,0.000000,15.000000,0.000000
0.022818,0.000000,15.000000,0.000000
0.022820,0.000000,15.000000,0.000000
0.022822,0.000000,15.000000,0.000000
0.022824,0.000000,15.000000,0.000000
0.022826,0.000000,15.000000,0.000000
0.022828,0.000000,15.000000,0.000000
0.022830,0.000000,15.000000,0.000000
0.022832,0.000000,15.000000,0.000000
0.022834,0.000000,15.000000,0.000000
0.022836,0.000000,15.000000,0.000000
0.022838,0.000000,15.000000,0.000000
0.022840,0.000000,15.000000,0.000000
0.022842,0.000000,15.000000,0.000000
0.022844,0.000000,15.000000,0.000000
0.022846,0.000000,15.000000,0.000000
0.022848,0.000000,15.000000,0.000000
0.022850,0.000000,15.000000,0.000000
0.022852,0.000000,15.000000,0.000000
0.022854,0.000000,15.000000,0.000000
0.022856,0.000000,15.000000,0.000000
0.022858,0.000000,15.000000,0.000000
0.022860,0.000000,15.000000,0.000000
0.022862,0.000000,15.000000,0.000000
0.022864,0.000000,15.000000,0.000000
0.022866,0.000000,15.000000,0.000000
0.022868,0.000000,15.000000,0.000000
0.022870,0.000000,15.000000,0.000000
0.022872,0.000000,15.000000,0.000000
0.022874,0.000000,15.000000,0.000000
0.022876,0.000000,15.000000,0.000000
0.022878,0.000000,15.000000,0.000000
0.022880,0.000000,15.000000,0.000000
0.022882,0.000000,15.000000,0.000000
0.022884,0.000000,15.000000,0.000000
0.022886,0.000000,15.000000,0.000000
0.022888,0.000000,15.000000,0.000000
0.022890,0.000000,15.000000,0.000000
0.022892,0.000000,15.000000,0.000000
0.022894,0.000000,15.000000,0.000000
0.022896,0.000000,15.000000,0.000000
0.022898,0.000000,15.000000,0.000000
0.022900,0.000000,15.000000,0.000000
0.022902,0.000000,15.000000,0.000000
0.022904,0.000000,15.000000,0.000000
0.022906,0.000000,15.000000,0.000000
0.022908,0.000000,15.000000,0.000000
0.022910,0.000000,15.000000,0.000000
0.022912,0.000000,15.000000,0.000000
0.022914,0.000000,15.000000,0.000000
0.022916,0.000000,15.000000,0.000000
0.022918,0.000000,15.000000,0.000000
0.022920,0.000000,15.000000,0.000000
0.022922,0.000000,15.000000,0.000000
0.022924,0.000000,15.000000,0.000000
0.022926,0.000000,15.000000,0.000000
0.022928,0.000000,15.000000,0.000000
0.022930,0.000000,15.000000,0.000000
0.022932,0.000000,15.000000,0.000000
0.022934,0.000000,15.000000,0.000000
0.022936,0.000000,15.000000,0.000000
0.022938,0.000000,15.000000,0.000000
0.022940,0.000000,15.000000,0.000000
0.022942,0.000000,15.000000,0.000000
0.022944,0.000000,15.000000,0.000000
0.022946,0.000000,15.000000,0.000000
0.022948,0.000000,15.000000,0.000000
0.022950,0.000000,15.000000,0.000000
0.022952,0.000000,15.000000,0.000000
0.022954,0.000000,15.000000,0.000000
0.022956,0.000000,15.000000,0.000000
0.022958,0.000000,15.000000,0.000000
0.022960,0.000000,15.000000,0.000000
0.022962,0.000000,15.000000,0.000000
0.022964,0.000000,15.000000,0.000000
0.022966,0.000000,15.000000,0.000000
0.022968,0.000000,15.000000,0.000000
0.022970,0.000000,15.000000,0.000000
0.022972,0.000000,15.000000,0.000000
0.022974,0.000000,15.000000,0.000000
0.022976,0.000000,15.000000,0.000000
0.022978,0.000000,15.000000,0.000000
0.022980,0.000000,15.000000,0.000000
0.022982,0.000000,15.000000,0.000000
0.022984,0.000000,15.000000,0.000000
0.022986,0.000000,15.000000,0.000000
0.022988,0.000000,15.000000,0.000000
0.022990,0.000000,15.000000,0.000000
0.022992,0.000000,15.000000,0.000000
0.022994,0.000000,15.000000,0.000000
0.022996,0.000000,15.000000,0.000000
0.022998,0.000000,15.000000,0.000000
0.023000,0.000000,15.000000,0.000000
0.023002,0.000000,15.000000,0.000000
0.023004,0.000000,15.000000,0.000000
0.023006,0.000000,15.000000,0.000000
0.023008,0.000000,15.000000,0.000000
0.023010,0.000000,15.000000,0.000000
0.023012,0.000000,15.000000,0.000000
0.023014,0.000000,15.000000,0.000000
0.023016,0.000000,15.000000,0.000000
0.023018,0.000000,15.000000,0.000000
0.023020,0.000000,15.000000,0.000000
0.023022,0.000000,15.000000,0.000000
0.023024,0.000000,15.000000,0.000000
0.023026,0.000000,15.000000,0.000000
0.023028,0.000000,15.000000,0.000000
0.023030,0.000000,15.000000,0.000000
0.023032,0.000000,15.000000,0.000000
0.023034,0.000000,15.000000,0.000000
0.023036,0.000000,15.000000,0.000000
0.023038,0.000000,15.000000,0.000000
0.023040,0.000000,15.000000,0.000000
0.023042,0.000000,15.000000,0.000000
0.023044,0.000000,15.000000,0.000000
0.023046,0.000000,15.000000,0.000000
0.023048,0.000000,15.000000,0.000000
0.023050,0.000000,15.000000,0.000000
0.023052,0.000000,15.000000,0.000000
0.023054,0.000000,15.000000,0.000000
0.023056,0.000000,15.000000,0.000000
0.023058,0.000000,15.000000,0.000000
0.023060,0.000000,15.000000,0.000000
0.023062,0.000000,15.000000,0.000000
0.023064,0.000000,15.000000,0.000000
0.023066,0.000000,15.000000,0.000000
0.023068,0.000000,15.000000,0.000000
0.023070,0.000000,15.000000,0.000000
0.023072,0.000000,15.000000,0.000000
0.023074,0.000000,15.000000,0.000000
0.023076,0.000000,15.000000,0.000000
0.023078,0.000000,15.000000,0.000000
0.023080,0.000000,15.000000,0.000000
0.023082,0.000000,15.000000,0.000000
0.023084,0.000000,15.000000,0.000000
0.023086,0.000000,15.000000,0.000000
0.023088,0.000000,15.000000,0.000000
0.023090,0.000000,15.000000,0.000000
0.023092,0.000000,15.000000,0.000000
0.023094,0.000000,15.000000,0.000000
0.023096,0.000000,15.000000,0.000000
0.023098,0.000000,15.000000,0.000000
0.023100,0.000000,15.000000,0.000000
0.023102,0.000000,15.000000,0.000000
0.023104,0.000000,15.000000,0.000000
0.023106,0.000000,15.000000,0.000000
0.023108,0.000000,15.000000,0.000000
0.023110,0.000000,15.000000,0.000000
0.023112,0.000000,15.000000,0.000000
0.023114,0.000000,15.000000,0.000000
0.023116,0.000000,15.000000,0.000000
0.023118,0.000000,15.000000,0.000000
0.023120,0.000000,15.000000,0.000000
0.023122,0.000000,15.000000,0.000000
0.023124,0.000000,15.000000,0.000000
0.023126,0.000000,15.000000,0.000000
0.023128,0.000000,15.000000,0.000000
0.023130,0.000000,15.000000,0.000000
0.023132,0.000000,15.000000,0.000000
0.023134,0.000000,15.000000,0.000000
0.023136,0.000000,15.000000,0.000000
0.023138,0.000000,15.000000,0.000000
0.023140,0.000000,15.000000,0.000000
0.023142,0.000000,15.000000,0.000000
0.023144,0.000000,15.000000,0.000000
0.023146,0.000000,15.000000,0.000000
0.023148,0.000000,15.000000,0.000000
0.023150,0.000000,15.000000,0.000000
0.023152,0.000000,15.000000,0.000000
0.023154,0.000000,15.000000,0.000000
0.023156,0.000000,15.000000,0.000000
0.023158,0.000000,15.000000,0.000000
0.023160,0.000000,15.000000,0.000000
0.023162,0.000000,15.000000,0.000000
0.023164,0.000000,15.000000,0.000000
0.023166,0.000000,15.000000,0.000000
0.023168,0.000000,15.000000,0.000000
0.023170,0.000000,15.000000,0.000000
0.023172,0.000000,15.000000,0.000000
0.023174,0.000000,15.000000,0.000000
0.023176,0.000000,15.000000,0.000000
0.023178,0.000000,15.000000,0.000000
0.023180,0.000000,15.000000,0.000000
0.023182,0.000000,15.000000,0.000000
0.023184,0.000000,15.000000,0.000000
0.023186,0.000000,15.000000,0.000000
0.023188,0.000000,15.000000,0.000000
0.023190,0.000000,15.000000,0.000000
0.023192,0.000000,15.000000,0.000000
0.023194,0.000000,15.000000,0.000000
0.023196,0.000000,15.000000,0.000000
0.023198,0.000000,15.000000,0.000000
0.023200,0.000000,15.000000,0.000000
0.023202,0.000000,15.000000,0.000000
0.023204,0.000000,15.000000,0.000000
0.023206,0.000000,15.000000,0.000000
0.023208,0.000000,15.000000,0.000000
0.023210,0.000000,15.000000,0.000000
0.023212,0.000000,15.000000,0.000000
0.023214,0.000000,15.000000,0.000000
0.023216,0.000000,15.000000,0.000000
0.023218,0.000000,15.000000,0.000000
0.023220,0.000000,15.000000,0.000000
0.023222,0.000000,15.000000,0.000000
0.023224,0.000000,15.000000,0.000000
0.023226,0.000000,15.000000,0.000000
0.023228,0.000000,15.000000,0.000000
0.023230,0.000000,15.000000,0.000000
0.023232,0.000000,15.000000,0.000000
0.023234,0.000000,15.000000,0.000000
0.023236,0.000000,15.000000,0.000000
0.023238,0.000000,15.000000,0.000000
0.023240,0.000000,15.000000,0.000000
0.023242,0.000000,15.000000,0.000000
0.023244,0.000000,15.000000,0.000000
0.023246,0.000000,15.000000,0.000000
0.023248,0.000000,15.000000,0.000000
0.023250,0.000000,15.000000,0.000000
0.023252,0.000000,15.000000,0.000000
0.023254,0.000000,15.000000,0.000000
0.023256,0.000000,15.000000,0.000000
0.023258,0.000000,15.000000,0.000000
0.023260,0.000000,15.000000,0.000000
0.023262,0.000000,15.000000,0.000000
0.023264,0.000000,15.000000,0.000000
0.023266,0.000000,15.000000,0.000000
0.023268,0.000000,15.000000,0.000000
0.023270,0.000000,15.000000,0.000000
0.023272,0.000000,15.000000,0.000000
0.023274,0.000000,15.000000,0.000000
0.023276,0.000000,15.000000,0.000000
0.023278,0.000000,15.000000,0.000000
0.023280,0.000000,15.000000,0.000000
0.023282,0.000000,15.000000,0.000000
0.023284,0.000000,15.000000,0.000000
0.023286,0.000000,15.000000,0.000000
0.023288,0.000000,15.000000,0.000000
0.023290,0.000000,15.000000,0.000000
0.023292,0.000000,15.000000,0.000000
0.023294,0.000000,15.000000,0.000000
0.023296,0.000000,15.000000,0.000000
0.023298,0.000000,15.000000,0.000000
0.023300,0.000000,15.000000,0.000000
0.023302,0.000000,15.000000,0.000000
0.023304,0.000000,15.000000,0.000000
0.023306,0.000000,15.000000,0.000000
0.023308,0.000000,15.000000,0.000000
0.023310,0.000000,15.000000,0.000000
0.023312,0.000000,15.000000,0.000000
0.023314,0.000000,15.000000,0.000000
0.023316,0.000000,15.000000,0.000000
0.023318,0.000000,15.000000,0.000000
0.023320,0.000000,15.000000,0.000000
0.023322,0.000000,15.000000,0.000000
0.023324,0.000000,15.000000,0.000000
0.023326,0.000000,15.000000,0.000000
0.023328,0.000000,15.000000,0.000000
0.023330,0.000000,15.000000,0.000000
0.023332,0.000000,15.000000,0.000000
0.023334,0.000000,15.000000,0.000000
0.023336,0.000000,15.000000,0.000000
0.023338,0.000000,15.000000,0.000000
0.023340,0.000000,15.000000,0.000000
0.023342,0.000000,15.000000,0.000000
0.023344,0.000000,15.000000,0.000000
0.023346,0.000000,15.000000,0.000000
0.023348,0.000000,15.000000,0.000000
0.023350,0.000000,15.000000,0.000000
0.023352,0.000000,15.000000,0.000000
0.023354,0.000000,15.000000,0.000000
0.023356,0.000000,15.000000,0.000000
0.023358,0.000000,15.000000,0.000000
0.023360,0.000000,15.000000,0.000000
0.023362,0.000000,15.000000,0.000000
0.023364,0.000000,15.000000,0.000000
0.023366,0.000000,15.000000,0.000000
0.023368,0.000000,15.000000,0.000000
0.023370,0.000000,15.000000,0.000000
0.023372,0.000000,15.000000,0.000000
0.023374,0.000000,15.000000,0.000000
0.023376,0.000000,15.000000,0.000000
0.023378,0.000000,15.000000,0.000000
0.023380,0.000000,15.000000,0.000000
0.023382,0.000000,15.000000,0.000000
0.023384,0.000000,15.000000,0.000000
0.023386,0.000000,15.000000,0.000000
0.023388,0.000000,15.000000,0.000000
0.023390,0.000000,15.000000,0.000000
0.023392,0.000000,15.000000,0.000000
0.023394,0.000000,15.000000,0.000000
0.023396,0.000000,15.000000,0.000000
0.023398,0.000000,15.000000,0.000000
0.023400,0.000000,15.000000,0.000000
0.023402,0.000000,15.000000,0.000000
0.023404,0.000000,15.000000,0.000000
0.023406,0.000000,15.000000,0.000000
0.023408,0.000000,15.000000,0.000000
0.023410,0.000000,15.000000,0.000000
0.023412,0.000000,15.000000,0.000000
0.023414,0.000000,15.000000,0.000000
0.023416,0.000000,15.000000,0.000000
0.023418,0.000000,15.000000,0.000000
0.023420,0.000000,15.000000,0.000000
0.023422,0.000000,15.000000,0.000000
0.023424,0.000000,15.000000,0.000000
0.023426,0.000000,15.000000,0.000000
0.023428,0.000000,15.000000,0.000000
0.023430,0.000000,15.000000,0.000000
0.023432,0.000000,15.000000,0.000000
0.023434,0.000000,15.000000,0.000000
0.023436,0.000000,15.000000,0.000000
0.023438,0.000000,15.000000,0.000000
0.023440,0.000000,15.000000,0.000000
0.023442,0.000000,15.000000,0.000000
0.023444,0.000000,15.000000,0.000000
0.023446,0.000000,15.000000,0.000000
0.023448,0.000000,15.000000,0.000000
0.023450,0.000000,15.000000,0.000000
0.023452,0.000000,15.000000,0.000000
0.023454,0.000000,15.000000,0.000000
0.023456,0.000000,15.000000,0.000000
0.023458,0.000000,15.000000,0.000000
0.023460,0.000000,15.000000,0.000000
0.023462,0.000000,15.000000,0.000000
0.023464,0.000000,15.000000,0.000000
0.023466,0.000000,15.000000,0.000000
0.023468,0.000000,15.000000,0.000000
0.023470,0.000000,15.000000,0.000000
0.023472,0.000000,15.000000,0.000000
0.023474,0.000000,15.000000,0.000000
0.023476,0.000000,15.000000,0.000000
0.023478,0.000000,15.000000,0.000000
0.023480,0.000000,15.000000,0.000000
0.023482,0.000000,15.000000,0.000000
0.023484,0.000000,15.000000,0.000000
0.023486,0.000000,15.000000,0.000000
0.023488,0.000000,15.000000,0.000000
0.023490,0.000000,15.000000,0.000000
0.023492,0.000000,15.000000,0.000000
0.023494,0.000000,15.000000,0.000000
0.023496,0.000000,15.000000,0.000000
0.023498,0.000000,15.000000,0.000000
0.023500,0.000000,15.000000,0.000000
0.023502,0.000000,15.000000,0.000000
0.023504,0.000000,15.000000,0.000000
0.023506,0.000000,15.000000,0.000000
0.023508,0.000000,15.000000,0.000000
0.023510,0.000000,15.000000,0.000000
0.023512,0.000000,15.000000,0.000000
0.023514,0.000000,15.000000,0.000000
0.023516,0.000000,15.000000,0.000000
0.023518,0.000000,15.000000,0.000000
0.023520,0.000000,15.000000,0.000000
0.023522,0.000000,15.000000,0.000000
0.023524,0.000000,15.000000,0.000000
0.023526,0.000000,15.000000,0.000000
0.023528,0.000000,15.000000,0.000000
0.023530,0.000000,15.000000,0.000000
0.023532,0.000000,15.000000,0.000000
0.023534,0.000000,15.000000,0.000000
0.023536,0.000000,15.000000,0.000000
0.023538,0.000000,15.000000,0.000000
0.023540,0.000000,15.000000,0.000000
0.023542,0.000000,15.000000,0.000000
0.023544,0.000000,15.000000,0.000000
0.023546,0.000000,15.000000,0.000000
0.023548,0.000000,15.000000,0.000000
0.023550,0.000000,15.000000,0.000000
0.023552,0.000000,15.000000,0.000000
0.023554,0.000000,15.000000,0.000000
0.023556,0.000000,15.000000,0.000000
0.023558,0.000000,15.000000,0.000000
0.023560,0.000000,15.000000,0.000000
0.023562,0.000000,15.000000,0.000000
0.023564,0.000000,15.000000,0.000000
0.023566,0.000000,15.000000,0.000000
0.023568,0.000000,15.000000,0.000000
0.023570,0.000000,15.000000,0.000000
0.023572,0.000000,15.000000,0.000000
0.023574,0.000000,15.000000,0.000000
0.023576,0.000000,15.000000,0.000000
0.023578,0.000000,15.000000,0.000000
0.023580,0.000000,15.000000,0.000000
0.023582,0.000000,15.000000,0.000000
0.023584,0.000000,15.000000,0.000000
0.023586,0.000000,15.000000,0.000000
0.023588,0.000000,15.000000,0.000000
0.023590,0.000000,15.000000,0.000000
0.023592,0.000000,15.000000,0.000000
0.023594,0.000000,15.000000,0.000000
0.023596,0.000000,15.000000,0.000000
0.023598,0.000000,15.000000,0.000000
0.023600,0.000000,15.000000,0.000000
0.023602,0.000000,15.000000,0.000000
0.023604,0.000000,15.000000,0.000000
0.023606,0.000000,15.000000,0.000000
0.023608,0.000000,15.000000,0.000000
0.023610,0.000000,15.000000,0.000000
0.023612,0.000000,15.000000,0.000000
0.023614,0.000000,15.000000,0.000000
0.023616,0.000000,15.000000,0.000000
0.023618,0.000000,15.000000,0.000000
0.023620,0.000000,15.000000,0.000000
0.023622,0.000000,15.000000,0.000000
0.023624,0.000000,15.000000,0.000000
0.023626,0.000000,15.000000,0.000000
0.023628,0.000000,15.000000,0.000000
0.023630,0.000000,15.000000,0.000000
0.023632,0.000000,15.000000,0.000000
0.023634,0.000000,15.000000,0.000000
0.023636,0.000000,15.000000,0.000000
0.023638,0.000000,15.000000,0.000000
0.023640,0.000000,15.000000,0.000000
0.023642,0.000000,15.000000,0.000000
0.023644,0.000000,15.000000,0.000000
0.023646,0.000000,15.000000,0.000000
0.023648,0.000000,15.000000,0.000000
0.023650,0.000000,15.000000,0.000000
0.023652,0.000000,15.000000,0.000000
0.023654,0.000000,15.000000,0.000000
0.023656,0.000000,15.000000,0.000000
0.023658,0.000000,15.000000,0.000000
0.023660,0.000000,15.000000,0.000000
0.023662,0.000000,15.000000,0.000000
0.023664,0.000000,15.000000,0.000000
0.023666,0.000000,15.000000,0.000000
0.023668,0.000000,15.000000,0.000000
0.023670,0.000000,15.000000,0.000000
0.023672,0.000000,15.000000,0.000000
0.023674,0.000000,15.000000,0.000000
0.023676,0.000000,15.000000,0.000000
0.023678,0.000000,15.000000,0.000000
0.023680,0.000000,15.000000,0.000000
0.023682,0.000000,15.000000,0.000000
0.023684,0.000000,15.000000,0.000000
0.023686,0.000000,15.000000,0.000000
0.023688,0.000000,15.000000,0.000000
0.023690,0.000000,15.000000,0.000000
0.023692,0.000000,15.000000,0.000000
0.023694,0.000000,15.000000,0.000000
0.023696,0.000000,15.000000,0.000000
0.023698,0.000000,15.000000,0.000000
0.023700,0.000000,15.000000,0.000000
0.023702,0.000000,15.000000,0.000000
0.023704,0.000000,15.000000,0.000000
0.023706,0.000000,15.000000,0.000000
0.023708,0.000000,15.000000,0.000000
0.023710,0.000000,15.000000,0.000000
0.023712,0.000000,15.000000,0.000000
0.023714,0.000000,15.000000,0.000000
0.023716,0.000000,15.000000,0.000000
0.023718,0.000000,15.000000,0.000000
0.023720,0.000000,15.000000,0.000000
0.023722,0.000000,15.000000,0.000000
0.023724,0.000000,15.000000,0.000000
0.023726,0.000000,15.000000,0.000000
0.023728,0.000000,15.000000,0.000000
0.023730,0.000000,15.000000,0.000000
0.023732,0.000000,15.000000,0.000000
0.023734,0.000000,15.000000,0.000000
0.023736,0.000000,15.000000,0.000000
0.023738,0.000000,15.000000,0.000000
0.023740,0.000000,15.000000,0.000000
0.023742,0.000000,15.000000,0.000000
0.023744,0.000000,15.000000,0.000000
0.023746,0.000000,15.000000,0.000000
0.023748,0.000000,15.000000,0.000000
0.023750,0.000000,15.000000,0.000000
0.023752,0.000000,15.000000,0.000000
0.023754,0.000000,15.000000,0.000000
0.023756,0.000000,15.000000,0.000000
0.023758,0.000000,15.000000,0.000000
0.023760,0.000000,15.000000,0.000000
0.023762,0.000000,15.000000,0.000000
0.023764,0.000000,15.000000,0.000000
0.023766,0.000000,15.000000,0.000000
0.023768,0.000000,15.000000,0.000000
0.023770,0.000000,15.000000,0.000000
0.023772,0.000000,15.000000,0.000000
0.023774,0.000000,15.000000,0.000000
0.023776,0.000000,15.000000,0.000000
0.023778,0.000000,15.000000,0.000000
0.023780,0.000000,15.000000,0.000000
0.023782,0.000000,15.000000,0.000000
0.023784,0.000000,15.000000,0.000000
0.023786,0.000000,15.000000,0.000000
0.023788,0.000000,15.000000,0.000000
0.023790,0.000000,15.000000,0.000000
0.023792,0.000000,15.000000,0.000000
0.023794,0.000000,15.000000,0.000000
0.023796,0.000000,15.000000,0.000000
0.023798,0.000000,15.000000,0.000000
0.023800,0.000000,15.000000,0.000000
0.023802,0.000000,15.000000,0.000000
0.023804,0.000000,15.000000,0.000000
0.023806,0.000000,15.000000,0.000000
0.023808,0.000000,15.000000,0.000000
0.023810,0.000000,15.000000,0.000000
0.023812,0.000000,15.000000,0.000000
0.023814,0.000000,15.000000,0.000000
0.023816,0.000000,15.000000,0.000000
0.023818,0.000000,15.000000,0.000000
0.023820,0.000000,15.000000,0.000000
0.023822,0.000000,15.000000,0.000000
0.023824,0.000000,15.000000,0.000000
0.023826,0.000000,15.000000,0.000000
0.023828,0.000000,15.000000,0.000000
0.023830,0.000000,15.000000,0.000000
0.023832,0.000000,15.000000,0.000000
0.023834,0.000000,15.000000,0.000000
0.023836,0.000000,15.000000,0.000000
0.023838,0.000000,15.000000,0.000000
0.023840,0.000000,15.000000,0.000000
0.023842,0.000000,15.000000,0.000000
0.023844,0.000000,15.000000,0.000000
0.023846,0.000000,15.000000,0.000000
0.023848,0.000000,15.000000,0.000000
0.023850,0.000000,15.000000,0.000000
0.023852,0.000000,15.000000,0.000000
0.023854,0.000000,15.000000,0.000000
0.023856,0.000000,15.000000,0.000000
0.023858,0.000000,15.000000,0.000000
0.023860,0.000000,15.000000,0.000000
0.023862,0.000000,15.000000,0.000000
0.023864,0.000000,15.000000,0.000000
0.023866,0.000000,15.000000,0.000000
0.023868,0.000000,15.000000,0.000000
0.023870,0.000000,15.000000,0.000000
0.023872,0.000000,15.000000,0.000000
0.023874,0.000000,15.000000,0.000000
0.023876,0.000000,15.000000,0.000000
0.023878,0.000000,15.000000,0.000000
0.023880,0.000000,15.000000,0.000000
0.023882,0.000000,15.000000,0.000000
0.023884,0.000000,15.000000,0.000000
0.023886,0.000000,15.000000,0.000000
0.023888,0.000000,15.000000,0.000000
0.023890,0.000000,15.000000,0.000000
0.023892,0.000000,15.000000,0.000000
0.023894,0.000000,15.000000,0.000000
0.023896,0.000000,15.000000,0.000000
0.023898,0.000000,15.000000,0.000000
0.023900,0.000000,15.000000,0.000000
0.023902,0.000000,15.000000,0.000000
0.023904,0.000000,15.000000,0.000000
0.023906,0.000000,15.000000,0.000000
0.023908,0.000000,15.000000,0.000000
0.023910,0.000000,15.000000,0.000000
0.023912,0.000000,15.000000,0.000000
0.023914,0.000000,15.000000,0.000000
0.023916,0.000000,15.000000,0.000000
0.023918,0.000000,15.000000,0.000000
0.023920,0.000000,15.000000,0.000000
0.023922,0.000000,15.000000,0.000000
0.023924,0.000000,15.000000,0.000000
0.023926,0.000000,15.000000,0.000000
0.023928,0.000000,15.000000,0.000000
0.023930,0.000000,15.000000,0.000000
0.023932,0.000000,15.000000,0.000000
0.023934,0.000000,15.000000,0.000000
0.023936,0.000000,15.000000,0.000000
0.023938,0.000000,15.000000,0.000000
0.023940,0.000000,15.000000,0.000000
0.023942,0.000000,15.000000,0.000000
0.023944,0.000000,15.000000,0.000000
0.023946,0.000000,15.000000,0.000000
0.023948,0.000000,15.000000,0.000000
0.023950,0.000000,15.000000,0.000000
0.023952,0.000000,15.000000,0.000000
0.023954,0.000000,15.000000,0.000000
0.023956,0.000000,15.000000,0.000000
0.023958,0.000000,15.000000,0.000000
0.023960,0.000000,15.000000,0.000000
0.023962,0.000000,15.000000,0.000000
0.023964,0.000000,15.000000,0.000000
0.023966,0.000000,15.000000,0.000000
0.023968,0.000000,15.000000,0.000000
0.023970,0.000000,15.000000,0.000000
0.023972,0.000000,15.000000,0.000000
0.023974,0.000000,15.000000,0.000000
0.023976,0.000000,15.000000,0.000000
0.023978,0.000000,15.000000,0.000000
0.023980,0.000000,15.000000,0.000000
0.023982,0.000000,15.000000,0.000000
0.023984,0.000000,15.000000,0.000000
0.023986,0.000000,15.000000,0.000000
0.023988,0.000000,15.000000,0.000000
0.023990,0.000000,15.000000,0.000000
0.023992,0.000000,15.000000,0.000000
0.023994,0.000000,15.000000,0.000000
0.023996,0.000000,15.000000,0.000000
0.023998,0.000000,15.000000,0.000000
0.024000,0.000000,15.000000,0.000000
0.024002,0.000000,15.000000,0.000000
0.024004,0.000000,15.000000,0.000000
0.024006,0.000000,15.000000,0.000000
0.024008,0.000000,15.000000,0.000000
0.024010,0.000000,15.000000,0.000000
0.024012,0.000000,15.000000,0.000000
0.024014,0.000000,15.000000,0.000000
0.024016,0.000000,15.000000,0.000000
0.024018,0.000000,15.000000,0.000000
0.024020,0.000000,15.000000,0.000000
0.024022,0.000000,15.000000,0.000000
0.024024,0.000000,15.000000,0.000000
0.024026,0.000000,15.000000,0.000000
0.024028,0.000000,15.000000,0.000000
0.024030,0.000000,15.000000,0.000000
0.024032,0.000000,15.000000,0.000000
0.024034,0.000000,15.000000,0.000000
0.024036,0.000000,15.000000,0.000000
0.024038,0.000000,15.000000,0.000000
0.024040,0.000000,15.000000,0.000000
0.024042,0.000000,15.000000,0.000000
0.024044,0.000000,15.000000,0.000000
0.024046,0.000000,15.000000,0.000000
0.024048,0.000000,15.000000,0.000000
0.024050,0.000000,15.000000,0.000000
0.024052,0.000000,15.000000,0.000000
0.024054,0.000000,15.000000,0.000000
0.024056,0.000000,15.000000,0.000000
0.024058,0.000000,15.000000,0.000000
0.024060,0.000000,15.000000,0.000000
0.024062,0.000000,15.000000,0.000000
0.024064,0.000000,15.000000,0.000000
0.024066,0.000000,15.000000,0.000000
0.024068,0.000000,15.000000,0.000000
0.024070,0.000000,15.000000,0.000000
0.024072,0.000000,15.000000,0.000000
0.024074,0.000000,15.000000,0.000000
0.024076,0.000000,15.000000,0.000000
0.024078,0.000000,15.000000,0.000000
0.024080,0.000000,15.000000,0.000000
0.024082,0.000000,15.000000,0.000000
0.024084,0.000000,15.000000,0.000000
0.024086,0.000000,15.000000,0.000000
0.024088,0.000000,15.000000,0.000000
0.024090,0.000000,15.000000,0.000000
0.024092,0.000000,15.000000,0.000000
0.024094,0.000000,15.000000,0.000000
0.024096,0.000000,15.000000,0.000000
0.024098,0.000000,15.000000,0.000000
0.024100,0.000000,15.000000,0.000000
0.024102,0.000000,15.000000,0.000000
0.024104,0.000000,15.000000,0.000000
0.024106,0.000000,15.000000,0.000000
0.024108,0.000000,15.000000,0.000000
0.024110,0.000000,15.000000,0.000000
0.024112,0.000000,15.000000,0.000000
0.024114,0.000000,15.000000,0.000000
0.024116,0.000000,15.000000,0.000000
0.024118,0.000000,15.000000,0.000000
0.024120,0.000000,15.000000,0.000000
0.024122,0.000000,15.000000,0.000000
0.024124,0.000000,15.000000,0.000000
0.024126,0.000000,15.000000,0.000000
0.024128,0.000000,15.000000,0.000000
0.024130,0.000000,15.000000,0.000000
0.024132,0.000000,15.000000,0.000000
0.024134,0.000000,15.000000,0.000000
0.024136,0.000000,15.000000,0.000000
0.024138,0.000000,15.000000,0.000000
0.024140,0.000000,15.000000,0.000000
0.024142,0.000000,15.000000,0.000000
0.024144,0.000000,15.000000,0.000000
0.024146,0.000000,15.000000,0.000000
0.024148,0.000000,15.000000,0.000000
0.024150,0.000000,15.000000,0.000000
0.024152,0.000000,15.000000,0.000000
0.024154,0.000000,15.000000,0.000000
0.024156,0.000000,15.000000,0.000000
0.024158,0.000000,15.000000,0.000000
0.024160,0.000000,15.000000,0.000000
0.024162,0.000000,15.000000,0.000000
0.024164,0.000000,15.000000,0.000000
0.024166,0.000000,15.000000,0.000000
0.024168,0.000000,15.000000,0.000000
0.024170,0.000000,15.000000,0.000000
0.024172,0.000000,15.000000,0.000000
0.024174,0.000000,15.000000,0.000000
0.024176,0.000000,15.000000,0.000000
0.024178,0.000000,15.000000,0.000000
0.024180,0.000000,15.000000,0.000000
0.024182,0.000000,15.000000,0.000000
0.024184,0.000000,15.000000,0.000000
0.024186,0.000000,15.000000,0.000000
0.024188,0.000000,15.000000,0.000000
0.024190,0.000000,15.000000,0.000000
0.024192,0.000000,15.000000,0.000000
0.024194,0.000000,15.000000,0.000000
0.024196,0.000000,15.000000,0.000000
0.024198,0.000000,15.000000,0.000000
0.024200,0.000000,15.000000,0.000000
0.024202,0.000000,15.000000,0.000000
0.024204,0.000000,15.000000,0.000000
0.024206,0.000000,15.000000,0.000000
0.024208,0.000000,15.000000,0.000000
0.024210,0.000000,15.000000,0.000000
0.024212,0.000000,15.000000,0.000000
0.024214,0.000000,15.000000,0.000000
0.024216,0.000000,15.000000,0.000000
0.024218,0.000000,15.000000,0.000000
0.024220,0.000000,15.000000,0.000000
0.024222,0.000000,15.000000,0.000000
0.024224,0.000000,15.000000,0.000000
0.024226,0.000000,15.000000,0.000000
0.024228,0.000000,15.000000,0.000000
0.024230,0.000000,15.000000,0.000000
0.024232,0.000000,15.000000,0.000000
0.024234,0.000000,15.000000,0.000000
0.024236,0.000000,15.000000,0.000000
0.024238,0.000000,15.000000,0.000000
0.024240,0.000000,15.000000,0.000000
0.024242,0.000000,15.000000,0.000000
0.024244,0.000000,15.000000,0.000000
0.024246,0.000000,15.000000,0.000000
0.024248,0.000000,15.000000,0.000000
0.024250,0.000000,15.000000,0.000000
0.024252,0.000000,15.000000,0.000000
0.024254,0.000000,15.000000,0.000000
0.024256,0.000000,15.000000,0.000000
0.024258,0.000000,15.000000,0.000000
0.024260,0.000000,15.000000,0.000000
0.024262,0.000000,15.000000,0.000000
0.024264,0.000000,15.000000,0.000000
0.024266,0.000000,15.000000,0.000000
0.024268,0.000000,15.000000,0.000000
0.024270,0.000000,15.000000,0.000000
0.024272,0.000000,15.000000,0.000000
0.024274,0.000000,15.000000,0.000000
0.024276,0.000000,15.000000,0.000000
0.024278,0.000000,15.000000,0.000000
0.024280,0.000000,15.000000,0.000000
0.024282,0.000000,15.000000,0.000000
0.024284,0.000000,15.000000,0.000000
0.024286,0.000000,15.000000,0.000000
0.024288,0.000000,15.000000,0.000000
0.024290,0.000000,15.000000,0.000000
0.024292,0.000000,15.000000,0.000000
0.024294,0.000000,15.000000,0.000000
0.024296,0.000000,15.000000,0.000000
0.024298,0.000000,15.000000,0.000000
0.024300,0.000000,15.000000,0.000000
0.024302,0.000000,15.000000,0.000000
0.024304,0.000000,15.000000,0.000000
0.024306,0.000000,15.000000,0.000000
0.024308,0.000000,15.000000,0.000000
0.024310,0.000000,15.000000,0.000000
0.024312,0.000000,15.000000,0.000000
0.024314,0.000000,15.000000,0.000000
0.024316,0.000000,15.000000,0.000000
0.024318,0.000000,15.000000,0.000000
0.024320,0.000000,15.000000,0.000000
0.024322,0.000000,15.000000,0.000000
0.024324,0.000000,15.000000,0.000000
0.024326,0.000000,15.000000,0.000000
0.024328,0.000000,15.000000,0.000000
0.024330,0.000000,15.000000,0.000000
0.024332,0.000000,15.000000,0.000000
0.024334,0.000000,15.000000,0.000000
0.024336,0.000000,15.000000,0.000000
0.024338,0.000000,15.000000,0.000000
0.024340,0.000000,15.000000,0.000000
0.024342,0.000000,15.000000,0.000000
0.024344,0.000000,15.000000,0.000000
0.024346,0.000000,15.000000,0.000000
0.024348,0.000000,15.000000,0.000000
0.024350,0.000000,15.000000,0.000000
0.024352,0.000000,15.000000,0.000000
0.024354,0.000000,15.000000,0.000000
0.024356,0.000000,15.000000,0.000000
0.024358,0.000000,15.000000,0.000000
0.024360,0.000000,15.000000,0.000000
0.024362,0.000000,15.000000,0.000000
0.024364,0.000000,15.000000,0.000000
0.024366,0.000000,15.000000,0.000000
0.024368,0.000000,15.000000,0.000000
0.024370,0.000000,15.000000,0.000000
0.024372,0.000000,15.000000,0.000000
0.024374,0.000000,15.000000,0.000000
0.024376,0.000000,15.000000,0.000000
0.024378,0.000000,15.000000,0.000000
0.024380,0.000000,15.000000,0.000000
0.024382,0.000000,15.000000,0.000000
0.024384,0.000000,15.000000,0.000000
0.024386,0.000000,15.000000,0.000000
0.024388,0.000000,15.000000,0.000000
0.024390,0.000000,15.000000,0.000000
0.024392,0.000000,15.000000,0.000000
0.024394,0.000000,15.000000,0.000000
0.024396,0.000000,15.000000,0.000000
0.024398,0.000000,15.000000,0.000000
0.024400,0.000000,15.000000,0.000000
0.024402,0.000000,15.000000,0.000000
0.024404,0.000000,15.000000,0.000000
0.024406,0.000000,15.000000,0.000000
0.024408,0.000000,15.000000,0.000000
0.024410,0.000000,15.000000,0.000000
0.024412,0.000000,15.000000,0.000000
0.024414,0.000000,15.000000,0.000000
0.024416,0.000000,15.000000,0.000000
0.024418,0.000000,15.000000,0.000000
0.024420,0.000000,15.000000,0.000000
0.024422,0.000000,15.000000,0.000000
0.024424,0.000000,15.000000,0.000000
0.024426,0.000000,15.000000,0.000000
0.024428,0.000000,15.000000,0.000000
0.024430,0.000000,15.000000,0.000000
0.024432,0.000000,15.000000,0.000000
0.024434,0.000000,15.000000,0.000000
0.024436,0.000000,15.000000,0.000000
0.024438,0.000000,15.000000,0.000000
0.024440,0.000000,15.000000,0.000000
0.024442,0.000000,15.000000,0.000000
0.024444,0.000000,15.000000,0.000000
0.024446,0.000000,15.000000,0.000000
0.024448,0.000000,15.000000,0.000000
0.024450,0.000000,15.000000,0.000000
0.024452,0.000000,15.000000,0.000000
0.024454,0.000000,15.000000,0.000000
0.024456,0.000000,15.000000,0.000000
0.024458,0.000000,15.000000,0.000000
0.024460,0.000000,15.000000,0.000000
0.024462,0.000000,15.000000,0.000000
0.024464,0.000000,15.000000,0.000000
0.024466,0.000000,15.000000,0.000000
0.024468,0.000000,15.000000,0.000000
0.024470,0.000000,15.000000,0.000000
0.024472,0.000000,15.000000,0.000000
0.024474,0.000000,15.000000,0.000000
0.024476,0.000000,15.000000,0.000000
0.024478,0.000000,15.000000,0.000000
0.024480,0.000000,15.000000,0.000000
0.024482,0.000000,15.000000,0.000000
0.024484,0.000000,15.000000,0.000000
0.024486,0.000000,15.000000,0.000000
0.024488,0.000000,15.000000,0.000000
0.024490,0.000000,15.000000,0.000000
0.024492,0.000000,15.000000,0.000000
0.024494,0.000000,15.000000,0.000000
0.024496,0.000000,15.000000,0.000000
0.024498,0.000000,15.000000,0.000000
0.024500,0.000000,15.000000,0.000000
0.024502,0.000000,15.000000,0.000000
0.024504,0.000000,15.000000,0.000000
0.024506,0.000000,15.000000,0.000000
0.024508,0.000000,15.000000,0.000000
0.024510,0.000000,15.000000,0.000000
0.024512,0.000000,15.000000,0.000000
0.024514,0.000000,15.000000,0.000000
0.024516,0.000000,15.000000,0.000000
0.024518,0.000000,15.000000,0.000000
0.024520,0.000000,15.000000,0.000000
0.024522,0.000000,15.000000,0.000000
0.024524,0.000000,15.000000,0.000000
0.024526,0.000000,15.000000,0.000000
0.024528,0.000000,15.000000,0.000000
0.024530,0.000000,15.000000,0.000000
0.024532,0.000000,15.000000,0.000000
0.024534,0.000000,15.000000,0.000000
0.024536,0.000000,15.000000,0.000000
0.024538,0.000000,15.000000,0.000000
0.024540,0.000000,15.000000,0.000000
0.024542,0.000000,15.000000,0.000000
0.024544,0.000000,15.000000,0.000000
0.024546,0.000000,15.000000,0.000000
0.024548,0.000000,15.000000,0.000000
0.024550,0.000000,15.000000,0.000000
0.024552,0.000000,15.000000,0.000000
0.024554,0.000000,15.000000,0.000000
0.024556,0.000000,15.000000,0.000000
0.024558,0.000000,15.000000,0.000000
0.024560,0.000000,15.000000,0.000000
0.024562,0.000000,15.000000,0.000000
0.024564,0.000000,15.000000,0.000000
0.024566,0.000000,15.000000,0.000000
0.024568,0.000000,15.000000,0.000000
0.024570,0.000000,15.000000,0.000000
0.024572,0.000000,15.000000,0.000000
0.024574,0.000000,15.000000,0.000000
0.024576,0.000000,15.000000,0.000000
0.024578,0.000000,15.000000,0.000000
0.024580,0.000000,15.000000,0.000000
0.024582,0.000000,15.000000,0.000000
0.024584,0.000000,15.000000,0.000000
0.024586,0.000000,15.000000,0.000000
0.024588,0.000000,15.000000,0.000000
0.024590,0.000000,15.000000,0.000000
0.024592,0.000000,15.000000,0.000000
0.024594,0.000000,15.000000,0.000000
0.024596,0.000000,15.000000,0.000000
0.024598,0.000000,15.000000,0.000000
0.024600,0.000000,15.000000,0.000000
0.024602,0.000000,15.000000,0.000000
0.024604,0.000000,15.000000,0.000000
0.024606,0.000000,15.000000,0.000000
0.024608,0.000000,15.000000,0.000000
0.024610,0.000000,15.000000,0.000000
0.024612,0.000000,15.000000,0.000000
0.024614,0.000000,15.000000,0.000000
0.024616,0.000000,15.000000,0.000000
0.024618,0.000000,15.000000,0.000000
0.024620,0.000000,15.000000,0.000000
0.024622,0.000000,15.000000,0.000000
0.024624,0.000000,15.000000,0.000000
0.024626,0.000000,15.000000,0.000000
0.024628,0.000000,15.000000,0.000000
0.024630,0.000000,15.000000,0.000000
0.024632,0.000000,15.000000,0.000000
0.024634,0.000000,15.000000,0.000000
0.024636,0.000000,15.000000,0.000000
0.024638,0.000000,15.000000,0.000000
0.024640,0.000000,15.000000,0.000000
0.024642,0.000000,15.000000,0.000000
0.024644,0.000000,15.000000,0.000000
0.024646,0.000000,15.000000,0.000000
0.024648,0.000000,15.000000,0.000000
0.024650,0.000000,15.000000,0.000000
0.024652,0.000000,15.000000,0.000000
0.024654,0.000000,15.000000,0.000000
0.024656,0.000000,15.000000,0.000000
0.024658,0.000000,15.000000,0.000000
0.024660,0.000000,15.000000,0.000000
0.024662,0.000000,15.000000,0.000000
0.024664,0.000000,15.000000,0.000000
0.024666,0.000000,15.000000,0.000000
0.024668,0.000000,15.000000,0.000000
0.024670,0.000000,15.000000,0.000000
0.024672,0.000000,15.000000,0.000000
0.024674,0.000000,15.000000,0.000000
0.024676,0.000000,15.000000,0.000000
0.024678,0.000000,15.000000,0.000000
0.024680,0.000000,15.000000,0.000000
0.024682,0.000000,15.000000,0.000000
0.024684,0.000000,15.000000,0.000000
0.024686,0.000000,15.000000,0.000000
0.024688,0.000000,15.000000,0.000000
0.024690,0.000000,15.000000,0.000000
0.024692,0.000000,15.000000,0.000000
0.024694,0.000000,15.000000,0.000000
0.024696,0.000000,15.000000,0.000000
0.024698,0.000000,15.000000,0.000000
0.024700,0.000000,15.000000,0.000000
0.024702,0.000000,15.000000,0.000000
0.024704,0.000000,15.000000,0.000000
0.024706,0.000000,15.000000,0.000000
0.024708,0.000000,15.000000,0.000000
0.024710,0.000000,15.000000,0.000000
0.024712,0.000000,15.000000,0.000000
0.024714,0.000000,15.000000,0.000000
0.024716,0.000000,15.000000,0.000000
0.024718,0.000000,15.000000,0.000000
0.024720,0.000000,15.000000,0.000000
0.024722,0.000000,15.000000,0.000000
0.024724,0.000000,15.000000,0.000000
0.024726,0.000000,15.000000,0.000000
0.024728,0.000000,15.000000,0.000000
0.024730,0.000000,15.000000,0.000000
0.024732,0.000000,15.000000,0.000000
0.024734,0.000000,15.000000,0.000000
0.024736,0.000000,15.000000,0.000000
0.024738,0.000000,15.000000,0.000000
0.024740,0.000000,15.000000,0.000000
0.024742,0.000000,15.000000,0.000000
0.024744,0.000000,15.000000,0.000000
0.024746,0.000000,15.000000,0.000000
0.024748,0.000000,15.000000,0.000000
0.024750,0.000000,15.000000,0.000000
0.024752,0.000000,15.000000,0.000000
0.024754,0.000000,15.000000,0.000000
0.024756,0.000000,15.000000,0.000000
0.024758,0.000000,15.000000,0.000000
0.024760,0.000000,15.000000,0.000000
0.024762,0.000000,15.000000,0.000000
0.024764,0.000000,15.000000,0.000000
0.024766,0.000000,15.000000,0.000000
0.024768,0.000000,15.000000,0.000000
0.024770,0.000000,15.000000,0.000000
0.024772,0.000000,15.000000,0.000000
0.024774,0.000000,15.000000,0.000000
0.024776,0.000000,15.000000,0.000000
0.024778,0.000000,15.000000,0.000000
0.024780,0.000000,15.000000,0.000000
0.024782,0.000000,15.000000,0.000000
0.024784,0.000000,15.000000,0.000000
0.024786,0.000000,15.000000,0.000000
0.024788,0.000000,15.000000,0.000000
0.024790,0.000000,15.000000,0.000000
0.024792,0.000000,15.000000,0.000000
0.024794,0.000000,15.000000,0.000000
0.024796,0.000000,15.000000,0.000000
0.024798,0.000000,15.000000,0.000000
0.024800,0.000000,15.000000,0.000000
0.024802,0.000000,15.000000,0.000000
0.024804,0.000000,15.000000,0.000000
0.024806,0.000000,15.000000,0.000000
0.024808,0.000000,15.000000,0.000000
0.024810,0.000000,15.000000,0.000000
0.024812,0.000000,15.000000,0.000000
0.024814,0.000000,15.000000,0.000000
0.024816,0.000000,15.000000,0.000000
0.024818,0.000000,15.000000,0.000000
0.024820,0.000000,15.000000,0.000000
0.024822,0.000000,15.000000,0.000000
0.024824,0.000000,15.000000,0.000000
0.024826,0.000000,15.000000,0.000000
0.024828,0.000000,15.000000,0.000000
0.024830,0.000000,15.000000,0.000000
0.024832,0.000000,15.000000,0.000000
0.024834,0.000000,15.000000,0.000000
0.024836,0.000000,15.000000,0.000000
0.024838,0.000000,15.000000,0.000000
0.024840,0.000000,15.000000,0.000000
0.024842,0.000000,15.000000,0.000000
0.024844,0.000000,15.000000,0.000000
0.024846,0.000000,15.000000,0.000000
0.024848,0.000000,15.000000,0.000000
0.024850,0.000000,15.000000,0.000000
0.024852,0.000000,15.000000,0.000000
0.024854,0.000000,15.000000,0.000000
0.024856,0.000000,15.000000,0.000000
0.024858,0.000000,15.000000,0.000000
0.024860,0.000000,15.000000,0.000000
0.024862,0.000000,15.000000,0.000000
0.024864,0.000000,15.000000,0.000000
0.024866,0.000000,15.000000,0.000000
0.024868,0.000000,15.000000,0.000000
0.024870,0.000000,15.000000,0.000000
0.024872,0.000000,15.000000,0.000000
0.024874,0.000000,15.000000,0.000000
0.024876,0.000000,15.000000,0.000000
0.024878,0.000000,15.000000,0.000000
0.024880,0.000000,15.000000,0.000000
0.024882,0.000000,15.000000,0.000000
0.024884,0.000000,15.000000,0.000000
0.024886,0.000000,15.000000,0.000000
0.024888,0.000000,15.000000,0.000000
0.024890,0.000000,15.000000,0.000000
0.024892,0.000000,15.000000,0.000000
0.024894,0.000000,15.000000,0.000000
0.024896,0.000000,15.000000,0.000000
0.024898,0.000000,15.000000,0.000000
0.024900,0.000000,15.000000,0.000000
0.024902,0.000000,15.000000,0.000000
0.024904,0.000000,15.000000,0.000000
0.024906,0.000000,15.000000,0.000000
0.024908,0.000000,15.000000,0.000000
0.024910,0.000000,15.000000,0.000000
0.024912,0.000000,15.000000,0.000000
0.024914,0.000000,15.000000,0.000000
0.024916,0.000000,15.000000,0.000000
0.024918,0.000000,15.000000,0.000000
0.024920,0.000000,15.000000,0.000000
0.024922,0.000000,15.000000,0.000000
0.024924,0.000000,15.000000,0.000000
0.024926,0.000000,15.000000,0.000000
0.024928,0.000000,15.000000,0.000000
0.024930,0.000000,15.000000,0.000000
0.024932,0.000000,15.000000,0.000000
0.024934,0.000000,15.000000,0.000000
0.024936,0.000000,15.000000,0.000000
0.024938,0.000000,15.000000,0.000000
0.024940,0.000000,15.000000,0.000000
0.024942,0.000000,15.000000,0.000000
0.024944,0.000000,15.000000,0.000000
0.024946,0.000000,15.000000,0.000000
0.024948,0.000000,15.000000,0.000000
0.024950,0.000000,15.000000,0.000000
0.024952,0.000000,15.000000,0.000000
0.024954,0.000000,15.000000,0.000000
0.024956,0.000000,15.000000,0.000000
0.024958,0.000000,15.000000,0.000000
0.024960,0.000000,15.000000,0.000000
0.024962,0.000000,15.000000,0.000000
0.024964,0.000000,15.000000,0.000000
0.024966,0.000000,15.000000,0.000000
0.024968,0.000000,15.000000,0.000000
0.024970,0.000000,15.000000,0.000000
0.024972,0.000000,15.000000,0.000000
0.024974,0.000000,15.000000,0.000000
0.024976,0.000000,15.000000,0.000000
0.024978,0.000000,15.000000,0.000000
0.024980,0.000000,15.000000,0.000000
0.024982,0.000000,15.000000,0.000000
0.024984,0.000000,15.000000,0.000000
0.024986,0.000000,15.000000,0.000000
0.024988,0.000000,15.000000,0.000000
0.024990,0.000000,15.000000,0.000000
0.024992,0.000000,15.000000,0.000000
0.024994,0.000000,15.000000,0.000000
0.024996,0.000000,15.000000,0.000000
0.024998,0.000000,15.000000,0.000000
